transaction_id,merchant_id,amount,payment_method,channel,region,account_age_days,device_age_days,velocity_1h,velocity_24h,distance_km,ip_risk,failed_attempts_24h,chargeback_history,new_device,new_account,night_txn,fraud
TXN0000000,M0387,406.18,card,web,IN-DL,360,1480,3,8,9.1,0.2016,6,0,0,0,1,1
TXN0000001,M0259,148.66,card,ios,IN-DL,200,282,2,7,121.5,0.1856,1,0,0,0,0,0
TXN0000002,M0179,123.78,card,web,IN-TN,872,948,3,10,38.2,0.2826,1,0,0,0,1,0
TXN0000003,M0041,90.13,upi,web,IN-TN,100,1216,3,9,32.8,0.4541,4,0,0,0,0,0
TXN0000004,M0067,168.4,upi,web,IN-UP,1604,227,4,10,157.1,0.3188,3,0,0,0,0,1
TXN0000005,M0193,126.22,netbanking,android,IN-KA,566,676,1,8,48.9,0.3034,0,0,0,0,0,0
TXN0000006,M0349,40.53,upi,ios,IN-DL,1176,1095,3,8,115.0,0.3873,3,0,0,0,1,0
TXN0000007,M0252,82.11,upi,api,IN-DL,1171,1145,1,7,23.3,0.2498,2,0,0,0,1,0
TXN0000008,M0199,399.96,upi,api,IN-KA,70,621,4,11,43.2,0.2359,0,0,0,0,1,0
TXN0000009,M0250,120.34,upi,android,IN-WB,1093,348,3,15,25.2,0.5975,5,0,0,0,0,1
TXN0000010,M0112,81.64,card,ios,IN-TN,1135,1139,1,4,39.3,0.3754,0,0,0,0,0,0
TXN0000011,M0014,188.57,card,android,IN-UP,228,730,6,14,109.0,0.2229,2,0,0,0,0,1
TXN0000012,M0218,293.41,card,android,IN-TN,1045,1133,1,6,64.3,0.5213,1,0,0,0,0,0
TXN0000013,M0112,344.85,card,api,IN-WB,166,551,3,7,14.3,0.179,1,0,0,0,1,0
TXN0000014,M0203,252.36,card,ios,IN-KA,833,983,2,10,160.3,0.1275,0,0,0,0,0,0
TXN0000015,M0114,603.0,card,web,IN-MH,337,375,4,16,127.7,0.2791,2,0,0,0,0,0
TXN0000016,M0002,189.07,upi,ios,IN-MH,589,1422,2,7,75.9,0.5093,1,0,0,0,1,0
TXN0000017,M0362,142.15,wallet,android,IN-TN,1573,1403,3,4,13.8,0.3397,2,0,0,0,1,0
TXN0000018,M0046,431.13,upi,android,IN-TN,1617,138,1,7,87.2,0.318,1,1,0,0,0,0
TXN0000019,M0354,88.63,upi,api,IN-UP,1677,1,3,10,50.3,0.2854,2,1,1,0,0,1
TXN0000020,M0024,120.15,upi,web,IN-UP,1727,463,3,12,97.1,0.5811,0,0,0,0,0,0
TXN0000021,M0011,36.59,card,android,IN-GJ,939,435,1,8,46.0,0.1206,1,0,0,0,0,0
TXN0000022,M0030,1104.16,card,api,IN-DL,1551,288,2,10,123.4,0.3707,1,1,0,0,0,1
TXN0000023,M0106,1448.6,card,web,IN-DL,1624,1002,4,12,144.1,0.1785,2,0,0,0,0,1
TXN0000024,M0307,151.1,upi,android,IN-MH,498,654,1,8,76.9,0.3116,2,0,0,0,0,0
TXN0000025,M0151,386.23,card,android,IN-UP,237,986,3,9,32.0,0.3002,1,0,0,0,0,0
TXN0000026,M0141,362.31,card,ios,IN-DL,713,1281,3,7,18.4,0.1073,1,0,0,0,0,0
TXN0000027,M0282,217.53,card,android,IN-UP,1183,174,3,16,109.3,0.2961,2,0,0,0,0,0
TXN0000028,M0350,606.94,upi,api,IN-UP,214,689,2,9,55.3,0.2836,2,0,0,0,1,1
TXN0000029,M0276,50.81,upi,api,IN-MH,1168,2,2,13,7.5,0.4012,2,0,1,0,1,0
TXN0000030,M0127,149.62,card,android,IN-TN,586,396,2,9,81.5,0.288,0,0,0,0,0,0
TXN0000031,M0312,22.33,upi,web,IN-WB,809,1227,3,9,44.6,0.4755,1,0,0,0,0,1
TXN0000032,M0314,65.49,upi,ios,IN-GJ,687,119,1,5,173.1,0.4546,0,0,0,0,0,0
TXN0000033,M0045,35.42,card,android,IN-UP,1328,1245,1,3,19.5,0.4526,3,0,0,0,1,0
TXN0000034,M0011,28.65,upi,ios,IN-KA,594,1090,3,14,67.0,0.3191,5,0,0,0,0,1
TXN0000035,M0150,109.68,card,android,IN-GJ,855,1076,6,17,24.6,0.089,1,0,0,0,0,0
TXN0000036,M0021,259.26,upi,android,IN-UP,1137,245,3,7,64.6,0.2924,1,0,0,0,0,0
TXN0000037,M0168,92.55,upi,api,IN-MH,1541,1436,4,9,79.4,0.628,0,0,0,0,0,0
TXN0000038,M0293,104.36,upi,api,IN-GJ,824,1393,3,11,31.9,0.3083,0,1,0,0,0,0
TXN0000039,M0168,86.33,upi,ios,IN-GJ,245,430,2,6,188.5,0.2249,0,0,0,0,0,0
TXN0000040,M0308,207.13,netbanking,web,IN-UP,1008,231,4,8,28.4,0.5023,3,0,0,0,0,0
TXN0000041,M0392,98.34,card,api,IN-UP,32,667,4,9,57.3,0.2816,3,0,0,0,0,0
TXN0000042,M0065,65.79,card,android,IN-KA,1194,1357,4,8,110.5,0.2815,1,0,0,0,0,0
TXN0000043,M0238,457.27,upi,ios,IN-GJ,681,82,4,9,44.4,0.4406,1,0,0,0,0,0
TXN0000044,M0147,75.24,upi,web,IN-DL,1163,136,2,4,22.2,0.2701,0,0,0,0,0,0
TXN0000045,M0180,50.46,upi,web,IN-TN,232,1111,2,5,95.0,0.1585,1,0,0,0,1,0
TXN0000046,M0311,377.24,wallet,web,IN-UP,897,824,4,11,31.7,0.5891,1,0,0,0,0,1
TXN0000047,M0186,33.42,card,android,IN-UP,323,570,1,12,141.7,0.4411,3,0,0,0,1,0
TXN0000048,M0151,615.42,card,api,IN-KA,996,691,3,9,109.9,0.1425,2,0,0,0,0,1
TXN0000049,M0246,64.52,netbanking,web,IN-WB,86,700,2,11,68.6,0.1301,3,0,0,0,0,0
TXN0000050,M0201,195.02,card,web,IN-DL,940,1013,3,8,60.2,0.5694,0,1,0,0,0,0
TXN0000051,M0363,66.58,upi,android,IN-KA,775,1021,1,7,60.2,0.0959,0,0,0,0,0,0
TXN0000052,M0320,182.35,card,ios,IN-GJ,228,1075,2,6,64.0,0.4932,3,0,0,0,1,0
TXN0000053,M0020,106.91,upi,ios,IN-DL,1327,1468,3,8,20.9,0.3586,1,0,0,0,0,0
TXN0000054,M0294,67.39,card,web,IN-MH,1506,1119,1,9,37.1,0.3774,1,0,0,0,0,0
TXN0000055,M0078,36.21,card,ios,IN-GJ,1002,855,4,6,50.4,0.3224,2,0,0,0,0,0
TXN0000056,M0163,104.81,card,web,IN-MH,937,382,2,8,300.0,0.1738,0,0,0,0,0,0
TXN0000057,M0296,289.46,upi,web,IN-WB,642,824,0,9,25.1,0.2924,2,0,0,0,0,0
TXN0000058,M0120,353.3,card,android,IN-GJ,496,264,1,7,57.9,0.2719,2,0,0,0,0,0
TXN0000059,M0389,87.74,wallet,web,IN-MH,22,1489,1,8,70.6,0.265,0,0,0,0,0,0
TXN0000060,M0251,87.95,wallet,android,IN-WB,863,891,2,8,138.5,0.5593,3,0,0,0,1,0
TXN0000061,M0302,151.2,upi,web,IN-TN,916,979,3,8,151.6,0.0905,0,0,0,0,1,0
TXN0000062,M0125,180.25,netbanking,web,IN-UP,57,843,0,4,36.0,0.4936,1,0,0,0,0,0
TXN0000063,M0314,179.41,upi,api,IN-WB,590,1492,4,12,96.7,0.4139,1,0,0,0,0,0
TXN0000064,M0351,116.64,card,ios,IN-KA,1010,959,2,5,79.8,0.1772,1,0,0,0,0,1
TXN0000065,M0088,124.89,upi,android,IN-GJ,430,1454,6,8,92.6,0.2705,2,0,0,0,0,1
TXN0000066,M0352,135.06,wallet,web,IN-GJ,1067,1191,1,3,117.2,0.1512,0,0,0,0,0,0
TXN0000067,M0313,16.08,wallet,android,IN-UP,813,789,1,5,51.0,0.432,1,0,0,0,0,0
TXN0000068,M0108,119.98,card,android,IN-UP,1673,252,3,8,18.6,0.2501,0,0,0,0,0,0
TXN0000069,M0241,393.5,card,api,IN-UP,306,954,3,12,33.1,0.4748,3,0,0,0,1,1
TXN0000070,M0013,725.02,card,android,IN-DL,67,186,3,10,58.0,0.3768,2,0,0,0,0,0
TXN0000071,M0059,583.7,upi,android,IN-KA,579,375,1,12,130.9,0.3026,3,0,0,0,0,1
TXN0000072,M0103,196.97,upi,android,IN-KA,1440,931,1,5,76.3,0.0766,0,0,0,0,0,0
TXN0000073,M0187,54.82,card,web,IN-KA,1667,557,2,7,17.6,0.212,0,0,0,0,1,0
TXN0000074,M0244,104.09,card,api,IN-UP,1133,584,4,6,90.9,0.5111,6,0,0,0,0,0
TXN0000075,M0045,84.03,wallet,web,IN-DL,1099,622,6,17,10.9,0.377,1,0,0,0,1,0
TXN0000076,M0150,43.99,card,web,IN-KA,1303,862,2,11,97.2,0.282,3,0,0,0,0,0
TXN0000077,M0187,70.17,upi,web,IN-WB,1781,591,2,9,49.2,0.2239,3,0,0,0,0,0
TXN0000078,M0284,86.84,upi,api,IN-DL,1696,736,1,6,73.5,0.3039,1,0,0,0,1,0
TXN0000079,M0045,44.62,card,android,IN-WB,1130,1077,2,9,35.3,0.5037,1,0,0,0,0,1
TXN0000080,M0197,457.48,netbanking,android,IN-MH,633,359,4,6,69.4,0.4418,1,0,0,0,0,0
TXN0000081,M0057,330.97,card,ios,IN-TN,175,1450,3,11,49.9,0.2182,2,0,0,0,0,0
TXN0000082,M0386,171.36,upi,api,IN-TN,300,727,3,5,59.7,0.616,4,0,0,0,0,0
TXN0000083,M0092,263.66,card,android,IN-MH,1198,781,0,3,47.0,0.2217,2,0,0,0,0,0
TXN0000084,M0264,244.41,netbanking,ios,IN-TN,128,32,3,8,117.4,0.4143,3,1,0,0,0,1
TXN0000085,M0235,86.44,card,ios,IN-KA,1558,1128,2,6,191.6,0.2396,0,0,0,0,0,0
TXN0000086,M0242,1087.76,card,api,IN-DL,860,784,4,7,87.4,0.2171,2,1,0,0,1,1
TXN0000087,M0287,83.46,netbanking,web,IN-WB,1642,1023,2,12,161.8,0.588,3,0,0,0,1,0
TXN0000088,M0200,33.95,wallet,android,IN-UP,1550,1072,3,5,59.8,0.2911,1,0,0,0,0,0
TXN0000089,M0348,211.51,card,android,IN-KA,998,408,0,5,48.7,0.215,0,1,0,0,1,1
TXN0000090,M0066,316.47,upi,ios,IN-GJ,770,166,2,7,57.2,0.3512,2,0,0,0,0,0
TXN0000091,M0225,133.1,upi,web,IN-DL,217,1161,0,6,78.5,0.4987,1,0,0,0,0,0
TXN0000092,M0012,624.93,wallet,web,IN-GJ,1734,220,2,9,176.7,0.2358,3,0,0,0,0,0
TXN0000093,M0142,215.63,upi,web,IN-WB,1157,1128,0,5,201.1,0.1047,0,0,0,0,1,0
TXN0000094,M0350,79.23,upi,web,IN-UP,749,663,3,13,90.9,0.2587,1,1,0,0,0,1
TXN0000095,M0172,99.4,upi,web,IN-WB,258,396,3,12,37.0,0.5827,2,1,0,0,1,0
TXN0000096,M0150,208.84,card,web,IN-DL,1539,1262,2,7,56.0,0.1305,0,0,0,0,1,0
TXN0000097,M0341,195.09,upi,web,IN-TN,101,1183,3,10,70.2,0.1614,1,0,0,0,1,0
TXN0000098,M0148,605.7,upi,android,IN-KA,1203,1059,0,11,110.6,0.3941,1,0,0,0,0,0
TXN0000099,M0072,414.78,upi,android,IN-TN,381,501,3,11,56.8,0.2433,1,0,0,0,0,0
TXN0000100,M0283,37.54,wallet,api,IN-DL,1138,723,5,10,19.0,0.2845,1,0,0,0,0,0
TXN0000101,M0278,152.05,card,api,IN-WB,175,838,0,5,36.8,0.2081,2,0,0,0,0,0
TXN0000102,M0317,51.94,upi,web,IN-DL,1446,1319,3,8,122.4,0.3076,1,0,0,0,0,0
TXN0000103,M0164,773.98,netbanking,web,IN-TN,802,1252,4,13,62.9,0.2976,0,0,0,0,1,1
TXN0000104,M0355,68.0,upi,api,IN-MH,781,388,3,12,174.7,0.5174,1,0,0,0,0,0
TXN0000105,M0337,220.31,card,web,IN-GJ,1699,177,4,9,137.0,0.3194,2,0,0,0,0,0
TXN0000106,M0005,89.58,card,api,IN-KA,333,1342,2,7,67.8,0.1647,3,0,0,0,0,0
TXN0000107,M0286,24.89,netbanking,web,IN-DL,1189,452,2,4,8.0,0.4707,3,0,0,0,1,0
TXN0000108,M0331,51.3,netbanking,web,IN-DL,1025,201,2,8,165.6,0.3699,2,1,0,0,0,0
TXN0000109,M0305,140.27,card,ios,IN-MH,1250,1122,3,6,128.8,0.148,2,0,0,0,0,0
TXN0000110,M0189,317.83,upi,ios,IN-KA,1179,924,1,5,111.7,0.358,0,0,0,0,1,1
TXN0000111,M0101,306.11,netbanking,web,IN-UP,1446,1311,3,8,55.7,0.4163,1,1,0,0,0,1
TXN0000112,M0120,47.57,upi,android,IN-KA,635,46,3,11,60.6,0.3497,2,0,0,0,0,1
TXN0000113,M0051,246.23,netbanking,web,IN-MH,431,1331,3,11,8.3,0.3148,1,0,0,0,0,0
TXN0000114,M0331,465.33,card,ios,IN-UP,1221,1116,3,5,21.6,0.2398,0,0,0,0,0,1
TXN0000115,M0264,300.56,card,android,IN-DL,1030,980,1,9,70.2,0.2984,0,0,0,0,0,0
TXN0000116,M0225,125.37,upi,android,IN-MH,1642,539,2,5,56.2,0.4482,1,0,0,0,0,0
TXN0000117,M0131,188.87,upi,web,IN-GJ,1283,523,0,4,57.6,0.1429,1,0,0,0,0,0
TXN0000118,M0007,209.64,upi,web,IN-UP,427,814,1,7,84.3,0.2341,1,0,0,0,0,0
TXN0000119,M0137,727.77,upi,web,IN-UP,547,974,3,10,46.3,0.1937,1,0,0,0,0,0
TXN0000120,M0033,986.62,upi,android,IN-GJ,1245,1034,1,7,91.2,0.4087,1,0,0,0,0,0
TXN0000121,M0311,343.04,upi,web,IN-WB,698,235,3,10,59.4,0.3218,2,0,0,0,0,0
TXN0000122,M0348,189.88,card,web,IN-UP,1664,730,1,7,65.0,0.3117,2,0,0,0,0,0
TXN0000123,M0138,174.49,upi,web,IN-MH,1262,252,2,11,78.2,0.4977,0,0,0,0,1,0
TXN0000124,M0149,193.56,upi,web,IN-MH,668,746,3,9,49.3,0.2398,2,0,0,0,0,0
TXN0000125,M0250,221.04,netbanking,web,IN-GJ,1455,370,2,8,25.8,0.3993,1,0,0,0,0,0
TXN0000126,M0021,107.42,upi,ios,IN-GJ,1250,1070,1,10,33.8,0.3025,2,0,0,0,0,0
TXN0000127,M0132,1288.31,netbanking,api,IN-WB,651,426,3,9,160.9,0.4222,5,0,0,0,0,0
TXN0000128,M0010,81.53,card,android,IN-DL,764,43,4,13,65.9,0.46,1,0,0,0,0,0
TXN0000129,M0258,657.54,upi,android,IN-TN,1126,502,3,6,97.9,0.2552,1,0,0,0,1,1
TXN0000130,M0367,19.99,upi,web,IN-MH,445,1019,1,7,19.6,0.3921,0,0,0,0,0,0
TXN0000131,M0226,136.67,netbanking,android,IN-MH,1196,1403,2,10,44.5,0.3232,3,0,0,0,0,0
TXN0000132,M0279,128.27,upi,ios,IN-DL,598,70,3,9,76.7,0.3718,0,0,0,0,0,0
TXN0000133,M0330,226.26,upi,android,IN-TN,1672,1294,0,14,146.6,0.3251,1,0,0,0,0,0
TXN0000134,M0321,125.04,card,web,IN-TN,1032,808,2,5,81.0,0.306,2,0,0,0,1,0
TXN0000135,M0273,719.79,card,ios,IN-MH,1417,255,0,4,111.3,0.2566,0,0,0,0,0,1
TXN0000136,M0380,141.27,upi,web,IN-TN,991,306,3,8,42.3,0.1403,2,0,0,0,0,0
TXN0000137,M0056,64.31,upi,ios,IN-DL,350,124,6,9,5.4,0.3564,2,0,0,0,0,0
TXN0000138,M0158,68.51,card,web,IN-DL,1209,1135,3,6,51.1,0.54,0,0,0,0,1,0
TXN0000139,M0219,112.17,card,ios,IN-GJ,1126,510,1,6,70.4,0.1765,2,1,0,0,1,0
TXN0000140,M0179,371.4,upi,web,IN-WB,267,132,2,7,119.4,0.3322,1,0,0,0,0,0
TXN0000141,M0091,445.17,card,api,IN-WB,1723,677,5,9,17.3,0.1822,2,0,0,0,0,0
TXN0000142,M0261,54.09,upi,ios,IN-GJ,157,615,2,5,31.9,0.3026,1,0,0,0,0,0
TXN0000143,M0038,80.87,upi,ios,IN-DL,681,456,1,9,25.0,0.253,4,0,0,0,0,0
TXN0000144,M0388,62.02,card,android,IN-WB,224,28,3,12,74.3,0.4716,2,0,0,0,0,0
TXN0000145,M0204,135.3,card,ios,IN-WB,1377,725,5,14,55.9,0.25,0,0,0,0,0,0
TXN0000146,M0221,471.04,wallet,api,IN-WB,774,1174,4,7,65.4,0.5369,2,0,0,0,1,0
TXN0000147,M0107,213.66,netbanking,web,IN-MH,971,1161,3,8,127.0,0.4366,2,0,0,0,1,0
TXN0000148,M0368,312.03,netbanking,ios,IN-GJ,1620,1182,0,7,38.3,0.1596,2,0,0,0,1,1
TXN0000149,M0221,379.87,upi,android,IN-MH,788,1408,1,6,5.9,0.1932,1,0,0,0,0,1
TXN0000150,M0191,100.1,card,android,IN-TN,890,537,0,5,76.4,0.3296,1,0,0,0,0,0
TXN0000151,M0201,50.0,upi,ios,IN-WB,1026,202,0,9,160.8,0.2627,0,0,0,0,0,0
TXN0000152,M0347,100.04,card,web,IN-GJ,1667,1484,0,4,127.7,0.1906,0,0,0,0,0,0
TXN0000153,M0044,409.25,upi,android,IN-KA,765,238,0,1,76.9,0.1323,0,0,0,0,0,0
TXN0000154,M0197,328.92,upi,ios,IN-GJ,449,1287,2,9,319.2,0.1398,0,0,0,0,0,0
TXN0000155,M0174,194.82,upi,web,IN-KA,573,1174,2,6,42.6,0.3473,1,0,0,0,0,0
TXN0000156,M0176,464.91,card,web,IN-KA,986,1260,4,10,152.9,0.3369,0,0,0,0,1,1
TXN0000157,M0251,208.22,upi,android,IN-WB,1370,377,2,7,99.0,0.226,3,1,0,0,0,1
TXN0000158,M0196,129.17,card,api,IN-WB,1544,793,3,10,142.1,0.2777,0,0,0,0,1,0
TXN0000159,M0248,37.49,upi,api,IN-WB,959,1205,1,9,90.3,0.1365,0,0,0,0,0,0
TXN0000160,M0215,641.79,card,ios,IN-TN,861,1153,3,8,17.9,0.1841,3,0,0,0,0,0
TXN0000161,M0218,163.51,upi,ios,IN-GJ,1682,1186,1,2,158.3,0.1332,0,0,0,0,0,0
TXN0000162,M0087,114.61,netbanking,android,IN-TN,1209,1126,2,6,66.9,0.1746,0,0,0,0,1,0
TXN0000163,M0357,162.44,netbanking,android,IN-GJ,16,785,3,10,76.8,0.3925,1,0,0,0,0,0
TXN0000164,M0127,805.69,card,web,IN-WB,1176,510,0,10,274.8,0.307,0,0,0,0,0,0
TXN0000165,M0255,485.71,card,android,IN-MH,1385,1089,3,11,29.0,0.4689,2,0,0,0,0,1
TXN0000166,M0361,125.58,card,android,IN-WB,1390,83,2,9,24.6,0.3529,5,1,0,0,0,0
TXN0000167,M0176,287.93,upi,android,IN-KA,284,1416,0,5,65.3,0.422,4,0,0,0,0,1
TXN0000168,M0009,614.03,card,web,IN-WB,917,233,0,3,184.9,0.2153,1,0,0,0,0,0
TXN0000169,M0283,254.78,upi,ios,IN-MH,1370,1393,2,7,81.4,0.0469,1,0,0,0,0,0
TXN0000170,M0296,203.1,card,web,IN-TN,1682,574,2,9,102.5,0.3649,1,0,0,0,0,0
TXN0000171,M0060,22.26,upi,android,IN-MH,1566,327,1,5,24.8,0.3044,2,0,0,0,0,0
TXN0000172,M0269,625.6,card,web,IN-UP,1420,1091,1,4,35.3,0.5073,1,0,0,0,0,0
TXN0000173,M0124,64.37,netbanking,android,IN-KA,1411,577,6,12,9.3,0.3643,1,0,0,0,0,0
TXN0000174,M0303,27.72,upi,android,IN-DL,634,1134,5,18,76.5,0.2542,3,0,0,0,0,0
TXN0000175,M0217,29.63,upi,web,IN-GJ,1069,84,1,5,64.7,0.22,0,0,0,0,1,0
TXN0000176,M0305,76.54,upi,ios,IN-UP,63,1435,2,8,53.7,0.4555,1,0,0,0,0,0
TXN0000177,M0350,292.63,upi,api,IN-TN,221,135,3,8,111.8,0.1633,2,0,0,0,0,0
TXN0000178,M0323,574.55,card,web,IN-KA,456,419,0,5,64.4,0.2313,0,0,0,0,0,0
TXN0000179,M0053,253.31,card,ios,IN-TN,1728,1304,1,3,83.7,0.209,0,0,0,0,0,0
TXN0000180,M0161,1020.93,upi,web,IN-TN,447,677,3,9,23.4,0.2813,1,0,0,0,0,0
TXN0000181,M0014,120.28,card,android,IN-UP,588,298,7,12,22.5,0.6483,1,1,0,0,0,1
TXN0000182,M0204,142.72,card,android,IN-GJ,1452,575,2,8,85.2,0.2228,3,0,0,0,1,0
TXN0000183,M0188,27.83,upi,web,IN-DL,51,934,1,3,44.7,0.2515,0,0,0,0,0,0
TXN0000184,M0054,101.21,upi,web,IN-TN,313,483,0,7,127.7,0.4098,1,0,0,0,0,0
TXN0000185,M0012,23.36,card,android,IN-GJ,4,1429,0,7,135.7,0.1721,2,0,0,1,0,0
TXN0000186,M0110,47.05,wallet,web,IN-WB,1078,575,0,4,39.3,0.1646,1,0,0,0,0,0
TXN0000187,M0304,338.01,card,web,IN-GJ,1329,767,0,7,101.8,0.073,1,0,0,0,0,0
TXN0000188,M0267,33.31,card,ios,IN-DL,1674,410,1,2,51.2,0.2585,0,1,0,0,0,0
TXN0000189,M0204,36.77,card,ios,IN-KA,1499,236,1,6,25.9,0.4502,0,0,0,0,0,1
TXN0000190,M0015,31.04,card,android,IN-DL,1307,157,0,8,111.1,0.1983,2,0,0,0,1,0
TXN0000191,M0269,391.24,netbanking,android,IN-MH,1445,291,1,9,57.1,0.534,1,0,0,0,0,0
TXN0000192,M0259,926.91,upi,ios,IN-TN,1655,1309,1,10,34.6,0.2155,1,0,0,0,0,0
TXN0000193,M0211,167.04,wallet,android,IN-DL,1006,1235,1,8,163.2,0.5535,1,0,0,0,0,0
TXN0000194,M0179,462.13,upi,android,IN-KA,228,557,1,10,47.4,0.4103,1,0,0,0,0,0
TXN0000195,M0332,56.2,card,web,IN-GJ,1137,567,2,6,28.5,0.4284,1,0,0,0,0,0
TXN0000196,M0091,615.76,upi,api,IN-WB,561,434,2,4,46.1,0.3735,2,0,0,0,0,0
TXN0000197,M0161,87.99,netbanking,api,IN-TN,1632,858,5,10,118.9,0.2852,3,0,0,0,0,0
TXN0000198,M0248,350.91,card,android,IN-UP,956,260,2,6,84.7,0.3932,4,0,0,0,1,0
TXN0000199,M0193,175.17,upi,android,IN-UP,1194,471,2,12,37.4,0.2926,3,0,0,0,1,0
TXN0000200,M0285,26.44,card,api,IN-TN,928,519,2,10,36.3,0.3906,1,0,0,0,1,0
TXN0000201,M0391,74.28,netbanking,web,IN-GJ,632,65,0,2,137.2,0.0366,0,0,0,0,0,0
TXN0000202,M0339,213.59,card,android,IN-KA,1643,286,1,7,59.7,0.3193,0,0,0,0,0,0
TXN0000203,M0022,28.31,card,android,IN-TN,1710,745,0,4,32.1,0.2844,1,0,0,0,1,0
TXN0000204,M0132,242.14,netbanking,web,IN-MH,1613,1455,3,12,129.3,0.1554,2,0,0,0,0,1
TXN0000205,M0019,43.67,netbanking,android,IN-MH,1738,1342,4,8,143.7,0.3689,2,1,0,0,0,1
TXN0000206,M0250,309.08,card,ios,IN-UP,31,1462,2,10,84.3,0.3737,0,0,0,0,0,0
TXN0000207,M0086,46.17,netbanking,web,IN-TN,1130,1173,0,6,126.7,0.2939,1,0,0,0,0,0
TXN0000208,M0305,280.38,upi,api,IN-GJ,757,708,3,11,78.5,0.4393,2,0,0,0,1,0
TXN0000209,M0231,407.31,card,web,IN-KA,1019,689,2,12,90.0,0.4381,1,0,0,0,0,1
TXN0000210,M0063,152.15,upi,ios,IN-MH,816,373,1,7,83.8,0.3774,2,0,0,0,0,0
TXN0000211,M0097,166.14,netbanking,android,IN-GJ,1686,808,3,8,39.9,0.4151,1,0,0,0,0,0
TXN0000212,M0298,795.13,card,android,IN-UP,1474,1466,1,8,33.0,0.4046,1,0,0,0,1,0
TXN0000213,M0026,82.25,upi,ios,IN-MH,1400,1124,3,10,198.4,0.4252,4,0,0,0,1,0
TXN0000214,M0166,105.5,upi,web,IN-MH,1184,1422,1,12,36.8,0.6242,2,0,0,0,0,0
TXN0000215,M0005,341.59,upi,android,IN-GJ,214,435,0,5,27.2,0.2251,1,0,0,0,0,0
TXN0000216,M0315,274.59,card,ios,IN-DL,324,932,4,14,16.5,0.4152,2,0,0,0,0,0
TXN0000217,M0010,141.19,wallet,android,IN-MH,1724,1189,1,4,80.0,0.0983,1,0,0,0,0,0
TXN0000218,M0022,53.41,card,ios,IN-KA,80,1148,0,5,23.0,0.2144,1,0,0,0,0,0
TXN0000219,M0135,476.56,upi,ios,IN-GJ,1304,482,5,9,57.5,0.1348,2,0,0,0,0,0
TXN0000220,M0278,52.18,card,android,IN-WB,1052,1159,3,10,64.9,0.3753,1,0,0,0,1,0
TXN0000221,M0342,1756.65,card,web,IN-WB,1330,729,3,10,34.9,0.1701,0,0,0,0,0,0
TXN0000222,M0294,54.46,card,web,IN-WB,1780,293,0,6,139.3,0.4164,3,0,0,0,1,0
TXN0000223,M0154,59.6,card,android,IN-WB,722,982,3,8,180.7,0.0809,0,0,0,0,0,0
TXN0000224,M0032,253.33,card,web,IN-WB,1064,701,1,3,54.7,0.3758,0,0,0,0,0,0
TXN0000225,M0180,311.71,upi,android,IN-WB,16,596,1,6,36.7,0.4301,1,0,0,0,0,0
TXN0000226,M0002,67.97,upi,web,IN-WB,630,1183,1,4,81.4,0.2762,1,0,0,0,0,0
TXN0000227,M0386,977.88,card,ios,IN-MH,489,635,2,6,26.9,0.1456,1,0,0,0,0,0
TXN0000228,M0384,250.31,upi,ios,IN-DL,1482,138,4,13,164.2,0.3842,1,0,0,0,1,1
TXN0000229,M0185,140.48,upi,web,IN-WB,596,980,1,6,65.4,0.1472,2,0,0,0,0,0
TXN0000230,M0191,264.8,card,web,IN-TN,549,1409,3,8,19.4,0.3371,1,0,0,0,0,0
TXN0000231,M0223,604.04,card,android,IN-DL,821,1292,3,8,13.6,0.3591,1,0,0,0,0,1
TXN0000232,M0208,899.81,upi,android,IN-UP,1045,847,1,11,54.8,0.3749,0,0,0,0,1,0
TXN0000233,M0032,218.29,upi,api,IN-MH,1262,622,1,5,101.2,0.2464,0,0,0,0,0,0
TXN0000234,M0068,50.34,upi,android,IN-DL,1750,610,2,9,39.9,0.3394,1,0,0,0,1,0
TXN0000235,M0143,51.13,netbanking,android,IN-DL,811,747,6,12,42.5,0.4067,0,0,0,0,0,0
TXN0000236,M0094,43.73,upi,web,IN-UP,1098,1242,2,11,24.3,0.2882,3,0,0,0,0,0
TXN0000237,M0138,94.68,card,android,IN-UP,670,577,4,6,106.7,0.4316,2,0,0,0,1,0
TXN0000238,M0279,186.93,upi,ios,IN-GJ,1059,235,3,10,58.1,0.4017,1,0,0,0,0,0
TXN0000239,M0089,222.94,card,android,IN-DL,447,264,0,9,28.7,0.0602,0,0,0,0,0,0
TXN0000240,M0303,555.37,upi,web,IN-TN,431,1497,1,4,61.6,0.3157,1,0,0,0,0,0
TXN0000241,M0396,22.64,card,android,IN-GJ,1383,1379,0,2,65.7,0.1451,3,0,0,0,0,0
TXN0000242,M0342,178.07,card,web,IN-DL,1203,1373,5,14,62.8,0.1952,0,0,0,0,0,1
TXN0000243,M0226,285.36,card,ios,IN-WB,1417,1433,2,6,48.4,0.3515,0,0,0,0,0,0
TXN0000244,M0059,10.86,upi,android,IN-GJ,1303,1330,4,13,65.6,0.1593,0,0,0,0,1,0
TXN0000245,M0178,283.3,card,ios,IN-DL,654,1496,7,10,53.6,0.2258,1,0,0,0,0,0
TXN0000246,M0107,2760.15,upi,api,IN-WB,1408,881,0,7,123.6,0.3765,2,0,0,0,0,0
TXN0000247,M0352,390.07,card,web,IN-KA,392,113,6,11,61.0,0.5316,0,0,0,0,0,0
TXN0000248,M0395,244.9,upi,android,IN-GJ,11,1202,1,8,43.6,0.1978,4,0,0,1,0,0
TXN0000249,M0012,136.91,upi,api,IN-TN,396,1020,4,9,20.8,0.3311,1,0,0,0,0,0
TXN0000250,M0389,227.18,wallet,api,IN-KA,1236,434,1,6,89.0,0.2282,1,0,0,0,0,0
TXN0000251,M0039,837.22,card,web,IN-GJ,1193,549,1,7,24.6,0.172,3,1,0,0,0,0
TXN0000252,M0071,127.26,upi,web,IN-DL,1325,46,3,6,79.0,0.3566,3,0,0,0,0,0
TXN0000253,M0247,593.8,upi,android,IN-DL,1390,195,5,7,18.2,0.2761,2,0,0,0,0,0
TXN0000254,M0100,286.31,upi,android,IN-UP,395,560,2,7,153.9,0.1026,0,0,0,0,0,0
TXN0000255,M0148,915.57,upi,ios,IN-UP,1413,475,0,6,30.4,0.1333,1,0,0,0,1,0
TXN0000256,M0019,534.86,card,web,IN-KA,848,75,4,6,50.3,0.3526,0,0,0,0,1,0
TXN0000257,M0222,217.56,upi,android,IN-DL,1567,988,3,11,99.2,0.4098,0,0,0,0,0,0
TXN0000258,M0015,203.98,card,web,IN-TN,40,844,0,3,133.4,0.1469,1,0,0,0,0,0
TXN0000259,M0280,131.59,upi,android,IN-TN,1358,956,0,7,40.6,0.3732,3,1,0,0,0,0
TXN0000260,M0109,478.13,wallet,api,IN-WB,1241,43,2,6,19.7,0.1007,2,0,0,0,0,0
TXN0000261,M0224,99.76,card,ios,IN-WB,875,111,2,6,12.9,0.4246,1,0,0,0,0,0
TXN0000262,M0285,201.68,card,android,IN-MH,1566,1149,3,12,350.4,0.3675,2,1,0,0,0,0
TXN0000263,M0214,148.34,card,ios,IN-WB,481,726,2,8,45.0,0.2897,1,0,0,0,0,0
TXN0000264,M0112,47.07,netbanking,android,IN-KA,664,1066,0,1,48.0,0.1793,2,0,0,0,1,0
TXN0000265,M0332,224.39,wallet,api,IN-MH,673,1105,2,5,133.2,0.0761,1,0,0,0,1,0
TXN0000266,M0247,39.16,wallet,ios,IN-UP,864,1342,2,7,63.4,0.3152,1,0,0,0,0,0
TXN0000267,M0250,114.98,upi,api,IN-DL,511,892,4,5,65.6,0.3288,2,0,0,0,1,0
TXN0000268,M0062,350.76,card,web,IN-GJ,1223,857,1,4,74.9,0.1895,0,0,0,0,0,0
TXN0000269,M0210,213.12,card,web,IN-KA,179,543,1,8,59.4,0.2378,0,0,0,0,0,0
TXN0000270,M0238,209.75,upi,ios,IN-WB,60,283,3,11,93.5,0.157,1,0,0,0,1,0
TXN0000271,M0009,75.81,card,ios,IN-KA,259,1142,4,4,125.7,0.2123,3,0,0,0,0,0
TXN0000272,M0125,513.79,upi,api,IN-GJ,802,404,2,7,91.7,0.3113,1,1,0,0,1,0
TXN0000273,M0025,74.2,upi,api,IN-TN,23,376,3,7,80.7,0.2918,0,1,0,0,0,0
TXN0000274,M0138,364.79,card,web,IN-DL,1140,10,2,7,71.4,0.2171,0,0,0,0,0,0
TXN0000275,M0118,659.72,card,web,IN-KA,354,1367,2,9,32.7,0.236,0,0,0,0,0,0
TXN0000276,M0223,38.96,upi,ios,IN-WB,1359,768,5,10,50.3,0.2468,0,0,0,0,0,0
TXN0000277,M0003,119.88,card,android,IN-KA,1503,1424,3,10,50.9,0.4072,0,0,0,0,0,0
TXN0000278,M0057,109.35,upi,web,IN-MH,1531,1016,1,4,22.9,0.2394,0,0,0,0,0,0
TXN0000279,M0045,236.48,upi,android,IN-WB,967,1120,1,4,118.5,0.1616,1,0,0,0,0,0
TXN0000280,M0031,70.07,netbanking,android,IN-DL,956,442,5,13,34.9,0.5103,0,0,0,0,1,0
TXN0000281,M0393,56.12,card,web,IN-UP,701,1148,2,7,24.2,0.1138,1,0,0,0,0,0
TXN0000282,M0244,170.61,upi,web,IN-DL,240,510,2,7,67.4,0.358,1,0,0,0,0,0
TXN0000283,M0384,102.7,card,web,IN-UP,428,1277,2,6,50.5,0.2725,4,0,0,0,0,1
TXN0000284,M0277,155.55,card,api,IN-DL,449,1332,3,7,53.2,0.2195,1,0,0,0,0,0
TXN0000285,M0366,439.51,wallet,web,IN-WB,1062,567,1,8,67.7,0.3918,3,1,0,0,0,0
TXN0000286,M0331,35.71,upi,ios,IN-KA,33,755,4,8,109.6,0.2945,2,0,0,0,0,0
TXN0000287,M0069,160.64,upi,android,IN-UP,1752,418,1,7,87.4,0.1669,1,0,0,0,0,0
TXN0000288,M0347,99.68,netbanking,ios,IN-UP,213,137,3,9,101.1,0.1314,1,0,0,0,0,0
TXN0000289,M0317,184.31,netbanking,web,IN-WB,626,555,4,9,181.2,0.2777,2,0,0,0,1,0
TXN0000290,M0073,100.08,upi,web,IN-MH,600,941,1,4,26.4,0.2498,1,0,0,0,0,0
TXN0000291,M0145,55.3,upi,web,IN-TN,1525,1058,3,10,16.4,0.3588,0,0,0,0,0,0
TXN0000292,M0280,266.67,upi,web,IN-MH,1128,16,1,3,76.9,0.0941,1,0,0,0,0,0
TXN0000293,M0090,2876.68,card,android,IN-GJ,1690,1390,3,7,85.3,0.453,3,0,0,0,0,0
TXN0000294,M0235,162.78,card,ios,IN-MH,1639,1314,0,6,68.9,0.243,0,0,0,0,1,0
TXN0000295,M0021,87.08,netbanking,android,IN-DL,1416,1137,3,9,24.5,0.1527,1,0,0,0,0,0
TXN0000296,M0384,86.81,upi,ios,IN-UP,266,212,1,6,98.6,0.4632,0,0,0,0,0,0
TXN0000297,M0332,458.37,upi,api,IN-GJ,1064,131,2,9,2.0,0.3747,2,1,0,0,0,1
TXN0000298,M0253,74.89,card,android,IN-KA,1077,299,2,6,133.4,0.2412,0,0,0,0,0,0
TXN0000299,M0208,660.23,upi,ios,IN-TN,544,1363,1,8,52.1,0.4398,3,0,0,0,0,1
TXN0000300,M0325,35.03,card,web,IN-TN,68,1005,4,14,35.3,0.6371,1,0,0,0,0,0
TXN0000301,M0116,218.17,netbanking,web,IN-DL,61,238,1,6,40.5,0.1245,2,0,0,0,0,0
TXN0000302,M0047,349.43,netbanking,ios,IN-UP,693,888,4,12,60.9,0.2247,3,1,0,0,1,1
TXN0000303,M0394,385.83,card,web,IN-GJ,1326,687,3,5,36.3,0.108,0,0,0,0,0,0
TXN0000304,M0077,359.69,upi,web,IN-KA,303,388,4,10,41.8,0.3162,0,0,0,0,1,0
TXN0000305,M0323,234.86,card,android,IN-GJ,1720,15,1,6,102.1,0.2885,1,0,0,0,0,0
TXN0000306,M0226,570.52,wallet,web,IN-TN,516,771,1,4,43.1,0.3267,0,0,0,0,0,0
TXN0000307,M0298,66.82,card,api,IN-UP,1240,393,3,7,112.4,0.5479,0,0,0,0,0,0
TXN0000308,M0047,94.52,card,web,IN-UP,89,500,4,9,66.9,0.2194,0,0,0,0,1,1
TXN0000309,M0046,120.29,card,ios,IN-GJ,66,447,5,7,7.5,0.2905,0,0,0,0,0,0
TXN0000310,M0112,793.52,card,ios,IN-TN,910,1365,0,2,23.1,0.0839,0,0,0,0,1,0
TXN0000311,M0202,286.91,upi,ios,IN-GJ,251,579,5,11,126.8,0.5669,3,0,0,0,0,0
TXN0000312,M0033,355.98,wallet,android,IN-WB,1144,755,5,9,125.5,0.1147,0,0,0,0,0,0
TXN0000313,M0060,150.48,card,ios,IN-MH,707,1331,1,6,94.2,0.2165,1,0,0,0,0,0
TXN0000314,M0136,407.39,card,android,IN-DL,416,1218,5,13,12.9,0.4814,0,0,0,0,1,1
TXN0000315,M0367,38.13,upi,ios,IN-KA,1780,124,3,9,42.2,0.1705,0,0,0,0,0,0
TXN0000316,M0263,119.59,card,web,IN-WB,714,1210,1,7,65.9,0.1826,1,0,0,0,0,0
TXN0000317,M0025,144.83,card,web,IN-DL,153,1401,2,6,17.6,0.1765,3,0,0,0,0,0
TXN0000318,M0019,112.02,card,api,IN-UP,254,899,4,10,95.4,0.4942,0,0,0,0,0,0
TXN0000319,M0032,130.54,upi,web,IN-DL,572,1434,2,7,5.3,0.424,0,0,0,0,0,0
TXN0000320,M0216,311.01,upi,web,IN-UP,898,465,3,6,93.0,0.19,1,0,0,0,0,0
TXN0000321,M0230,228.45,upi,android,IN-UP,993,1104,2,6,14.3,0.4107,3,0,0,0,0,0
TXN0000322,M0232,593.85,card,web,IN-GJ,804,389,2,4,33.4,0.332,1,0,0,0,0,0
TXN0000323,M0380,22.35,upi,ios,IN-GJ,202,219,1,8,45.7,0.4731,2,0,0,0,1,0
TXN0000324,M0314,797.28,netbanking,web,IN-WB,466,600,8,11,94.8,0.2904,1,0,0,0,1,1
TXN0000325,M0164,93.99,upi,web,IN-GJ,212,549,4,9,12.0,0.2539,3,1,0,0,0,0
TXN0000326,M0211,671.11,card,ios,IN-MH,930,1082,0,3,19.9,0.1683,4,0,0,0,0,0
TXN0000327,M0307,118.56,card,ios,IN-MH,124,1410,8,17,57.1,0.3966,7,0,0,0,1,1
TXN0000328,M0358,260.47,upi,ios,IN-TN,1395,386,3,15,80.2,0.2845,1,0,0,0,0,0
TXN0000329,M0111,61.32,upi,web,IN-KA,905,182,3,7,27.7,0.2965,2,0,0,0,0,0
TXN0000330,M0286,53.35,card,web,IN-DL,514,9,5,10,19.6,0.4147,3,0,0,0,0,0
TXN0000331,M0122,321.85,upi,ios,IN-MH,516,680,4,13,57.4,0.3608,1,0,0,0,0,1
TXN0000332,M0041,12.54,card,web,IN-KA,71,307,3,8,102.4,0.1978,0,0,0,0,1,0
TXN0000333,M0052,53.4,netbanking,web,IN-TN,72,662,2,8,183.3,0.2857,1,0,0,0,0,0
TXN0000334,M0149,387.47,upi,android,IN-MH,1183,231,1,4,70.7,0.2223,4,0,0,0,0,0
TXN0000335,M0049,118.94,card,ios,IN-TN,903,260,3,7,63.7,0.3262,1,0,0,0,1,0
TXN0000336,M0297,74.5,wallet,ios,IN-MH,228,298,5,8,42.8,0.2432,1,1,0,0,1,0
TXN0000337,M0179,825.31,card,android,IN-TN,1315,405,0,7,112.3,0.1125,2,0,0,0,0,0
TXN0000338,M0310,1173.02,card,android,IN-MH,1743,777,1,4,61.9,0.2319,4,0,0,0,0,1
TXN0000339,M0194,180.08,card,android,IN-WB,1204,170,1,8,43.2,0.5732,4,0,0,0,1,0
TXN0000340,M0162,643.35,card,web,IN-GJ,1592,162,0,6,36.3,0.2992,1,0,0,0,0,0
TXN0000341,M0270,820.57,card,android,IN-GJ,1232,1072,5,9,26.5,0.5987,0,0,0,0,1,1
TXN0000342,M0004,177.09,wallet,android,IN-UP,1663,556,5,13,78.6,0.274,3,0,0,0,0,0
TXN0000343,M0009,107.85,card,android,IN-MH,991,53,2,7,13.1,0.2686,1,0,0,0,0,0
TXN0000344,M0270,196.7,netbanking,web,IN-WB,1464,48,2,13,8.1,0.5317,1,0,0,0,0,0
TXN0000345,M0262,42.03,upi,api,IN-WB,1406,641,2,7,111.5,0.2533,0,0,0,0,0,0
TXN0000346,M0302,317.63,card,android,IN-WB,599,1018,10,16,28.7,0.5027,4,0,0,0,0,1
TXN0000347,M0130,129.48,card,api,IN-KA,113,927,4,9,53.4,0.1695,2,1,0,0,0,0
TXN0000348,M0309,190.46,wallet,web,IN-GJ,760,770,2,5,80.7,0.3925,1,0,0,0,0,0
TXN0000349,M0137,187.72,card,web,IN-UP,344,91,4,11,119.0,0.3651,1,0,0,0,0,0
TXN0000350,M0295,77.13,upi,web,IN-DL,1567,745,4,15,37.7,0.633,3,0,0,0,0,0
TXN0000351,M0316,173.67,wallet,web,IN-KA,1266,1347,1,6,268.5,0.1142,1,0,0,0,0,0
TXN0000352,M0031,46.23,card,android,IN-WB,1607,203,4,9,44.5,0.2297,1,0,0,0,0,0
TXN0000353,M0336,111.12,card,web,IN-TN,605,1097,3,10,100.0,0.3211,1,0,0,0,0,0
TXN0000354,M0355,59.12,card,web,IN-TN,980,145,4,9,69.9,0.2862,2,0,0,0,0,1
TXN0000355,M0377,74.91,upi,android,IN-WB,430,1326,1,6,73.5,0.1025,1,0,0,0,0,0
TXN0000356,M0389,18.83,card,android,IN-GJ,859,622,1,5,199.0,0.3241,3,0,0,0,0,0
TXN0000357,M0368,117.18,card,web,IN-KA,49,1373,2,6,92.8,0.4299,1,0,0,0,0,0
TXN0000358,M0065,292.51,upi,android,IN-UP,632,1258,2,5,43.7,0.3923,2,0,0,0,1,0
TXN0000359,M0209,215.02,upi,ios,IN-WB,1563,763,3,5,120.5,0.5375,2,0,0,0,0,0
TXN0000360,M0133,532.11,card,android,IN-TN,1108,584,5,14,11.1,0.498,2,0,0,0,0,0
TXN0000361,M0212,69.43,wallet,ios,IN-GJ,1508,1002,1,2,45.1,0.282,1,0,0,0,1,0
TXN0000362,M0124,111.53,card,android,IN-KA,1380,931,0,6,7.3,0.373,1,0,0,0,0,0
TXN0000363,M0328,450.38,netbanking,ios,IN-UP,109,648,1,10,121.0,0.4552,1,0,0,0,0,0
TXN0000364,M0126,165.07,netbanking,web,IN-TN,863,849,1,4,42.1,0.6313,3,0,0,0,0,0
TXN0000365,M0207,216.58,card,api,IN-GJ,548,1454,3,10,58.7,0.2885,0,0,0,0,0,0
TXN0000366,M0051,1490.9,netbanking,android,IN-UP,214,445,3,5,48.7,0.3914,1,0,0,0,0,0
TXN0000367,M0300,139.6,card,web,IN-MH,386,615,2,6,124.7,0.2624,0,0,0,0,0,0
TXN0000368,M0217,110.92,upi,web,IN-WB,18,629,6,10,19.8,0.1521,1,0,0,0,0,0
TXN0000369,M0395,66.69,card,android,IN-GJ,373,1166,3,13,47.3,0.915,3,0,0,0,1,0
TXN0000370,M0241,134.79,upi,android,IN-KA,1212,640,2,9,106.3,0.3203,2,0,0,0,0,0
TXN0000371,M0286,500.06,card,android,IN-MH,465,1166,2,8,14.3,0.418,2,0,0,0,0,1
TXN0000372,M0095,319.43,card,web,IN-KA,1306,882,3,8,92.3,0.4037,1,0,0,0,0,0
TXN0000373,M0315,754.1,card,android,IN-DL,535,1299,2,7,19.6,0.0641,1,0,0,0,0,0
TXN0000374,M0115,258.22,upi,android,IN-KA,98,1369,0,9,14.1,0.5737,5,0,0,0,0,0
TXN0000375,M0096,19.15,wallet,web,IN-DL,1272,1358,3,8,117.7,0.1965,0,0,0,0,1,0
TXN0000376,M0314,337.66,card,ios,IN-GJ,298,677,3,9,33.1,0.3737,1,0,0,0,0,1
TXN0000377,M0174,199.78,card,api,IN-MH,1745,235,1,8,50.0,0.2847,0,0,0,0,0,0
TXN0000378,M0008,180.31,card,api,IN-UP,774,974,2,9,64.4,0.2626,0,0,0,0,1,0
TXN0000379,M0310,608.62,upi,ios,IN-KA,82,580,4,12,28.8,0.4414,3,1,0,0,0,1
TXN0000380,M0190,136.81,card,api,IN-TN,428,346,2,7,14.2,0.3125,1,0,0,0,0,0
TXN0000381,M0336,321.38,upi,android,IN-DL,581,26,1,6,120.8,0.3211,0,1,0,0,0,0
TXN0000382,M0362,61.33,upi,web,IN-TN,896,1216,1,5,109.4,0.304,2,0,0,0,0,0
TXN0000383,M0348,39.44,wallet,android,IN-MH,1201,1488,0,9,85.9,0.2195,1,0,0,0,0,0
TXN0000384,M0373,98.9,card,ios,IN-UP,572,30,1,5,15.4,0.0943,0,0,0,0,0,0
TXN0000385,M0180,131.54,upi,android,IN-DL,551,1007,3,8,39.7,0.3511,3,0,0,0,1,0
TXN0000386,M0316,311.37,card,android,IN-DL,1669,708,4,12,60.7,0.3214,0,0,0,0,0,0
TXN0000387,M0235,60.07,card,api,IN-DL,344,728,1,11,26.5,0.2368,1,0,0,0,0,0
TXN0000388,M0121,812.34,card,web,IN-DL,1318,416,0,6,20.8,0.2817,2,0,0,0,0,0
TXN0000389,M0091,68.54,wallet,ios,IN-MH,302,49,4,11,102.9,0.3862,2,0,0,0,1,0
TXN0000390,M0089,164.82,card,api,IN-TN,472,964,1,7,67.9,0.3342,3,0,0,0,1,0
TXN0000391,M0295,182.11,upi,android,IN-DL,1076,491,3,5,41.4,0.2609,3,0,0,0,1,0
TXN0000392,M0261,242.79,upi,android,IN-TN,176,1346,2,3,77.4,0.1103,1,0,0,0,0,0
TXN0000393,M0296,282.52,upi,web,IN-WB,272,313,1,7,70.9,0.3435,2,0,0,0,0,0
TXN0000394,M0166,1728.55,upi,api,IN-GJ,1534,226,5,13,70.3,0.2338,2,0,0,0,0,1
TXN0000395,M0270,98.53,card,android,IN-TN,174,1119,2,7,72.8,0.1452,0,0,0,0,0,0
TXN0000396,M0105,246.09,card,ios,IN-WB,259,1168,2,7,92.9,0.0812,1,0,0,0,0,0
TXN0000397,M0122,165.57,wallet,ios,IN-TN,1349,21,1,12,143.4,0.1997,2,0,0,0,0,0
TXN0000398,M0303,481.0,upi,ios,IN-DL,847,343,2,7,34.2,0.151,2,0,0,0,0,0
TXN0000399,M0385,281.98,netbanking,android,IN-DL,619,1451,2,11,24.3,0.416,0,0,0,0,1,1
TXN0000400,M0260,224.24,card,web,IN-MH,1481,778,1,6,173.4,0.5391,2,0,0,0,0,0
TXN0000401,M0357,40.41,card,web,IN-DL,1610,292,2,10,39.8,0.301,1,0,0,0,1,0
TXN0000402,M0168,114.41,card,api,IN-GJ,213,698,1,8,31.8,0.196,2,1,0,0,1,0
TXN0000403,M0209,67.79,card,web,IN-DL,894,55,1,7,150.7,0.1687,1,0,0,0,0,0
TXN0000404,M0159,115.1,upi,web,IN-UP,1664,942,2,5,76.6,0.091,0,0,0,0,0,0
TXN0000405,M0029,78.81,upi,android,IN-MH,238,571,4,8,52.7,0.1298,1,0,0,0,0,0
TXN0000406,M0250,107.21,card,android,IN-KA,740,872,0,5,11.3,0.2154,0,0,0,0,0,0
TXN0000407,M0323,119.34,card,ios,IN-KA,347,1193,1,9,34.3,0.5014,1,0,0,0,1,0
TXN0000408,M0313,121.44,upi,android,IN-UP,267,709,2,8,100.3,0.4045,1,0,0,0,1,0
TXN0000409,M0315,134.12,upi,api,IN-KA,1586,260,2,9,79.1,0.3225,2,0,0,0,0,0
TXN0000410,M0114,71.16,netbanking,web,IN-GJ,1170,953,0,10,87.7,0.2659,1,0,0,0,0,0
TXN0000411,M0057,186.79,card,android,IN-UP,226,849,0,8,82.0,0.0861,1,0,0,0,0,0
TXN0000412,M0321,73.04,upi,api,IN-TN,611,372,2,11,40.1,0.311,0,1,0,0,0,0
TXN0000413,M0126,98.9,card,web,IN-GJ,568,854,3,13,36.2,0.2321,1,0,0,0,0,0
TXN0000414,M0355,171.19,card,android,IN-UP,1661,480,4,9,70.7,0.2562,0,0,0,0,0,0
TXN0000415,M0100,13.62,upi,android,IN-KA,546,1292,2,9,13.4,0.3947,3,0,0,0,0,0
TXN0000416,M0122,2174.41,upi,android,IN-DL,202,938,1,8,57.7,0.4436,0,0,0,0,0,0
TXN0000417,M0184,304.21,card,android,IN-WB,1777,721,2,8,38.4,0.2184,2,0,0,0,0,0
TXN0000418,M0076,247.84,netbanking,android,IN-MH,114,490,3,10,133.4,0.326,3,0,0,0,0,0
TXN0000419,M0214,106.82,upi,ios,IN-DL,1754,1174,3,13,17.2,0.3476,1,0,0,0,0,0
TXN0000420,M0150,197.74,wallet,android,IN-UP,581,837,2,3,64.5,0.2649,0,0,0,0,0,0
TXN0000421,M0122,53.68,card,android,IN-TN,1246,1124,4,8,174.1,0.1297,1,0,0,0,0,0
TXN0000422,M0173,293.88,card,ios,IN-TN,978,354,2,6,41.2,0.2926,0,0,0,0,0,0
TXN0000423,M0115,33.42,upi,android,IN-UP,424,1249,0,2,96.6,0.5979,0,0,0,0,0,0
TXN0000424,M0247,50.61,card,android,IN-TN,981,1199,2,6,35.9,0.1761,1,0,0,0,0,0
TXN0000425,M0096,88.5,netbanking,web,IN-WB,323,1495,4,11,26.1,0.318,4,0,0,0,0,0
TXN0000426,M0129,814.73,card,api,IN-KA,909,1439,1,5,70.5,0.113,1,0,0,0,0,0
TXN0000427,M0252,59.8,wallet,android,IN-MH,109,95,4,8,107.8,0.234,1,0,0,0,0,0
TXN0000428,M0128,251.3,card,web,IN-WB,421,1179,1,3,11.5,0.1985,1,0,0,0,1,0
TXN0000429,M0106,22.88,wallet,ios,IN-MH,111,1431,4,6,148.4,0.2823,0,0,0,0,1,0
TXN0000430,M0321,184.52,upi,api,IN-UP,1126,1073,5,9,74.5,0.1859,0,0,0,0,0,0
TXN0000431,M0251,1020.59,card,api,IN-KA,1693,1081,4,10,84.0,0.5886,2,0,0,0,0,0
TXN0000432,M0190,296.84,card,ios,IN-DL,77,661,1,4,72.4,0.2839,1,0,0,0,1,0
TXN0000433,M0391,22.64,upi,ios,IN-UP,1086,327,2,4,48.9,0.3087,1,0,0,0,0,0
TXN0000434,M0025,188.0,card,ios,IN-TN,907,890,1,7,12.5,0.3174,3,0,0,0,1,0
TXN0000435,M0130,113.18,card,web,IN-MH,357,1276,3,9,126.3,0.3201,0,0,0,0,1,0
TXN0000436,M0356,613.59,wallet,android,IN-WB,1247,1201,2,7,24.8,0.1536,4,0,0,0,0,1
TXN0000437,M0321,162.84,upi,android,IN-GJ,1406,1328,1,10,185.4,0.135,1,1,0,0,0,0
TXN0000438,M0311,42.64,upi,web,IN-GJ,1670,1010,2,6,146.1,0.3894,0,0,0,0,0,0
TXN0000439,M0081,157.06,wallet,ios,IN-KA,138,114,1,6,44.9,0.1992,1,0,0,0,0,0
TXN0000440,M0359,89.73,upi,ios,IN-MH,323,895,5,17,40.2,0.3693,1,0,0,0,0,0
TXN0000441,M0258,20.75,card,api,IN-WB,940,1335,1,8,48.0,0.2159,0,0,0,0,0,0
TXN0000442,M0278,151.22,upi,ios,IN-TN,1386,294,2,11,71.1,0.3447,1,0,0,0,1,0
TXN0000443,M0379,180.8,card,ios,IN-MH,353,203,4,12,24.9,0.1836,0,0,0,0,0,0
TXN0000444,M0346,263.56,card,web,IN-TN,639,133,4,14,117.9,0.4237,3,0,0,0,0,0
TXN0000445,M0046,497.93,card,android,IN-WB,808,186,2,11,41.9,0.233,2,0,0,0,0,0
TXN0000446,M0354,135.94,upi,web,IN-UP,1188,1443,3,9,80.3,0.283,1,0,0,0,0,0
TXN0000447,M0105,40.11,card,android,IN-UP,413,1021,5,10,37.6,0.4274,4,1,0,0,1,1
TXN0000448,M0303,77.97,card,web,IN-WB,532,11,5,12,35.5,0.5342,1,0,0,0,0,0
TXN0000449,M0078,176.68,netbanking,android,IN-DL,246,23,2,10,89.6,0.3392,0,0,0,0,0,0
TXN0000450,M0225,606.79,netbanking,android,IN-GJ,381,1116,2,8,36.7,0.2304,0,0,0,0,0,0
TXN0000451,M0178,180.71,netbanking,android,IN-TN,1668,1100,3,15,97.2,0.2259,1,0,0,0,0,0
TXN0000452,M0085,157.71,upi,web,IN-KA,1350,725,3,10,42.2,0.4414,2,0,0,0,0,0
TXN0000453,M0034,142.1,upi,web,IN-GJ,1655,1280,1,6,176.7,0.1621,0,0,0,0,0,0
TXN0000454,M0089,178.53,netbanking,android,IN-UP,1691,764,1,3,5.0,0.1609,0,0,0,0,0,0
TXN0000455,M0241,1216.1,netbanking,ios,IN-GJ,888,934,4,10,146.4,0.2892,3,1,0,0,0,1
TXN0000456,M0285,165.44,upi,android,IN-DL,306,565,3,6,99.6,0.2353,2,0,0,0,1,0
TXN0000457,M0090,138.29,upi,web,IN-DL,1415,1160,1,8,73.1,0.2185,0,0,0,0,0,0
TXN0000458,M0021,187.02,upi,web,IN-DL,1776,916,2,10,236.8,0.3535,3,0,0,0,0,1
TXN0000459,M0364,91.53,card,android,IN-UP,363,451,2,9,23.4,0.2287,2,0,0,0,0,0
TXN0000460,M0039,37.78,wallet,android,IN-UP,1379,943,1,9,47.1,0.3072,1,0,0,0,0,0
TXN0000461,M0120,31.59,card,android,IN-KA,715,716,3,7,85.6,0.1651,1,0,0,0,0,0
TXN0000462,M0126,87.02,card,web,IN-UP,1669,150,0,6,209.1,0.3527,0,0,0,0,1,0
TXN0000463,M0350,586.51,card,web,IN-MH,406,460,2,10,154.8,0.4268,4,0,0,0,0,0
TXN0000464,M0227,578.27,card,web,IN-TN,1182,497,2,6,103.3,0.3782,3,1,0,0,1,0
TXN0000465,M0357,58.97,netbanking,android,IN-DL,151,457,3,13,78.0,0.0873,1,0,0,0,0,0
TXN0000466,M0105,153.67,upi,web,IN-KA,1672,646,1,6,136.4,0.1786,1,0,0,0,0,0
TXN0000467,M0079,205.3,upi,ios,IN-MH,763,644,2,10,120.1,0.3127,4,0,0,0,0,0
TXN0000468,M0213,87.18,upi,android,IN-DL,885,179,3,9,49.3,0.1364,2,0,0,0,1,0
TXN0000469,M0131,666.24,netbanking,web,IN-GJ,1341,1442,3,14,18.1,0.581,4,0,0,0,1,1
TXN0000470,M0099,385.67,netbanking,android,IN-KA,415,1006,1,8,101.2,0.2922,0,0,0,0,0,0
TXN0000471,M0362,258.22,netbanking,web,IN-GJ,1340,556,1,6,177.4,0.2118,1,0,0,0,0,0
TXN0000472,M0242,192.76,card,api,IN-MH,208,1244,4,10,9.6,0.3775,0,0,0,0,0,1
TXN0000473,M0238,37.71,card,web,IN-KA,798,1016,2,7,109.7,0.2257,2,0,0,0,0,0
TXN0000474,M0173,699.19,upi,android,IN-TN,602,657,3,14,86.6,0.4147,0,0,0,0,0,0
TXN0000475,M0190,321.65,upi,ios,IN-GJ,803,389,1,9,100.4,0.3041,4,0,0,0,1,0
TXN0000476,M0311,271.03,card,api,IN-UP,1037,45,1,6,180.0,0.2001,0,0,0,0,0,0
TXN0000477,M0123,86.06,upi,api,IN-TN,1085,724,6,12,32.3,0.2707,2,0,0,0,1,1
TXN0000478,M0139,93.85,upi,android,IN-MH,374,1239,4,15,58.5,0.6784,2,0,0,0,0,0
TXN0000479,M0353,295.16,wallet,web,IN-DL,1679,1375,2,11,43.2,0.2692,1,0,0,0,0,0
TXN0000480,M0218,541.96,card,ios,IN-GJ,1188,191,3,8,91.8,0.2764,1,0,0,0,1,0
TXN0000481,M0243,1010.09,upi,web,IN-MH,270,110,0,6,74.3,0.3751,3,0,0,0,0,1
TXN0000482,M0289,86.28,card,ios,IN-WB,281,513,4,10,216.4,0.3364,0,0,0,0,0,0
TXN0000483,M0147,153.56,upi,android,IN-WB,729,646,1,5,71.3,0.2789,0,0,0,0,1,0
TXN0000484,M0113,22.17,upi,ios,IN-DL,1749,40,2,9,36.3,0.3094,4,0,0,0,1,0
TXN0000485,M0293,15.36,wallet,web,IN-TN,1630,1297,2,4,114.3,0.1437,1,0,0,0,0,0
TXN0000486,M0129,304.1,wallet,ios,IN-WB,433,1316,3,12,9.3,0.3657,3,0,0,0,0,1
TXN0000487,M0058,76.68,netbanking,web,IN-DL,988,1174,2,8,153.4,0.3416,3,0,0,0,0,0
TXN0000488,M0058,25.02,netbanking,web,IN-GJ,592,907,1,2,99.5,0.0785,1,0,0,0,0,0
TXN0000489,M0159,56.26,upi,web,IN-MH,1427,316,2,6,94.9,0.1097,1,0,0,0,0,0
TXN0000490,M0081,253.61,wallet,ios,IN-UP,1334,656,4,10,4.8,0.3881,1,0,0,0,1,1
TXN0000491,M0297,264.24,upi,ios,IN-DL,833,82,2,7,94.4,0.2971,1,0,0,0,0,0
TXN0000492,M0142,35.01,upi,web,IN-DL,630,549,4,11,116.1,0.4861,1,0,0,0,0,0
TXN0000493,M0342,619.79,upi,android,IN-TN,1657,1360,3,9,26.7,0.3163,0,0,0,0,0,0
TXN0000494,M0098,89.77,upi,android,IN-KA,752,1372,2,12,17.2,0.5159,2,0,0,0,0,0
TXN0000495,M0138,236.95,card,android,IN-WB,1602,464,1,3,115.8,0.4585,3,0,0,0,1,0
TXN0000496,M0212,186.9,card,android,IN-MH,54,1212,0,3,102.2,0.0707,0,0,0,0,0,0
TXN0000497,M0371,177.93,upi,web,IN-MH,803,496,3,7,46.9,0.2469,1,0,0,0,1,1
TXN0000498,M0303,70.53,card,web,IN-WB,980,854,3,6,111.4,0.1202,1,0,0,0,1,1
TXN0000499,M0155,175.68,upi,web,IN-UP,10,1399,2,7,19.7,0.1473,1,0,0,1,1,0
TXN0000500,M0356,235.64,upi,web,IN-KA,113,268,1,8,104.5,0.3919,1,0,0,0,0,0
TXN0000501,M0347,147.47,upi,ios,IN-UP,1019,1192,2,6,126.2,0.4382,1,0,0,0,0,0
TXN0000502,M0055,199.11,card,web,IN-WB,1347,850,5,13,6.0,0.1531,2,0,0,0,1,1
TXN0000503,M0208,541.73,card,ios,IN-MH,367,516,2,7,99.1,0.1156,2,0,0,0,0,0
TXN0000504,M0093,112.36,card,android,IN-MH,1618,267,3,7,40.7,0.2965,0,0,0,0,1,0
TXN0000505,M0373,345.96,card,android,IN-WB,433,1146,0,6,45.6,0.2104,1,0,0,0,0,0
TXN0000506,M0009,145.85,netbanking,android,IN-MH,93,1141,0,6,42.8,0.2374,2,0,0,0,1,0
TXN0000507,M0264,748.07,card,web,IN-TN,774,817,5,8,104.2,0.2911,0,0,0,0,0,1
TXN0000508,M0055,44.12,wallet,web,IN-DL,199,454,4,14,91.4,0.4662,3,0,0,0,0,0
TXN0000509,M0115,662.99,upi,api,IN-DL,810,704,8,13,145.7,0.4329,2,0,0,0,0,0
TXN0000510,M0004,105.77,card,android,IN-KA,65,1105,3,9,121.3,0.3464,3,0,0,0,0,0
TXN0000511,M0152,1487.34,netbanking,web,IN-MH,1549,1085,2,8,36.7,0.1627,0,0,0,0,0,0
TXN0000512,M0365,278.17,card,ios,IN-MH,1155,467,3,14,70.3,0.492,4,1,0,0,0,0
TXN0000513,M0051,421.24,upi,android,IN-UP,57,1205,6,13,65.7,0.2119,1,0,0,0,0,0
TXN0000514,M0182,153.25,card,android,IN-UP,1656,46,2,6,143.9,0.2402,0,0,0,0,0,0
TXN0000515,M0322,355.55,card,web,IN-GJ,531,692,3,10,81.2,0.3699,0,0,0,0,0,0
TXN0000516,M0243,355.41,upi,ios,IN-WB,910,219,1,10,19.5,0.4333,3,0,0,0,0,0
TXN0000517,M0172,156.11,upi,web,IN-MH,1138,724,1,4,30.5,0.2983,0,0,0,0,0,0
TXN0000518,M0213,386.55,card,web,IN-GJ,727,773,5,14,74.4,0.3822,1,0,0,0,0,0
TXN0000519,M0274,6.25,netbanking,android,IN-KA,1119,1322,3,10,56.6,0.543,4,0,0,0,0,0
TXN0000520,M0346,94.52,upi,android,IN-KA,288,540,9,18,14.3,0.3507,0,0,0,0,0,1
TXN0000521,M0393,183.89,netbanking,api,IN-TN,572,768,2,8,42.3,0.0984,0,1,0,0,1,0
TXN0000522,M0055,297.33,upi,android,IN-UP,1219,1470,3,9,143.9,0.3019,2,0,0,0,0,1
TXN0000523,M0344,475.79,card,android,IN-TN,321,23,4,13,79.7,0.5932,0,0,0,0,0,0
TXN0000524,M0274,139.81,upi,ios,IN-GJ,570,1332,4,8,113.3,0.3763,1,0,0,0,0,1
TXN0000525,M0126,121.82,upi,web,IN-DL,499,825,1,15,41.9,0.6214,3,0,0,0,0,1
TXN0000526,M0187,430.3,upi,web,IN-WB,226,1209,4,8,125.2,0.2278,4,0,0,0,0,0
TXN0000527,M0099,569.35,wallet,android,IN-DL,1606,1233,6,17,52.5,0.3516,1,0,0,0,0,0
TXN0000528,M0139,377.22,upi,web,IN-DL,1769,1142,3,8,53.0,0.1887,0,0,0,0,0,0
TXN0000529,M0059,154.46,card,api,IN-TN,473,84,1,8,71.7,0.1264,0,0,0,0,0,0
TXN0000530,M0252,2301.98,netbanking,web,IN-KA,1536,1356,5,13,84.2,0.3079,3,0,0,0,0,1
TXN0000531,M0121,194.87,netbanking,api,IN-GJ,885,1150,2,6,42.8,0.2401,0,0,0,0,0,0
TXN0000532,M0152,223.49,card,android,IN-TN,428,321,0,4,54.5,0.1957,4,0,0,0,0,0
TXN0000533,M0021,921.4,upi,web,IN-WB,1696,454,1,3,121.7,0.6869,2,0,0,0,1,0
TXN0000534,M0355,829.66,card,web,IN-DL,233,1455,6,15,69.5,0.4872,5,0,0,0,0,1
TXN0000535,M0096,365.21,card,android,IN-WB,214,384,4,7,16.3,0.1902,1,1,0,0,1,0
TXN0000536,M0215,73.06,upi,android,IN-WB,739,474,1,7,8.4,0.183,1,1,0,0,0,0
TXN0000537,M0223,201.47,upi,web,IN-UP,1567,444,2,7,27.6,0.2028,2,0,0,0,0,0
TXN0000538,M0246,301.99,upi,ios,IN-GJ,539,392,3,9,137.7,0.3392,5,1,0,0,1,0
TXN0000539,M0131,1267.78,upi,web,IN-KA,1338,225,4,11,14.3,0.4142,3,0,0,0,0,1
TXN0000540,M0105,3438.22,card,ios,IN-WB,1573,610,1,6,32.2,0.4905,1,0,0,0,0,0
TXN0000541,M0271,98.88,wallet,ios,IN-WB,874,569,2,5,156.3,0.1978,1,0,0,0,0,0
TXN0000542,M0007,422.26,netbanking,web,IN-GJ,227,311,2,9,165.1,0.2618,3,0,0,0,1,0
TXN0000543,M0193,79.68,wallet,web,IN-KA,1708,212,4,19,45.6,0.6681,4,0,0,0,0,1
TXN0000544,M0087,158.87,card,android,IN-GJ,1450,1428,2,7,259.9,0.1819,0,0,0,0,0,0
TXN0000545,M0119,75.6,upi,api,IN-KA,134,1189,3,10,28.9,0.3227,0,0,0,0,0,0
TXN0000546,M0043,955.46,card,api,IN-WB,1045,529,5,8,56.4,0.3796,1,1,0,0,1,1
TXN0000547,M0070,228.33,netbanking,api,IN-WB,1538,43,1,7,42.4,0.2148,0,0,0,0,0,0
TXN0000548,M0294,241.39,card,ios,IN-DL,1021,749,2,8,170.0,0.2031,1,0,0,0,0,0
TXN0000549,M0189,189.09,card,web,IN-GJ,356,885,5,11,10.5,0.3601,1,0,0,0,0,0
TXN0000550,M0221,262.24,upi,ios,IN-DL,1683,784,3,8,249.7,0.1688,0,0,0,0,0,0
TXN0000551,M0312,271.35,upi,api,IN-TN,638,449,1,7,87.0,0.5181,2,0,0,0,0,1
TXN0000552,M0019,90.72,upi,android,IN-TN,1,336,5,7,83.9,0.3918,2,0,0,1,0,1
TXN0000553,M0125,33.29,card,web,IN-UP,221,1108,4,7,21.5,0.2419,3,0,0,0,0,0
TXN0000554,M0203,47.73,card,web,IN-MH,826,269,5,9,33.8,0.0746,0,0,0,0,0,0
TXN0000555,M0171,35.95,card,web,IN-WB,892,1443,5,12,57.6,0.4034,1,0,0,0,0,0
TXN0000556,M0218,218.74,upi,android,IN-DL,1120,1293,3,7,214.4,0.4382,2,0,0,0,0,1
TXN0000557,M0046,79.56,upi,android,IN-UP,305,498,3,8,64.7,0.4417,1,0,0,0,0,0
TXN0000558,M0309,479.65,netbanking,web,IN-MH,180,802,1,13,55.6,0.3559,2,0,0,0,0,0
TXN0000559,M0118,228.98,card,web,IN-UP,459,1139,3,7,5.2,0.4718,4,0,0,0,0,1
TXN0000560,M0215,28.72,card,api,IN-UP,102,1385,2,5,45.2,0.2983,2,0,0,0,1,0
TXN0000561,M0070,119.4,card,api,IN-WB,108,424,4,15,78.9,0.4828,0,0,0,0,0,0
TXN0000562,M0093,21.54,upi,ios,IN-UP,1150,954,3,7,44.0,0.4116,0,0,0,0,0,0
TXN0000563,M0376,57.33,card,web,IN-GJ,549,1232,4,6,36.5,0.0339,0,0,0,0,0,0
TXN0000564,M0112,110.24,upi,web,IN-MH,284,306,3,7,72.1,0.2556,2,0,0,0,1,1
TXN0000565,M0095,69.94,netbanking,web,IN-GJ,295,699,3,8,22.2,0.2584,0,0,0,0,0,1
TXN0000566,M0100,1185.44,upi,android,IN-UP,1439,366,2,14,15.7,0.3271,1,0,0,0,0,0
TXN0000567,M0060,380.6,card,ios,IN-DL,1233,1394,2,8,41.9,0.2616,1,0,0,0,0,0
TXN0000568,M0247,129.69,upi,api,IN-KA,82,10,4,15,50.0,0.3355,1,0,0,0,1,0
TXN0000569,M0197,749.83,card,web,IN-UP,1149,741,1,7,93.1,0.2738,3,0,0,0,0,0
TXN0000570,M0087,67.93,upi,android,IN-KA,1106,831,2,5,270.2,0.2441,0,0,0,0,0,0
TXN0000571,M0190,129.12,netbanking,ios,IN-UP,1198,362,4,11,46.3,0.2623,1,0,0,0,0,0
TXN0000572,M0255,422.78,upi,web,IN-WB,1420,18,4,10,28.9,0.1291,0,0,0,0,1,0
TXN0000573,M0327,58.99,netbanking,android,IN-TN,1217,1136,2,7,82.6,0.186,1,0,0,0,0,0
TXN0000574,M0303,357.09,upi,android,IN-GJ,1281,56,4,9,30.7,0.3606,3,0,0,0,0,1
TXN0000575,M0390,241.23,card,web,IN-GJ,186,953,4,13,131.3,0.6953,1,0,0,0,0,0
TXN0000576,M0045,324.09,netbanking,ios,IN-MH,1655,1307,4,12,11.8,0.1924,3,0,0,0,0,0
TXN0000577,M0147,1086.11,card,api,IN-MH,385,688,3,6,79.6,0.363,0,0,0,0,0,0
TXN0000578,M0078,283.86,card,web,IN-DL,1363,1303,2,9,72.2,0.4781,1,0,0,0,0,0
TXN0000579,M0249,204.18,netbanking,android,IN-TN,1327,354,4,8,53.9,0.5598,1,0,0,0,0,0
TXN0000580,M0171,40.27,upi,web,IN-UP,871,646,2,7,63.5,0.3367,1,0,0,0,0,0
TXN0000581,M0076,222.13,upi,web,IN-WB,868,747,2,15,56.0,0.5384,2,0,0,0,0,0
TXN0000582,M0122,111.39,upi,android,IN-KA,1617,958,3,15,26.8,0.6385,3,1,0,0,1,0
TXN0000583,M0197,159.15,card,android,IN-GJ,1134,406,3,11,147.3,0.5049,3,0,0,0,0,0
TXN0000584,M0354,112.11,card,android,IN-MH,466,580,4,12,15.0,0.2493,1,0,0,0,0,0
TXN0000585,M0006,294.26,card,ios,IN-GJ,102,270,5,11,95.0,0.5309,2,0,0,0,0,0
TXN0000586,M0342,66.84,card,web,IN-TN,243,28,3,12,25.3,0.1348,0,0,0,0,0,1
TXN0000587,M0211,222.52,upi,web,IN-KA,695,1351,1,10,87.7,0.4142,2,0,0,0,1,0
TXN0000588,M0236,63.52,card,android,IN-DL,1200,866,6,13,37.6,0.4552,0,0,0,0,0,0
TXN0000589,M0014,29.79,card,android,IN-WB,788,1430,1,5,100.1,0.4041,0,0,0,0,0,0
TXN0000590,M0181,127.9,card,android,IN-WB,1372,705,2,7,22.6,0.3734,1,0,0,0,1,0
TXN0000591,M0199,286.25,card,ios,IN-DL,1246,913,2,8,32.3,0.3444,3,1,0,0,0,0
TXN0000592,M0196,82.76,card,android,IN-WB,1277,1188,1,9,14.3,0.1903,3,0,0,0,1,0
TXN0000593,M0279,206.34,card,ios,IN-MH,1641,420,0,9,95.6,0.4155,3,0,0,0,1,0
TXN0000594,M0344,125.21,upi,ios,IN-DL,145,439,6,19,29.3,0.646,2,0,0,0,0,1
TXN0000595,M0239,63.91,card,web,IN-TN,1034,1181,3,9,96.3,0.0904,0,0,0,0,0,0
TXN0000596,M0107,314.27,netbanking,ios,IN-KA,615,598,2,15,52.5,0.241,0,0,0,0,1,0
TXN0000597,M0315,93.84,netbanking,android,IN-DL,1370,264,3,6,3.6,0.2051,0,0,0,0,0,0
TXN0000598,M0365,261.8,upi,android,IN-UP,1454,370,3,8,103.8,0.1114,0,0,0,0,0,0
TXN0000599,M0078,41.79,card,android,IN-TN,1158,1493,2,7,19.2,0.3263,1,0,0,0,0,0
TXN0000600,M0002,206.39,netbanking,web,IN-WB,1329,329,2,4,27.9,0.1521,2,0,0,0,0,0
TXN0000601,M0305,335.9,upi,web,IN-GJ,1637,1358,1,4,93.2,0.3584,0,0,0,0,0,0
TXN0000602,M0152,255.89,upi,android,IN-WB,1001,330,5,13,29.9,0.039,2,0,0,0,1,0
TXN0000603,M0310,439.44,wallet,ios,IN-WB,1459,1261,2,9,102.2,0.2004,3,0,0,0,0,0
TXN0000604,M0115,343.25,card,android,IN-TN,189,940,6,8,23.0,0.415,1,0,0,0,1,0
TXN0000605,M0061,242.78,netbanking,ios,IN-GJ,445,1179,1,4,19.6,0.1024,4,0,0,0,1,0
TXN0000606,M0046,419.46,netbanking,web,IN-DL,1634,731,3,10,129.0,0.3257,1,0,0,0,1,0
TXN0000607,M0190,123.87,upi,android,IN-TN,400,989,1,6,20.2,0.3974,2,0,0,0,0,0
TXN0000608,M0240,303.15,card,android,IN-UP,17,130,4,10,156.2,0.3632,2,0,0,0,0,0
TXN0000609,M0354,183.96,card,ios,IN-GJ,1641,702,2,11,15.5,0.3243,1,0,0,0,0,0
TXN0000610,M0333,1145.47,upi,web,IN-MH,645,1226,0,3,41.8,0.4288,2,0,0,0,1,0
TXN0000611,M0133,236.62,card,web,IN-MH,1075,853,5,15,155.0,0.5036,3,0,0,0,0,0
TXN0000612,M0194,49.77,netbanking,ios,IN-KA,1387,341,3,9,12.5,0.2261,2,0,0,0,1,0
TXN0000613,M0326,231.83,netbanking,web,IN-DL,809,1401,0,6,232.5,0.454,0,0,0,0,0,0
TXN0000614,M0112,69.53,card,android,IN-KA,37,316,3,12,9.8,0.4221,3,0,0,0,0,0
TXN0000615,M0079,372.95,card,api,IN-MH,1260,459,5,12,46.8,0.3491,0,0,0,0,0,0
TXN0000616,M0042,379.73,netbanking,web,IN-MH,1176,1391,4,6,56.3,0.3185,0,0,0,0,1,0
TXN0000617,M0146,97.89,card,ios,IN-TN,507,873,4,15,70.8,0.5227,4,0,0,0,1,0
TXN0000618,M0134,63.76,upi,android,IN-KA,1186,616,3,5,20.9,0.3236,0,0,0,0,0,0
TXN0000619,M0313,205.56,upi,web,IN-WB,1455,99,4,18,32.4,0.3902,2,0,0,0,0,0
TXN0000620,M0334,72.89,card,api,IN-MH,1768,1088,0,6,138.5,0.3443,1,0,0,0,0,0
TXN0000621,M0165,77.83,netbanking,android,IN-WB,950,380,3,12,65.2,0.2797,0,0,0,0,0,0
TXN0000622,M0352,108.52,upi,api,IN-KA,120,718,3,9,28.7,0.1116,2,0,0,0,0,0
TXN0000623,M0187,336.05,card,ios,IN-MH,1567,1258,4,13,68.7,0.2072,2,0,0,0,0,0
TXN0000624,M0121,40.81,netbanking,web,IN-WB,782,687,1,8,15.1,0.3418,2,0,0,0,0,0
TXN0000625,M0290,84.65,netbanking,web,IN-UP,1159,1162,1,6,154.1,0.2309,0,0,0,0,1,0
TXN0000626,M0140,1981.67,card,android,IN-MH,1597,1357,4,9,93.1,0.2946,1,0,0,0,0,0
TXN0000627,M0067,1269.99,netbanking,api,IN-TN,469,857,4,14,39.8,0.4461,2,0,0,0,1,1
TXN0000628,M0038,603.51,card,android,IN-WB,7,1041,1,7,41.7,0.1557,0,0,0,1,0,0
TXN0000629,M0058,188.06,upi,web,IN-WB,1737,387,2,6,13.4,0.2872,1,0,0,0,0,0
TXN0000630,M0167,381.82,upi,web,IN-GJ,290,1075,3,11,75.9,0.532,2,0,0,0,1,0
TXN0000631,M0009,122.52,wallet,web,IN-DL,724,1354,1,7,33.9,0.3265,1,0,0,0,0,0
TXN0000632,M0141,12.04,upi,ios,IN-UP,1422,622,3,8,111.6,0.3679,1,0,0,0,0,0
TXN0000633,M0241,101.77,upi,android,IN-MH,1378,1466,6,12,69.2,0.2586,1,1,0,0,1,0
TXN0000634,M0223,112.05,upi,api,IN-TN,298,78,1,5,37.3,0.0872,2,0,0,0,0,0
TXN0000635,M0225,185.15,card,android,IN-MH,460,422,2,9,48.3,0.4989,1,0,0,0,0,1
TXN0000636,M0185,291.76,upi,android,IN-GJ,1239,747,4,15,56.1,0.0388,1,0,0,0,1,0
TXN0000637,M0348,938.13,upi,ios,IN-UP,751,38,2,3,23.4,0.4145,0,0,0,0,0,0
TXN0000638,M0115,185.81,upi,web,IN-TN,906,37,5,9,47.9,0.1394,3,0,0,0,0,0
TXN0000639,M0045,65.99,wallet,api,IN-WB,1329,171,3,8,50.0,0.2862,2,0,0,0,0,0
TXN0000640,M0261,147.97,wallet,web,IN-GJ,1548,633,7,12,98.0,0.1804,1,0,0,0,0,0
TXN0000641,M0090,342.77,card,api,IN-GJ,1253,526,3,12,60.2,0.3517,2,0,0,0,0,0
TXN0000642,M0069,160.89,upi,android,IN-TN,311,1308,3,12,7.8,0.2906,0,0,0,0,0,0
TXN0000643,M0312,80.6,netbanking,ios,IN-KA,1690,1453,6,9,108.9,0.4199,2,0,0,0,0,0
TXN0000644,M0021,304.15,card,web,IN-KA,1013,269,1,8,99.4,0.5203,3,0,0,0,1,0
TXN0000645,M0251,57.41,card,android,IN-DL,1436,1157,2,4,99.8,0.1414,1,0,0,0,0,0
TXN0000646,M0378,74.77,card,android,IN-TN,1103,248,3,7,17.6,0.3806,2,0,0,0,0,0
TXN0000647,M0150,272.88,card,web,IN-UP,584,334,1,6,40.1,0.3427,0,0,0,0,0,0
TXN0000648,M0086,82.08,card,android,IN-GJ,1171,105,3,16,158.5,0.4073,1,0,0,0,0,0
TXN0000649,M0340,126.52,netbanking,android,IN-DL,1554,136,2,9,23.9,0.1214,0,0,0,0,0,0
TXN0000650,M0068,182.89,netbanking,android,IN-WB,1485,107,1,8,35.8,0.4213,2,0,0,0,0,0
TXN0000651,M0111,172.61,upi,web,IN-MH,1658,1491,3,7,4.3,0.2011,0,0,0,0,0,0
TXN0000652,M0088,68.39,upi,web,IN-KA,98,1147,4,8,137.3,0.2796,1,0,0,0,0,0
TXN0000653,M0150,250.09,upi,web,IN-DL,1717,455,1,9,14.9,0.4354,1,0,0,0,1,1
TXN0000654,M0336,71.91,card,api,IN-KA,589,390,2,6,178.8,0.3388,2,0,0,0,1,0
TXN0000655,M0249,937.86,card,ios,IN-TN,1620,305,2,7,75.8,0.2166,2,0,0,0,0,0
TXN0000656,M0094,120.49,upi,ios,IN-KA,949,1461,4,11,62.2,0.2213,1,0,0,0,1,0
TXN0000657,M0134,330.58,card,ios,IN-WB,1251,536,4,11,160.6,0.4784,1,0,0,0,1,0
TXN0000658,M0025,374.69,card,web,IN-MH,1408,498,1,9,95.7,0.6038,1,0,0,0,0,0
TXN0000659,M0133,126.23,netbanking,api,IN-MH,1432,716,3,11,46.6,0.229,1,0,0,0,0,0
TXN0000660,M0081,68.43,upi,android,IN-TN,576,856,3,20,48.6,0.72,2,1,0,0,1,0
TXN0000661,M0021,373.39,card,api,IN-KA,1166,305,1,9,50.4,0.2295,0,0,0,0,0,0
TXN0000662,M0136,43.4,upi,api,IN-TN,1016,166,1,7,52.5,0.1779,1,0,0,0,0,0
TXN0000663,M0325,50.56,wallet,ios,IN-TN,576,1419,4,8,8.2,0.328,1,1,0,0,0,1
TXN0000664,M0108,330.28,upi,android,IN-KA,69,170,1,5,14.9,0.4279,2,0,0,0,0,0
TXN0000665,M0266,147.26,upi,web,IN-UP,1469,1471,1,3,105.2,0.3648,1,0,0,0,0,0
TXN0000666,M0324,88.77,card,api,IN-TN,761,1382,1,6,50.1,0.3544,4,0,0,0,0,0
TXN0000667,M0217,109.32,upi,api,IN-TN,410,823,3,15,5.3,0.2769,1,0,0,0,0,0
TXN0000668,M0260,81.24,upi,web,IN-KA,607,539,2,6,56.7,0.1937,1,0,0,0,1,0
TXN0000669,M0255,1594.16,card,android,IN-KA,776,320,2,14,24.5,0.5048,1,0,0,0,1,0
TXN0000670,M0153,498.37,upi,android,IN-GJ,1792,1363,2,8,62.6,0.2688,0,0,0,0,0,0
TXN0000671,M0313,78.94,upi,ios,IN-TN,618,115,1,3,105.7,0.2216,0,0,0,0,0,0
TXN0000672,M0290,131.67,netbanking,api,IN-MH,240,615,4,9,275.7,0.417,4,0,0,0,0,1
TXN0000673,M0105,326.94,upi,ios,IN-DL,310,480,2,5,55.9,0.2715,1,0,0,0,0,0
TXN0000674,M0112,67.84,netbanking,android,IN-TN,1653,151,1,12,96.2,0.494,3,0,0,0,0,0
TXN0000675,M0355,102.95,card,android,IN-UP,1438,331,1,4,36.7,0.1898,0,0,0,0,0,0
TXN0000676,M0377,133.6,netbanking,api,IN-TN,7,496,1,5,90.6,0.2527,2,0,0,1,1,0
TXN0000677,M0140,74.56,card,android,IN-MH,849,1256,3,9,74.6,0.2812,0,0,0,0,0,0
TXN0000678,M0251,538.81,card,web,IN-WB,485,1485,6,11,45.6,0.3545,4,0,0,0,0,1
TXN0000679,M0312,88.11,card,ios,IN-MH,949,848,1,5,65.7,0.2687,1,0,0,0,0,0
TXN0000680,M0041,160.22,card,api,IN-MH,1080,74,4,7,13.6,0.486,1,0,0,0,0,0
TXN0000681,M0048,202.28,card,ios,IN-MH,904,1358,3,11,21.5,0.42,0,0,0,0,0,0
TXN0000682,M0339,879.28,netbanking,api,IN-DL,877,324,1,7,85.9,0.2499,2,0,0,0,0,0
TXN0000683,M0022,165.12,card,ios,IN-WB,1241,1257,4,13,91.8,0.5596,1,0,0,0,1,0
TXN0000684,M0400,1525.25,wallet,web,IN-WB,1281,1443,0,11,55.9,0.5176,1,0,0,0,0,1
TXN0000685,M0299,125.24,wallet,web,IN-MH,317,499,0,7,81.6,0.4757,1,0,0,0,1,0
TXN0000686,M0166,144.34,card,web,IN-WB,1236,864,0,6,48.8,0.3322,1,0,0,0,0,0
TXN0000687,M0156,459.4,upi,android,IN-MH,901,317,3,12,82.4,0.2066,1,0,0,0,0,0
TXN0000688,M0051,1227.87,netbanking,api,IN-DL,736,1434,3,4,16.1,0.2831,1,0,0,0,1,0
TXN0000689,M0210,138.17,upi,android,IN-GJ,469,841,2,5,42.2,0.1748,0,0,0,0,0,0
TXN0000690,M0009,619.63,upi,web,IN-GJ,996,266,2,6,39.7,0.3534,2,0,0,0,0,0
TXN0000691,M0290,420.05,card,android,IN-DL,1749,1288,2,7,6.6,0.2156,0,0,0,0,0,0
TXN0000692,M0081,84.11,card,web,IN-KA,839,1243,4,10,69.6,0.3273,4,0,0,0,0,0
TXN0000693,M0226,176.77,upi,api,IN-TN,109,354,2,9,156.9,0.1024,1,0,0,0,0,0
TXN0000694,M0014,172.82,card,api,IN-KA,438,581,1,8,99.4,0.2327,3,0,0,0,1,0
TXN0000695,M0226,64.16,card,web,IN-GJ,1671,406,0,3,41.2,0.1808,0,0,0,0,0,0
TXN0000696,M0222,212.12,card,web,IN-TN,1444,1496,1,7,27.6,0.1562,0,0,0,0,0,0
TXN0000697,M0336,194.99,card,web,IN-MH,108,783,2,7,68.6,0.2799,3,0,0,0,1,0
TXN0000698,M0118,261.83,card,api,IN-MH,1450,1069,5,15,38.8,0.6464,4,0,0,0,0,0
TXN0000699,M0281,193.02,netbanking,api,IN-MH,197,1483,2,9,73.5,0.3292,1,0,0,0,0,0
TXN0000700,M0087,92.36,card,ios,IN-TN,541,1435,1,4,75.0,0.1264,3,0,0,0,0,0
TXN0000701,M0256,2077.91,wallet,web,IN-GJ,1631,827,0,5,46.0,0.2009,2,0,0,0,0,1
TXN0000702,M0359,223.61,wallet,ios,IN-GJ,1167,969,4,10,99.4,0.3407,0,0,0,0,0,1
TXN0000703,M0270,660.41,card,ios,IN-DL,1166,536,1,12,103.5,0.416,4,0,0,0,1,1
TXN0000704,M0337,278.95,card,api,IN-WB,386,1327,4,7,18.9,0.166,2,0,0,0,0,1
TXN0000705,M0300,812.36,upi,api,IN-WB,584,932,4,11,82.5,0.3249,1,0,0,0,0,0
TXN0000706,M0217,82.84,upi,ios,IN-DL,168,394,5,10,59.5,0.2999,2,0,0,0,0,0
TXN0000707,M0068,164.69,upi,ios,IN-DL,1059,649,1,5,128.1,0.2513,0,0,0,0,0,0
TXN0000708,M0315,114.99,upi,android,IN-GJ,875,1385,1,4,27.7,0.3078,0,0,0,0,0,0
TXN0000709,M0296,101.59,card,web,IN-KA,299,999,4,7,251.0,0.2752,1,0,0,0,1,1
TXN0000710,M0162,235.21,upi,ios,IN-WB,526,481,3,8,33.6,0.3197,4,0,0,0,0,0
TXN0000711,M0269,140.72,upi,android,IN-TN,117,1339,1,6,82.2,0.2947,0,0,0,0,1,0
TXN0000712,M0082,43.2,upi,android,IN-GJ,116,959,0,5,147.9,0.3337,3,0,0,0,0,0
TXN0000713,M0119,132.98,card,api,IN-GJ,89,1219,4,6,12.8,0.1153,1,0,0,0,0,0
TXN0000714,M0285,122.36,netbanking,ios,IN-GJ,581,124,2,6,94.8,0.1951,0,0,0,0,0,0
TXN0000715,M0021,434.28,card,web,IN-KA,486,1350,0,4,105.9,0.345,1,0,0,0,0,0
TXN0000716,M0029,42.35,upi,android,IN-UP,340,1160,3,5,15.1,0.1778,0,0,0,0,0,0
TXN0000717,M0131,107.78,card,android,IN-TN,323,1488,3,6,75.7,0.2206,0,0,0,0,0,0
TXN0000718,M0199,84.99,card,web,IN-MH,1708,734,1,7,37.8,0.286,0,1,0,0,0,0
TXN0000719,M0344,379.14,upi,web,IN-GJ,726,1426,0,11,134.7,0.3263,3,0,0,0,0,0
TXN0000720,M0219,104.32,card,android,IN-KA,934,539,1,6,51.5,0.1943,2,0,0,0,0,0
TXN0000721,M0107,512.36,upi,web,IN-KA,1578,737,0,3,108.9,0.2509,1,0,0,0,0,0
TXN0000722,M0001,171.72,netbanking,api,IN-MH,1795,539,4,11,16.6,0.1808,2,0,0,0,0,0
TXN0000723,M0080,293.75,upi,web,IN-MH,682,363,1,6,41.7,0.2914,0,0,0,0,0,0
TXN0000724,M0264,543.84,upi,android,IN-DL,1383,611,0,6,90.4,0.3885,0,0,0,0,0,1
TXN0000725,M0254,54.1,upi,android,IN-WB,718,698,2,7,37.7,0.2927,1,0,0,0,0,0
TXN0000726,M0187,140.58,card,android,IN-TN,483,1360,1,6,161.2,0.0671,0,0,0,0,1,0
TXN0000727,M0012,274.25,wallet,android,IN-WB,218,176,1,9,144.5,0.4244,0,0,0,0,0,0
TXN0000728,M0179,219.39,upi,web,IN-GJ,627,869,1,12,47.4,0.4712,1,0,0,0,0,0
TXN0000729,M0090,49.2,card,web,IN-DL,1779,925,1,9,52.5,0.3544,4,0,0,0,1,0
TXN0000730,M0006,361.21,card,api,IN-KA,305,836,3,8,135.6,0.2985,2,0,0,0,0,0
TXN0000731,M0159,188.8,upi,api,IN-GJ,262,1055,2,16,127.8,0.6181,0,1,0,0,0,0
TXN0000732,M0172,204.63,card,android,IN-WB,461,1328,1,9,80.6,0.491,3,0,0,0,0,0
TXN0000733,M0289,144.26,card,android,IN-MH,609,1314,2,7,91.4,0.6976,1,0,0,0,1,0
TXN0000734,M0056,7.47,netbanking,ios,IN-KA,687,841,2,6,48.2,0.2411,0,0,0,0,0,0
TXN0000735,M0107,310.57,upi,web,IN-WB,1702,540,2,9,22.5,0.3578,1,0,0,0,0,0
TXN0000736,M0173,324.08,upi,android,IN-DL,1674,1438,3,9,93.5,0.5659,3,0,0,0,0,0
TXN0000737,M0103,118.1,upi,ios,IN-DL,819,613,4,12,38.7,0.3705,1,0,0,0,0,0
TXN0000738,M0354,40.79,card,ios,IN-MH,1597,1030,2,5,40.9,0.2268,1,0,0,0,0,0
TXN0000739,M0249,105.38,upi,web,IN-MH,609,1422,4,7,82.7,0.205,0,0,0,0,0,0
TXN0000740,M0005,486.85,upi,ios,IN-GJ,710,883,5,15,122.4,0.2962,2,0,0,0,0,0
TXN0000741,M0363,119.71,upi,web,IN-TN,1287,227,3,11,67.3,0.4285,0,0,0,0,0,0
TXN0000742,M0149,184.1,card,ios,IN-UP,1562,1046,2,9,46.7,0.1743,2,0,0,0,0,0
TXN0000743,M0016,128.95,upi,web,IN-UP,60,1445,6,10,62.6,0.2374,1,0,0,0,0,0
TXN0000744,M0284,246.74,card,api,IN-GJ,1058,3,3,10,28.1,0.2939,0,0,1,0,0,0
TXN0000745,M0396,48.24,wallet,web,IN-GJ,578,968,0,5,72.8,0.403,1,0,0,0,0,0
TXN0000746,M0251,147.04,upi,android,IN-GJ,704,185,6,8,40.5,0.4428,2,0,0,0,0,0
TXN0000747,M0289,538.74,upi,web,IN-MH,1044,1019,2,5,27.1,0.2739,1,0,0,0,0,0
TXN0000748,M0133,71.94,netbanking,ios,IN-DL,924,289,0,2,97.1,0.3284,1,0,0,0,0,0
TXN0000749,M0159,136.75,card,web,IN-TN,1783,1142,1,4,27.1,0.2091,1,0,0,0,0,0
TXN0000750,M0369,515.89,wallet,android,IN-TN,795,356,1,6,168.6,0.2593,2,0,0,0,0,1
TXN0000751,M0108,379.81,upi,android,IN-DL,1741,1084,6,11,118.9,0.4224,2,0,0,0,0,1
TXN0000752,M0111,282.97,netbanking,android,IN-KA,1222,1325,0,7,35.9,0.2196,0,0,0,0,0,0
TXN0000753,M0210,265.55,upi,web,IN-DL,1127,987,9,19,32.8,0.4005,3,0,0,0,0,1
TXN0000754,M0091,261.38,upi,api,IN-DL,963,796,7,11,110.1,0.5005,1,0,0,0,0,1
TXN0000755,M0115,142.95,card,web,IN-GJ,612,288,5,9,45.5,0.3226,2,0,0,0,0,0
TXN0000756,M0119,541.9,card,web,IN-UP,1056,208,1,7,104.7,0.2007,1,0,0,0,0,0
TXN0000757,M0337,112.67,upi,api,IN-TN,990,1372,5,9,61.2,0.5179,1,0,0,0,0,0
TXN0000758,M0005,66.6,netbanking,web,IN-GJ,192,1027,2,8,150.7,0.5098,3,0,0,0,0,0
TXN0000759,M0317,45.11,card,web,IN-UP,1681,826,0,4,20.8,0.1565,0,0,0,0,1,0
TXN0000760,M0165,97.16,upi,api,IN-MH,1596,1398,3,12,19.6,0.4843,3,0,0,0,0,1
TXN0000761,M0085,95.93,upi,web,IN-GJ,1201,509,4,12,22.6,0.252,3,0,0,0,1,0
TXN0000762,M0148,88.37,card,api,IN-KA,1205,921,3,10,81.4,0.3209,3,0,0,0,1,0
TXN0000763,M0018,55.55,upi,android,IN-KA,269,415,2,5,91.7,0.3106,2,0,0,0,0,0
TXN0000764,M0010,261.64,upi,android,IN-MH,1074,1253,2,8,91.8,0.1846,2,0,0,0,0,0
TXN0000765,M0065,69.86,card,api,IN-TN,1748,483,1,7,45.2,0.305,0,0,0,0,0,0
TXN0000766,M0106,311.5,upi,api,IN-DL,222,1113,2,4,109.3,0.4553,1,0,0,0,1,0
TXN0000767,M0235,370.17,card,android,IN-MH,1624,143,5,11,38.0,0.1207,0,0,0,0,1,0
TXN0000768,M0213,2358.92,upi,ios,IN-MH,633,1315,1,4,44.3,0.1687,1,0,0,0,0,0
TXN0000769,M0078,114.25,card,api,IN-GJ,390,453,2,11,33.9,0.4645,1,0,0,0,0,0
TXN0000770,M0238,153.44,card,web,IN-DL,1623,719,2,7,112.5,0.2864,2,0,0,0,0,1
TXN0000771,M0371,85.34,upi,android,IN-UP,1182,314,1,8,49.0,0.2766,3,0,0,0,0,0
TXN0000772,M0239,55.78,card,android,IN-DL,1443,18,2,6,23.8,0.2927,2,0,0,0,0,1
TXN0000773,M0357,118.24,upi,web,IN-DL,1580,1485,2,8,137.3,0.1575,0,0,0,0,0,0
TXN0000774,M0011,82.84,upi,ios,IN-MH,20,707,2,8,77.5,0.336,1,0,0,0,0,0
TXN0000775,M0292,55.09,upi,android,IN-WB,397,150,2,5,64.6,0.1332,1,0,0,0,1,0
TXN0000776,M0369,228.06,upi,web,IN-MH,426,793,5,13,70.4,0.4574,2,0,0,0,0,0
TXN0000777,M0041,61.62,wallet,android,IN-KA,1662,1223,6,10,186.8,0.3992,1,0,0,0,0,0
TXN0000778,M0322,316.98,upi,android,IN-TN,947,518,1,7,42.7,0.4097,0,0,0,0,0,0
TXN0000779,M0199,423.6,card,web,IN-GJ,324,1356,2,5,76.6,0.2002,1,0,0,0,1,0
TXN0000780,M0026,75.81,upi,ios,IN-WB,1257,1011,1,10,151.2,0.2467,3,0,0,0,0,0
TXN0000781,M0082,728.85,card,web,IN-UP,643,208,5,8,48.5,0.2298,0,0,0,0,0,0
TXN0000782,M0177,268.85,netbanking,android,IN-UP,1039,428,1,4,6.6,0.3515,2,0,0,0,1,1
TXN0000783,M0308,167.35,upi,android,IN-GJ,1697,251,3,13,40.4,0.4823,5,1,0,0,0,1
TXN0000784,M0157,30.4,upi,web,IN-WB,486,1225,4,11,152.8,0.2027,2,0,0,0,0,0
TXN0000785,M0165,32.45,upi,ios,IN-MH,1704,78,3,5,129.6,0.5699,2,0,0,0,0,0
TXN0000786,M0389,867.51,upi,android,IN-TN,1336,1432,5,8,61.5,0.5243,2,0,0,0,1,0
TXN0000787,M0163,673.57,card,android,IN-GJ,42,1478,2,10,23.8,0.2097,0,0,0,0,0,0
TXN0000788,M0255,891.21,upi,android,IN-TN,710,1123,2,7,61.9,0.1705,0,0,0,0,0,0
TXN0000789,M0307,1153.14,upi,api,IN-MH,1559,838,1,5,36.9,0.2835,2,0,0,0,0,0
TXN0000790,M0159,711.71,card,ios,IN-KA,1541,321,1,4,29.4,0.3105,2,0,0,0,0,0
TXN0000791,M0390,228.45,card,ios,IN-DL,1249,265,3,6,67.9,0.4415,1,0,0,0,0,0
TXN0000792,M0013,315.06,upi,web,IN-TN,1243,414,2,11,95.9,0.1656,3,1,0,0,0,1
TXN0000793,M0374,90.8,upi,web,IN-MH,1569,421,3,12,56.8,0.3191,0,0,0,0,0,0
TXN0000794,M0391,228.5,netbanking,api,IN-DL,256,710,2,6,31.6,0.2306,0,0,0,0,0,0
TXN0000795,M0386,379.39,card,web,IN-MH,831,525,1,6,9.6,0.1858,1,0,0,0,1,0
TXN0000796,M0103,386.75,card,api,IN-UP,632,551,2,8,29.9,0.2884,1,0,0,0,1,0
TXN0000797,M0303,158.78,upi,api,IN-UP,1766,1018,4,7,81.7,0.1862,0,0,0,0,0,0
TXN0000798,M0224,23.65,card,android,IN-TN,1380,458,4,12,7.5,0.4662,0,0,0,0,0,0
TXN0000799,M0010,39.63,upi,android,IN-KA,1347,1087,1,6,41.8,0.1768,0,0,0,0,1,0
TXN0000800,M0315,289.73,upi,api,IN-KA,172,538,0,3,39.3,0.2291,2,0,0,0,0,0
TXN0000801,M0262,108.59,card,web,IN-UP,1367,90,4,8,24.3,0.2172,1,0,0,0,0,0
TXN0000802,M0282,350.08,upi,web,IN-GJ,1504,1329,3,7,38.7,0.2976,2,0,0,0,0,0
TXN0000803,M0164,53.29,upi,ios,IN-KA,769,216,2,12,48.2,0.3663,3,0,0,0,0,0
TXN0000804,M0139,702.43,netbanking,android,IN-GJ,1554,1273,3,8,143.5,0.231,0,0,0,0,1,0
TXN0000805,M0008,70.48,upi,android,IN-MH,706,544,4,11,36.1,0.2924,2,0,0,0,0,0
TXN0000806,M0023,787.98,card,api,IN-UP,1176,1284,4,7,40.8,0.2887,4,0,0,0,0,1
TXN0000807,M0095,38.15,card,web,IN-DL,370,524,2,5,42.1,0.2876,3,0,0,0,1,0
TXN0000808,M0083,329.08,wallet,web,IN-MH,920,1406,2,6,84.3,0.1939,3,0,0,0,0,0
TXN0000809,M0228,70.92,upi,android,IN-DL,105,758,5,7,188.3,0.4656,0,0,0,0,0,0
TXN0000810,M0105,178.41,card,ios,IN-GJ,215,1414,4,11,74.7,0.1624,2,0,0,0,0,1
TXN0000811,M0293,528.11,upi,web,IN-DL,1622,1416,2,10,40.0,0.2639,1,0,0,0,0,1
TXN0000812,M0024,443.51,upi,android,IN-GJ,1262,845,5,12,21.2,0.1754,0,0,0,0,1,0
TXN0000813,M0013,79.03,upi,api,IN-WB,1063,1302,2,8,66.7,0.3906,2,0,0,0,0,0
TXN0000814,M0260,97.55,card,web,IN-DL,728,697,1,5,19.1,0.4679,2,0,0,0,1,0
TXN0000815,M0238,37.34,upi,api,IN-GJ,1005,425,0,7,9.6,0.5958,2,0,0,0,0,0
TXN0000816,M0291,29.99,card,android,IN-KA,1271,932,4,7,45.2,0.2159,2,0,0,0,0,0
TXN0000817,M0042,78.19,netbanking,web,IN-WB,609,1378,6,13,215.1,0.2454,1,0,0,0,0,0
TXN0000818,M0063,76.57,wallet,web,IN-KA,583,1391,1,9,115.2,0.1733,1,0,0,0,0,0
TXN0000819,M0215,39.91,card,android,IN-MH,1331,379,5,8,83.8,0.3681,1,1,0,0,0,0
TXN0000820,M0054,146.59,card,android,IN-WB,972,61,5,12,26.9,0.6764,2,0,0,0,0,0
TXN0000821,M0005,174.26,wallet,web,IN-MH,732,654,2,8,43.1,0.3369,1,0,0,0,0,0
TXN0000822,M0133,177.62,netbanking,android,IN-GJ,805,581,1,7,105.8,0.3168,4,0,0,0,0,1
TXN0000823,M0062,80.96,card,ios,IN-UP,1456,100,1,10,108.5,0.2226,0,0,0,0,0,0
TXN0000824,M0060,100.88,card,ios,IN-WB,932,946,4,14,6.2,0.3134,1,1,0,0,0,1
TXN0000825,M0325,131.12,upi,android,IN-UP,144,1304,1,3,41.0,0.4668,2,0,0,0,0,0
TXN0000826,M0257,407.49,upi,ios,IN-UP,1492,1425,2,12,43.9,0.4528,2,0,0,0,0,0
TXN0000827,M0106,91.49,upi,web,IN-MH,446,321,2,14,162.2,0.5472,0,0,0,0,0,0
TXN0000828,M0384,33.59,card,android,IN-MH,134,466,5,17,29.8,0.4886,0,1,0,0,0,1
TXN0000829,M0306,130.55,card,android,IN-UP,510,350,3,9,68.4,0.3685,0,0,0,0,0,0
TXN0000830,M0134,116.37,card,api,IN-UP,215,266,1,8,30.0,0.3135,3,0,0,0,0,0
TXN0000831,M0065,35.8,card,web,IN-GJ,42,1482,1,7,38.7,0.2098,0,0,0,0,0,0
TXN0000832,M0007,120.74,card,web,IN-GJ,1259,1397,3,7,20.3,0.156,2,0,0,0,0,0
TXN0000833,M0235,74.3,upi,web,IN-DL,1194,243,0,1,20.9,0.0942,1,0,0,0,1,0
TXN0000834,M0318,166.51,upi,web,IN-TN,555,1050,1,8,24.5,0.3033,0,0,0,0,1,1
TXN0000835,M0021,273.9,netbanking,api,IN-DL,1263,1048,2,10,13.1,0.2437,1,0,0,0,0,0
TXN0000836,M0049,105.26,upi,ios,IN-TN,69,595,2,5,47.9,0.2518,2,0,0,0,0,0
TXN0000837,M0393,300.07,card,android,IN-UP,744,1123,2,6,57.8,0.4246,2,0,0,0,0,0
TXN0000838,M0128,132.54,upi,ios,IN-KA,1036,820,1,7,14.6,0.5801,0,0,0,0,0,0
TXN0000839,M0374,138.16,wallet,android,IN-KA,1432,1345,4,9,9.0,0.3014,0,0,0,0,1,0
TXN0000840,M0208,132.13,card,web,IN-WB,492,567,3,6,90.4,0.4544,2,0,0,0,1,0
TXN0000841,M0219,148.27,card,web,IN-MH,1716,1491,3,9,69.8,0.2355,0,0,0,0,1,0
TXN0000842,M0313,45.44,upi,android,IN-UP,671,1490,1,6,130.6,0.4432,2,0,0,0,0,0
TXN0000843,M0113,28.9,card,android,IN-MH,1326,1096,0,5,75.5,0.1315,0,0,0,0,1,0
TXN0000844,M0025,550.54,card,web,IN-GJ,324,18,1,8,19.1,0.5191,3,0,0,0,0,1
TXN0000845,M0253,222.41,upi,web,IN-KA,1212,1391,0,6,18.6,0.2836,0,0,0,0,1,0
TXN0000846,M0153,104.62,upi,ios,IN-MH,1010,1292,1,7,24.9,0.3522,1,0,0,0,0,0
TXN0000847,M0312,521.24,card,web,IN-KA,809,1029,3,6,41.1,0.2995,2,0,0,0,1,0
TXN0000848,M0154,3156.94,upi,android,IN-MH,457,168,2,11,49.1,0.3448,1,0,0,0,0,1
TXN0000849,M0199,40.16,netbanking,android,IN-KA,996,1184,4,11,89.5,0.4776,0,0,0,0,0,0
TXN0000850,M0355,173.12,upi,api,IN-MH,740,1255,0,6,111.9,0.2735,5,0,0,0,0,0
TXN0000851,M0227,350.76,card,android,IN-MH,519,429,4,7,19.5,0.1463,1,0,0,0,0,0
TXN0000852,M0342,35.26,card,web,IN-MH,946,352,0,7,96.1,0.5469,5,0,0,0,1,0
TXN0000853,M0104,39.11,card,android,IN-MH,440,600,3,6,48.4,0.1387,1,0,0,0,1,0
TXN0000854,M0096,466.73,card,android,IN-MH,1177,1373,1,8,58.9,0.1178,1,0,0,0,0,0
TXN0000855,M0238,170.5,card,web,IN-UP,48,133,2,10,223.1,0.2117,0,0,0,0,1,0
TXN0000856,M0296,89.95,upi,web,IN-TN,440,153,4,11,149.8,0.1996,0,0,0,0,0,0
TXN0000857,M0263,34.89,card,ios,IN-UP,866,600,2,7,21.4,0.3251,0,0,0,0,0,0
TXN0000858,M0042,249.45,upi,web,IN-KA,230,396,2,11,73.1,0.656,2,0,0,0,0,0
TXN0000859,M0240,44.32,upi,web,IN-WB,405,140,7,15,56.6,0.6135,2,1,0,0,0,1
TXN0000860,M0244,64.98,card,android,IN-TN,764,583,5,10,90.7,0.2921,1,0,0,0,0,0
TXN0000861,M0185,69.22,card,android,IN-MH,841,1370,5,11,56.4,0.6433,3,0,0,0,0,0
TXN0000862,M0289,128.26,upi,ios,IN-KA,614,779,5,9,10.8,0.264,4,0,0,0,0,0
TXN0000863,M0307,59.85,card,web,IN-WB,1462,1148,7,12,137.0,0.3225,1,1,0,0,0,0
TXN0000864,M0324,69.62,netbanking,android,IN-MH,920,1372,3,6,35.1,0.3115,1,0,0,0,0,0
TXN0000865,M0131,463.1,upi,ios,IN-WB,661,963,2,12,10.2,0.4486,0,0,0,0,0,0
TXN0000866,M0395,212.9,card,android,IN-KA,924,1347,6,15,108.7,0.4353,4,0,0,0,1,0
TXN0000867,M0252,182.79,netbanking,ios,IN-MH,580,1217,3,7,76.2,0.1251,0,0,0,0,1,0
TXN0000868,M0280,278.43,upi,android,IN-WB,92,854,4,8,25.8,0.1546,1,0,0,0,0,0
TXN0000869,M0279,62.42,card,web,IN-TN,804,1342,2,12,180.8,0.37,2,0,0,0,1,0
TXN0000870,M0181,258.9,netbanking,android,IN-TN,652,173,2,6,171.4,0.2318,1,0,0,0,1,0
TXN0000871,M0375,275.83,card,android,IN-WB,892,620,1,10,52.8,0.1882,0,0,0,0,0,0
TXN0000872,M0353,64.67,upi,web,IN-DL,927,962,1,5,52.0,0.2489,3,0,0,0,0,0
TXN0000873,M0061,326.9,card,web,IN-TN,491,604,3,9,14.5,0.2439,4,0,0,0,0,0
TXN0000874,M0225,227.84,upi,web,IN-DL,818,847,2,7,116.3,0.275,0,1,0,0,0,0
TXN0000875,M0125,233.99,card,ios,IN-GJ,1080,394,5,7,127.1,0.3856,1,0,0,0,0,0
TXN0000876,M0190,952.6,upi,web,IN-GJ,435,29,0,3,42.1,0.2098,2,0,0,0,0,0
TXN0000877,M0260,203.43,card,web,IN-UP,53,496,3,5,81.0,0.3529,2,0,0,0,0,0
TXN0000878,M0304,71.49,card,web,IN-WB,334,1414,2,9,76.1,0.2248,0,0,0,0,0,0
TXN0000879,M0247,205.05,card,web,IN-GJ,875,187,0,3,23.4,0.2798,1,0,0,0,0,0
TXN0000880,M0348,182.4,card,web,IN-TN,1243,222,0,2,323.8,0.0992,2,0,0,0,0,1
TXN0000881,M0177,59.4,upi,android,IN-TN,1168,1105,5,11,130.5,0.2912,3,0,0,0,0,0
TXN0000882,M0159,23.78,card,web,IN-TN,1393,1321,3,6,79.8,0.3101,0,1,0,0,0,0
TXN0000883,M0316,168.65,netbanking,android,IN-MH,839,1483,2,6,58.7,0.1781,0,0,0,0,0,0
TXN0000884,M0314,462.23,card,api,IN-TN,1580,242,3,5,15.3,0.2136,0,0,0,0,0,0
TXN0000885,M0193,466.61,upi,ios,IN-DL,1760,11,2,6,64.2,0.1762,0,0,0,0,0,0
TXN0000886,M0372,238.76,upi,web,IN-GJ,32,1071,4,10,72.3,0.4283,1,0,0,0,1,1
TXN0000887,M0280,865.24,upi,android,IN-UP,279,1196,2,8,185.3,0.3214,0,0,0,0,0,0
TXN0000888,M0066,214.32,card,api,IN-UP,719,1237,5,11,10.9,0.3123,4,1,0,0,0,1
TXN0000889,M0356,147.78,upi,web,IN-TN,816,1416,6,17,56.7,0.4537,2,0,0,0,0,1
TXN0000890,M0247,220.75,netbanking,web,IN-MH,371,646,0,4,47.2,0.2578,2,0,0,0,0,0
TXN0000891,M0054,86.48,upi,android,IN-MH,525,1278,0,5,35.8,0.1857,2,0,0,0,1,0
TXN0000892,M0014,50.69,card,android,IN-TN,81,1249,0,7,28.9,0.3523,0,0,0,0,0,0
TXN0000893,M0004,67.64,upi,web,IN-GJ,1625,1172,1,13,132.5,0.4145,5,1,0,0,1,0
TXN0000894,M0067,111.45,card,web,IN-DL,1416,1104,1,17,34.3,0.3449,2,0,0,0,0,0
TXN0000895,M0229,428.0,upi,api,IN-UP,324,305,4,10,222.5,0.1989,1,0,0,0,0,0
TXN0000896,M0273,42.35,netbanking,android,IN-WB,721,331,3,13,47.2,0.3689,0,0,0,0,0,0
TXN0000897,M0175,67.96,netbanking,web,IN-GJ,939,226,4,9,40.8,0.1235,0,0,0,0,0,0
TXN0000898,M0256,402.72,card,api,IN-KA,803,1210,1,8,121.4,0.3234,1,0,0,0,0,0
TXN0000899,M0239,125.98,card,web,IN-WB,764,1123,0,4,54.7,0.3175,1,0,0,0,1,0
TXN0000900,M0183,147.47,upi,web,IN-TN,994,772,2,6,62.8,0.1672,2,0,0,0,0,0
TXN0000901,M0029,123.74,upi,android,IN-KA,1651,216,5,10,89.8,0.1857,0,0,0,0,0,0
TXN0000902,M0236,1243.35,netbanking,ios,IN-GJ,946,1315,4,6,59.8,0.1084,2,0,0,0,0,0
TXN0000903,M0327,315.21,upi,web,IN-UP,1004,499,1,4,124.7,0.3808,1,0,0,0,0,0
TXN0000904,M0232,231.58,card,android,IN-UP,467,1261,4,7,19.5,0.4133,6,0,0,0,1,0
TXN0000905,M0336,219.29,card,android,IN-TN,838,131,1,4,10.3,0.2937,2,0,0,0,1,0
TXN0000906,M0148,271.09,upi,android,IN-UP,1215,1286,0,7,110.2,0.2283,2,0,0,0,0,0
TXN0000907,M0362,1142.72,card,android,IN-GJ,1056,1349,3,10,92.1,0.5923,5,0,0,0,0,1
TXN0000908,M0085,123.84,wallet,ios,IN-GJ,875,244,2,5,191.5,0.4034,2,0,0,0,1,0
TXN0000909,M0075,213.08,card,android,IN-KA,1280,468,2,4,129.4,0.113,1,0,0,0,0,0
TXN0000910,M0034,185.32,card,web,IN-UP,393,1449,0,6,43.1,0.2699,1,0,0,0,0,0
TXN0000911,M0302,444.24,wallet,api,IN-UP,58,668,3,9,80.2,0.3412,4,0,0,0,0,0
TXN0000912,M0103,990.12,upi,web,IN-DL,562,75,3,11,51.6,0.3938,0,0,0,0,0,0
TXN0000913,M0251,99.95,upi,android,IN-WB,444,46,2,8,50.1,0.2503,0,0,0,0,0,0
TXN0000914,M0263,283.18,upi,android,IN-KA,1643,1186,1,6,95.9,0.1815,0,0,0,0,1,0
TXN0000915,M0120,214.69,upi,android,IN-MH,425,583,1,2,39.6,0.2495,1,0,0,0,0,0
TXN0000916,M0150,44.71,netbanking,ios,IN-DL,1639,1219,4,6,33.0,0.2354,1,0,0,0,1,0
TXN0000917,M0321,474.91,card,android,IN-WB,748,783,2,7,92.2,0.2844,3,0,0,0,0,0
TXN0000918,M0374,859.51,card,api,IN-WB,1286,116,2,8,10.6,0.3433,2,0,0,0,1,1
TXN0000919,M0176,408.57,upi,web,IN-KA,1037,1360,2,6,54.9,0.2514,2,0,0,0,1,0
TXN0000920,M0355,95.67,card,android,IN-TN,10,1444,7,14,7.3,0.3128,0,0,0,1,0,0
TXN0000921,M0082,46.35,upi,web,IN-KA,1648,916,1,5,23.9,0.5704,0,0,0,0,0,0
TXN0000922,M0341,341.74,netbanking,api,IN-WB,856,235,4,6,73.2,0.3608,1,0,0,0,0,1
TXN0000923,M0301,61.16,upi,api,IN-TN,1018,1073,1,6,77.6,0.1444,0,0,0,0,1,0
TXN0000924,M0144,67.57,upi,ios,IN-GJ,475,1416,3,10,77.5,0.1836,1,0,0,0,0,0
TXN0000925,M0329,221.91,upi,web,IN-MH,327,696,0,4,92.0,0.3303,0,0,0,0,0,0
TXN0000926,M0068,375.7,upi,android,IN-KA,71,1483,5,15,24.5,0.2932,0,0,0,0,1,0
TXN0000927,M0080,128.61,upi,android,IN-KA,947,434,2,10,87.4,0.3729,0,0,0,0,0,0
TXN0000928,M0241,146.39,upi,web,IN-UP,563,11,2,10,117.1,0.2587,0,0,0,0,1,0
TXN0000929,M0136,160.94,wallet,android,IN-WB,772,1227,4,14,69.4,0.2495,2,0,0,0,0,0
TXN0000930,M0002,72.02,upi,ios,IN-GJ,1767,779,2,8,3.8,0.2278,1,0,0,0,0,0
TXN0000931,M0118,123.08,wallet,ios,IN-TN,1162,610,1,9,71.2,0.2513,1,0,0,0,0,0
TXN0000932,M0256,35.71,wallet,web,IN-GJ,1327,987,5,16,20.3,0.5224,3,0,0,0,0,0
TXN0000933,M0231,375.56,upi,android,IN-MH,1146,257,1,4,18.6,0.0984,0,0,0,0,0,0
TXN0000934,M0190,2925.46,upi,android,IN-MH,315,10,2,8,73.2,0.4918,1,0,0,0,1,1
TXN0000935,M0173,191.15,upi,web,IN-TN,1188,1263,1,6,78.4,0.3338,3,0,0,0,0,1
TXN0000936,M0100,592.3,netbanking,ios,IN-KA,1597,471,2,6,58.8,0.3277,2,0,0,0,0,0
TXN0000937,M0189,138.56,card,web,IN-GJ,1795,1084,4,10,146.2,0.1152,0,0,0,0,0,0
TXN0000938,M0226,46.83,card,android,IN-TN,86,1061,0,2,56.8,0.2017,0,0,0,0,0,0
TXN0000939,M0073,1709.83,card,android,IN-DL,50,1154,2,5,33.8,0.2094,1,0,0,0,0,0
TXN0000940,M0283,77.27,card,web,IN-GJ,1762,842,3,11,98.4,0.5053,0,0,0,0,1,0
TXN0000941,M0282,464.07,card,android,IN-KA,1372,406,3,9,42.6,0.2565,1,0,0,0,0,0
TXN0000942,M0098,223.41,upi,web,IN-UP,30,59,2,5,66.2,0.1172,0,0,0,0,0,0
TXN0000943,M0259,590.01,wallet,android,IN-UP,1538,355,1,14,81.0,0.4642,1,0,0,0,0,0
TXN0000944,M0106,168.32,upi,api,IN-DL,1693,209,1,8,104.5,0.4217,1,0,0,0,1,0
TXN0000945,M0266,56.21,upi,api,IN-DL,442,143,2,10,156.1,0.3308,0,0,0,0,0,0
TXN0000946,M0285,92.6,card,api,IN-UP,385,1146,3,14,81.1,0.5951,0,0,0,0,0,0
TXN0000947,M0341,1891.62,card,api,IN-MH,1363,1147,2,3,8.4,0.1997,3,0,0,0,0,1
TXN0000948,M0180,247.8,netbanking,web,IN-MH,545,59,3,6,111.0,0.4321,1,0,0,0,0,0
TXN0000949,M0385,1588.22,netbanking,web,IN-KA,189,1135,2,8,65.3,0.489,0,1,0,0,0,1
TXN0000950,M0191,124.64,upi,android,IN-TN,1251,1101,1,5,39.9,0.339,0,0,0,0,0,0
TXN0000951,M0175,367.52,upi,api,IN-KA,977,621,3,7,74.9,0.3354,1,0,0,0,1,0
TXN0000952,M0264,49.85,card,ios,IN-WB,499,812,3,15,46.3,0.2938,3,0,0,0,0,0
TXN0000953,M0342,185.44,upi,web,IN-TN,580,423,6,11,73.1,0.2438,2,0,0,0,0,1
TXN0000954,M0058,1662.46,card,ios,IN-MH,845,413,4,11,68.9,0.3882,2,0,0,0,0,1
TXN0000955,M0261,82.2,upi,web,IN-MH,411,1007,3,10,38.0,0.2231,0,0,0,0,0,0
TXN0000956,M0231,90.25,card,android,IN-WB,94,1498,1,11,59.2,0.4988,2,0,0,0,0,0
TXN0000957,M0030,411.81,netbanking,web,IN-GJ,1165,1147,1,9,123.3,0.1698,1,0,0,0,0,0
TXN0000958,M0111,201.86,card,web,IN-DL,527,789,1,6,133.4,0.3524,1,0,0,0,1,0
TXN0000959,M0181,1198.81,card,web,IN-DL,725,249,0,8,16.2,0.2755,0,0,0,0,0,0
TXN0000960,M0056,141.46,upi,ios,IN-GJ,557,880,4,11,23.0,0.57,3,0,0,0,0,1
TXN0000961,M0331,192.82,netbanking,web,IN-WB,299,273,2,7,90.7,0.3961,2,0,0,0,0,0
TXN0000962,M0012,247.1,card,android,IN-MH,979,1349,2,7,59.7,0.3295,4,0,0,0,0,0
TXN0000963,M0086,61.39,card,android,IN-GJ,1092,471,1,5,76.0,0.1096,2,0,0,0,0,0
TXN0000964,M0246,49.12,card,api,IN-KA,902,1349,2,5,89.0,0.3326,0,0,0,0,1,0
TXN0000965,M0376,44.84,netbanking,android,IN-UP,912,528,3,7,34.5,0.2063,1,0,0,0,0,0
TXN0000966,M0277,6.59,upi,android,IN-MH,1287,295,0,3,5.2,0.3109,1,0,0,0,0,0
TXN0000967,M0259,165.33,wallet,web,IN-DL,76,838,0,8,54.2,0.2747,2,0,0,0,0,0
TXN0000968,M0075,49.02,card,web,IN-MH,1393,1433,6,13,157.2,0.5098,2,0,0,0,0,1
TXN0000969,M0348,105.0,card,web,IN-DL,1477,517,7,14,48.7,0.2804,1,0,0,0,0,0
TXN0000970,M0340,499.21,card,web,IN-GJ,274,823,2,7,117.0,0.3243,0,0,0,0,0,0
TXN0000971,M0362,69.9,upi,api,IN-UP,1776,26,1,7,99.4,0.38,4,0,0,0,0,0
TXN0000972,M0266,358.8,upi,api,IN-WB,822,955,2,6,33.6,0.2014,0,0,0,0,0,0
TXN0000973,M0265,37.07,card,android,IN-TN,616,1296,3,7,58.6,0.227,0,0,0,0,0,0
TXN0000974,M0011,90.74,upi,api,IN-WB,534,793,3,12,93.4,0.4926,2,0,0,0,0,0
TXN0000975,M0267,1026.61,card,web,IN-DL,1777,1270,6,11,27.9,0.2722,2,0,0,0,0,0
TXN0000976,M0172,117.35,upi,android,IN-TN,988,118,1,8,21.2,0.2971,1,0,0,0,0,0
TXN0000977,M0230,652.47,upi,api,IN-MH,1792,811,3,7,58.9,0.2683,1,0,0,0,0,0
TXN0000978,M0286,1897.64,netbanking,web,IN-WB,1290,837,1,6,96.8,0.2933,0,0,0,0,0,0
TXN0000979,M0082,118.4,upi,android,IN-GJ,836,875,4,13,45.5,0.1591,4,0,0,0,0,0
TXN0000980,M0259,92.5,card,web,IN-WB,52,1192,1,7,69.6,0.2189,0,0,0,0,1,0
TXN0000981,M0247,20.75,card,web,IN-TN,1657,1459,2,12,38.3,0.5532,3,0,0,0,0,0
TXN0000982,M0192,240.99,netbanking,android,IN-UP,410,1057,3,10,1.2,0.1794,3,0,0,0,1,0
TXN0000983,M0220,263.02,upi,android,IN-MH,1408,61,2,12,57.9,0.3442,1,0,0,0,1,0
TXN0000984,M0392,389.04,upi,android,IN-TN,231,406,1,4,30.3,0.2497,3,0,0,0,0,0
TXN0000985,M0228,723.65,upi,android,IN-TN,1502,696,2,7,69.0,0.2622,3,0,0,0,0,1
TXN0000986,M0353,64.52,card,android,IN-WB,49,1448,2,7,78.7,0.2459,2,0,0,0,0,0
TXN0000987,M0128,1169.18,card,web,IN-KA,221,1343,3,10,51.4,0.4693,3,0,0,0,0,1
TXN0000988,M0319,135.8,wallet,ios,IN-WB,535,1195,1,6,128.8,0.3146,0,0,0,0,0,0
TXN0000989,M0075,258.95,card,android,IN-MH,1404,1354,1,10,40.0,0.1633,0,0,0,0,0,0
TXN0000990,M0384,168.27,wallet,web,IN-WB,1794,335,4,8,93.7,0.207,1,0,0,0,0,0
TXN0000991,M0018,83.23,upi,web,IN-DL,426,284,1,7,79.8,0.5631,0,0,0,0,0,0
TXN0000992,M0327,54.28,upi,web,IN-WB,1037,778,4,12,74.8,0.2,1,0,0,0,0,0
TXN0000993,M0279,222.13,card,web,IN-UP,1345,1216,2,6,157.5,0.2392,0,0,0,0,0,0
TXN0000994,M0143,68.63,upi,web,IN-MH,1603,498,3,13,11.6,0.353,1,0,0,0,0,0
TXN0000995,M0258,144.39,card,web,IN-DL,425,330,4,14,8.7,0.1612,1,0,0,0,0,0
TXN0000996,M0082,119.2,upi,android,IN-UP,201,687,4,8,76.3,0.1101,2,0,0,0,1,0
TXN0000997,M0212,125.3,upi,web,IN-DL,1411,65,8,12,16.8,0.635,3,0,0,0,0,1
TXN0000998,M0017,29.77,card,web,IN-KA,61,1120,2,6,44.7,0.1689,0,0,0,0,0,0
TXN0000999,M0173,7.58,card,ios,IN-TN,1608,767,1,4,38.7,0.1931,3,0,0,0,0,0
TXN0001000,M0349,416.55,wallet,web,IN-TN,724,957,0,6,104.1,0.5738,2,0,0,0,1,0
TXN0001001,M0397,554.71,card,api,IN-WB,903,1345,2,9,38.7,0.1469,2,0,0,0,0,0
TXN0001002,M0079,13.89,card,ios,IN-DL,893,1433,3,13,21.2,0.1543,0,0,0,0,0,0
TXN0001003,M0339,273.46,upi,android,IN-GJ,780,2,3,3,62.9,0.2664,1,1,1,0,1,1
TXN0001004,M0110,223.68,upi,ios,IN-UP,23,958,4,6,65.0,0.0815,0,0,0,0,1,0
TXN0001005,M0226,47.89,upi,android,IN-WB,263,551,2,10,60.0,0.0689,0,0,0,0,0,0
TXN0001006,M0140,441.78,card,api,IN-UP,636,1350,1,2,25.1,0.2459,2,0,0,0,0,0
TXN0001007,M0041,561.8,upi,api,IN-DL,425,178,4,10,74.0,0.4801,0,0,0,0,0,1
TXN0001008,M0054,519.22,upi,web,IN-WB,1469,705,3,9,22.6,0.2282,1,0,0,0,1,0
TXN0001009,M0193,1030.49,upi,web,IN-DL,1785,44,6,10,19.2,0.3686,1,0,0,0,0,1
TXN0001010,M0332,489.34,card,android,IN-WB,371,1026,2,11,67.4,0.3379,1,0,0,0,0,0
TXN0001011,M0209,78.37,card,ios,IN-UP,1315,1470,4,9,58.8,0.4002,1,0,0,0,1,0
TXN0001012,M0149,183.15,card,web,IN-MH,911,739,3,6,229.9,0.2181,2,0,0,0,0,0
TXN0001013,M0312,264.65,netbanking,web,IN-MH,1384,484,5,10,111.6,0.2628,1,0,0,0,0,0
TXN0001014,M0280,822.15,card,android,IN-GJ,1373,64,1,5,65.5,0.3836,3,0,0,0,0,0
TXN0001015,M0090,140.03,upi,api,IN-KA,1465,128,3,6,66.5,0.1597,1,0,0,0,0,0
TXN0001016,M0296,95.64,card,ios,IN-WB,1731,1432,1,4,13.1,0.2484,3,0,0,0,1,0
TXN0001017,M0349,34.43,wallet,ios,IN-UP,1050,405,3,11,100.9,0.2841,3,0,0,0,0,0
TXN0001018,M0012,430.98,netbanking,android,IN-MH,1663,551,5,13,47.7,0.2608,0,0,0,0,0,0
TXN0001019,M0380,221.88,upi,ios,IN-KA,794,296,4,13,45.9,0.5856,5,0,0,0,0,0
TXN0001020,M0159,75.67,card,web,IN-TN,88,929,1,7,77.5,0.336,2,0,0,0,0,0
TXN0001021,M0126,388.97,upi,android,IN-MH,627,731,2,10,93.1,0.1557,1,0,0,0,0,0
TXN0001022,M0079,128.1,card,web,IN-GJ,1247,449,1,6,68.0,0.3134,4,0,0,0,1,0
TXN0001023,M0165,47.86,card,ios,IN-TN,50,1284,2,4,128.0,0.0887,0,0,0,0,1,0
TXN0001024,M0041,681.14,card,ios,IN-MH,1489,608,4,12,69.3,0.3361,3,0,0,0,0,1
TXN0001025,M0222,22.87,upi,web,IN-MH,1457,236,2,6,96.8,0.154,1,0,0,0,0,0
TXN0001026,M0151,207.84,upi,android,IN-WB,418,1102,2,11,15.7,0.3983,0,0,0,0,0,0
TXN0001027,M0153,161.12,card,android,IN-WB,1556,441,3,8,23.4,0.1731,0,0,0,0,0,0
TXN0001028,M0358,34.96,card,api,IN-DL,1396,1026,2,6,116.8,0.3513,4,0,0,0,0,0
TXN0001029,M0179,249.23,wallet,android,IN-MH,617,1119,2,9,49.4,0.2947,2,0,0,0,0,0
TXN0001030,M0279,89.97,card,ios,IN-WB,1664,598,3,4,50.9,0.2664,3,0,0,0,0,0
TXN0001031,M0015,969.27,upi,ios,IN-WB,927,84,5,6,69.6,0.3095,1,0,0,0,0,0
TXN0001032,M0138,491.26,card,android,IN-MH,804,930,2,10,10.7,0.2149,2,0,0,0,0,0
TXN0001033,M0261,224.55,wallet,android,IN-GJ,1040,1115,1,6,11.2,0.3308,0,0,0,0,1,0
TXN0001034,M0141,14.9,card,ios,IN-KA,1774,1448,2,3,117.7,0.1324,1,0,0,0,0,0
TXN0001035,M0010,103.26,card,android,IN-GJ,1183,1099,0,9,30.4,0.2973,0,0,0,0,1,0
TXN0001036,M0171,95.6,card,web,IN-WB,924,1185,3,6,134.9,0.4265,3,0,0,0,0,1
TXN0001037,M0303,603.85,upi,android,IN-MH,1170,253,2,5,99.9,0.1306,1,0,0,0,0,0
TXN0001038,M0299,215.06,card,web,IN-DL,1325,866,3,7,56.8,0.2713,0,1,0,0,0,1
TXN0001039,M0261,247.12,upi,ios,IN-MH,354,747,3,12,83.2,0.3934,0,0,0,0,1,0
TXN0001040,M0008,497.86,upi,ios,IN-TN,955,444,4,9,71.6,0.095,0,0,0,0,1,0
TXN0001041,M0043,919.32,upi,ios,IN-UP,1236,479,2,6,24.5,0.2635,5,0,0,0,0,0
TXN0001042,M0142,774.16,upi,api,IN-UP,346,737,3,8,13.1,0.1176,0,0,0,0,0,0
TXN0001043,M0160,310.8,upi,android,IN-UP,1354,728,3,11,17.6,0.4661,3,0,0,0,0,0
TXN0001044,M0353,137.16,card,web,IN-TN,20,1204,5,15,54.4,0.4715,1,0,0,0,0,0
TXN0001045,M0291,278.08,upi,android,IN-WB,32,1434,3,11,61.7,0.2924,0,0,0,0,0,0
TXN0001046,M0167,174.16,upi,web,IN-UP,705,469,3,3,123.4,0.1009,1,0,0,0,1,0
TXN0001047,M0013,395.03,upi,ios,IN-DL,1112,1324,1,3,86.7,0.2142,0,0,0,0,0,0
TXN0001048,M0083,102.02,upi,ios,IN-MH,214,826,1,5,175.4,0.4653,1,0,0,0,0,0
TXN0001049,M0001,444.26,netbanking,web,IN-TN,750,1021,2,10,171.9,0.2222,0,0,0,0,1,0
TXN0001050,M0055,188.57,card,android,IN-UP,335,721,2,10,46.0,0.2603,1,0,0,0,1,0
TXN0001051,M0034,264.81,upi,ios,IN-WB,1593,1348,0,9,58.8,0.2354,1,0,0,0,1,0
TXN0001052,M0084,54.42,upi,api,IN-GJ,1320,1195,4,5,60.6,0.1828,1,0,0,0,0,0
TXN0001053,M0287,136.91,card,android,IN-WB,1698,1130,2,4,56.5,0.1788,2,0,0,0,1,0
TXN0001054,M0367,281.32,card,android,IN-MH,669,610,0,2,51.2,0.2201,0,0,0,0,0,0
TXN0001055,M0154,150.0,upi,web,IN-MH,1051,1253,2,5,89.1,0.1221,1,0,0,0,0,0
TXN0001056,M0210,17.22,card,api,IN-UP,646,93,2,2,15.5,0.1744,0,0,0,0,1,0
TXN0001057,M0095,52.4,card,android,IN-DL,719,822,5,10,55.5,0.3085,0,0,0,0,1,0
TXN0001058,M0347,253.35,card,android,IN-DL,985,356,4,8,54.5,0.1747,0,0,0,0,0,0
TXN0001059,M0108,810.16,card,web,IN-DL,1688,892,6,12,58.8,0.2513,0,0,0,0,0,1
TXN0001060,M0180,142.65,upi,api,IN-MH,1568,950,5,10,137.2,0.1955,1,0,0,0,0,0
TXN0001061,M0145,110.39,card,android,IN-GJ,486,995,3,10,29.7,0.1926,3,0,0,0,0,0
TXN0001062,M0302,515.54,card,api,IN-WB,555,120,5,13,49.3,0.325,4,0,0,0,0,1
TXN0001063,M0024,181.97,card,api,IN-WB,887,472,1,8,91.8,0.4636,2,0,0,0,0,0
TXN0001064,M0257,378.43,card,web,IN-TN,1367,691,1,3,36.7,0.1849,0,0,0,0,0,0
TXN0001065,M0189,133.92,netbanking,web,IN-DL,636,961,6,11,1.8,0.0661,0,0,0,0,0,0
TXN0001066,M0309,119.91,upi,web,IN-MH,120,1036,2,8,47.4,0.1654,1,0,0,0,0,0
TXN0001067,M0147,409.49,upi,api,IN-MH,277,1071,2,10,70.9,0.2705,1,0,0,0,0,0
TXN0001068,M0397,352.64,card,android,IN-GJ,719,701,5,13,73.8,0.4225,1,0,0,0,0,0
TXN0001069,M0203,130.6,card,android,IN-TN,1609,582,1,7,95.3,0.1034,0,0,0,0,0,0
TXN0001070,M0178,58.48,upi,web,IN-TN,1249,404,1,8,45.0,0.3776,2,0,0,0,0,0
TXN0001071,M0214,33.91,card,web,IN-WB,451,199,0,4,25.7,0.2275,0,0,0,0,0,0
TXN0001072,M0001,38.69,card,ios,IN-UP,1067,290,7,16,131.0,0.4226,3,0,0,0,0,1
TXN0001073,M0169,95.56,upi,android,IN-TN,1431,392,1,6,40.0,0.1199,2,0,0,0,0,0
TXN0001074,M0251,247.04,card,android,IN-WB,504,1130,9,15,51.2,0.3771,1,0,0,0,1,0
TXN0001075,M0166,34.03,card,web,IN-MH,1355,526,0,8,33.0,0.2374,0,0,0,0,0,0
TXN0001076,M0209,36.33,card,android,IN-MH,1159,768,2,12,92.9,0.1089,2,0,0,0,1,0
TXN0001077,M0321,262.57,upi,web,IN-WB,1200,1307,4,12,13.9,0.3033,1,0,0,0,0,0
TXN0001078,M0121,864.1,card,android,IN-UP,240,952,0,6,84.3,0.1623,0,0,0,0,1,0
TXN0001079,M0299,534.72,card,web,IN-KA,197,369,0,3,37.0,0.5383,3,0,0,0,1,0
TXN0001080,M0221,28.54,upi,ios,IN-DL,820,64,1,8,142.1,0.4011,1,1,0,0,0,1
TXN0001081,M0205,266.32,card,android,IN-DL,721,856,0,9,55.5,0.5472,2,0,0,0,1,0
TXN0001082,M0382,468.13,upi,android,IN-KA,554,17,1,7,30.2,0.351,2,0,0,0,0,0
TXN0001083,M0309,109.69,card,ios,IN-KA,1668,457,4,8,129.3,0.2059,1,0,0,0,0,0
TXN0001084,M0114,142.04,netbanking,android,IN-DL,444,191,1,8,20.4,0.1884,2,0,0,0,0,0
TXN0001085,M0342,251.25,card,web,IN-TN,659,1124,3,10,47.5,0.4075,1,0,0,0,0,0
TXN0001086,M0257,293.17,card,android,IN-UP,88,522,2,7,58.8,0.2798,0,0,0,0,0,0
TXN0001087,M0248,262.46,card,web,IN-GJ,37,1462,0,4,35.1,0.3717,0,0,0,0,1,0
TXN0001088,M0380,371.38,upi,android,IN-UP,588,1396,4,10,39.6,0.4999,2,0,0,0,1,0
TXN0001089,M0107,223.32,netbanking,android,IN-UP,1306,450,3,10,39.8,0.3099,2,0,0,0,0,1
TXN0001090,M0391,96.27,card,web,IN-TN,1073,977,0,3,59.9,0.4391,1,0,0,0,0,0
TXN0001091,M0047,115.2,upi,android,IN-GJ,1237,1286,5,13,183.1,0.4369,1,0,0,0,1,1
TXN0001092,M0233,82.58,netbanking,android,IN-MH,1352,629,3,5,63.4,0.1818,3,0,0,0,0,0
TXN0001093,M0159,113.51,card,web,IN-DL,1044,977,0,10,132.0,0.1664,0,0,0,0,0,0
TXN0001094,M0133,315.66,upi,android,IN-TN,806,1172,4,9,53.2,0.6322,6,0,0,0,1,1
TXN0001095,M0229,83.11,upi,android,IN-MH,653,610,2,12,190.9,0.3111,1,0,0,0,0,0
TXN0001096,M0348,524.75,upi,android,IN-UP,72,1124,1,10,89.0,0.105,0,0,0,0,1,0
TXN0001097,M0107,67.0,wallet,android,IN-WB,581,376,1,5,21.0,0.25,0,0,0,0,0,0
TXN0001098,M0032,220.57,upi,api,IN-MH,898,400,4,7,22.3,0.1429,3,0,0,0,0,0
TXN0001099,M0167,415.21,netbanking,api,IN-UP,413,20,0,7,6.0,0.474,3,0,0,0,1,0
TXN0001100,M0285,281.96,card,android,IN-GJ,257,626,2,7,38.1,0.5335,2,0,0,0,0,0
TXN0001101,M0092,28.37,wallet,android,IN-TN,1065,1146,2,10,103.5,0.3677,2,0,0,0,1,0
TXN0001102,M0383,205.66,card,web,IN-UP,869,910,1,4,113.9,0.2601,0,0,0,0,0,0
TXN0001103,M0325,86.07,card,android,IN-DL,1793,1275,3,7,51.8,0.4094,0,0,0,0,0,0
TXN0001104,M0011,47.98,upi,ios,IN-UP,1475,708,2,7,65.7,0.3245,3,0,0,0,0,0
TXN0001105,M0333,224.94,upi,web,IN-DL,1410,1024,6,13,28.2,0.1588,0,0,0,0,1,0
TXN0001106,M0137,51.63,upi,web,IN-TN,897,1295,2,7,9.7,0.1316,1,0,0,0,1,0
TXN0001107,M0348,229.93,upi,api,IN-MH,1179,678,3,12,101.3,0.389,1,0,0,0,0,0
TXN0001108,M0062,771.96,card,web,IN-UP,1592,292,1,5,100.2,0.1898,2,0,0,0,0,0
TXN0001109,M0100,243.52,card,web,IN-UP,1025,672,0,2,15.5,0.1345,1,0,0,0,1,0
TXN0001110,M0366,142.61,card,api,IN-TN,457,229,0,4,78.5,0.3141,1,0,0,0,1,0
TXN0001111,M0182,153.28,upi,web,IN-KA,1269,367,1,6,65.1,0.1734,3,0,0,0,0,0
TXN0001112,M0215,448.96,card,web,IN-UP,216,1485,3,8,83.7,0.1468,2,0,0,0,1,0
TXN0001113,M0205,132.6,netbanking,web,IN-TN,903,1323,2,11,85.9,0.3632,0,0,0,0,0,0
TXN0001114,M0208,113.02,card,ios,IN-DL,1538,599,3,12,21.0,0.4616,0,0,0,0,0,0
TXN0001115,M0009,70.93,upi,ios,IN-TN,1525,1090,3,6,102.0,0.3316,3,1,0,0,0,1
TXN0001116,M0142,73.62,wallet,web,IN-WB,1393,1371,3,10,29.0,0.5661,2,0,0,0,0,0
TXN0001117,M0011,439.75,card,ios,IN-DL,1047,1116,3,6,118.3,0.2145,0,0,0,0,0,1
TXN0001118,M0109,110.72,upi,android,IN-TN,626,616,1,4,71.1,0.3405,1,0,0,0,0,0
TXN0001119,M0214,313.62,card,web,IN-WB,446,1175,3,5,32.7,0.1451,1,0,0,0,0,0
TXN0001120,M0298,340.0,upi,android,IN-TN,899,679,4,12,93.6,0.3376,2,0,0,0,0,1
TXN0001121,M0186,69.2,upi,ios,IN-MH,1014,1185,1,9,202.7,0.3185,1,0,0,0,0,0
TXN0001122,M0075,81.28,upi,android,IN-GJ,576,1351,4,7,93.5,0.1378,1,0,0,0,0,0
TXN0001123,M0327,320.61,netbanking,web,IN-UP,442,46,6,9,38.5,0.5376,4,0,0,0,1,0
TXN0001124,M0273,207.14,upi,android,IN-TN,1384,370,4,16,86.9,0.4571,2,1,0,0,1,0
TXN0001125,M0171,150.52,upi,android,IN-GJ,964,435,3,10,187.8,0.4373,2,0,0,0,0,0
TXN0001126,M0217,285.62,upi,web,IN-TN,872,116,3,9,126.3,0.1602,4,0,0,0,0,0
TXN0001127,M0260,495.42,card,web,IN-UP,1448,1286,4,11,89.5,0.2582,2,1,0,0,0,0
TXN0001128,M0391,173.13,card,ios,IN-KA,1745,52,1,6,67.0,0.2927,0,0,0,0,1,1
TXN0001129,M0091,101.91,card,api,IN-UP,1309,671,3,9,136.0,0.2842,1,0,0,0,0,0
TXN0001130,M0081,202.39,netbanking,ios,IN-WB,1404,496,3,6,58.1,0.3689,1,0,0,0,0,0
TXN0001131,M0291,80.5,upi,web,IN-TN,487,668,4,8,54.6,0.3215,1,0,0,0,0,0
TXN0001132,M0014,207.62,upi,android,IN-TN,1548,71,3,9,19.3,0.2636,3,0,0,0,0,0
TXN0001133,M0264,180.34,card,ios,IN-TN,1312,1163,3,9,14.7,0.3156,2,0,0,0,0,0
TXN0001134,M0242,79.61,netbanking,web,IN-UP,1011,997,2,5,129.3,0.1375,1,0,0,0,1,0
TXN0001135,M0383,120.08,card,web,IN-DL,223,1236,2,6,78.2,0.1701,1,0,0,0,0,0
TXN0001136,M0225,130.16,netbanking,ios,IN-DL,938,69,1,6,184.8,0.5677,3,0,0,0,0,0
TXN0001137,M0358,374.71,upi,ios,IN-DL,1161,1295,4,12,94.0,0.3539,1,0,0,0,1,0
TXN0001138,M0013,75.03,card,android,IN-WB,359,1116,1,9,75.7,0.3666,0,0,0,0,0,0
TXN0001139,M0388,80.12,card,api,IN-UP,567,587,2,7,86.4,0.178,1,0,0,0,0,0
TXN0001140,M0261,123.88,netbanking,web,IN-MH,1409,211,1,9,7.2,0.0559,0,0,0,0,0,0
TXN0001141,M0351,316.37,netbanking,web,IN-DL,1111,490,1,2,41.3,0.2274,0,0,0,0,0,0
TXN0001142,M0265,372.51,upi,web,IN-DL,429,1404,4,11,64.7,0.2287,2,0,0,0,0,1
TXN0001143,M0137,233.89,upi,web,IN-TN,1552,1291,2,5,155.5,0.1155,1,0,0,0,0,0
TXN0001144,M0085,367.89,upi,android,IN-WB,1520,1077,1,7,96.3,0.2197,0,0,0,0,0,0
TXN0001145,M0156,575.47,card,api,IN-GJ,241,332,5,13,54.2,0.1684,1,0,0,0,1,1
TXN0001146,M0073,210.71,upi,web,IN-DL,119,261,2,7,64.0,0.2614,1,0,0,0,0,0
TXN0001147,M0381,80.75,netbanking,ios,IN-WB,1253,984,4,18,21.0,0.816,2,1,0,0,0,1
TXN0001148,M0273,166.59,upi,android,IN-MH,133,1332,2,8,66.9,0.2609,0,0,0,0,0,0
TXN0001149,M0346,46.12,upi,web,IN-WB,1230,1047,1,4,66.4,0.2922,3,0,0,0,0,0
TXN0001150,M0028,267.11,upi,android,IN-MH,971,1280,2,8,88.3,0.2117,1,0,0,0,0,0
TXN0001151,M0209,110.09,card,web,IN-DL,1362,956,4,7,42.6,0.1593,3,0,0,0,0,0
TXN0001152,M0129,201.35,netbanking,android,IN-DL,58,718,2,6,64.7,0.2988,1,0,0,0,0,0
TXN0001153,M0066,165.34,netbanking,web,IN-TN,1744,251,6,12,27.5,0.1689,0,0,0,0,0,1
TXN0001154,M0318,122.73,card,android,IN-UP,167,395,2,9,9.5,0.3121,2,0,0,0,0,0
TXN0001155,M0296,225.51,card,android,IN-TN,869,980,5,10,120.2,0.2042,0,0,0,0,0,0
TXN0001156,M0309,158.88,upi,api,IN-TN,1462,869,3,6,21.0,0.2641,0,0,0,0,0,0
TXN0001157,M0277,95.82,netbanking,web,IN-WB,246,110,2,11,136.0,0.3757,1,0,0,0,0,0
TXN0001158,M0250,60.04,card,web,IN-MH,1349,833,2,7,55.5,0.321,1,0,0,0,0,0
TXN0001159,M0189,256.96,upi,api,IN-DL,1253,1156,1,6,22.3,0.3238,2,0,0,0,0,0
TXN0001160,M0024,53.87,card,web,IN-GJ,1579,1157,6,11,59.6,0.2374,1,0,0,0,1,0
TXN0001161,M0257,1083.3,card,web,IN-DL,982,417,0,8,23.7,0.2275,0,0,0,0,0,0
TXN0001162,M0118,652.04,upi,api,IN-DL,557,1181,3,6,52.1,0.3206,2,0,0,0,0,0
TXN0001163,M0387,36.71,upi,android,IN-WB,1461,789,1,4,52.9,0.2264,0,0,0,0,1,0
TXN0001164,M0112,337.13,wallet,web,IN-DL,276,1312,4,8,25.5,0.2176,1,0,0,0,0,0
TXN0001165,M0221,561.87,upi,web,IN-WB,1427,721,1,5,224.4,0.195,1,0,0,0,1,0
TXN0001166,M0147,100.17,card,ios,IN-UP,299,102,9,15,82.6,0.2463,1,0,0,0,0,0
TXN0001167,M0029,255.72,upi,android,IN-WB,1319,1356,2,8,26.8,0.2465,2,0,0,0,0,0
TXN0001168,M0373,158.82,upi,api,IN-DL,75,443,4,7,22.7,0.2493,1,0,0,0,0,0
TXN0001169,M0304,355.96,card,web,IN-GJ,715,805,5,10,20.4,0.2322,1,0,0,0,0,0
TXN0001170,M0209,115.19,upi,android,IN-DL,1589,223,5,15,59.6,0.5217,5,0,0,0,1,0
TXN0001171,M0285,496.17,wallet,android,IN-TN,856,1250,0,4,43.0,0.1612,1,0,0,0,0,0
TXN0001172,M0198,155.95,netbanking,web,IN-DL,50,1336,2,8,67.4,0.213,0,0,0,0,1,1
TXN0001173,M0320,131.09,card,ios,IN-TN,1648,876,6,15,243.1,0.3215,1,0,0,0,1,0
TXN0001174,M0320,344.27,netbanking,ios,IN-MH,1078,900,3,11,47.1,0.2778,2,0,0,0,0,0
TXN0001175,M0375,443.04,netbanking,web,IN-DL,785,1309,6,11,198.3,0.4347,3,0,0,0,0,1
TXN0001176,M0295,17.4,netbanking,web,IN-MH,1595,1086,2,7,68.6,0.2929,3,0,0,0,1,1
TXN0001177,M0009,9.86,card,web,IN-GJ,1056,1053,1,9,21.1,0.2714,2,0,0,0,0,0
TXN0001178,M0277,253.31,card,web,IN-KA,1078,1461,3,7,41.4,0.3082,1,0,0,0,0,0
TXN0001179,M0114,92.85,card,web,IN-DL,1230,341,5,11,24.0,0.33,4,0,0,0,0,0
TXN0001180,M0221,48.04,netbanking,web,IN-TN,315,87,0,5,70.7,0.0386,0,0,0,0,0,0
TXN0001181,M0220,123.84,card,api,IN-DL,209,162,3,9,47.5,0.4672,3,0,0,0,0,0
TXN0001182,M0034,3307.92,upi,web,IN-KA,1094,1351,4,7,66.7,0.2509,1,0,0,0,0,1
TXN0001183,M0115,47.6,card,web,IN-GJ,1385,128,7,11,81.6,0.512,2,0,0,0,0,1
TXN0001184,M0072,436.42,upi,ios,IN-DL,1729,995,2,6,46.7,0.3884,2,0,0,0,0,0
TXN0001185,M0121,84.06,card,ios,IN-WB,27,952,1,4,105.8,0.2846,1,0,0,0,0,0
TXN0001186,M0263,42.13,card,ios,IN-DL,139,928,3,10,57.1,0.2215,3,0,0,0,0,0
TXN0001187,M0274,97.61,upi,api,IN-UP,1767,631,4,9,40.4,0.3465,1,0,0,0,0,0
TXN0001188,M0215,43.45,upi,web,IN-MH,313,266,0,3,60.5,0.3992,2,0,0,0,0,0
TXN0001189,M0387,37.52,upi,ios,IN-UP,1023,22,4,9,43.9,0.2112,5,0,0,0,0,1
TXN0001190,M0369,87.19,upi,android,IN-WB,850,584,2,6,50.1,0.429,3,0,0,0,0,0
TXN0001191,M0266,60.5,upi,api,IN-UP,303,803,4,15,50.0,0.4632,2,0,0,0,0,0
TXN0001192,M0355,155.54,card,api,IN-MH,1383,1007,2,4,26.8,0.1232,1,0,0,0,0,0
TXN0001193,M0254,213.06,netbanking,android,IN-UP,1411,1330,3,9,65.0,0.2718,1,0,0,0,0,1
TXN0001194,M0366,81.77,upi,android,IN-DL,507,1403,2,6,63.3,0.3341,2,0,0,0,1,0
TXN0001195,M0274,337.82,card,android,IN-MH,1520,58,1,5,58.7,0.198,0,0,0,0,0,0
TXN0001196,M0112,92.65,wallet,ios,IN-DL,1089,392,2,7,63.8,0.557,1,0,0,0,0,0
TXN0001197,M0275,154.38,card,api,IN-WB,369,1149,1,5,237.2,0.2644,1,0,0,0,0,0
TXN0001198,M0029,20.57,card,android,IN-TN,481,344,3,5,40.2,0.2634,2,0,0,0,0,0
TXN0001199,M0186,195.4,upi,ios,IN-TN,75,1474,9,11,25.8,0.2909,2,0,0,0,0,1
TXN0001200,M0330,1711.33,card,android,IN-UP,1015,79,4,12,45.8,0.1703,1,0,0,0,0,1
TXN0001201,M0049,398.59,upi,web,IN-MH,944,1019,0,5,56.7,0.2549,1,0,0,0,0,0
TXN0001202,M0242,151.47,wallet,android,IN-DL,324,420,2,9,152.1,0.2052,1,0,0,0,0,0
TXN0001203,M0286,56.54,card,web,IN-GJ,1153,434,3,12,36.0,0.3735,1,0,0,0,0,0
TXN0001204,M0143,920.63,card,ios,IN-DL,547,1412,1,7,30.6,0.5924,1,0,0,0,0,0
TXN0001205,M0186,153.23,card,api,IN-MH,303,1301,1,9,46.1,0.2351,2,0,0,0,1,0
TXN0001206,M0285,91.79,card,web,IN-KA,332,1239,0,6,14.4,0.2592,2,0,0,0,0,0
TXN0001207,M0264,94.12,upi,android,IN-WB,1011,322,5,20,62.5,0.4547,3,0,0,0,0,0
TXN0001208,M0027,1430.74,upi,android,IN-DL,1666,1471,3,7,63.5,0.3012,2,0,0,0,0,0
TXN0001209,M0189,159.94,upi,web,IN-MH,947,287,3,4,85.6,0.0528,2,0,0,0,0,0
TXN0001210,M0081,282.46,card,web,IN-MH,1117,715,4,11,24.6,0.2507,3,0,0,0,0,0
TXN0001211,M0195,146.91,card,android,IN-WB,1554,831,0,5,143.9,0.2925,1,1,0,0,1,0
TXN0001212,M0246,168.64,upi,ios,IN-KA,1172,1013,1,3,54.4,0.2806,1,0,0,0,0,0
TXN0001213,M0228,117.69,card,web,IN-DL,1468,280,4,15,96.5,0.5282,2,0,0,0,0,0
TXN0001214,M0387,746.41,card,api,IN-WB,967,820,1,3,13.8,0.1378,0,0,0,0,0,0
TXN0001215,M0125,188.11,card,android,IN-DL,238,507,3,7,66.2,0.1817,1,0,0,0,1,0
TXN0001216,M0360,44.04,card,android,IN-UP,1187,1211,2,9,66.5,0.3628,0,0,0,0,0,0
TXN0001217,M0346,266.95,upi,ios,IN-MH,1272,1422,3,11,93.9,0.5157,0,0,0,0,1,0
TXN0001218,M0059,160.48,upi,android,IN-KA,805,1492,3,10,45.6,0.1648,2,0,0,0,0,0
TXN0001219,M0279,263.51,upi,android,IN-MH,905,175,3,11,28.9,0.507,1,0,0,0,0,1
TXN0001220,M0285,129.2,card,ios,IN-TN,168,653,4,10,49.3,0.2305,1,0,0,0,0,0
TXN0001221,M0126,104.78,card,ios,IN-MH,839,720,3,8,124.3,0.2722,3,0,0,0,0,0
TXN0001222,M0351,440.15,wallet,ios,IN-WB,1660,170,4,9,67.7,0.2071,0,0,0,0,0,0
TXN0001223,M0336,1155.28,card,ios,IN-TN,293,1068,3,9,30.2,0.2028,2,1,0,0,0,0
TXN0001224,M0349,28.05,upi,web,IN-DL,1153,553,3,9,65.7,0.4143,1,0,0,0,0,0
TXN0001225,M0377,195.39,upi,ios,IN-TN,1346,1473,2,5,96.8,0.2547,3,0,0,0,1,0
TXN0001226,M0088,104.88,card,ios,IN-DL,1286,1164,1,6,138.5,0.3624,5,0,0,0,0,0
TXN0001227,M0203,72.32,netbanking,api,IN-WB,1563,712,5,6,79.2,0.2076,2,0,0,0,1,0
TXN0001228,M0257,20.83,card,web,IN-KA,360,1300,4,8,12.8,0.4506,3,0,0,0,0,0
TXN0001229,M0134,258.2,card,web,IN-GJ,370,434,7,11,23.1,0.2996,0,0,0,0,0,0
TXN0001230,M0237,111.0,upi,ios,IN-WB,604,1261,1,6,2.2,0.5032,2,1,0,0,0,0
TXN0001231,M0152,104.58,upi,web,IN-KA,53,73,3,11,48.7,0.3119,1,0,0,0,0,0
TXN0001232,M0236,599.24,card,ios,IN-MH,11,1143,5,13,64.8,0.1984,1,0,0,1,0,1
TXN0001233,M0192,115.99,upi,ios,IN-UP,1096,1269,2,7,179.1,0.2318,2,0,0,0,0,0
TXN0001234,M0364,111.18,netbanking,ios,IN-MH,537,300,5,14,31.1,0.5224,2,0,0,0,0,0
TXN0001235,M0198,47.32,upi,ios,IN-UP,1766,1117,2,8,75.5,0.364,2,0,0,0,0,0
TXN0001236,M0036,72.61,card,web,IN-KA,1539,777,6,16,71.2,0.6366,5,0,0,0,0,0
TXN0001237,M0073,780.06,card,web,IN-WB,1222,1320,3,11,48.7,0.5385,1,0,0,0,0,1
TXN0001238,M0302,331.8,wallet,android,IN-DL,1476,867,5,9,45.7,0.5629,2,0,0,0,0,0
TXN0001239,M0005,652.34,card,api,IN-MH,455,105,3,12,142.5,0.3838,1,0,0,0,1,0
TXN0001240,M0284,77.66,card,api,IN-UP,1261,1072,2,9,24.2,0.2998,2,0,0,0,0,0
TXN0001241,M0049,258.3,card,ios,IN-DL,1571,1019,2,6,81.7,0.2534,0,1,0,0,0,0
TXN0001242,M0170,513.26,upi,ios,IN-DL,285,871,3,7,25.9,0.1232,0,0,0,0,0,0
TXN0001243,M0136,321.27,netbanking,ios,IN-GJ,968,295,1,2,120.8,0.3968,0,0,0,0,0,0
TXN0001244,M0211,874.18,upi,android,IN-TN,1782,219,2,9,19.9,0.3827,1,0,0,0,0,0
TXN0001245,M0070,269.07,card,web,IN-MH,918,811,5,12,30.7,0.1121,0,0,0,0,0,0
TXN0001246,M0079,179.67,card,ios,IN-KA,1469,1051,1,4,10.5,0.4331,0,0,0,0,0,0
TXN0001247,M0027,17.09,upi,web,IN-UP,104,359,3,6,10.9,0.2211,3,0,0,0,0,0
TXN0001248,M0261,273.08,card,android,IN-TN,623,786,2,9,42.6,0.2337,1,0,0,0,0,0
TXN0001249,M0271,327.21,wallet,android,IN-DL,110,290,4,7,143.4,0.3195,1,1,0,0,0,0
TXN0001250,M0066,567.08,upi,ios,IN-MH,1290,499,2,6,39.5,0.2033,2,0,0,0,1,0
TXN0001251,M0101,81.32,wallet,android,IN-MH,1043,1485,2,3,73.1,0.1971,0,0,0,0,1,0
TXN0001252,M0357,174.06,card,android,IN-MH,354,293,3,12,145.4,0.3827,2,0,0,0,0,0
TXN0001253,M0249,36.71,upi,api,IN-WB,1452,191,0,3,95.7,0.195,1,0,0,0,0,0
TXN0001254,M0039,35.86,upi,web,IN-UP,975,285,3,7,4.0,0.0804,1,0,0,0,0,0
TXN0001255,M0308,300.64,upi,android,IN-UP,1355,946,1,7,160.3,0.3404,2,0,0,0,0,0
TXN0001256,M0093,638.73,upi,api,IN-WB,1284,1302,4,8,95.9,0.3741,1,0,0,0,0,0
TXN0001257,M0005,661.53,card,android,IN-TN,1693,1435,1,8,30.0,0.2572,2,0,0,0,0,0
TXN0001258,M0225,279.06,upi,api,IN-MH,414,872,3,6,33.7,0.1351,1,0,0,0,0,0
TXN0001259,M0185,1392.59,upi,android,IN-UP,905,218,1,5,93.6,0.3127,1,0,0,0,1,0
TXN0001260,M0385,121.57,card,ios,IN-TN,292,733,2,6,56.3,0.2905,0,0,0,0,1,0
TXN0001261,M0374,441.95,upi,android,IN-TN,1117,1,0,2,39.0,0.1751,2,0,1,0,1,0
TXN0001262,M0187,48.19,upi,ios,IN-DL,654,592,2,10,72.5,0.287,0,0,0,0,0,0
TXN0001263,M0099,7.76,card,android,IN-KA,1129,68,2,10,111.2,0.2488,0,0,0,0,0,0
TXN0001264,M0036,111.23,upi,android,IN-KA,135,587,4,8,86.4,0.3507,4,0,0,0,0,0
TXN0001265,M0202,159.54,card,ios,IN-GJ,684,1242,1,5,97.4,0.2354,2,0,0,0,0,0
TXN0001266,M0075,227.58,upi,ios,IN-TN,832,775,0,5,224.2,0.1997,3,0,0,0,0,0
TXN0001267,M0284,149.43,card,web,IN-TN,6,1156,0,0,81.2,0.1992,1,0,0,1,1,0
TXN0001268,M0100,258.35,upi,web,IN-KA,241,53,3,8,79.7,0.3391,2,0,0,0,0,0
TXN0001269,M0376,1025.83,card,web,IN-KA,1510,1105,4,8,118.9,0.4351,2,1,0,0,0,1
TXN0001270,M0172,376.47,upi,web,IN-MH,879,938,5,11,46.7,0.3971,1,1,0,0,1,1
TXN0001271,M0257,83.71,wallet,ios,IN-TN,121,1085,1,3,13.1,0.3609,1,0,0,0,1,0
TXN0001272,M0136,14.59,upi,web,IN-DL,252,1248,1,4,40.3,0.2279,3,0,0,0,0,0
TXN0001273,M0118,61.41,wallet,android,IN-MH,1726,520,1,6,52.3,0.2801,2,0,0,0,0,0
TXN0001274,M0297,689.5,wallet,api,IN-TN,308,1396,0,6,234.8,0.3948,0,0,0,0,0,0
TXN0001275,M0206,108.78,card,ios,IN-GJ,1519,75,3,11,6.4,0.4266,0,0,0,0,0,0
TXN0001276,M0247,354.82,upi,android,IN-KA,443,1233,1,8,79.9,0.3807,4,0,0,0,0,0
TXN0001277,M0294,341.47,upi,android,IN-WB,187,741,2,5,51.3,0.1698,2,0,0,0,0,0
TXN0001278,M0286,170.25,upi,ios,IN-TN,1509,83,2,15,29.4,0.3433,0,0,0,0,0,0
TXN0001279,M0030,165.04,card,android,IN-DL,220,1354,1,2,86.2,0.2631,0,0,0,0,1,0
TXN0001280,M0263,92.63,card,web,IN-KA,1469,1144,1,6,64.6,0.3149,1,0,0,0,0,0
TXN0001281,M0161,1669.31,card,web,IN-MH,1327,273,3,12,70.5,0.3077,2,0,0,0,1,1
TXN0001282,M0160,69.2,upi,api,IN-GJ,1781,600,0,4,49.8,0.185,0,0,0,0,0,0
TXN0001283,M0342,552.2,wallet,android,IN-KA,979,900,0,2,99.6,0.2046,3,0,0,0,0,0
TXN0001284,M0140,413.12,upi,web,IN-KA,1671,555,1,8,216.0,0.2877,1,0,0,0,1,0
TXN0001285,M0166,332.98,upi,ios,IN-KA,1168,484,4,9,38.7,0.4135,0,0,0,0,0,0
TXN0001286,M0257,159.67,upi,android,IN-GJ,34,845,3,11,45.5,0.3968,1,0,0,0,0,0
TXN0001287,M0110,40.98,upi,web,IN-GJ,522,1107,4,13,119.8,0.3548,3,0,0,0,1,1
TXN0001288,M0227,57.11,netbanking,web,IN-DL,26,884,4,10,198.2,0.3773,2,0,0,0,0,0
TXN0001289,M0081,82.95,upi,android,IN-MH,1590,488,2,9,51.0,0.1606,2,0,0,0,0,0
TXN0001290,M0366,260.53,card,web,IN-DL,732,452,4,13,45.3,0.7028,5,0,0,0,0,0
TXN0001291,M0305,438.6,card,android,IN-KA,977,592,0,2,32.3,0.128,1,0,0,0,0,0
TXN0001292,M0350,246.4,card,android,IN-GJ,1447,1418,3,11,41.6,0.2723,2,0,0,0,0,0
TXN0001293,M0096,233.38,card,android,IN-MH,1018,196,2,9,37.3,0.466,3,0,0,0,0,0
TXN0001294,M0083,510.51,card,ios,IN-GJ,1660,113,2,8,93.0,0.2167,3,0,0,0,0,0
TXN0001295,M0196,22.26,card,android,IN-UP,1783,56,3,7,72.9,0.219,0,0,0,0,0,0
TXN0001296,M0020,19.81,card,android,IN-TN,363,279,2,7,12.5,0.2397,0,0,0,0,0,0
TXN0001297,M0123,38.29,card,web,IN-TN,1389,1078,4,10,15.6,0.1036,3,0,0,0,0,0
TXN0001298,M0030,454.18,upi,ios,IN-UP,341,172,0,3,87.8,0.2244,1,1,0,0,0,0
TXN0001299,M0238,24.13,upi,android,IN-MH,1240,332,1,8,108.6,0.2962,1,0,0,0,1,0
TXN0001300,M0276,178.24,netbanking,ios,IN-GJ,968,185,3,7,69.4,0.4553,1,0,0,0,0,0
TXN0001301,M0318,72.43,card,web,IN-UP,1560,46,2,7,14.4,0.5561,0,0,0,0,0,0
TXN0001302,M0029,210.22,upi,web,IN-TN,323,1052,1,7,82.9,0.1119,0,0,0,0,0,0
TXN0001303,M0337,156.22,upi,android,IN-KA,1783,1134,3,8,20.1,0.2579,0,0,0,0,0,0
TXN0001304,M0239,231.2,card,api,IN-MH,913,252,3,9,53.8,0.3033,0,0,0,0,0,0
TXN0001305,M0364,120.76,card,ios,IN-KA,1462,259,1,4,108.3,0.2738,1,0,0,0,0,0
TXN0001306,M0192,365.16,wallet,android,IN-TN,1462,1416,1,6,146.0,0.5635,0,0,0,0,0,0
TXN0001307,M0021,777.78,upi,web,IN-MH,1451,1153,1,6,44.5,0.2273,4,0,0,0,1,0
TXN0001308,M0285,637.58,upi,web,IN-DL,438,1159,3,12,55.4,0.3561,0,0,0,0,0,0
TXN0001309,M0110,125.28,card,web,IN-WB,345,524,0,4,36.2,0.3885,1,0,0,0,1,0
TXN0001310,M0027,75.79,card,web,IN-WB,166,381,6,14,156.3,0.189,1,0,0,0,0,0
TXN0001311,M0224,218.89,card,web,IN-UP,1572,905,1,6,10.7,0.2907,1,0,0,0,0,0
TXN0001312,M0125,1297.7,card,ios,IN-UP,1092,870,4,9,53.6,0.4598,3,0,0,0,0,0
TXN0001313,M0249,170.68,card,android,IN-WB,1586,405,4,8,56.6,0.3246,2,1,0,0,0,0
TXN0001314,M0400,416.42,card,web,IN-KA,605,300,2,19,51.8,0.4665,3,0,0,0,1,1
TXN0001315,M0073,394.15,card,android,IN-UP,1075,535,4,11,27.1,0.2085,0,0,0,0,1,0
TXN0001316,M0165,389.55,card,web,IN-GJ,103,939,1,4,69.5,0.2737,1,0,0,0,0,0
TXN0001317,M0324,642.78,upi,web,IN-GJ,1171,68,1,7,57.0,0.3417,2,0,0,0,0,1
TXN0001318,M0127,48.24,upi,android,IN-MH,1624,457,1,10,53.9,0.4344,3,0,0,0,0,0
TXN0001319,M0007,68.7,card,web,IN-DL,1123,445,2,6,123.0,0.3191,1,0,0,0,0,0
TXN0001320,M0176,188.77,upi,api,IN-TN,1531,687,1,7,161.4,0.2343,2,0,0,0,0,0
TXN0001321,M0023,616.04,card,ios,IN-UP,981,1464,1,7,15.6,0.3651,0,0,0,0,0,0
TXN0001322,M0174,614.63,card,ios,IN-DL,786,1151,3,9,57.9,0.3562,1,0,0,0,0,0
TXN0001323,M0120,171.91,upi,web,IN-WB,330,650,4,10,75.5,0.2289,1,0,0,0,0,0
TXN0001324,M0239,488.4,card,api,IN-UP,437,1457,2,11,78.1,0.4252,2,0,0,0,0,0
TXN0001325,M0388,118.08,upi,web,IN-DL,1184,516,2,6,33.7,0.2127,1,0,0,0,0,0
TXN0001326,M0162,78.77,upi,ios,IN-KA,717,1356,6,15,138.3,0.3734,1,0,0,0,1,0
TXN0001327,M0184,47.65,upi,web,IN-KA,683,345,2,10,27.4,0.5974,6,0,0,0,1,0
TXN0001328,M0212,156.92,wallet,web,IN-TN,1006,324,2,9,29.8,0.4005,1,0,0,0,0,0
TXN0001329,M0050,127.28,upi,web,IN-KA,966,411,5,18,7.7,0.3767,7,0,0,0,0,1
TXN0001330,M0096,490.96,upi,web,IN-GJ,1445,50,1,4,75.9,0.3263,2,0,0,0,0,0
TXN0001331,M0278,316.01,upi,web,IN-WB,1622,482,2,10,55.7,0.1347,0,0,0,0,0,0
TXN0001332,M0115,190.03,netbanking,web,IN-WB,229,800,5,12,123.9,0.3439,5,0,0,0,0,0
TXN0001333,M0218,190.8,card,android,IN-WB,197,1374,0,9,26.5,0.3936,4,0,0,0,1,0
TXN0001334,M0069,118.37,upi,api,IN-DL,1484,1079,2,8,129.9,0.4723,2,1,0,0,0,0
TXN0001335,M0352,30.38,netbanking,web,IN-WB,1719,398,5,10,88.8,0.2483,1,0,0,0,0,0
TXN0001336,M0361,55.18,upi,api,IN-TN,969,1095,4,8,17.8,0.2154,2,1,0,0,0,0
TXN0001337,M0198,395.3,card,android,IN-DL,1023,829,3,7,77.6,0.3169,2,0,0,0,0,0
TXN0001338,M0028,156.72,upi,web,IN-TN,1302,344,4,8,58.7,0.1742,1,0,0,0,0,0
TXN0001339,M0013,48.48,netbanking,android,IN-TN,1709,530,2,8,59.7,0.3003,3,0,0,0,1,0
TXN0001340,M0104,706.29,upi,web,IN-MH,643,825,4,10,139.9,0.2736,2,0,0,0,0,0
TXN0001341,M0029,983.52,upi,android,IN-MH,361,397,2,11,107.8,0.338,3,0,0,0,1,1
TXN0001342,M0260,600.32,upi,ios,IN-UP,1471,1339,2,7,75.6,0.6765,2,0,0,0,1,0
TXN0001343,M0298,275.05,card,android,IN-UP,98,795,4,11,95.0,0.1448,1,0,0,0,0,1
TXN0001344,M0317,239.64,upi,android,IN-TN,186,760,0,4,47.2,0.1435,0,0,0,0,0,0
TXN0001345,M0075,175.63,netbanking,web,IN-DL,1118,801,2,8,39.6,0.1875,2,0,0,0,0,0
TXN0001346,M0206,211.96,upi,android,IN-WB,569,1126,3,14,31.9,0.6614,1,0,0,0,0,1
TXN0001347,M0133,337.53,netbanking,web,IN-MH,948,1319,4,9,98.0,0.2363,8,0,0,0,0,0
TXN0001348,M0092,365.18,card,android,IN-GJ,898,238,3,9,58.9,0.1333,1,0,0,0,0,0
TXN0001349,M0377,283.46,netbanking,android,IN-UP,1323,725,3,8,73.9,0.304,2,0,0,0,0,0
TXN0001350,M0050,6.79,wallet,android,IN-DL,308,1056,4,10,84.9,0.1984,1,0,0,0,0,0
TXN0001351,M0062,569.15,card,android,IN-KA,1083,386,1,6,111.3,0.0852,1,0,0,0,0,1
TXN0001352,M0182,219.74,upi,android,IN-TN,1348,610,2,4,100.6,0.089,1,0,0,0,0,0
TXN0001353,M0025,46.32,upi,android,IN-MH,926,418,1,4,110.9,0.3492,2,0,0,0,1,0
TXN0001354,M0072,219.42,card,ios,IN-WB,555,1385,5,10,116.7,0.2943,1,1,0,0,0,0
TXN0001355,M0282,243.58,upi,ios,IN-WB,1624,256,1,3,47.4,0.2796,1,0,0,0,0,0
TXN0001356,M0164,37.42,wallet,ios,IN-GJ,235,8,3,4,26.0,0.264,1,0,0,0,0,0
TXN0001357,M0214,94.67,card,ios,IN-WB,582,1489,2,7,38.3,0.169,0,0,0,0,0,0
TXN0001358,M0133,59.57,card,android,IN-UP,989,245,1,5,58.5,0.1951,1,0,0,0,0,0
TXN0001359,M0117,68.0,upi,android,IN-MH,489,1281,3,3,117.7,0.2313,1,0,0,0,0,0
TXN0001360,M0017,318.41,card,ios,IN-TN,1173,1428,0,4,28.3,0.3375,0,0,0,0,0,0
TXN0001361,M0096,96.62,card,ios,IN-MH,1447,274,2,7,105.1,0.2412,2,0,0,0,0,0
TXN0001362,M0184,197.6,wallet,web,IN-UP,954,693,1,3,75.9,0.0848,0,0,0,0,0,0
TXN0001363,M0164,376.37,card,api,IN-KA,633,209,1,4,42.7,0.2854,1,0,0,0,1,0
TXN0001364,M0005,116.64,netbanking,web,IN-KA,1087,831,3,10,102.7,0.243,1,0,0,0,0,0
TXN0001365,M0213,391.7,upi,android,IN-WB,1013,760,3,4,45.3,0.1726,6,0,0,0,0,1
TXN0001366,M0344,697.91,netbanking,android,IN-GJ,1462,722,1,6,64.2,0.2719,0,0,0,0,0,0
TXN0001367,M0024,419.55,wallet,web,IN-WB,1105,946,2,10,9.8,0.2562,0,0,0,0,1,0
TXN0001368,M0278,327.95,upi,api,IN-DL,12,386,2,8,82.8,0.4279,0,0,0,1,1,0
TXN0001369,M0332,423.02,card,web,IN-MH,530,809,0,5,144.6,0.4189,1,0,0,0,0,0
TXN0001370,M0225,267.18,card,ios,IN-TN,656,1443,3,17,53.6,0.3597,0,0,0,0,0,0
TXN0001371,M0047,420.65,netbanking,api,IN-KA,640,633,4,9,5.7,0.3916,1,0,0,0,0,0
TXN0001372,M0133,55.66,upi,web,IN-TN,1547,539,2,11,144.8,0.7158,3,0,0,0,0,0
TXN0001373,M0265,167.08,card,android,IN-KA,74,614,2,9,46.7,0.3207,1,0,0,0,0,0
TXN0001374,M0116,266.43,upi,ios,IN-MH,1339,402,3,10,86.3,0.4247,1,0,0,0,0,0
TXN0001375,M0149,167.0,wallet,api,IN-TN,503,1060,2,10,45.0,0.3304,1,0,0,0,0,0
TXN0001376,M0051,2198.09,upi,api,IN-WB,991,828,2,10,23.1,0.217,4,0,0,0,0,1
TXN0001377,M0157,148.64,card,android,IN-WB,587,457,1,8,119.5,0.2958,0,0,0,0,1,0
TXN0001378,M0236,30.28,upi,android,IN-TN,126,662,4,8,37.1,0.4646,1,0,0,0,1,0
TXN0001379,M0301,190.2,card,ios,IN-DL,31,771,2,6,27.2,0.14,0,0,0,0,0,0
TXN0001380,M0367,412.1,upi,android,IN-GJ,704,1043,2,5,114.6,0.1861,1,0,0,0,1,1
TXN0001381,M0016,75.2,upi,web,IN-UP,1481,1094,0,6,59.6,0.1154,1,0,0,0,1,0
TXN0001382,M0354,173.51,upi,android,IN-GJ,625,380,4,11,33.3,0.5479,2,0,0,0,1,1
TXN0001383,M0355,167.29,card,ios,IN-TN,1593,167,1,8,38.7,0.4882,0,0,0,0,1,0
TXN0001384,M0357,169.59,card,android,IN-DL,1649,251,4,10,31.9,0.3247,2,0,0,0,0,0
TXN0001385,M0088,98.96,card,android,IN-DL,319,1420,3,8,21.3,0.3105,2,0,0,0,0,0
TXN0001386,M0170,539.1,upi,android,IN-TN,1502,1021,1,8,37.9,0.5046,1,0,0,0,0,0
TXN0001387,M0001,1572.44,upi,api,IN-MH,1090,1489,1,8,201.9,0.6431,3,0,0,0,0,0
TXN0001388,M0008,77.75,card,ios,IN-WB,1004,4,3,8,97.5,0.3246,1,0,1,0,0,0
TXN0001389,M0128,48.72,netbanking,api,IN-MH,796,931,2,7,53.8,0.2799,0,0,0,0,0,0
TXN0001390,M0007,116.22,card,api,IN-WB,1715,1194,2,7,87.7,0.0996,1,0,0,0,0,1
TXN0001391,M0354,735.08,upi,api,IN-GJ,230,1010,4,9,9.2,0.3051,0,0,0,0,1,0
TXN0001392,M0195,139.06,wallet,ios,IN-GJ,11,1434,3,11,18.5,0.3501,1,0,0,1,1,0
TXN0001393,M0046,259.62,card,web,IN-UP,45,445,5,16,53.5,0.5299,1,0,0,0,1,0
TXN0001394,M0001,72.29,card,web,IN-GJ,1592,38,0,4,57.7,0.2613,2,0,0,0,1,0
TXN0001395,M0283,1071.45,upi,web,IN-MH,1194,1161,1,9,7.3,0.0989,0,0,0,0,1,0
TXN0001396,M0145,133.96,upi,ios,IN-UP,919,986,3,15,144.1,0.3377,2,0,0,0,0,0
TXN0001397,M0215,230.99,card,web,IN-TN,144,1293,3,10,67.1,0.1641,1,1,0,0,0,0
TXN0001398,M0088,81.21,card,api,IN-DL,241,284,0,4,90.6,0.3021,2,0,0,0,0,0
TXN0001399,M0111,73.76,netbanking,api,IN-TN,1603,1398,3,11,64.4,0.4748,2,0,0,0,0,0
TXN0001400,M0353,179.35,upi,web,IN-TN,1571,521,1,8,143.1,0.2481,1,1,0,0,0,1
TXN0001401,M0324,199.74,card,web,IN-WB,1421,347,2,4,16.4,0.1983,1,0,0,0,0,0
TXN0001402,M0190,426.55,netbanking,api,IN-DL,1577,378,2,7,55.0,0.1731,0,0,0,0,0,0
TXN0001403,M0240,33.29,upi,web,IN-UP,1303,633,4,10,256.5,0.5063,2,0,0,0,0,0
TXN0001404,M0030,69.55,upi,ios,IN-UP,1359,1455,4,9,39.5,0.334,2,1,0,0,1,0
TXN0001405,M0249,90.53,card,web,IN-UP,1517,610,5,11,23.5,0.2715,0,0,0,0,1,0
TXN0001406,M0287,202.97,upi,android,IN-KA,815,1120,4,12,93.0,0.3782,2,0,0,0,0,0
TXN0001407,M0161,58.17,upi,web,IN-TN,192,239,6,10,25.1,0.4157,6,0,0,0,0,0
TXN0001408,M0067,163.62,upi,ios,IN-UP,214,900,5,22,27.7,0.4109,3,1,0,0,0,0
TXN0001409,M0119,94.56,upi,android,IN-MH,1128,1236,9,17,13.9,0.1938,0,0,0,0,0,0
TXN0001410,M0033,157.18,netbanking,web,IN-WB,348,1047,1,6,48.3,0.3139,1,0,0,0,0,0
TXN0001411,M0375,82.95,upi,web,IN-WB,372,331,1,8,52.6,0.3886,1,0,0,0,0,0
TXN0001412,M0391,65.46,netbanking,api,IN-KA,1589,869,3,9,17.8,0.1169,5,0,0,0,1,1
TXN0001413,M0086,239.38,card,ios,IN-KA,936,1353,0,5,37.0,0.2896,1,0,0,0,1,0
TXN0001414,M0176,547.82,card,web,IN-TN,851,920,0,12,68.8,0.3199,3,0,0,0,0,0
TXN0001415,M0273,406.01,upi,android,IN-UP,646,341,4,12,5.4,0.2239,1,0,0,0,1,0
TXN0001416,M0078,547.66,card,android,IN-UP,483,1421,4,15,149.7,0.2034,1,0,0,0,0,0
TXN0001417,M0056,615.84,card,ios,IN-MH,221,1189,4,11,44.6,0.2593,2,0,0,0,1,0
TXN0001418,M0302,153.3,upi,api,IN-KA,1688,644,2,9,33.1,0.2646,2,0,0,0,1,0
TXN0001419,M0187,1168.96,netbanking,android,IN-DL,1322,931,4,14,333.0,0.3065,1,0,0,0,0,1
TXN0001420,M0021,383.4,wallet,ios,IN-WB,1548,85,4,10,129.6,0.3279,2,1,0,0,0,0
TXN0001421,M0103,69.62,card,ios,IN-DL,544,334,4,12,33.5,0.2784,3,0,0,0,0,0
TXN0001422,M0265,92.23,card,web,IN-KA,191,1279,7,17,60.7,0.34,1,0,0,0,0,1
TXN0001423,M0147,209.32,wallet,web,IN-MH,222,1315,3,11,35.3,0.6444,1,0,0,0,0,0
TXN0001424,M0396,434.19,card,ios,IN-UP,1757,747,2,10,181.5,0.2355,1,0,0,0,1,0
TXN0001425,M0010,143.18,upi,web,IN-UP,1583,970,1,4,50.4,0.2124,3,0,0,0,0,0
TXN0001426,M0260,68.16,upi,android,IN-UP,1673,670,2,7,25.3,0.4361,3,0,0,0,1,0
TXN0001427,M0390,396.8,upi,web,IN-KA,243,464,0,7,120.6,0.2433,3,0,0,0,0,1
TXN0001428,M0339,58.91,upi,android,IN-WB,752,564,6,15,152.0,0.463,1,0,0,0,0,0
TXN0001429,M0366,243.92,upi,android,IN-WB,370,1253,2,7,139.5,0.1065,1,0,0,0,0,0
TXN0001430,M0237,187.94,card,android,IN-UP,1050,529,2,5,71.1,0.4503,2,0,0,0,1,0
TXN0001431,M0320,47.02,card,ios,IN-UP,43,1298,5,8,107.9,0.271,0,0,0,0,1,0
TXN0001432,M0156,1064.49,card,ios,IN-DL,712,102,5,10,84.8,0.0298,1,0,0,0,0,1
TXN0001433,M0341,183.04,card,web,IN-UP,933,470,3,6,153.3,0.1454,2,0,0,0,0,0
TXN0001434,M0089,54.98,upi,android,IN-KA,491,1351,1,8,30.8,0.309,2,0,0,0,0,0
TXN0001435,M0134,188.95,card,api,IN-KA,1485,1249,1,7,74.7,0.1459,1,0,0,0,0,0
TXN0001436,M0312,31.91,card,web,IN-WB,133,73,4,9,66.8,0.2195,0,0,0,0,0,0
TXN0001437,M0219,258.28,upi,web,IN-DL,1532,623,3,6,36.1,0.1011,0,0,0,0,1,0
TXN0001438,M0099,425.83,upi,web,IN-GJ,19,942,2,8,87.2,0.3543,0,0,0,0,0,0
TXN0001439,M0384,2683.4,card,android,IN-WB,1339,1096,4,11,185.0,0.146,1,0,0,0,1,1
TXN0001440,M0262,198.51,netbanking,web,IN-WB,1194,844,1,3,56.6,0.2098,0,0,0,0,0,0
TXN0001441,M0353,93.13,netbanking,android,IN-WB,848,1467,3,9,191.6,0.3865,4,0,0,0,0,0
TXN0001442,M0355,221.33,netbanking,ios,IN-WB,87,1016,2,6,17.2,0.2005,1,0,0,0,0,0
TXN0001443,M0225,759.99,card,android,IN-MH,1601,1327,3,10,30.3,0.5866,1,0,0,0,1,0
TXN0001444,M0177,297.04,wallet,android,IN-KA,1639,180,1,9,118.7,0.6163,4,0,0,0,0,1
TXN0001445,M0075,413.9,card,ios,IN-GJ,1381,1013,2,14,72.9,0.3243,2,0,0,0,0,0
TXN0001446,M0318,384.91,card,api,IN-WB,1713,859,1,8,25.6,0.2573,1,0,0,0,0,0
TXN0001447,M0175,298.65,netbanking,web,IN-KA,1600,678,3,10,36.4,0.3564,0,0,0,0,0,0
TXN0001448,M0250,44.31,card,ios,IN-GJ,1487,474,5,11,47.8,0.3329,5,1,0,0,0,1
TXN0001449,M0018,41.96,card,web,IN-KA,431,912,6,6,90.9,0.5055,1,0,0,0,0,0
TXN0001450,M0010,37.1,upi,android,IN-KA,1495,811,4,8,62.3,0.1373,0,0,0,0,0,0
TXN0001451,M0155,54.35,wallet,api,IN-UP,1082,833,2,8,49.9,0.4851,1,0,0,0,1,0
TXN0001452,M0337,60.98,card,android,IN-WB,141,1430,2,9,66.3,0.2304,1,0,0,0,0,0
TXN0001453,M0241,1155.95,wallet,web,IN-WB,39,228,2,11,111.6,0.5075,2,1,0,0,1,1
TXN0001454,M0213,88.77,upi,ios,IN-MH,459,246,1,6,1.6,0.3675,3,0,0,0,0,0
TXN0001455,M0250,198.9,upi,android,IN-WB,939,865,1,7,111.3,0.4312,1,0,0,0,0,0
TXN0001456,M0372,141.04,card,ios,IN-KA,1741,1211,1,8,59.6,0.519,1,0,0,0,0,0
TXN0001457,M0288,218.43,netbanking,android,IN-TN,1578,691,4,8,175.8,0.4164,2,1,0,0,0,0
TXN0001458,M0389,193.06,upi,web,IN-UP,1746,305,2,6,61.9,0.1164,0,0,0,0,0,0
TXN0001459,M0028,51.26,card,web,IN-TN,1329,684,1,4,22.0,0.2746,2,0,0,0,0,0
TXN0001460,M0285,327.24,card,web,IN-UP,230,699,1,6,66.6,0.3039,2,0,0,0,0,0
TXN0001461,M0247,91.21,card,api,IN-DL,1397,1107,3,8,53.1,0.0891,1,0,0,0,1,0
TXN0001462,M0125,88.2,upi,ios,IN-KA,692,649,2,9,77.5,0.2875,0,1,0,0,0,0
TXN0001463,M0322,132.49,upi,api,IN-KA,571,179,1,8,58.3,0.2904,2,0,0,0,0,0
TXN0001464,M0009,404.21,card,ios,IN-GJ,955,451,2,4,56.7,0.4649,0,0,0,0,0,0
TXN0001465,M0292,96.39,upi,web,IN-GJ,717,963,6,11,40.7,0.3175,1,0,0,0,1,0
TXN0001466,M0151,197.3,upi,web,IN-WB,1135,837,5,9,114.3,0.1914,4,0,0,0,0,1
TXN0001467,M0079,269.29,card,android,IN-GJ,1775,1364,1,4,32.1,0.2386,2,0,0,0,0,0
TXN0001468,M0317,232.71,card,web,IN-MH,577,1212,2,10,12.4,0.3886,2,0,0,0,0,0
TXN0001469,M0121,220.31,wallet,ios,IN-GJ,481,607,2,7,156.0,0.4012,2,0,0,0,1,0
TXN0001470,M0320,44.23,card,android,IN-MH,1746,1455,2,10,26.1,0.3627,0,0,0,0,0,0
TXN0001471,M0077,204.35,card,web,IN-UP,156,679,2,6,73.1,0.2464,1,0,0,0,0,0
TXN0001472,M0068,72.11,wallet,web,IN-DL,1516,1313,1,5,103.9,0.1931,1,0,0,0,1,0
TXN0001473,M0395,30.97,card,android,IN-KA,700,1485,3,9,110.2,0.2839,4,0,0,0,0,0
TXN0001474,M0330,113.33,upi,ios,IN-UP,1734,1341,4,4,45.8,0.2763,2,0,0,0,0,0
TXN0001475,M0196,107.14,wallet,android,IN-MH,1381,24,2,8,50.3,0.3895,1,0,0,0,1,0
TXN0001476,M0077,3474.31,card,api,IN-TN,257,807,1,6,34.9,0.1308,0,0,0,0,0,0
TXN0001477,M0337,477.78,card,web,IN-DL,942,1104,3,8,16.7,0.1741,0,0,0,0,0,0
TXN0001478,M0053,394.36,card,android,IN-GJ,477,1085,3,14,31.2,0.3362,4,1,0,0,0,0
TXN0001479,M0133,119.73,upi,android,IN-KA,79,750,0,7,74.5,0.2169,1,0,0,0,0,0
TXN0001480,M0187,149.56,upi,android,IN-TN,1107,175,3,8,135.7,0.4815,2,0,0,0,0,1
TXN0001481,M0117,2355.54,upi,web,IN-WB,1196,829,2,13,73.4,0.5583,1,0,0,0,0,1
TXN0001482,M0380,95.3,card,api,IN-WB,1468,390,2,4,40.9,0.3745,1,0,0,0,0,0
TXN0001483,M0323,232.27,card,ios,IN-WB,1324,73,1,9,56.3,0.426,0,0,0,0,1,0
TXN0001484,M0229,1134.86,netbanking,web,IN-GJ,1096,999,2,6,59.5,0.4149,0,0,0,0,0,1
TXN0001485,M0056,87.29,upi,web,IN-DL,1085,892,2,7,58.9,0.5689,2,0,0,0,0,0
TXN0001486,M0098,209.09,card,android,IN-KA,1105,593,2,5,106.4,0.1747,1,0,0,0,0,0
TXN0001487,M0323,176.76,card,api,IN-GJ,309,1025,6,9,87.5,0.1599,1,0,0,0,1,0
TXN0001488,M0121,74.01,netbanking,android,IN-DL,1150,104,3,5,4.1,0.3864,0,0,0,0,0,0
TXN0001489,M0293,390.69,card,api,IN-TN,344,1158,0,5,88.5,0.2909,3,1,0,0,0,0
TXN0001490,M0355,59.01,card,web,IN-TN,1040,1289,2,8,37.9,0.129,1,0,0,0,0,0
TXN0001491,M0172,391.04,card,web,IN-UP,733,473,6,11,161.8,0.3793,2,0,0,0,0,0
TXN0001492,M0068,276.58,upi,api,IN-UP,1523,157,4,9,3.6,0.2404,2,0,0,0,1,0
TXN0001493,M0083,441.82,wallet,android,IN-MH,645,1081,4,11,73.3,0.3987,0,0,0,0,1,0
TXN0001494,M0359,148.23,upi,web,IN-DL,13,1082,2,10,227.9,0.4092,1,0,0,1,0,0
TXN0001495,M0371,265.71,upi,web,IN-UP,184,1217,2,13,134.5,0.2049,4,0,0,0,0,0
TXN0001496,M0138,502.27,upi,web,IN-WB,369,421,0,5,52.9,0.0945,2,0,0,0,0,0
TXN0001497,M0036,43.99,card,android,IN-DL,1546,1445,4,13,80.6,0.395,3,0,0,0,0,0
TXN0001498,M0226,53.76,card,web,IN-WB,1364,1017,4,15,43.4,0.2853,2,0,0,0,1,0
TXN0001499,M0388,322.05,netbanking,web,IN-TN,1664,1099,1,4,69.2,0.2186,2,0,0,0,1,0
TXN0001500,M0037,409.91,upi,web,IN-WB,1320,111,3,10,14.8,0.2419,0,0,0,0,0,1
TXN0001501,M0014,206.12,card,android,IN-KA,259,1147,0,4,86.2,0.2225,2,0,0,0,1,0
TXN0001502,M0146,451.65,upi,web,IN-GJ,85,310,0,6,80.5,0.1916,1,0,0,0,0,0
TXN0001503,M0103,125.31,upi,web,IN-UP,1012,800,0,4,64.0,0.1791,0,0,0,0,0,0
TXN0001504,M0331,639.12,card,ios,IN-KA,961,1484,3,8,64.0,0.383,0,0,0,0,0,0
TXN0001505,M0375,167.39,card,android,IN-DL,774,703,4,12,47.9,0.2196,1,0,0,0,0,1
TXN0001506,M0238,82.62,card,android,IN-DL,1062,640,1,9,38.9,0.116,2,0,0,0,1,0
TXN0001507,M0150,748.32,upi,web,IN-TN,736,493,1,6,64.8,0.2098,0,0,0,0,0,1
TXN0001508,M0337,411.51,card,android,IN-WB,424,617,2,4,32.7,0.347,1,0,0,0,0,0
TXN0001509,M0084,114.74,card,ios,IN-GJ,1045,148,3,8,73.2,0.3126,0,0,0,0,1,0
TXN0001510,M0080,117.06,card,android,IN-UP,712,621,5,9,31.6,0.3436,0,1,0,0,1,0
TXN0001511,M0063,328.27,netbanking,web,IN-GJ,819,1363,5,15,52.2,0.3242,1,0,0,0,0,0
TXN0001512,M0192,66.18,card,android,IN-MH,1488,1383,5,12,18.2,0.2719,0,0,0,0,0,1
TXN0001513,M0125,248.01,upi,api,IN-KA,813,41,0,5,31.0,0.22,1,0,0,0,1,0
TXN0001514,M0324,152.05,card,api,IN-UP,1691,860,2,10,37.8,0.1823,0,0,0,0,0,0
TXN0001515,M0156,223.12,card,android,IN-KA,259,90,0,8,83.4,0.1524,1,0,0,0,0,0
TXN0001516,M0282,23.85,upi,api,IN-KA,1171,737,3,6,40.8,0.2006,1,0,0,0,0,0
TXN0001517,M0348,72.67,card,android,IN-UP,1279,36,2,8,140.9,0.3861,0,0,0,0,0,0
TXN0001518,M0191,231.97,card,android,IN-GJ,174,592,1,7,51.8,0.3181,0,0,0,0,0,0
TXN0001519,M0326,515.72,upi,api,IN-UP,1044,120,1,7,104.1,0.3407,0,0,0,0,0,0
TXN0001520,M0094,157.88,upi,web,IN-UP,1292,1227,3,12,9.0,0.5051,5,0,0,0,0,0
TXN0001521,M0391,370.74,card,android,IN-MH,101,43,1,7,132.0,0.4053,1,0,0,0,0,0
TXN0001522,M0136,40.91,netbanking,web,IN-MH,1478,1263,1,9,174.4,0.2328,2,0,0,0,0,0
TXN0001523,M0367,114.93,card,ios,IN-GJ,676,236,2,7,75.3,0.2095,0,0,0,0,0,1
TXN0001524,M0062,238.13,wallet,web,IN-TN,1159,969,1,5,6.4,0.1371,2,0,0,0,0,0
TXN0001525,M0331,169.12,upi,web,IN-DL,392,952,1,3,10.0,0.5074,2,0,0,0,0,0
TXN0001526,M0172,385.9,upi,web,IN-UP,253,548,1,11,54.8,0.1574,1,0,0,0,1,0
TXN0001527,M0034,139.22,card,ios,IN-TN,702,1209,4,12,70.7,0.3767,2,0,0,0,1,0
TXN0001528,M0386,140.59,card,android,IN-UP,274,1482,2,9,25.1,0.3072,0,1,0,0,0,0
TXN0001529,M0278,346.05,card,android,IN-KA,214,59,6,9,102.1,0.3265,2,0,0,0,0,0
TXN0001530,M0194,105.17,wallet,android,IN-KA,1029,1495,2,6,12.6,0.0995,1,0,0,0,0,0
TXN0001531,M0069,72.62,card,android,IN-TN,1099,1335,4,7,45.0,0.3098,2,1,0,0,0,0
TXN0001532,M0178,286.52,card,android,IN-MH,1665,1428,1,15,58.1,0.3501,1,0,0,0,1,0
TXN0001533,M0362,68.67,card,ios,IN-UP,1047,625,1,6,75.7,0.2893,1,0,0,0,0,0
TXN0001534,M0163,743.6,upi,android,IN-UP,986,565,1,8,34.2,0.2904,1,0,0,0,1,0
TXN0001535,M0285,28.53,upi,android,IN-WB,1067,570,3,5,82.5,0.1204,0,0,0,0,0,0
TXN0001536,M0178,133.58,card,ios,IN-MH,1786,1128,2,12,61.5,0.311,3,1,0,0,0,0
TXN0001537,M0212,915.6,netbanking,web,IN-KA,659,740,1,9,59.3,0.6931,0,0,0,0,0,0
TXN0001538,M0270,1298.28,netbanking,ios,IN-DL,1235,804,2,10,40.3,0.2338,1,0,0,0,0,1
TXN0001539,M0395,164.3,card,android,IN-GJ,1299,677,4,12,15.9,0.5481,1,0,0,0,0,0
TXN0001540,M0262,542.9,card,web,IN-WB,313,1208,1,5,174.8,0.3706,2,0,0,0,0,0
TXN0001541,M0397,390.75,netbanking,web,IN-TN,1516,736,1,5,52.9,0.4344,0,0,0,0,0,0
TXN0001542,M0319,110.1,card,android,IN-GJ,757,775,3,7,117.8,0.2588,1,0,0,0,0,0
TXN0001543,M0112,287.2,card,api,IN-WB,750,148,2,9,222.4,0.5749,1,0,0,0,0,0
TXN0001544,M0021,76.05,card,api,IN-MH,403,450,3,13,29.2,0.3751,3,0,0,0,0,0
TXN0001545,M0317,37.75,upi,web,IN-UP,780,1093,4,14,83.8,0.4039,2,0,0,0,0,0
TXN0001546,M0334,298.04,upi,web,IN-WB,1045,936,3,6,268.7,0.3113,2,1,0,0,0,0
TXN0001547,M0375,316.12,upi,web,IN-WB,1617,564,4,11,72.1,0.3218,3,0,0,0,1,1
TXN0001548,M0138,55.01,netbanking,api,IN-WB,568,906,0,5,85.7,0.2483,0,0,0,0,0,0
TXN0001549,M0046,156.06,card,android,IN-TN,1089,549,5,8,35.9,0.1411,1,0,0,0,1,0
TXN0001550,M0200,54.97,upi,ios,IN-GJ,1570,226,3,8,54.2,0.1022,0,0,0,0,0,0
TXN0001551,M0394,113.48,upi,api,IN-MH,917,361,3,10,48.3,0.3393,2,0,0,0,1,0
TXN0001552,M0397,116.34,card,api,IN-DL,359,416,3,6,99.4,0.3478,0,0,0,0,0,0
TXN0001553,M0092,377.59,upi,api,IN-WB,1327,761,0,4,64.7,0.1316,1,0,0,0,1,0
TXN0001554,M0073,109.17,card,web,IN-TN,1026,967,2,8,55.3,0.309,3,0,0,0,0,0
TXN0001555,M0222,50.97,upi,web,IN-TN,558,420,3,9,69.5,0.2584,2,0,0,0,0,0
TXN0001556,M0349,1000.93,upi,ios,IN-WB,1551,1197,8,12,112.4,0.42,1,0,0,0,0,1
TXN0001557,M0393,295.26,upi,ios,IN-KA,59,54,1,4,45.6,0.3463,0,0,0,0,1,0
TXN0001558,M0170,440.97,upi,web,IN-MH,1746,1355,2,11,68.9,0.2579,0,0,0,0,0,0
TXN0001559,M0369,330.68,card,ios,IN-KA,1263,10,3,9,27.4,0.1872,0,0,0,0,1,0
TXN0001560,M0369,461.28,upi,api,IN-UP,1231,1377,3,5,169.2,0.1294,2,0,0,0,1,0
TXN0001561,M0261,278.52,card,android,IN-GJ,1163,547,2,8,29.8,0.2455,1,0,0,0,0,0
TXN0001562,M0012,286.6,card,api,IN-UP,1778,1282,1,3,21.8,0.1192,0,0,0,0,1,0
TXN0001563,M0330,204.44,card,android,IN-MH,771,925,4,12,32.6,0.1629,0,0,0,0,0,0
TXN0001564,M0330,116.03,card,web,IN-TN,1774,1065,2,8,120.1,0.252,1,0,0,0,0,0
TXN0001565,M0249,436.87,upi,android,IN-GJ,83,1043,2,4,4.7,0.3247,3,0,0,0,0,0
TXN0001566,M0112,138.15,netbanking,android,IN-DL,1672,1225,2,4,111.8,0.2128,1,0,0,0,0,0
TXN0001567,M0299,202.49,upi,api,IN-UP,1692,100,1,8,61.3,0.1969,1,0,0,0,0,0
TXN0001568,M0191,260.61,wallet,android,IN-TN,488,1048,4,10,12.8,0.2312,1,0,0,0,0,0
TXN0001569,M0237,283.58,netbanking,web,IN-WB,1315,448,2,4,169.3,0.2487,0,0,0,0,1,0
TXN0001570,M0244,65.28,upi,android,IN-UP,699,636,3,6,155.8,0.3024,1,1,0,0,1,0
TXN0001571,M0289,220.12,netbanking,android,IN-KA,694,674,3,8,89.4,0.3307,1,0,0,0,1,0
TXN0001572,M0383,64.86,card,ios,IN-TN,945,981,3,10,79.0,0.4949,1,0,0,0,0,0
TXN0001573,M0270,215.19,upi,web,IN-DL,362,460,0,2,20.8,0.1831,0,0,0,0,0,0
TXN0001574,M0382,392.58,upi,ios,IN-KA,416,994,2,10,73.2,0.1882,4,0,0,0,0,0
TXN0001575,M0326,1088.79,card,web,IN-KA,1000,302,3,6,50.7,0.2627,0,0,0,0,0,0
TXN0001576,M0278,320.75,netbanking,web,IN-GJ,1785,370,2,9,210.6,0.1767,1,0,0,0,1,0
TXN0001577,M0261,427.06,wallet,ios,IN-DL,39,241,4,6,6.5,0.1247,0,0,0,0,0,1
TXN0001578,M0022,60.66,card,android,IN-DL,830,1328,1,5,103.0,0.3344,0,0,0,0,1,0
TXN0001579,M0387,308.32,upi,web,IN-UP,823,1374,1,12,70.4,0.4837,2,0,0,0,0,0
TXN0001580,M0029,59.0,card,web,IN-DL,1346,1436,2,7,73.8,0.3422,2,0,0,0,1,0
TXN0001581,M0106,599.08,upi,api,IN-TN,1779,561,2,9,76.7,0.1368,1,0,0,0,0,0
TXN0001582,M0208,61.97,upi,ios,IN-TN,1007,1177,5,7,302.4,0.3713,1,1,0,0,0,0
TXN0001583,M0109,67.75,card,web,IN-WB,1330,604,0,7,114.9,0.3629,1,0,0,0,0,0
TXN0001584,M0344,382.87,upi,web,IN-TN,247,1134,0,4,39.1,0.2176,0,0,0,0,0,0
TXN0001585,M0173,965.58,upi,api,IN-UP,1772,1194,2,17,4.5,0.5369,3,0,0,0,0,0
TXN0001586,M0356,518.43,card,web,IN-TN,1712,618,3,15,37.7,0.4571,2,0,0,0,0,0
TXN0001587,M0017,126.34,card,web,IN-WB,713,1023,1,6,60.6,0.2543,0,0,0,0,0,0
TXN0001588,M0108,66.93,wallet,web,IN-MH,1292,283,1,5,94.7,0.3061,2,0,0,0,1,0
TXN0001589,M0221,117.34,upi,web,IN-KA,157,852,4,14,70.8,0.3296,2,0,0,0,0,0
TXN0001590,M0326,204.11,card,api,IN-DL,1049,1323,0,5,13.0,0.2306,2,0,0,0,0,0
TXN0001591,M0068,166.59,wallet,web,IN-MH,1737,561,3,14,26.3,0.4042,0,0,0,0,0,0
TXN0001592,M0029,64.33,netbanking,ios,IN-GJ,280,1499,1,6,27.6,0.283,1,0,0,0,0,0
TXN0001593,M0261,651.4,card,web,IN-WB,1557,964,3,9,39.4,0.6204,7,0,0,0,0,0
TXN0001594,M0322,665.73,upi,ios,IN-MH,1759,1237,5,9,115.1,0.4714,3,0,0,0,0,1
TXN0001595,M0361,1185.49,card,android,IN-GJ,1013,1478,4,9,27.5,0.2921,0,0,0,0,0,0
TXN0001596,M0035,34.21,netbanking,web,IN-DL,1412,590,3,7,64.5,0.2807,0,0,0,0,0,1
TXN0001597,M0173,80.18,upi,ios,IN-GJ,414,1461,1,5,34.6,0.1724,0,0,0,0,1,0
TXN0001598,M0084,231.32,upi,web,IN-WB,803,475,0,5,82.7,0.3617,0,0,0,0,0,0
TXN0001599,M0010,180.87,netbanking,android,IN-UP,1330,1169,2,11,90.5,0.2322,2,0,0,0,1,0
TXN0001600,M0071,114.82,wallet,android,IN-TN,773,1481,1,12,40.8,0.2871,2,0,0,0,1,0
TXN0001601,M0233,76.46,upi,api,IN-WB,35,562,3,8,29.1,0.2526,0,0,0,0,1,0
TXN0001602,M0323,66.37,card,web,IN-KA,1476,431,2,8,42.7,0.2055,1,0,0,0,0,1
TXN0001603,M0345,1365.27,upi,web,IN-GJ,1646,187,6,15,83.3,0.3306,2,0,0,0,0,1
TXN0001604,M0037,43.21,upi,web,IN-DL,1060,1019,1,3,42.1,0.1503,0,0,0,0,0,1
TXN0001605,M0394,37.92,upi,ios,IN-TN,1255,467,4,8,43.6,0.3929,3,0,0,0,1,0
TXN0001606,M0211,54.86,netbanking,ios,IN-WB,277,211,6,10,63.3,0.2188,3,0,0,0,0,0
TXN0001607,M0164,218.15,card,api,IN-TN,317,929,6,13,8.8,0.406,4,0,0,0,0,1
TXN0001608,M0258,136.99,netbanking,android,IN-GJ,1652,735,0,4,34.2,0.2034,1,0,0,0,1,0
TXN0001609,M0349,272.21,card,ios,IN-MH,297,1024,3,12,151.2,0.2371,2,0,0,0,0,0
TXN0001610,M0104,88.79,netbanking,android,IN-DL,1687,624,3,11,222.0,0.1739,1,0,0,0,1,0
TXN0001611,M0053,196.57,wallet,web,IN-GJ,105,5,1,4,97.1,0.2144,1,0,1,0,0,0
TXN0001612,M0289,195.92,upi,web,IN-MH,852,1235,2,9,145.4,0.2924,1,0,0,0,1,0
TXN0001613,M0116,869.34,card,android,IN-TN,1387,1173,6,11,97.6,0.2111,0,0,0,0,0,1
TXN0001614,M0304,1066.32,wallet,android,IN-UP,171,1363,1,6,5.4,0.3691,2,0,0,0,0,0
TXN0001615,M0171,154.78,card,android,IN-MH,231,1304,3,12,99.7,0.2877,0,1,0,0,1,0
TXN0001616,M0101,423.22,upi,web,IN-DL,1330,352,2,8,53.1,0.1832,1,0,0,0,0,0
TXN0001617,M0161,211.73,card,android,IN-KA,936,106,3,9,73.6,0.4864,1,0,0,0,0,0
TXN0001618,M0340,389.05,upi,web,IN-WB,1447,1103,3,12,145.8,0.4054,0,0,0,0,0,0
TXN0001619,M0258,264.49,card,web,IN-WB,645,1143,5,11,58.4,0.5284,1,0,0,0,0,0
TXN0001620,M0293,375.73,card,api,IN-GJ,1335,965,4,12,160.8,0.1317,1,1,0,0,0,0
TXN0001621,M0028,422.43,netbanking,web,IN-KA,988,429,0,11,14.0,0.5079,3,0,0,0,0,0
TXN0001622,M0039,275.21,card,ios,IN-DL,118,1473,1,3,100.7,0.1623,0,0,0,0,0,0
TXN0001623,M0207,206.38,card,ios,IN-WB,1250,1346,1,6,137.8,0.1475,0,0,0,0,0,0
TXN0001624,M0025,510.7,upi,android,IN-DL,1655,422,2,10,67.1,0.3792,4,1,0,0,0,0
TXN0001625,M0309,157.32,upi,android,IN-DL,378,125,1,9,9.2,0.3172,3,0,0,0,0,0
TXN0001626,M0337,101.18,card,api,IN-KA,1433,424,3,6,50.3,0.2273,0,0,0,0,1,0
TXN0001627,M0037,38.04,upi,api,IN-GJ,361,186,4,13,12.5,0.3513,1,0,0,0,0,0
TXN0001628,M0215,275.41,upi,web,IN-KA,1664,1231,3,8,116.5,0.6646,0,1,0,0,0,0
TXN0001629,M0221,359.7,card,web,IN-GJ,608,457,0,8,82.7,0.2082,0,0,0,0,0,0
TXN0001630,M0270,32.11,upi,android,IN-GJ,1164,255,4,8,6.0,0.3953,2,0,0,0,0,1
TXN0001631,M0270,97.43,card,ios,IN-MH,1683,354,2,11,44.1,0.1936,0,0,0,0,0,0
TXN0001632,M0012,381.44,upi,api,IN-MH,1002,759,4,10,66.1,0.3809,2,0,0,0,0,1
TXN0001633,M0104,155.91,wallet,web,IN-DL,799,886,2,9,96.7,0.6149,2,0,0,0,1,0
TXN0001634,M0044,190.22,netbanking,ios,IN-WB,882,1052,1,6,19.9,0.1801,1,0,0,0,1,0
TXN0001635,M0262,448.36,upi,web,IN-WB,463,1338,2,7,18.3,0.2385,1,0,0,0,0,1
TXN0001636,M0324,161.55,upi,ios,IN-KA,81,328,3,9,46.3,0.3187,1,0,0,0,0,0
TXN0001637,M0247,264.35,upi,web,IN-KA,935,1251,3,12,18.9,0.4015,2,0,0,0,1,0
TXN0001638,M0326,61.07,card,android,IN-GJ,1421,1319,0,5,64.6,0.2661,0,0,0,0,1,0
TXN0001639,M0001,255.83,upi,web,IN-UP,325,875,0,4,45.9,0.1216,0,0,0,0,1,1
TXN0001640,M0218,47.19,card,android,IN-KA,1660,1369,5,7,6.8,0.1466,0,0,0,0,0,0
TXN0001641,M0036,49.22,wallet,android,IN-DL,1377,763,2,7,61.7,0.8783,5,0,0,0,0,0
TXN0001642,M0320,108.8,upi,android,IN-GJ,1186,240,3,8,39.2,0.4072,0,0,0,0,1,0
TXN0001643,M0081,311.62,wallet,android,IN-WB,575,1144,2,9,51.4,0.2449,1,0,0,0,0,0
TXN0001644,M0268,189.7,netbanking,web,IN-MH,1292,1399,2,9,64.4,0.2183,0,0,0,0,0,0
TXN0001645,M0339,81.75,upi,web,IN-TN,1768,67,3,11,37.0,0.416,1,0,0,0,0,0
TXN0001646,M0144,432.87,card,android,IN-KA,517,910,5,11,132.4,0.4845,3,0,0,0,0,0
TXN0001647,M0169,247.57,card,web,IN-GJ,1134,1330,7,16,139.5,0.2268,0,0,0,0,1,0
TXN0001648,M0107,511.84,upi,ios,IN-KA,759,19,5,10,70.3,0.1343,1,0,0,0,0,0
TXN0001649,M0343,73.86,card,ios,IN-KA,1101,1044,0,5,48.4,0.2223,0,0,0,0,0,0
TXN0001650,M0129,755.4,upi,web,IN-TN,455,30,3,9,43.9,0.3798,3,0,0,0,0,0
TXN0001651,M0004,875.57,upi,android,IN-KA,523,601,2,5,93.0,0.2811,0,0,0,0,0,0
TXN0001652,M0217,447.91,upi,android,IN-UP,1577,170,2,7,82.4,0.2401,2,0,0,0,0,0
TXN0001653,M0026,293.19,card,ios,IN-DL,321,948,3,5,5.4,0.2308,3,0,0,0,0,0
TXN0001654,M0320,295.71,upi,ios,IN-MH,1509,531,1,2,156.5,0.2933,1,0,0,0,0,1
TXN0001655,M0357,250.54,card,android,IN-KA,140,1473,3,7,74.6,0.1554,1,0,0,0,0,0
TXN0001656,M0108,45.59,card,ios,IN-KA,1617,1385,1,6,25.9,0.1948,1,0,0,0,1,0
TXN0001657,M0168,98.92,card,android,IN-MH,1540,1424,5,13,216.2,0.2696,2,0,0,0,0,1
TXN0001658,M0231,162.22,card,android,IN-MH,1674,1400,2,7,178.1,0.2641,1,0,0,0,0,0
TXN0001659,M0323,64.24,card,android,IN-UP,1763,750,3,12,124.2,0.2755,3,1,0,0,0,1
TXN0001660,M0194,755.83,card,ios,IN-DL,1714,1097,1,3,81.8,0.2665,3,0,0,0,0,0
TXN0001661,M0061,296.87,card,web,IN-UP,388,166,1,3,88.4,0.1635,0,0,0,0,0,0
TXN0001662,M0330,1069.88,upi,ios,IN-TN,1585,1071,2,7,66.3,0.098,2,0,0,0,0,0
TXN0001663,M0184,396.67,netbanking,web,IN-MH,1788,1216,1,10,133.4,0.1994,1,0,0,0,1,0
TXN0001664,M0222,44.53,card,android,IN-WB,982,1165,2,10,29.3,0.6707,1,1,0,0,0,0
TXN0001665,M0107,665.1,upi,ios,IN-UP,1109,490,2,8,50.7,0.1355,0,0,0,0,0,0
TXN0001666,M0061,114.7,upi,ios,IN-WB,1589,258,0,5,58.7,0.1741,2,0,0,0,0,0
TXN0001667,M0219,704.5,card,web,IN-TN,1416,1009,0,3,106.8,0.1148,1,0,0,0,0,0
TXN0001668,M0171,813.25,upi,web,IN-UP,1435,376,3,12,99.0,0.1793,0,0,0,0,0,0
TXN0001669,M0084,695.51,netbanking,web,IN-UP,1779,714,1,12,73.4,0.4893,2,0,0,0,1,0
TXN0001670,M0032,526.55,card,web,IN-MH,1510,1265,1,4,62.7,0.5852,1,0,0,0,1,0
TXN0001671,M0082,277.64,card,web,IN-WB,1755,450,5,8,129.0,0.5066,5,0,0,0,0,1
TXN0001672,M0177,178.15,upi,android,IN-MH,1661,1017,3,8,22.9,0.4147,1,0,0,0,1,0
TXN0001673,M0373,1185.66,netbanking,web,IN-KA,1022,84,3,7,21.7,0.2394,1,0,0,0,0,0
TXN0001674,M0279,236.36,upi,web,IN-KA,1054,552,3,10,98.7,0.4743,2,1,0,0,1,1
TXN0001675,M0074,122.45,upi,web,IN-DL,949,384,3,7,86.9,0.3096,2,0,0,0,0,0
TXN0001676,M0107,280.02,upi,android,IN-TN,574,361,1,4,24.2,0.5676,0,0,0,0,1,0
TXN0001677,M0014,567.81,netbanking,ios,IN-KA,1216,1243,1,10,71.6,0.4643,4,0,0,0,0,1
TXN0001678,M0143,547.28,upi,android,IN-UP,1086,1477,2,2,73.1,0.6078,0,0,0,0,0,0
TXN0001679,M0230,60.76,upi,web,IN-TN,396,124,5,12,19.5,0.4493,3,0,0,0,0,0
TXN0001680,M0326,530.21,netbanking,android,IN-WB,1546,441,3,14,30.6,0.249,0,0,0,0,0,1
TXN0001681,M0282,358.63,card,android,IN-KA,700,795,5,14,116.6,0.2774,1,0,0,0,0,0
TXN0001682,M0255,127.42,card,android,IN-UP,836,175,2,6,85.2,0.1224,0,0,0,0,0,0
TXN0001683,M0274,78.93,wallet,web,IN-WB,1489,710,1,8,72.2,0.4467,3,0,0,0,0,0
TXN0001684,M0305,752.23,upi,android,IN-MH,1098,1206,0,2,97.8,0.2394,2,0,0,0,1,1
TXN0001685,M0316,830.3,netbanking,android,IN-TN,198,503,3,8,76.1,0.3913,0,0,0,0,0,0
TXN0001686,M0201,865.0,upi,android,IN-WB,566,573,5,11,92.0,0.1344,1,0,0,0,0,0
TXN0001687,M0187,48.67,card,web,IN-WB,826,604,3,6,12.2,0.1438,2,1,0,0,0,0
TXN0001688,M0109,145.96,card,api,IN-UP,1317,311,0,5,112.3,0.2181,1,0,0,0,0,0
TXN0001689,M0249,190.55,upi,android,IN-GJ,568,1152,4,8,42.6,0.3353,3,0,0,0,0,0
TXN0001690,M0042,808.71,card,web,IN-WB,846,1164,3,7,33.8,0.152,1,0,0,0,0,0
TXN0001691,M0209,403.65,upi,api,IN-TN,1048,660,4,14,93.3,0.3595,1,0,0,0,0,1
TXN0001692,M0253,143.9,upi,ios,IN-KA,969,609,5,12,59.6,0.3292,3,0,0,0,0,0
TXN0001693,M0124,211.65,netbanking,android,IN-WB,341,454,3,7,29.7,0.2862,2,0,0,0,0,0
TXN0001694,M0099,367.51,card,ios,IN-WB,905,469,6,13,124.0,0.3227,2,0,0,0,1,1
TXN0001695,M0147,380.18,card,ios,IN-WB,1670,35,5,8,52.0,0.2926,0,0,0,0,0,1
TXN0001696,M0301,966.3,upi,ios,IN-MH,1185,202,2,3,32.4,0.2303,2,1,0,0,0,0
TXN0001697,M0103,772.38,card,web,IN-MH,1425,686,3,10,38.7,0.4192,0,0,0,0,0,0
TXN0001698,M0011,626.42,card,web,IN-GJ,1309,1183,8,17,130.1,0.2313,1,0,0,0,0,1
TXN0001699,M0391,83.83,wallet,android,IN-GJ,147,890,2,6,39.8,0.3077,3,0,0,0,1,1
TXN0001700,M0305,89.13,card,ios,IN-MH,827,146,5,11,21.8,0.4757,1,0,0,0,0,0
TXN0001701,M0164,66.83,netbanking,web,IN-TN,587,266,4,11,20.7,0.2926,0,0,0,0,0,0
TXN0001702,M0315,274.82,card,ios,IN-KA,903,76,4,12,98.7,0.2061,0,0,0,0,0,0
TXN0001703,M0125,112.55,upi,web,IN-DL,78,1432,3,6,68.7,0.3037,2,0,0,0,0,1
TXN0001704,M0228,326.57,upi,web,IN-TN,411,112,4,6,13.6,0.0821,3,0,0,0,1,1
TXN0001705,M0170,377.28,upi,android,IN-MH,222,1476,4,8,21.2,0.4174,2,0,0,0,0,0
TXN0001706,M0261,230.3,upi,android,IN-TN,96,738,5,9,118.5,0.43,1,0,0,0,0,0
TXN0001707,M0294,445.86,netbanking,web,IN-GJ,763,1243,3,9,36.3,0.3639,1,1,0,0,0,0
TXN0001708,M0273,97.25,card,ios,IN-KA,1407,721,2,6,66.9,0.2178,0,0,0,0,0,0
TXN0001709,M0006,42.3,upi,web,IN-TN,593,871,4,14,40.5,0.3255,4,0,0,0,0,1
TXN0001710,M0068,91.57,upi,ios,IN-KA,1401,654,6,11,59.5,0.1745,2,0,0,0,0,0
TXN0001711,M0033,428.74,card,ios,IN-UP,937,940,3,7,83.9,0.3161,1,0,0,0,0,1
TXN0001712,M0110,1168.73,upi,ios,IN-TN,1207,812,1,8,43.6,0.2231,0,0,0,0,1,0
TXN0001713,M0103,815.31,upi,android,IN-TN,524,998,2,6,80.7,0.1233,0,0,0,0,0,0
TXN0001714,M0297,152.31,card,ios,IN-DL,757,1451,1,5,19.4,0.2794,2,0,0,0,0,0
TXN0001715,M0115,486.54,card,android,IN-GJ,598,517,2,5,107.8,0.2347,2,0,0,0,1,1
TXN0001716,M0297,46.55,upi,web,IN-UP,758,1225,5,11,49.8,0.4075,1,0,0,0,0,0
TXN0001717,M0152,877.73,card,web,IN-KA,1724,456,6,15,72.5,0.3976,3,0,0,0,0,0
TXN0001718,M0164,316.2,upi,web,IN-MH,205,1056,2,12,25.4,0.5444,2,1,0,0,0,0
TXN0001719,M0228,412.86,netbanking,android,IN-MH,1574,236,4,8,88.6,0.1816,1,1,0,0,1,1
TXN0001720,M0072,27.69,card,web,IN-TN,1659,285,1,6,39.0,0.4026,1,0,0,0,1,0
TXN0001721,M0010,298.21,wallet,ios,IN-WB,25,115,2,5,6.5,0.2447,1,0,0,0,0,0
TXN0001722,M0125,1189.2,upi,ios,IN-DL,730,775,2,5,67.1,0.1812,0,0,0,0,0,0
TXN0001723,M0011,253.12,upi,android,IN-WB,1084,556,1,3,6.6,0.2072,1,1,0,0,0,0
TXN0001724,M0279,172.13,netbanking,ios,IN-TN,540,960,0,6,51.1,0.4871,3,0,0,0,1,0
TXN0001725,M0274,146.18,upi,web,IN-WB,256,30,1,7,97.1,0.1346,0,0,0,0,0,0
TXN0001726,M0088,91.86,card,api,IN-WB,703,77,1,3,76.7,0.2222,0,0,0,0,0,0
TXN0001727,M0235,206.71,card,api,IN-WB,1421,1477,2,8,129.2,0.2883,2,0,0,0,1,0
TXN0001728,M0360,56.0,netbanking,api,IN-KA,863,1301,4,8,13.7,0.5485,3,0,0,0,0,0
TXN0001729,M0061,296.68,upi,android,IN-DL,1504,817,1,7,38.1,0.1149,1,0,0,0,0,0
TXN0001730,M0358,573.95,card,web,IN-GJ,666,691,3,8,52.2,0.1502,2,0,0,0,0,0
TXN0001731,M0062,123.11,card,web,IN-GJ,1189,512,4,12,77.5,0.172,0,0,0,0,0,0
TXN0001732,M0304,277.7,card,android,IN-DL,1396,754,3,5,12.0,0.26,1,1,0,0,0,0
TXN0001733,M0295,177.51,card,ios,IN-KA,1212,1039,2,7,193.4,0.388,2,0,0,0,0,0
TXN0001734,M0117,280.86,upi,web,IN-UP,803,802,3,8,46.5,0.3643,0,0,0,0,0,0
TXN0001735,M0274,470.27,upi,api,IN-TN,1532,1220,1,7,50.7,0.1939,0,0,0,0,0,0
TXN0001736,M0205,286.46,upi,web,IN-KA,302,298,3,11,40.2,0.3972,1,0,0,0,0,0
TXN0001737,M0066,447.36,upi,web,IN-WB,184,221,4,10,26.4,0.5387,2,0,0,0,0,0
TXN0001738,M0295,318.86,upi,api,IN-DL,65,564,1,6,26.3,0.1885,1,0,0,0,1,0
TXN0001739,M0249,448.63,wallet,android,IN-WB,1274,572,1,10,199.4,0.5235,4,0,0,0,0,0
TXN0001740,M0173,259.63,netbanking,web,IN-KA,635,1400,4,11,116.5,0.1546,2,0,0,0,0,0
TXN0001741,M0359,263.56,netbanking,android,IN-KA,216,348,4,9,20.6,0.5329,1,0,0,0,0,0
TXN0001742,M0195,377.91,card,ios,IN-DL,346,608,3,12,33.3,0.4208,0,0,0,0,0,0
TXN0001743,M0246,176.02,card,ios,IN-DL,77,429,4,11,64.1,0.122,0,0,0,0,0,0
TXN0001744,M0065,296.74,card,ios,IN-KA,741,576,4,12,60.2,0.4705,1,1,0,0,0,1
TXN0001745,M0042,77.6,card,android,IN-KA,1149,661,0,7,116.7,0.3924,1,0,0,0,1,0
TXN0001746,M0384,30.89,upi,android,IN-DL,462,1190,2,7,53.7,0.1483,2,0,0,0,0,0
TXN0001747,M0032,207.45,card,web,IN-MH,490,1419,2,8,143.7,0.1626,0,0,0,0,0,0
TXN0001748,M0240,85.08,upi,web,IN-MH,1748,598,2,6,75.4,0.1904,2,0,0,0,0,0
TXN0001749,M0367,1303.07,card,android,IN-MH,83,1186,3,6,196.2,0.2541,1,0,0,0,0,1
TXN0001750,M0394,84.83,netbanking,android,IN-MH,1513,420,3,6,58.3,0.294,1,0,0,0,0,0
TXN0001751,M0163,405.2,card,web,IN-KA,114,1323,1,7,89.1,0.332,0,0,0,0,0,0
TXN0001752,M0387,92.59,upi,android,IN-MH,1417,945,0,6,86.4,0.3946,1,0,0,0,0,1
TXN0001753,M0378,183.89,wallet,web,IN-TN,1763,948,4,12,10.5,0.5778,1,0,0,0,0,1
TXN0001754,M0036,61.59,netbanking,web,IN-GJ,548,809,2,12,33.4,0.5149,2,0,0,0,0,0
TXN0001755,M0083,56.12,card,android,IN-UP,402,232,4,13,50.0,0.104,1,0,0,0,0,0
TXN0001756,M0340,250.33,card,android,IN-KA,426,1446,2,10,70.4,0.2071,1,0,0,0,0,0
TXN0001757,M0285,126.44,netbanking,android,IN-MH,734,615,2,9,28.1,0.511,1,0,0,0,0,0
TXN0001758,M0320,395.13,wallet,android,IN-GJ,482,1093,0,5,60.1,0.5022,0,0,0,0,0,0
TXN0001759,M0118,654.87,upi,web,IN-WB,480,327,1,6,331.9,0.3674,0,0,0,0,0,0
TXN0001760,M0344,38.18,card,ios,IN-TN,302,698,2,14,79.4,0.4251,4,0,0,0,1,0
TXN0001761,M0322,536.84,upi,web,IN-KA,1683,411,3,12,26.7,0.2394,4,1,0,0,0,1
TXN0001762,M0114,68.83,upi,android,IN-WB,531,136,1,4,51.4,0.1928,0,0,0,0,0,0
TXN0001763,M0152,129.01,card,web,IN-TN,133,1157,2,6,42.3,0.1943,0,0,0,0,0,0
TXN0001764,M0303,44.3,card,web,IN-DL,566,1431,2,7,37.5,0.2903,2,0,0,0,0,0
TXN0001765,M0382,45.65,upi,web,IN-UP,978,1223,2,5,21.6,0.12,1,0,0,0,0,0
TXN0001766,M0034,25.73,netbanking,ios,IN-UP,208,983,4,11,23.9,0.4653,0,0,0,0,0,0
TXN0001767,M0268,120.12,netbanking,web,IN-GJ,860,1209,4,16,49.7,0.4229,3,0,0,0,0,1
TXN0001768,M0173,191.37,card,api,IN-DL,1778,1307,3,8,59.7,0.3374,1,0,0,0,0,0
TXN0001769,M0175,124.15,card,ios,IN-DL,1246,231,1,9,57.0,0.3036,1,0,0,0,0,0
TXN0001770,M0211,30.03,card,android,IN-WB,621,1062,3,10,45.0,0.2406,0,0,0,0,0,0
TXN0001771,M0356,25.43,card,android,IN-DL,1617,408,4,13,18.8,0.2608,1,0,0,0,0,0
TXN0001772,M0096,181.83,card,web,IN-DL,595,596,1,6,82.6,0.1617,0,0,0,0,0,0
TXN0001773,M0219,396.23,card,web,IN-UP,1,1135,3,9,33.4,0.2263,2,0,0,1,0,0
TXN0001774,M0113,230.61,netbanking,web,IN-MH,430,849,4,8,111.0,0.1055,0,0,0,0,0,0
TXN0001775,M0364,1165.45,upi,ios,IN-DL,30,63,3,11,88.8,0.2224,0,0,0,0,0,0
TXN0001776,M0116,173.27,upi,ios,IN-GJ,890,1410,4,6,78.4,0.2454,2,0,0,0,1,0
TXN0001777,M0302,246.75,upi,web,IN-GJ,679,71,6,14,109.3,0.4177,0,0,0,0,0,0
TXN0001778,M0019,176.26,card,ios,IN-KA,124,773,4,10,33.2,0.4004,2,0,0,0,0,0
TXN0001779,M0357,82.39,wallet,api,IN-TN,723,488,4,8,143.9,0.2785,4,0,0,0,0,1
TXN0001780,M0019,152.74,card,ios,IN-UP,345,705,2,7,63.7,0.2294,2,0,0,0,1,0
TXN0001781,M0183,416.32,card,android,IN-WB,1602,911,1,9,17.6,0.1257,2,0,0,0,1,0
TXN0001782,M0203,432.91,upi,ios,IN-UP,1085,1354,1,11,37.9,0.3986,0,0,0,0,1,0
TXN0001783,M0134,257.37,upi,web,IN-UP,502,534,1,9,41.4,0.1593,0,0,0,0,0,0
TXN0001784,M0207,875.88,wallet,web,IN-GJ,1354,1183,1,5,46.4,0.3675,1,0,0,0,0,0
TXN0001785,M0329,284.42,upi,android,IN-GJ,1527,686,2,4,26.4,0.1709,1,0,0,0,0,1
TXN0001786,M0372,249.56,wallet,ios,IN-DL,1386,235,2,4,12.4,0.3202,2,0,0,0,0,0
TXN0001787,M0038,808.48,card,web,IN-TN,161,186,8,13,159.0,0.3504,2,0,0,0,0,0
TXN0001788,M0072,88.05,card,web,IN-TN,903,803,1,9,72.3,0.2901,0,0,0,0,1,0
TXN0001789,M0263,750.69,card,web,IN-MH,140,20,1,6,30.7,0.1456,1,0,0,0,0,0
TXN0001790,M0146,67.97,card,ios,IN-TN,1125,187,3,9,77.8,0.3204,1,0,0,0,0,0
TXN0001791,M0019,137.96,wallet,api,IN-KA,1341,523,6,10,20.3,0.4146,3,0,0,0,0,0
TXN0001792,M0346,28.69,card,api,IN-MH,47,563,2,4,59.6,0.3153,2,0,0,0,0,0
TXN0001793,M0123,231.41,upi,android,IN-UP,1372,371,3,8,173.4,0.2107,1,0,0,0,0,0
TXN0001794,M0372,677.6,card,android,IN-WB,439,1405,2,5,57.9,0.3745,1,0,0,0,1,0
TXN0001795,M0312,70.47,upi,web,IN-MH,170,887,5,7,87.5,0.1997,1,0,0,0,0,0
TXN0001796,M0345,135.66,card,web,IN-TN,507,1175,2,7,139.3,0.4585,0,0,0,0,0,0
TXN0001797,M0394,144.22,upi,web,IN-MH,1787,226,2,8,86.6,0.2315,1,0,0,0,0,0
TXN0001798,M0208,145.16,card,android,IN-KA,522,546,0,6,24.5,0.3346,0,0,0,0,0,0
TXN0001799,M0030,63.12,card,web,IN-TN,145,1159,3,7,70.9,0.2779,0,1,0,0,0,0
TXN0001800,M0355,186.88,upi,ios,IN-UP,138,866,1,6,12.6,0.1154,0,0,0,0,0,0
TXN0001801,M0001,865.2,wallet,api,IN-TN,1591,570,2,5,5.2,0.3343,0,0,0,0,0,0
TXN0001802,M0097,109.08,wallet,android,IN-KA,1177,903,0,10,94.2,0.4674,2,0,0,0,1,0
TXN0001803,M0006,226.6,netbanking,web,IN-WB,349,1165,3,11,25.5,0.1612,1,0,0,0,0,0
TXN0001804,M0384,224.79,upi,android,IN-UP,1134,375,1,5,44.4,0.3525,0,0,0,0,0,0
TXN0001805,M0205,121.18,upi,api,IN-WB,40,1129,3,8,3.2,0.2841,2,0,0,0,0,0
TXN0001806,M0104,237.75,upi,api,IN-TN,1228,1054,3,8,36.0,0.6017,1,0,0,0,0,0
TXN0001807,M0197,122.99,card,android,IN-GJ,1538,1341,1,6,23.0,0.2493,1,0,0,0,1,0
TXN0001808,M0140,273.3,card,web,IN-UP,1406,1197,3,9,97.0,0.2315,1,0,0,0,1,0
TXN0001809,M0100,167.75,card,ios,IN-TN,332,1127,2,10,64.9,0.3299,1,0,0,0,0,0
TXN0001810,M0229,44.13,card,android,IN-KA,634,900,3,9,102.0,0.41,1,0,0,0,0,0
TXN0001811,M0379,29.78,card,ios,IN-GJ,953,875,1,6,34.5,0.1992,4,0,0,0,0,0
TXN0001812,M0128,21.22,card,ios,IN-WB,138,1228,2,5,40.7,0.3111,3,0,0,0,0,0
TXN0001813,M0042,119.44,card,api,IN-UP,1488,982,2,6,109.0,0.2605,2,0,0,0,0,0
TXN0001814,M0317,413.08,card,android,IN-GJ,1093,973,6,11,68.1,0.4187,1,0,0,0,0,0
TXN0001815,M0291,86.74,card,api,IN-MH,279,328,3,7,26.1,0.3173,1,0,0,0,0,0
TXN0001816,M0008,140.62,netbanking,web,IN-GJ,1351,884,3,5,33.0,0.2253,2,0,0,0,0,0
TXN0001817,M0363,93.61,upi,api,IN-UP,1334,1242,3,7,42.8,0.3208,2,0,0,0,0,0
TXN0001818,M0356,78.1,wallet,android,IN-UP,289,183,2,8,57.3,0.2105,1,0,0,0,0,0
TXN0001819,M0210,1628.73,card,api,IN-KA,957,472,4,12,24.0,0.5154,1,0,0,0,0,1
TXN0001820,M0137,81.04,upi,android,IN-WB,567,1288,3,8,72.4,0.3647,4,0,0,0,1,0
TXN0001821,M0006,46.56,netbanking,ios,IN-UP,461,248,3,10,91.1,0.3555,3,0,0,0,1,0
TXN0001822,M0007,73.55,upi,android,IN-DL,1450,865,4,6,103.8,0.2612,5,0,0,0,1,0
TXN0001823,M0319,193.97,upi,api,IN-KA,75,359,3,7,46.5,0.1764,0,0,0,0,0,0
TXN0001824,M0133,101.44,card,api,IN-UP,767,1395,2,7,31.6,0.1848,0,0,0,0,0,0
TXN0001825,M0124,239.58,card,ios,IN-TN,474,371,0,3,81.7,0.5189,1,0,0,0,0,0
TXN0001826,M0194,86.72,card,web,IN-WB,594,187,1,13,13.0,0.2128,1,0,0,0,0,0
TXN0001827,M0394,99.98,card,web,IN-KA,765,738,2,6,78.5,0.2149,3,0,0,0,0,0
TXN0001828,M0102,88.73,card,api,IN-MH,1043,1227,0,8,87.0,0.2642,1,0,0,0,0,0
TXN0001829,M0139,164.28,upi,android,IN-TN,662,1427,1,7,21.8,0.1883,2,0,0,0,0,0
TXN0001830,M0379,367.42,netbanking,web,IN-DL,981,1170,2,12,94.8,0.3803,4,0,0,0,0,1
TXN0001831,M0100,408.36,card,ios,IN-WB,1290,397,4,12,70.4,0.2693,0,0,0,0,1,0
TXN0001832,M0057,735.45,wallet,ios,IN-GJ,321,256,3,14,33.9,0.3141,1,0,0,0,1,0
TXN0001833,M0105,48.45,card,api,IN-WB,738,1390,2,9,66.9,0.1935,3,0,0,0,0,0
TXN0001834,M0179,63.63,upi,android,IN-UP,966,1293,1,11,88.8,0.2914,0,0,0,0,0,0
TXN0001835,M0159,71.83,upi,api,IN-KA,685,720,1,7,70.8,0.075,2,0,0,0,0,0
TXN0001836,M0162,179.4,upi,api,IN-KA,999,80,2,6,68.1,0.3559,1,0,0,0,1,0
TXN0001837,M0133,61.3,card,api,IN-WB,1462,151,4,17,13.6,0.3512,1,0,0,0,0,0
TXN0001838,M0370,90.37,upi,web,IN-WB,1100,1207,3,9,22.2,0.2935,3,0,0,0,0,0
TXN0001839,M0129,356.89,upi,web,IN-DL,835,925,0,2,111.8,0.2873,0,0,0,0,1,0
TXN0001840,M0159,524.81,card,ios,IN-MH,1194,476,3,7,24.3,0.2369,0,0,0,0,0,0
TXN0001841,M0058,359.95,netbanking,android,IN-MH,1773,1455,2,5,66.1,0.1659,3,1,0,0,1,0
TXN0001842,M0016,248.01,upi,android,IN-MH,32,144,3,9,36.6,0.1743,2,0,0,0,1,0
TXN0001843,M0032,92.79,wallet,web,IN-MH,1034,1158,5,11,87.6,0.2657,0,0,0,0,1,0
TXN0001844,M0060,183.87,upi,android,IN-UP,10,1100,0,7,81.5,0.1787,1,0,0,1,0,0
TXN0001845,M0137,563.21,card,web,IN-TN,1687,1126,5,11,24.3,0.1693,1,0,0,0,0,1
TXN0001846,M0357,348.8,card,web,IN-WB,1323,116,2,11,25.7,0.2281,0,0,0,0,0,0
TXN0001847,M0187,435.98,upi,ios,IN-TN,1588,482,0,10,117.4,0.3109,0,0,0,0,0,0
TXN0001848,M0140,465.73,upi,android,IN-KA,1029,1242,4,9,53.3,0.2244,1,0,0,0,0,0
TXN0001849,M0326,129.67,upi,ios,IN-GJ,745,1057,2,9,71.7,0.3618,0,0,0,0,0,0
TXN0001850,M0387,339.24,card,web,IN-GJ,9,887,2,8,12.1,0.327,0,0,0,1,0,0
TXN0001851,M0091,123.12,upi,web,IN-UP,1103,402,6,13,30.0,0.248,1,0,0,0,0,0
TXN0001852,M0065,326.4,upi,android,IN-KA,1634,849,4,9,93.9,0.2431,0,0,0,0,0,0
TXN0001853,M0080,613.8,wallet,web,IN-DL,254,506,1,3,9.5,0.1972,0,0,0,0,1,0
TXN0001854,M0024,851.32,upi,web,IN-TN,440,1238,3,7,85.1,0.5039,3,0,0,0,0,0
TXN0001855,M0221,326.25,card,ios,IN-WB,949,1094,3,7,36.2,0.1885,1,0,0,0,0,0
TXN0001856,M0212,266.9,netbanking,android,IN-DL,960,286,1,6,30.3,0.6886,2,0,0,0,0,0
TXN0001857,M0149,721.05,upi,web,IN-UP,763,1291,1,1,14.4,0.1938,2,0,0,0,0,0
TXN0001858,M0122,75.82,wallet,web,IN-MH,266,276,3,9,37.5,0.4304,0,0,0,0,0,0
TXN0001859,M0061,764.17,card,web,IN-TN,871,1110,3,6,65.2,0.1327,2,0,0,0,1,0
TXN0001860,M0297,205.13,netbanking,ios,IN-GJ,907,1017,3,10,16.4,0.3826,1,1,0,0,0,0
TXN0001861,M0025,206.64,card,api,IN-UP,332,253,3,8,62.3,0.2676,0,0,0,0,0,0
TXN0001862,M0121,114.67,netbanking,android,IN-WB,1094,132,3,13,19.4,0.2244,2,0,0,0,1,1
TXN0001863,M0397,55.69,upi,android,IN-MH,1559,1474,4,8,50.5,0.1496,1,0,0,0,0,0
TXN0001864,M0068,784.1,netbanking,ios,IN-UP,157,1493,2,6,170.2,0.1684,1,0,0,0,1,0
TXN0001865,M0272,269.61,upi,web,IN-GJ,144,882,0,4,45.5,0.1691,0,0,0,0,0,0
TXN0001866,M0071,124.43,upi,ios,IN-KA,1021,2,2,8,102.5,0.3294,1,1,1,0,1,0
TXN0001867,M0156,255.43,card,android,IN-UP,1406,209,3,11,57.2,0.409,1,0,0,0,0,0
TXN0001868,M0273,128.55,card,web,IN-MH,184,935,4,10,16.4,0.3543,2,0,0,0,1,0
TXN0001869,M0308,32.73,upi,ios,IN-WB,1699,430,1,5,163.8,0.1902,0,0,0,0,0,0
TXN0001870,M0231,150.64,upi,web,IN-MH,858,1329,2,4,82.8,0.2581,0,0,0,0,1,0
TXN0001871,M0372,44.08,upi,web,IN-WB,192,1126,3,7,26.8,0.323,0,0,0,0,1,0
TXN0001872,M0017,228.33,upi,api,IN-WB,805,1255,2,9,55.8,0.1743,1,0,0,0,0,0
TXN0001873,M0266,879.06,card,android,IN-TN,781,986,3,5,83.5,0.1769,1,0,0,0,0,0
TXN0001874,M0059,94.79,wallet,web,IN-GJ,703,1453,1,5,8.2,0.5998,2,1,0,0,1,0
TXN0001875,M0019,396.98,upi,web,IN-KA,1053,1405,7,11,37.7,0.1985,1,0,0,0,0,0
TXN0001876,M0400,94.92,card,ios,IN-WB,444,1161,3,10,136.7,0.3839,0,0,0,0,1,0
TXN0001877,M0336,176.36,upi,android,IN-MH,1784,1445,5,15,96.0,0.4517,0,0,0,0,0,0
TXN0001878,M0301,74.81,card,ios,IN-UP,515,1125,3,6,8.6,0.1817,0,0,0,0,1,0
TXN0001879,M0216,334.38,upi,web,IN-WB,1557,59,3,9,33.1,0.3991,1,0,0,0,0,0
TXN0001880,M0183,691.89,upi,ios,IN-GJ,1473,1041,2,15,88.7,0.5773,5,0,0,0,0,0
TXN0001881,M0342,218.2,wallet,android,IN-UP,746,958,4,12,24.7,0.5803,0,0,0,0,0,0
TXN0001882,M0235,307.51,wallet,android,IN-UP,347,764,5,8,23.0,0.2527,2,0,0,0,0,1
TXN0001883,M0067,306.93,upi,web,IN-UP,1742,287,4,11,100.7,0.1561,1,0,0,0,0,0
TXN0001884,M0309,140.38,card,web,IN-UP,1031,170,2,14,16.1,0.317,4,0,0,0,0,0
TXN0001885,M0241,665.37,upi,ios,IN-TN,596,927,3,6,52.6,0.1874,1,0,0,0,1,0
TXN0001886,M0124,107.26,upi,android,IN-MH,272,127,6,15,86.4,0.3256,2,0,0,0,0,0
TXN0001887,M0354,37.36,card,web,IN-UP,612,1152,2,7,30.1,0.3419,3,0,0,0,1,0
TXN0001888,M0376,71.63,card,android,IN-KA,1174,1489,3,5,225.1,0.1634,2,0,0,0,0,0
TXN0001889,M0189,333.18,upi,api,IN-UP,911,636,3,6,121.7,0.0592,1,0,0,0,1,0
TXN0001890,M0218,122.24,card,web,IN-UP,120,1051,5,13,190.2,0.243,2,0,0,0,0,0
TXN0001891,M0246,197.51,upi,web,IN-KA,1403,201,4,14,25.9,0.2976,2,0,0,0,0,0
TXN0001892,M0323,141.8,card,web,IN-WB,578,49,2,10,69.1,0.2831,3,0,0,0,0,0
TXN0001893,M0237,215.69,upi,web,IN-KA,346,486,4,14,81.3,0.3999,1,0,0,0,0,0
TXN0001894,M0346,537.17,card,web,IN-GJ,1259,1123,3,8,65.9,0.234,0,0,0,0,0,0
TXN0001895,M0173,827.57,netbanking,ios,IN-WB,1336,369,6,14,116.2,0.2529,2,1,0,0,0,1
TXN0001896,M0249,68.28,netbanking,ios,IN-GJ,1479,335,0,7,18.1,0.1934,6,0,0,0,0,0
TXN0001897,M0394,457.14,upi,web,IN-GJ,5,455,3,8,126.6,0.0949,1,0,0,1,0,0
TXN0001898,M0285,219.13,upi,ios,IN-GJ,697,1467,3,3,93.9,0.1464,0,0,0,0,0,0
TXN0001899,M0360,52.97,card,android,IN-UP,473,1274,2,10,59.8,0.4031,2,0,0,0,0,1
TXN0001900,M0022,295.07,wallet,web,IN-KA,1045,540,1,3,42.3,0.1783,0,1,0,0,0,0
TXN0001901,M0204,1143.03,netbanking,web,IN-DL,1754,654,2,4,36.0,0.2299,1,0,0,0,1,0
TXN0001902,M0023,86.05,netbanking,ios,IN-UP,216,1278,4,11,28.6,0.413,4,0,0,0,1,0
TXN0001903,M0230,143.2,upi,api,IN-MH,1181,867,1,5,69.3,0.3358,2,0,0,0,1,0
TXN0001904,M0060,36.13,card,web,IN-TN,800,220,3,16,28.6,0.2467,0,0,0,0,0,0
TXN0001905,M0293,160.16,netbanking,web,IN-GJ,833,666,2,10,7.6,0.4561,1,0,0,0,1,0
TXN0001906,M0163,211.27,card,web,IN-UP,1695,886,0,3,102.5,0.3454,0,0,0,0,0,0
TXN0001907,M0068,1295.66,netbanking,api,IN-DL,1317,1049,4,8,224.6,0.2697,1,0,0,0,0,0
TXN0001908,M0280,70.71,card,android,IN-GJ,171,8,1,7,121.5,0.4477,3,1,0,0,0,0
TXN0001909,M0141,471.95,card,api,IN-DL,784,428,3,11,31.3,0.3268,0,1,0,0,0,0
TXN0001910,M0379,243.14,netbanking,android,IN-WB,1336,82,2,8,42.5,0.0849,0,0,0,0,0,0
TXN0001911,M0146,1680.82,upi,android,IN-WB,192,1265,2,6,22.6,0.2095,0,0,0,0,0,0
TXN0001912,M0213,214.47,card,android,IN-TN,911,326,3,13,54.2,0.2399,2,0,0,0,0,0
TXN0001913,M0021,170.98,card,android,IN-WB,896,594,3,11,107.0,0.3235,4,0,0,0,0,0
TXN0001914,M0027,419.71,card,web,IN-GJ,133,1184,2,11,51.3,0.2881,3,0,0,0,1,1
TXN0001915,M0343,293.49,netbanking,android,IN-DL,1719,771,3,14,234.8,0.5033,1,0,0,0,0,0
TXN0001916,M0324,458.81,upi,ios,IN-DL,666,621,4,10,10.1,0.1998,0,0,0,0,0,0
TXN0001917,M0117,315.52,netbanking,ios,IN-GJ,491,611,4,8,81.5,0.4244,2,0,0,0,0,1
TXN0001918,M0148,41.16,upi,android,IN-UP,161,156,2,9,137.9,0.528,1,0,0,0,0,0
TXN0001919,M0223,303.41,card,web,IN-MH,96,582,3,10,64.7,0.1542,0,0,0,0,0,1
TXN0001920,M0236,296.43,card,android,IN-MH,353,290,1,7,30.4,0.2971,1,0,0,0,1,0
TXN0001921,M0370,85.91,upi,android,IN-MH,1334,609,3,8,59.3,0.3941,0,0,0,0,0,0
TXN0001922,M0163,240.46,card,api,IN-UP,483,382,4,6,55.7,0.4993,0,0,0,0,0,0
TXN0001923,M0141,28.71,wallet,android,IN-UP,818,1226,5,12,27.9,0.2407,1,0,0,0,1,1
TXN0001924,M0368,232.35,upi,android,IN-KA,1191,816,1,5,46.3,0.552,1,0,0,0,0,1
TXN0001925,M0026,356.99,upi,web,IN-KA,603,1387,2,7,118.3,0.0904,1,0,0,0,0,0
TXN0001926,M0253,469.87,upi,web,IN-UP,733,477,5,11,108.5,0.1889,0,0,0,0,0,1
TXN0001927,M0261,362.75,card,android,IN-GJ,878,1359,2,15,29.8,0.5018,3,0,0,0,0,0
TXN0001928,M0266,74.2,netbanking,ios,IN-WB,1627,516,4,14,60.3,0.4719,0,0,0,0,0,0
TXN0001929,M0061,41.58,upi,ios,IN-WB,1674,1082,0,8,55.4,0.2655,2,0,0,0,0,0
TXN0001930,M0154,461.35,wallet,ios,IN-GJ,522,1209,2,7,60.7,0.1202,2,0,0,0,0,0
TXN0001931,M0325,269.85,wallet,android,IN-WB,451,160,1,4,76.4,0.4521,0,0,0,0,1,0
TXN0001932,M0184,294.75,upi,android,IN-TN,728,1335,4,11,124.1,0.1717,3,0,0,0,0,0
TXN0001933,M0396,967.03,card,api,IN-TN,361,93,0,5,47.7,0.19,2,0,0,0,0,0
TXN0001934,M0007,36.08,netbanking,android,IN-WB,1023,659,2,3,170.3,0.1492,0,1,0,0,1,0
TXN0001935,M0212,1092.28,card,api,IN-UP,961,527,3,5,40.0,0.1428,2,0,0,0,0,0
TXN0001936,M0213,102.59,netbanking,ios,IN-MH,838,1108,5,11,23.1,0.2235,2,0,0,0,0,0
TXN0001937,M0315,410.71,upi,android,IN-WB,834,787,5,16,9.9,0.3738,1,0,0,0,0,1
TXN0001938,M0090,177.65,card,web,IN-UP,1546,738,2,4,73.7,0.542,2,0,0,0,0,0
TXN0001939,M0056,127.39,card,web,IN-TN,270,1293,4,7,162.3,0.4161,2,0,0,0,0,0
TXN0001940,M0236,39.81,card,web,IN-WB,1379,1434,2,4,50.0,0.2551,1,0,0,0,0,0
TXN0001941,M0100,91.89,wallet,api,IN-MH,1045,1349,1,11,84.9,0.3425,1,0,0,0,1,0
TXN0001942,M0064,287.14,card,api,IN-GJ,1427,1059,4,8,90.3,0.1091,0,0,0,0,0,0
TXN0001943,M0244,256.72,wallet,api,IN-GJ,1034,1114,2,9,169.6,0.138,0,0,0,0,0,0
TXN0001944,M0013,466.37,card,api,IN-GJ,1388,1099,2,7,156.7,0.3992,3,1,0,0,0,0
TXN0001945,M0128,90.14,card,ios,IN-WB,1090,1384,4,10,111.0,0.5179,0,0,0,0,0,0
TXN0001946,M0381,379.84,upi,ios,IN-MH,1281,989,0,5,121.6,0.3651,3,0,0,0,0,0
TXN0001947,M0105,192.31,card,web,IN-KA,744,554,2,5,65.5,0.3135,0,0,0,0,0,0
TXN0001948,M0222,338.92,card,web,IN-MH,1609,659,2,5,52.8,0.483,2,0,0,0,0,0
TXN0001949,M0376,300.71,card,android,IN-DL,522,346,3,8,17.2,0.3625,1,0,0,0,0,0
TXN0001950,M0380,112.33,upi,web,IN-TN,1291,266,2,10,14.7,0.4581,0,0,0,0,0,0
TXN0001951,M0076,231.63,wallet,android,IN-UP,591,1254,3,10,119.1,0.2937,1,0,0,0,1,0
TXN0001952,M0108,285.39,upi,ios,IN-KA,1424,1320,3,6,47.2,0.3525,0,0,0,0,0,0
TXN0001953,M0379,395.22,card,android,IN-WB,1502,218,2,7,167.0,0.3867,1,0,0,0,0,0
TXN0001954,M0156,810.87,upi,api,IN-UP,333,1029,5,12,51.2,0.1725,3,0,0,0,0,0
TXN0001955,M0347,95.45,upi,ios,IN-KA,1125,17,7,12,28.6,0.4787,2,0,0,0,0,0
TXN0001956,M0094,56.07,netbanking,web,IN-UP,950,62,0,3,39.5,0.1255,0,0,0,0,0,0
TXN0001957,M0191,651.72,card,web,IN-MH,717,753,1,9,100.8,0.6172,0,0,0,0,0,0
TXN0001958,M0370,49.73,upi,web,IN-WB,503,1482,4,8,62.0,0.3579,1,0,0,0,0,0
TXN0001959,M0258,506.0,upi,web,IN-MH,1104,1036,3,10,25.0,0.2256,1,0,0,0,1,0
TXN0001960,M0132,72.51,card,web,IN-MH,1482,355,4,9,38.1,0.4458,1,0,0,0,1,0
TXN0001961,M0072,95.9,card,web,IN-KA,629,1468,2,4,85.8,0.479,2,0,0,0,1,0
TXN0001962,M0395,166.31,upi,ios,IN-MH,602,197,3,18,10.2,0.3827,1,0,0,0,0,1
TXN0001963,M0357,42.16,card,android,IN-KA,1552,240,3,8,101.7,0.2142,0,0,0,0,0,0
TXN0001964,M0345,68.23,card,api,IN-UP,1360,1389,1,5,58.0,0.2732,4,0,0,0,0,0
TXN0001965,M0390,33.78,upi,android,IN-WB,1310,57,1,9,18.1,0.1993,0,0,0,0,0,0
TXN0001966,M0088,351.49,upi,web,IN-UP,1066,921,2,8,58.2,0.2409,1,1,0,0,1,0
TXN0001967,M0190,177.93,card,web,IN-UP,182,819,5,10,38.8,0.3709,0,0,0,0,0,0
TXN0001968,M0201,182.62,netbanking,api,IN-UP,271,814,6,10,103.4,0.4025,1,1,0,0,0,0
TXN0001969,M0109,169.33,wallet,android,IN-DL,102,1415,3,5,27.2,0.3224,0,0,0,0,1,0
TXN0001970,M0240,176.85,upi,web,IN-WB,566,382,3,12,94.8,0.3123,0,0,0,0,0,0
TXN0001971,M0267,111.16,card,api,IN-UP,61,994,5,10,104.9,0.3278,2,0,0,0,0,0
TXN0001972,M0120,468.4,upi,android,IN-UP,848,662,4,10,221.9,0.4178,1,1,0,0,0,1
TXN0001973,M0352,30.87,upi,ios,IN-TN,50,1175,2,10,58.8,0.3831,4,0,0,0,0,0
TXN0001974,M0308,42.53,card,ios,IN-KA,1791,114,5,8,17.0,0.3053,2,0,0,0,0,1
TXN0001975,M0035,700.07,upi,web,IN-GJ,894,1339,1,4,40.8,0.279,0,0,0,0,1,0
TXN0001976,M0262,235.11,card,api,IN-MH,24,1032,3,13,31.4,0.3192,0,1,0,0,1,0
TXN0001977,M0103,23.77,card,android,IN-UP,326,768,2,8,54.4,0.1671,0,0,0,0,1,0
TXN0001978,M0046,247.74,card,android,IN-KA,338,1102,2,6,63.1,0.5444,1,0,0,0,0,0
TXN0001979,M0354,36.72,wallet,android,IN-GJ,1214,269,3,7,66.8,0.1104,0,0,0,0,0,0
TXN0001980,M0245,660.73,card,android,IN-GJ,1386,727,1,8,16.4,0.1343,0,0,0,0,1,0
TXN0001981,M0078,451.7,card,ios,IN-TN,869,364,1,4,36.4,0.4279,0,0,0,0,0,0
TXN0001982,M0374,1465.88,upi,ios,IN-KA,1308,1336,4,14,40.4,0.3607,7,0,0,0,0,1
TXN0001983,M0165,133.48,card,api,IN-KA,169,1212,0,7,26.3,0.2836,2,0,0,0,0,0
TXN0001984,M0172,53.3,card,web,IN-TN,565,1320,2,5,41.4,0.3842,3,0,0,0,0,0
TXN0001985,M0248,104.84,upi,ios,IN-GJ,11,437,2,7,86.8,0.3125,3,0,0,1,0,0
TXN0001986,M0164,107.26,upi,ios,IN-UP,733,884,2,9,74.8,0.2336,1,0,0,0,0,0
TXN0001987,M0135,264.67,upi,android,IN-DL,67,1440,6,8,102.0,0.3523,1,0,0,0,0,0
TXN0001988,M0034,28.83,wallet,web,IN-MH,1423,801,4,8,72.9,0.4244,2,0,0,0,1,1
TXN0001989,M0330,179.04,netbanking,android,IN-KA,960,1496,2,13,119.2,0.2046,1,0,0,0,0,0
TXN0001990,M0335,65.27,upi,ios,IN-WB,1356,472,5,12,143.2,0.1796,1,0,0,0,0,0
TXN0001991,M0280,107.77,card,ios,IN-GJ,1056,900,3,6,62.1,0.3827,3,0,0,0,0,0
TXN0001992,M0360,717.62,upi,api,IN-WB,68,63,4,10,16.4,0.1295,2,0,0,0,1,0
TXN0001993,M0353,490.61,card,web,IN-GJ,636,408,3,9,55.0,0.289,3,0,0,0,0,1
TXN0001994,M0345,373.43,card,web,IN-KA,22,1315,3,5,102.4,0.1218,1,0,0,0,0,0
TXN0001995,M0037,340.16,upi,android,IN-GJ,142,443,2,10,61.9,0.0705,1,0,0,0,0,0
TXN0001996,M0377,138.17,card,api,IN-GJ,1692,764,1,5,13.4,0.3707,2,0,0,0,0,0
TXN0001997,M0338,171.48,netbanking,android,IN-UP,1682,1429,2,7,64.3,0.2466,1,0,0,0,0,0
TXN0001998,M0121,37.35,card,android,IN-WB,216,430,2,10,43.1,0.1995,0,0,0,0,0,0
TXN0001999,M0204,52.41,card,ios,IN-UP,730,664,0,2,71.3,0.6037,3,0,0,0,0,0
TXN0002000,M0122,204.32,upi,android,IN-WB,520,63,2,8,70.2,0.0913,1,0,0,0,0,0
TXN0002001,M0052,58.74,netbanking,web,IN-MH,773,1451,3,8,70.0,0.4329,1,0,0,0,0,0
TXN0002002,M0013,358.78,upi,ios,IN-KA,1098,1215,1,7,39.9,0.2486,0,0,0,0,0,0
TXN0002003,M0344,171.27,card,android,IN-MH,687,692,1,7,44.1,0.2498,2,0,0,0,0,0
TXN0002004,M0177,133.67,card,web,IN-TN,1462,958,2,4,13.8,0.226,0,0,0,0,0,0
TXN0002005,M0299,98.11,upi,android,IN-TN,107,475,4,9,82.3,0.2355,1,0,0,0,0,1
TXN0002006,M0288,282.51,upi,web,IN-WB,1050,1110,0,2,109.9,0.2308,2,0,0,0,1,0
TXN0002007,M0077,354.52,card,web,IN-UP,1279,70,3,9,83.7,0.397,2,0,0,0,0,0
TXN0002008,M0237,74.64,card,ios,IN-KA,1000,375,2,12,186.8,0.3154,4,0,0,0,1,0
TXN0002009,M0241,106.55,upi,web,IN-GJ,1196,540,0,6,18.3,0.3427,2,0,0,0,0,0
TXN0002010,M0347,149.12,upi,ios,IN-TN,1114,103,2,5,171.5,0.5292,0,0,0,0,1,0
TXN0002011,M0089,248.13,upi,web,IN-TN,296,1338,4,12,136.5,0.4473,1,0,0,0,0,1
TXN0002012,M0370,245.0,netbanking,web,IN-DL,1421,71,1,5,40.6,0.2053,3,0,0,0,0,0
TXN0002013,M0329,162.51,card,android,IN-MH,484,65,4,6,94.6,0.2526,1,0,0,0,0,0
TXN0002014,M0223,365.46,netbanking,android,IN-DL,321,867,1,6,83.0,0.483,1,0,0,0,1,0
TXN0002015,M0093,157.15,upi,android,IN-UP,984,1328,1,10,23.9,0.3385,2,0,0,0,0,0
TXN0002016,M0102,44.54,netbanking,android,IN-DL,1143,630,2,7,52.7,0.2428,0,0,0,0,0,0
TXN0002017,M0265,685.51,upi,android,IN-TN,678,1203,2,9,119.1,0.4245,2,0,0,0,1,0
TXN0002018,M0204,479.58,upi,android,IN-GJ,109,100,3,5,42.7,0.2083,3,0,0,0,0,0
TXN0002019,M0188,45.42,upi,ios,IN-WB,1796,1108,1,4,229.1,0.0847,1,0,0,0,1,0
TXN0002020,M0075,215.18,card,ios,IN-UP,1463,60,2,7,18.1,0.2899,3,0,0,0,0,0
TXN0002021,M0163,660.85,upi,web,IN-KA,894,271,3,10,2.5,0.489,1,0,0,0,0,0
TXN0002022,M0119,132.78,card,android,IN-DL,629,1451,1,7,73.5,0.2922,2,0,0,0,0,0
TXN0002023,M0030,389.39,card,web,IN-UP,1588,111,1,3,135.7,0.2291,1,0,0,0,1,0
TXN0002024,M0304,546.49,upi,web,IN-WB,639,596,0,5,73.0,0.2077,2,0,0,0,0,0
TXN0002025,M0064,235.37,upi,web,IN-TN,369,1238,3,7,9.2,0.3806,1,0,0,0,1,0
TXN0002026,M0006,1534.56,upi,ios,IN-TN,454,1307,3,9,24.6,0.1448,1,0,0,0,0,0
TXN0002027,M0245,344.75,upi,web,IN-KA,1001,421,6,12,4.9,0.394,4,0,0,0,0,0
TXN0002028,M0197,199.34,upi,android,IN-DL,1344,635,2,5,93.8,0.0973,0,1,0,0,0,0
TXN0002029,M0016,152.31,upi,api,IN-WB,579,661,2,10,47.4,0.4486,2,0,0,0,0,0
TXN0002030,M0037,171.69,card,ios,IN-KA,348,517,2,9,114.3,0.3298,0,0,0,0,0,0
TXN0002031,M0165,102.36,upi,web,IN-MH,1682,127,2,10,101.6,0.1971,1,0,0,0,0,0
TXN0002032,M0337,59.11,netbanking,android,IN-DL,175,813,2,12,57.5,0.4952,2,0,0,0,1,0
TXN0002033,M0303,73.24,card,web,IN-GJ,992,871,1,4,10.9,0.2366,2,0,0,0,0,0
TXN0002034,M0368,156.09,card,web,IN-KA,320,1245,3,11,61.0,0.2295,2,0,0,0,0,0
TXN0002035,M0157,401.92,card,web,IN-WB,1177,338,0,7,117.9,0.329,4,0,0,0,0,0
TXN0002036,M0072,249.51,upi,ios,IN-MH,675,719,1,6,48.0,0.4831,2,0,0,0,0,0
TXN0002037,M0086,213.15,wallet,api,IN-MH,137,1152,0,8,73.6,0.162,1,0,0,0,0,0
TXN0002038,M0144,1500.14,card,web,IN-WB,302,1475,0,11,45.9,0.4842,1,1,0,0,0,1
TXN0002039,M0318,968.56,netbanking,web,IN-MH,878,957,3,8,41.2,0.2798,1,0,0,0,0,0
TXN0002040,M0056,72.27,upi,ios,IN-MH,261,59,1,11,47.6,0.4349,0,0,0,0,0,0
TXN0002041,M0092,364.08,wallet,ios,IN-UP,1043,1403,3,11,68.5,0.2426,1,0,0,0,0,0
TXN0002042,M0169,54.91,card,android,IN-WB,1441,417,3,8,29.3,0.3494,0,0,0,0,0,0
TXN0002043,M0126,235.27,netbanking,api,IN-KA,523,723,3,9,24.4,0.1743,1,0,0,0,1,0
TXN0002044,M0100,45.6,card,ios,IN-MH,1686,473,1,2,129.5,0.2205,0,0,0,0,1,0
TXN0002045,M0369,98.1,upi,web,IN-UP,1324,87,6,14,21.6,0.1429,1,0,0,0,1,0
TXN0002046,M0226,335.91,upi,web,IN-WB,154,635,2,10,224.7,0.5209,0,0,0,0,0,0
TXN0002047,M0352,114.26,netbanking,web,IN-GJ,840,348,1,5,54.2,0.7088,0,0,0,0,0,0
TXN0002048,M0166,61.2,card,web,IN-KA,997,991,7,26,237.7,0.4275,1,0,0,0,0,0
TXN0002049,M0147,90.51,card,api,IN-WB,1010,698,5,7,8.6,0.1178,1,0,0,0,0,0
TXN0002050,M0023,70.05,card,api,IN-MH,829,1051,3,9,61.1,0.6121,3,0,0,0,0,0
TXN0002051,M0155,271.89,upi,web,IN-WB,650,1043,0,2,5.4,0.2003,2,0,0,0,0,0
TXN0002052,M0055,599.26,card,android,IN-UP,1024,24,3,3,12.9,0.1301,0,0,0,0,1,0
TXN0002053,M0384,147.81,card,android,IN-UP,1218,1258,2,7,125.8,0.4211,4,0,0,0,0,0
TXN0002054,M0321,503.94,card,android,IN-GJ,1526,1001,1,7,72.5,0.0865,1,0,0,0,0,0
TXN0002055,M0080,101.46,card,api,IN-KA,186,680,5,5,103.6,0.5302,3,0,0,0,1,0
TXN0002056,M0164,162.68,upi,android,IN-DL,250,609,2,9,74.1,0.3199,0,0,0,0,0,0
TXN0002057,M0092,1071.57,card,android,IN-KA,911,340,6,12,11.5,0.1025,1,0,0,0,0,1
TXN0002058,M0102,150.67,upi,android,IN-WB,764,879,7,17,179.3,0.2238,1,1,0,0,0,0
TXN0002059,M0088,524.75,card,web,IN-WB,1612,1477,1,3,58.3,0.2017,0,0,0,0,0,0
TXN0002060,M0087,87.61,card,android,IN-KA,1033,1118,1,7,109.1,0.1987,0,0,0,0,0,0
TXN0002061,M0155,176.41,card,ios,IN-UP,424,338,1,3,202.3,0.2245,0,0,0,0,0,0
TXN0002062,M0068,76.31,card,android,IN-UP,1530,739,6,12,29.2,0.3049,4,0,0,0,1,0
TXN0002063,M0003,192.37,card,ios,IN-MH,1563,243,5,12,135.7,0.5139,1,0,0,0,0,0
TXN0002064,M0358,228.7,upi,android,IN-MH,74,420,1,9,264.1,0.4861,1,0,0,0,1,0
TXN0002065,M0092,383.6,netbanking,android,IN-MH,1593,40,3,9,84.9,0.3282,1,0,0,0,1,0
TXN0002066,M0306,100.87,netbanking,ios,IN-WB,655,1237,2,13,109.8,0.64,3,0,0,0,1,0
TXN0002067,M0242,152.28,upi,api,IN-WB,415,101,5,13,37.9,0.2949,4,0,0,0,0,0
TXN0002068,M0070,590.89,upi,web,IN-KA,208,102,5,9,224.3,0.3789,1,0,0,0,0,1
TXN0002069,M0174,53.73,upi,android,IN-MH,146,283,3,5,67.4,0.1686,0,0,0,0,1,0
TXN0002070,M0172,15.15,netbanking,web,IN-UP,108,1446,2,11,111.7,0.2587,1,1,0,0,0,0
TXN0002071,M0177,93.64,card,android,IN-DL,1376,1157,5,12,20.8,0.4585,1,0,0,0,0,0
TXN0002072,M0053,331.32,upi,api,IN-TN,1627,700,5,10,109.9,0.2164,1,0,0,0,0,0
TXN0002073,M0057,195.56,card,android,IN-DL,1725,1383,2,7,188.8,0.3584,2,0,0,0,0,0
TXN0002074,M0316,69.18,upi,ios,IN-DL,918,872,2,8,11.7,0.1775,1,0,0,0,1,0
TXN0002075,M0369,193.32,netbanking,web,IN-DL,461,803,1,10,85.0,0.1813,0,0,0,0,0,0
TXN0002076,M0336,124.75,upi,ios,IN-MH,1599,287,1,5,35.5,0.2011,1,0,0,0,0,0
TXN0002077,M0293,37.61,card,web,IN-GJ,1643,1412,5,14,56.6,0.4382,2,0,0,0,0,0
TXN0002078,M0043,128.07,upi,web,IN-MH,722,4,3,8,97.0,0.2776,0,0,1,0,1,0
TXN0002079,M0396,379.04,card,api,IN-TN,375,563,2,6,54.4,0.1884,0,0,0,0,0,0
TXN0002080,M0004,136.33,card,web,IN-GJ,1510,399,2,10,90.1,0.3523,1,0,0,0,1,1
TXN0002081,M0143,39.65,card,api,IN-TN,647,184,2,11,95.1,0.2444,1,0,0,0,0,0
TXN0002082,M0009,1011.08,card,web,IN-MH,966,332,1,10,28.5,0.7014,4,0,0,0,0,1
TXN0002083,M0043,66.67,upi,web,IN-DL,1594,43,2,3,191.1,0.3073,1,0,0,0,0,0
TXN0002084,M0135,261.34,upi,ios,IN-UP,300,646,7,18,25.9,0.2782,3,1,0,0,0,1
TXN0002085,M0347,414.92,card,android,IN-MH,548,114,4,7,153.3,0.2204,2,0,0,0,0,0
TXN0002086,M0239,274.43,wallet,web,IN-TN,381,215,1,4,90.4,0.2297,0,0,0,0,0,0
TXN0002087,M0367,142.67,card,ios,IN-KA,1360,944,7,14,36.8,0.2738,3,0,0,0,0,0
TXN0002088,M0313,29.27,card,ios,IN-DL,212,1245,3,10,25.5,0.1129,1,0,0,0,0,0
TXN0002089,M0233,581.34,card,android,IN-GJ,265,14,5,15,54.3,0.2538,1,0,0,0,1,1
TXN0002090,M0062,56.06,netbanking,ios,IN-DL,595,239,2,4,87.6,0.1621,2,0,0,0,0,0
TXN0002091,M0041,475.84,netbanking,ios,IN-TN,682,938,1,9,141.9,0.4524,2,0,0,0,0,0
TXN0002092,M0241,546.67,card,web,IN-TN,1341,28,6,16,34.1,0.4959,3,0,0,0,0,0
TXN0002093,M0169,53.07,card,web,IN-KA,1693,867,2,6,66.0,0.3081,0,0,0,0,0,0
TXN0002094,M0073,52.28,card,ios,IN-TN,1070,1350,4,8,153.0,0.3004,3,0,0,0,0,0
TXN0002095,M0115,121.49,upi,android,IN-WB,408,1084,3,10,62.9,0.1807,1,0,0,0,0,0
TXN0002096,M0107,451.5,card,web,IN-GJ,1190,1426,2,8,59.0,0.1694,1,0,0,0,1,0
TXN0002097,M0361,99.02,upi,android,IN-MH,1263,680,1,10,8.7,0.3215,1,0,0,0,0,0
TXN0002098,M0091,197.72,card,web,IN-KA,152,1257,1,8,118.8,0.3474,1,0,0,0,0,0
TXN0002099,M0013,108.95,upi,web,IN-UP,1655,1419,4,7,66.5,0.3029,1,0,0,0,0,0
TXN0002100,M0266,394.9,card,ios,IN-GJ,920,405,4,14,53.4,0.3777,2,0,0,0,0,0
TXN0002101,M0090,95.4,upi,android,IN-KA,1413,1101,2,5,56.8,0.2342,0,0,0,0,1,0
TXN0002102,M0363,87.55,upi,web,IN-MH,93,474,3,8,78.9,0.2323,2,0,0,0,1,0
TXN0002103,M0395,64.1,upi,web,IN-WB,1706,216,3,8,46.3,0.2685,1,0,0,0,0,0
TXN0002104,M0238,62.16,card,ios,IN-TN,1750,587,3,11,129.9,0.1287,3,0,0,0,0,0
TXN0002105,M0378,521.64,card,web,IN-MH,1698,613,3,11,162.5,0.3492,3,0,0,0,0,0
TXN0002106,M0385,125.86,upi,ios,IN-KA,952,1003,1,8,31.3,0.427,1,0,0,0,0,0
TXN0002107,M0042,69.54,card,ios,IN-GJ,205,1235,5,15,29.3,0.3094,1,0,0,0,0,0
TXN0002108,M0101,33.85,wallet,api,IN-GJ,813,982,0,4,11.9,0.4233,2,0,0,0,0,0
TXN0002109,M0160,137.34,wallet,ios,IN-KA,1083,68,1,8,22.0,0.3896,2,0,0,0,0,0
TXN0002110,M0004,79.21,wallet,web,IN-WB,807,161,2,8,79.0,0.4548,4,0,0,0,0,0
TXN0002111,M0058,65.52,upi,android,IN-GJ,768,31,1,3,23.2,0.3799,2,0,0,0,0,0
TXN0002112,M0215,83.0,card,web,IN-MH,630,191,1,6,139.0,0.1557,3,0,0,0,0,0
TXN0002113,M0101,203.31,netbanking,api,IN-KA,1229,1246,1,3,45.5,0.2211,1,0,0,0,0,0
TXN0002114,M0104,56.37,upi,web,IN-TN,1031,1087,5,9,78.1,0.4566,0,1,0,0,1,0
TXN0002115,M0018,132.53,card,android,IN-DL,1336,1373,4,7,13.4,0.3476,1,0,0,0,0,0
TXN0002116,M0103,436.4,card,web,IN-DL,145,1462,4,11,50.1,0.2657,2,0,0,0,0,0
TXN0002117,M0177,103.5,card,web,IN-DL,442,1087,2,10,72.4,0.1402,0,0,0,0,1,0
TXN0002118,M0264,62.11,upi,android,IN-UP,1582,878,2,10,116.1,0.4184,1,1,0,0,1,0
TXN0002119,M0135,517.09,upi,ios,IN-TN,1439,294,2,7,160.1,0.2838,3,0,0,0,0,0
TXN0002120,M0016,164.82,wallet,web,IN-UP,1213,593,0,11,110.9,0.2124,1,0,0,0,0,0
TXN0002121,M0178,151.16,card,web,IN-MH,737,533,1,5,45.7,0.1603,1,0,0,0,0,0
TXN0002122,M0213,303.09,upi,android,IN-KA,770,1401,0,11,40.0,0.2608,1,0,0,0,0,0
TXN0002123,M0115,165.1,card,android,IN-WB,1182,370,4,8,30.4,0.1312,2,0,0,0,0,0
TXN0002124,M0230,193.03,wallet,web,IN-KA,1388,1133,5,7,90.5,0.3105,2,0,0,0,0,0
TXN0002125,M0054,37.41,card,web,IN-GJ,770,228,3,10,68.7,0.2311,1,0,0,0,0,0
TXN0002126,M0202,77.75,card,web,IN-TN,1615,721,3,6,199.8,0.3579,2,1,0,0,0,0
TXN0002127,M0193,1159.1,upi,web,IN-TN,623,809,2,6,109.2,0.2723,2,0,0,0,0,0
TXN0002128,M0286,63.6,card,android,IN-UP,577,279,1,8,45.1,0.1229,1,0,0,0,1,0
TXN0002129,M0005,192.79,upi,web,IN-GJ,1249,1409,5,15,20.5,0.2612,2,0,0,0,0,1
TXN0002130,M0337,1027.51,card,api,IN-KA,1423,181,4,12,55.8,0.3047,0,0,0,0,0,0
TXN0002131,M0047,357.72,upi,ios,IN-GJ,975,350,3,5,14.5,0.4089,0,0,0,0,1,0
TXN0002132,M0392,240.66,card,ios,IN-UP,1713,1297,5,11,101.8,0.2458,3,0,0,0,0,0
TXN0002133,M0370,80.75,upi,ios,IN-MH,1535,533,1,6,48.4,0.1559,1,0,0,0,0,0
TXN0002134,M0348,96.51,netbanking,ios,IN-TN,373,405,3,5,24.2,0.155,1,0,0,0,0,0
TXN0002135,M0231,132.13,card,ios,IN-KA,1415,1410,3,13,20.7,0.2276,1,0,0,0,0,0
TXN0002136,M0299,252.16,card,web,IN-KA,1459,408,1,10,185.7,0.4552,1,0,0,0,1,0
TXN0002137,M0376,642.6,card,web,IN-TN,1563,188,2,7,41.6,0.1975,0,0,0,0,0,0
TXN0002138,M0295,202.45,netbanking,web,IN-WB,946,973,2,6,72.1,0.2023,4,0,0,0,0,0
TXN0002139,M0183,101.71,upi,web,IN-KA,1378,262,0,6,76.6,0.3414,6,1,0,0,0,0
TXN0002140,M0390,163.42,upi,ios,IN-TN,1303,355,2,7,32.3,0.2034,1,0,0,0,0,0
TXN0002141,M0398,302.96,netbanking,web,IN-TN,1650,286,1,3,14.8,0.1175,0,0,0,0,0,0
TXN0002142,M0031,252.1,card,web,IN-MH,535,1033,7,11,119.9,0.6262,1,1,0,0,0,1
TXN0002143,M0387,140.36,upi,ios,IN-UP,282,1010,1,5,64.4,0.188,1,0,0,0,1,0
TXN0002144,M0247,58.71,upi,ios,IN-DL,1379,1173,2,5,38.5,0.3417,2,0,0,0,0,0
TXN0002145,M0185,528.47,card,android,IN-KA,1153,1115,2,9,79.8,0.265,1,0,0,0,0,0
TXN0002146,M0005,138.53,upi,web,IN-WB,1757,970,2,5,62.7,0.2787,3,0,0,0,1,0
TXN0002147,M0139,230.06,wallet,web,IN-WB,149,913,2,6,67.4,0.3231,0,0,0,0,0,0
TXN0002148,M0064,91.5,upi,api,IN-UP,63,1056,6,7,14.1,0.2934,2,0,0,0,1,1
TXN0002149,M0048,89.18,netbanking,web,IN-KA,899,47,2,11,122.9,0.137,2,0,0,0,0,0
TXN0002150,M0114,295.99,card,android,IN-MH,1093,1227,0,7,23.5,0.1815,0,0,0,0,0,0
TXN0002151,M0276,50.73,netbanking,ios,IN-DL,1550,435,1,8,22.1,0.2553,4,1,0,0,0,0
TXN0002152,M0179,56.23,upi,api,IN-GJ,1203,298,0,5,68.2,0.4174,0,0,0,0,1,0
TXN0002153,M0132,813.76,upi,api,IN-UP,1306,599,5,11,37.1,0.1561,0,0,0,0,0,0
TXN0002154,M0025,411.22,wallet,web,IN-MH,698,653,2,6,42.5,0.28,1,0,0,0,0,0
TXN0002155,M0391,273.07,card,web,IN-TN,1049,132,5,9,141.3,0.3851,0,0,0,0,0,0
TXN0002156,M0239,61.59,netbanking,android,IN-MH,253,517,2,7,9.6,0.4783,2,0,0,0,0,0
TXN0002157,M0352,224.44,card,api,IN-TN,1249,245,1,8,127.0,0.251,0,0,0,0,0,0
TXN0002158,M0116,167.22,card,api,IN-GJ,253,620,5,11,50.9,0.2765,1,0,0,0,0,0
TXN0002159,M0004,115.66,card,android,IN-KA,312,733,4,10,274.9,0.3453,0,0,0,0,0,0
TXN0002160,M0257,164.57,upi,web,IN-MH,299,856,2,6,31.0,0.2439,2,0,0,0,1,0
TXN0002161,M0176,43.04,upi,api,IN-KA,1675,1196,1,6,49.0,0.161,0,0,0,0,0,0
TXN0002162,M0292,22.73,card,web,IN-DL,313,866,2,6,40.0,0.1638,0,0,0,0,0,0
TXN0002163,M0171,242.24,upi,android,IN-WB,383,446,3,8,127.0,0.468,0,0,0,0,1,0
TXN0002164,M0227,211.57,upi,web,IN-TN,1791,70,3,9,69.7,0.4378,2,0,0,0,0,0
TXN0002165,M0041,231.56,card,api,IN-DL,301,772,5,7,30.6,0.4805,0,0,0,0,0,1
TXN0002166,M0195,388.6,card,android,IN-UP,979,1146,2,4,30.9,0.1901,0,0,0,0,1,0
TXN0002167,M0159,300.22,card,android,IN-TN,252,556,2,3,83.8,0.4702,1,0,0,0,0,0
TXN0002168,M0156,794.52,upi,api,IN-KA,806,58,0,8,89.8,0.4571,3,0,0,0,0,0
TXN0002169,M0257,585.46,card,api,IN-MH,1685,443,2,6,32.8,0.2688,0,0,0,0,0,0
TXN0002170,M0262,190.84,upi,web,IN-GJ,592,446,4,14,82.7,0.1989,0,0,0,0,0,0
TXN0002171,M0145,210.86,card,ios,IN-DL,830,400,5,9,66.9,0.4781,1,0,0,0,0,1
TXN0002172,M0362,225.32,upi,android,IN-UP,1577,1410,6,10,2.6,0.4981,0,0,0,0,1,0
TXN0002173,M0058,38.83,card,web,IN-TN,959,1040,4,10,65.4,0.2205,0,0,0,0,0,0
TXN0002174,M0378,451.67,card,android,IN-TN,1707,1488,1,8,69.7,0.1891,1,0,0,0,0,0
TXN0002175,M0028,323.21,netbanking,web,IN-MH,682,706,3,12,87.7,0.0738,0,0,0,0,0,0
TXN0002176,M0340,34.31,upi,android,IN-GJ,417,1400,5,10,65.0,0.2354,0,0,0,0,0,0
TXN0002177,M0306,847.69,card,web,IN-TN,50,506,2,5,44.3,0.3758,6,0,0,0,1,0
TXN0002178,M0339,117.31,card,ios,IN-GJ,712,1481,2,8,23.7,0.2964,0,0,0,0,0,0
TXN0002179,M0183,158.97,card,android,IN-WB,120,1477,2,8,41.9,0.4216,2,0,0,0,1,0
TXN0002180,M0158,155.95,upi,ios,IN-KA,1037,112,2,11,64.8,0.232,1,0,0,0,1,0
TXN0002181,M0205,151.58,netbanking,web,IN-TN,29,587,3,9,45.6,0.6719,0,0,0,0,0,0
TXN0002182,M0222,1973.65,upi,android,IN-UP,185,106,1,8,67.8,0.3059,2,0,0,0,0,0
TXN0002183,M0066,138.63,card,api,IN-TN,970,753,3,11,106.9,0.2888,0,0,0,0,1,0
TXN0002184,M0224,130.13,card,android,IN-MH,1094,285,3,12,165.6,0.1404,2,0,0,0,0,0
TXN0002185,M0387,183.54,netbanking,android,IN-UP,349,397,3,6,17.5,0.1594,0,0,0,0,0,0
TXN0002186,M0208,77.06,upi,ios,IN-DL,1336,304,0,2,87.8,0.2469,1,0,0,0,0,0
TXN0002187,M0111,241.0,upi,ios,IN-GJ,724,1218,2,12,48.6,0.4734,2,0,0,0,0,0
TXN0002188,M0370,79.19,card,android,IN-MH,337,1068,4,11,40.8,0.49,1,0,0,0,0,0
TXN0002189,M0229,297.0,card,web,IN-KA,829,596,0,7,87.2,0.3206,4,0,0,0,1,0
TXN0002190,M0248,63.43,card,web,IN-MH,1661,364,2,6,90.2,0.3395,1,0,0,0,0,0
TXN0002191,M0114,100.06,card,android,IN-KA,959,1421,5,10,29.0,0.3585,0,0,0,0,0,0
TXN0002192,M0199,65.89,netbanking,ios,IN-MH,1538,1392,1,4,22.3,0.2592,0,0,0,0,1,0
TXN0002193,M0185,105.73,card,web,IN-GJ,1607,548,2,15,106.0,0.6117,3,0,0,0,0,0
TXN0002194,M0162,30.15,card,ios,IN-GJ,408,187,0,6,62.1,0.1752,2,0,0,0,0,0
TXN0002195,M0233,15.61,card,android,IN-TN,78,59,1,6,46.7,0.4926,2,0,0,0,0,0
TXN0002196,M0294,130.44,card,ios,IN-MH,1208,1384,3,10,33.4,0.4375,2,0,0,0,0,1
TXN0002197,M0376,38.74,card,ios,IN-DL,890,594,3,10,13.7,0.6103,3,0,0,0,0,0
TXN0002198,M0047,1019.22,upi,ios,IN-MH,648,135,3,9,139.3,0.4639,1,0,0,0,0,0
TXN0002199,M0378,125.71,upi,android,IN-MH,238,857,3,7,60.9,0.5845,0,1,0,0,0,1
TXN0002200,M0285,365.6,netbanking,ios,IN-TN,266,976,5,8,16.9,0.1584,1,0,0,0,0,0
TXN0002201,M0229,245.2,upi,ios,IN-DL,1667,1398,3,9,131.9,0.4114,3,0,0,0,1,0
TXN0002202,M0398,62.2,upi,web,IN-GJ,258,1371,3,4,81.1,0.2635,0,0,0,0,0,0
TXN0002203,M0254,118.19,upi,web,IN-TN,1651,263,4,10,27.4,0.5154,3,0,0,0,0,0
TXN0002204,M0291,377.52,upi,android,IN-UP,478,1453,1,8,152.1,0.302,1,0,0,0,0,0
TXN0002205,M0156,353.71,card,web,IN-GJ,252,730,7,12,34.2,0.3404,1,0,0,0,0,0
TXN0002206,M0281,428.09,card,android,IN-GJ,936,103,5,14,107.5,0.5262,2,0,0,0,0,0
TXN0002207,M0005,93.36,card,web,IN-TN,212,538,1,5,17.3,0.1806,1,0,0,0,0,0
TXN0002208,M0190,322.82,card,ios,IN-WB,491,280,2,7,28.0,0.2463,0,0,0,0,0,0
TXN0002209,M0050,98.31,card,web,IN-KA,198,569,3,17,20.6,0.4157,2,0,0,0,1,0
TXN0002210,M0041,494.64,card,web,IN-TN,36,1311,0,6,17.9,0.5203,0,0,0,0,1,0
TXN0002211,M0245,479.6,card,android,IN-MH,177,671,3,6,37.6,0.2791,0,0,0,0,0,0
TXN0002212,M0344,45.55,upi,ios,IN-KA,1743,1456,1,5,85.2,0.3306,2,0,0,0,0,0
TXN0002213,M0323,237.2,upi,web,IN-KA,285,391,6,19,94.5,0.3388,2,0,0,0,0,1
TXN0002214,M0305,60.19,card,api,IN-DL,399,641,2,6,18.1,0.2473,1,1,0,0,0,0
TXN0002215,M0237,411.92,wallet,android,IN-MH,281,739,5,8,27.3,0.1312,0,0,0,0,0,0
TXN0002216,M0379,58.25,upi,android,IN-MH,136,1214,3,8,122.1,0.3469,1,0,0,0,1,0
TXN0002217,M0350,248.52,card,ios,IN-WB,295,290,0,3,56.2,0.1049,0,0,0,0,0,0
TXN0002218,M0262,376.79,card,api,IN-MH,185,948,2,8,102.1,0.1962,0,0,0,0,1,0
TXN0002219,M0369,192.52,upi,android,IN-UP,268,983,3,7,102.7,0.4076,2,0,0,0,0,0
TXN0002220,M0164,426.06,card,web,IN-UP,823,333,1,6,168.9,0.1942,2,0,0,0,0,1
TXN0002221,M0349,241.33,netbanking,ios,IN-WB,680,1091,2,7,31.8,0.1547,1,0,0,0,0,0
TXN0002222,M0138,862.28,upi,web,IN-UP,324,1065,2,10,133.2,0.3985,1,0,0,0,0,0
TXN0002223,M0190,59.82,upi,web,IN-GJ,457,808,0,4,34.5,0.1529,1,0,0,0,1,0
TXN0002224,M0093,122.61,upi,android,IN-DL,839,976,5,13,123.9,0.6712,1,0,0,0,1,0
TXN0002225,M0157,26.4,netbanking,android,IN-KA,751,779,2,5,25.2,0.2836,1,0,0,0,0,0
TXN0002226,M0310,133.8,upi,web,IN-UP,217,511,3,7,86.2,0.2104,0,0,0,0,1,0
TXN0002227,M0309,54.92,upi,android,IN-TN,1608,83,2,10,65.4,0.1477,2,0,0,0,1,0
TXN0002228,M0383,44.97,card,android,IN-MH,701,80,3,8,173.9,0.2305,2,0,0,0,0,0
TXN0002229,M0307,38.0,wallet,android,IN-KA,634,647,0,11,24.4,0.3173,3,0,0,0,0,0
TXN0002230,M0010,112.15,card,web,IN-DL,1033,1224,2,6,108.6,0.2542,0,0,0,0,0,0
TXN0002231,M0054,232.02,card,api,IN-TN,516,88,3,7,212.2,0.3668,0,0,0,0,0,0
TXN0002232,M0010,290.32,card,android,IN-TN,1120,1072,2,9,8.8,0.1393,2,0,0,0,0,0
TXN0002233,M0336,490.24,upi,android,IN-WB,1645,399,0,8,42.1,0.4766,1,0,0,0,0,0
TXN0002234,M0056,462.74,card,ios,IN-WB,1520,475,0,2,131.5,0.4642,0,1,0,0,0,0
TXN0002235,M0329,58.22,upi,android,IN-UP,579,344,2,13,144.8,0.3974,1,0,0,0,0,0
TXN0002236,M0228,85.66,card,api,IN-KA,171,959,2,5,72.8,0.0732,1,0,0,0,0,0
TXN0002237,M0094,218.28,upi,web,IN-WB,220,1265,5,11,23.1,0.4366,2,0,0,0,0,0
TXN0002238,M0027,221.73,card,api,IN-TN,380,944,2,7,71.5,0.2018,2,0,0,0,0,0
TXN0002239,M0376,715.55,netbanking,android,IN-UP,1114,1494,0,0,31.0,0.0974,1,0,0,0,0,0
TXN0002240,M0051,134.97,netbanking,web,IN-GJ,888,774,1,7,61.5,0.4198,4,0,0,0,0,0
TXN0002241,M0314,387.84,card,android,IN-TN,507,829,2,8,178.8,0.1863,0,0,0,0,0,0
TXN0002242,M0277,156.04,upi,api,IN-TN,352,1390,2,4,26.5,0.1884,1,0,0,0,0,0
TXN0002243,M0332,257.42,card,android,IN-UP,936,39,1,7,53.7,0.4517,0,0,0,0,0,0
TXN0002244,M0037,265.41,upi,api,IN-UP,1730,1433,6,12,102.9,0.2435,1,1,0,0,0,1
TXN0002245,M0171,176.03,upi,android,IN-WB,1382,913,4,7,45.9,0.3264,0,0,0,0,0,0
TXN0002246,M0036,67.83,upi,api,IN-TN,462,643,2,7,147.9,0.3605,2,0,0,0,0,0
TXN0002247,M0032,237.37,card,web,IN-WB,1018,245,2,12,13.9,0.3055,2,0,0,0,0,0
TXN0002248,M0143,342.46,wallet,api,IN-MH,915,11,2,6,52.9,0.1329,2,0,0,0,0,0
TXN0002249,M0393,200.33,upi,web,IN-DL,1455,610,2,9,43.4,0.6363,3,0,0,0,1,0
TXN0002250,M0350,11.36,upi,web,IN-TN,620,1435,0,9,71.3,0.3922,4,0,0,0,0,0
TXN0002251,M0114,150.86,card,ios,IN-UP,621,784,6,14,110.8,0.2893,0,0,0,0,0,0
TXN0002252,M0132,354.78,card,web,IN-DL,807,874,2,8,89.5,0.2892,0,0,0,0,0,0
TXN0002253,M0045,67.57,card,web,IN-UP,304,56,4,10,20.7,0.4355,1,0,0,0,0,0
TXN0002254,M0055,522.69,wallet,web,IN-WB,1566,6,0,7,58.1,0.3476,1,0,1,0,1,0
TXN0002255,M0191,97.54,card,android,IN-TN,711,665,1,4,11.3,0.3175,0,0,0,0,0,0
TXN0002256,M0187,130.74,wallet,ios,IN-WB,1549,1249,2,7,63.4,0.4457,3,1,0,0,0,0
TXN0002257,M0301,221.21,wallet,web,IN-KA,742,363,0,6,2.5,0.0948,0,0,0,0,0,0
TXN0002258,M0348,71.64,netbanking,api,IN-TN,1216,114,3,7,53.2,0.3868,4,0,0,0,0,0
TXN0002259,M0315,448.01,card,ios,IN-MH,1289,705,4,9,41.8,0.4333,0,0,0,0,1,0
TXN0002260,M0324,637.32,upi,web,IN-UP,1424,465,3,8,103.4,0.1875,3,0,0,0,1,0
TXN0002261,M0172,59.91,netbanking,android,IN-UP,1236,1431,3,12,42.6,0.1406,1,0,0,0,0,0
TXN0002262,M0162,149.52,upi,ios,IN-GJ,1241,1495,5,13,39.2,0.1227,2,0,0,0,0,0
TXN0002263,M0256,1195.43,wallet,ios,IN-WB,557,383,1,8,24.2,0.5027,4,0,0,0,0,0
TXN0002264,M0058,540.43,upi,android,IN-WB,113,1278,5,15,34.5,0.5873,2,0,0,0,0,1
TXN0002265,M0229,35.85,card,web,IN-TN,1672,1213,2,10,53.0,0.2698,0,0,0,0,0,0
TXN0002266,M0016,578.24,upi,api,IN-TN,1520,1062,1,10,81.0,0.358,3,1,0,0,1,1
TXN0002267,M0178,5.88,card,android,IN-MH,496,1122,6,13,115.6,0.3993,1,0,0,0,0,0
TXN0002268,M0272,332.82,upi,web,IN-KA,38,907,4,6,40.9,0.2521,2,0,0,0,0,0
TXN0002269,M0088,76.41,upi,web,IN-UP,1793,1361,1,11,61.1,0.2119,3,0,0,0,1,0
TXN0002270,M0161,285.12,upi,android,IN-UP,149,953,4,7,62.4,0.0932,0,0,0,0,0,0
TXN0002271,M0080,230.4,card,android,IN-KA,59,182,2,10,53.0,0.1246,0,0,0,0,0,0
TXN0002272,M0155,205.78,card,android,IN-KA,1779,1069,3,8,42.9,0.3048,0,0,0,0,0,0
TXN0002273,M0385,323.32,card,web,IN-KA,1213,779,3,7,21.5,0.3434,0,0,0,0,0,0
TXN0002274,M0170,109.62,upi,api,IN-MH,1084,1309,4,10,132.5,0.3666,2,0,0,0,0,1
TXN0002275,M0129,98.9,wallet,web,IN-UP,1116,728,1,4,208.6,0.3678,2,0,0,0,0,0
TXN0002276,M0010,456.46,card,web,IN-GJ,1334,959,1,6,127.6,0.3645,2,0,0,0,0,0
TXN0002277,M0328,181.03,card,ios,IN-UP,1053,1227,7,10,29.3,0.3245,3,0,0,0,1,0
TXN0002278,M0121,101.84,upi,ios,IN-GJ,1344,1497,2,6,81.9,0.3031,0,0,0,0,0,0
TXN0002279,M0188,150.64,card,web,IN-TN,1402,254,1,5,174.9,0.4483,3,0,0,0,0,0
TXN0002280,M0040,138.13,upi,android,IN-GJ,381,1001,2,5,93.6,0.685,2,0,0,0,0,0
TXN0002281,M0356,127.37,upi,android,IN-KA,1063,46,3,10,60.2,0.4269,1,0,0,0,0,0
TXN0002282,M0060,280.36,netbanking,web,IN-MH,598,466,3,4,12.4,0.2699,2,0,0,0,0,0
TXN0002283,M0268,75.39,upi,web,IN-DL,1098,624,2,5,146.0,0.597,1,0,0,0,0,0
TXN0002284,M0324,823.62,upi,web,IN-KA,307,831,2,16,7.0,0.403,1,0,0,0,0,1
TXN0002285,M0357,225.16,card,android,IN-DL,1579,1264,1,5,92.7,0.3527,3,0,0,0,1,0
TXN0002286,M0115,28.7,card,web,IN-TN,478,751,2,7,166.5,0.2479,1,0,0,0,0,0
TXN0002287,M0335,236.99,card,api,IN-DL,336,19,4,9,34.0,0.4542,0,0,0,0,0,1
TXN0002288,M0171,71.0,netbanking,android,IN-TN,220,265,1,11,34.7,0.2907,3,0,0,0,0,0
TXN0002289,M0168,175.11,netbanking,android,IN-TN,956,220,2,5,53.9,0.1407,1,0,0,0,0,0
TXN0002290,M0141,154.54,upi,ios,IN-DL,641,690,2,9,141.4,0.1414,1,0,0,0,0,0
TXN0002291,M0080,354.51,card,ios,IN-UP,1282,55,1,8,199.2,0.1791,0,0,0,0,0,0
TXN0002292,M0268,350.49,upi,web,IN-MH,752,747,1,6,2.6,0.2935,4,0,0,0,0,0
TXN0002293,M0125,224.6,card,android,IN-MH,554,726,2,10,53.6,0.4478,1,1,0,0,0,0
TXN0002294,M0296,1215.07,card,android,IN-TN,566,417,1,8,34.4,0.1833,0,0,0,0,0,0
TXN0002295,M0359,87.2,card,android,IN-DL,395,893,2,5,9.0,0.1699,0,0,0,0,0,0
TXN0002296,M0303,705.3,netbanking,api,IN-WB,1256,427,2,6,70.3,0.3272,1,0,0,0,0,0
TXN0002297,M0396,725.13,upi,web,IN-WB,232,618,3,5,39.1,0.105,1,0,0,0,0,0
TXN0002298,M0319,252.22,upi,ios,IN-MH,1640,187,4,12,75.5,0.4809,3,0,0,0,0,0
TXN0002299,M0077,284.78,card,android,IN-MH,473,368,4,11,59.6,0.3541,3,0,0,0,1,0
TXN0002300,M0352,465.76,card,api,IN-WB,18,1365,5,8,144.6,0.2141,1,0,0,0,1,0
TXN0002301,M0069,131.26,wallet,api,IN-KA,1199,452,7,17,169.5,0.5393,2,0,0,0,0,0
TXN0002302,M0037,108.51,netbanking,android,IN-WB,1280,1185,0,3,22.3,0.3523,1,0,0,0,0,0
TXN0002303,M0284,114.31,upi,web,IN-KA,1107,97,3,10,29.5,0.1472,0,0,0,0,0,0
TXN0002304,M0319,241.14,upi,api,IN-KA,650,302,2,7,21.7,0.1749,1,0,0,0,0,0
TXN0002305,M0189,112.6,upi,ios,IN-GJ,309,1119,7,14,102.8,0.5396,2,0,0,0,1,1
TXN0002306,M0199,87.42,card,web,IN-GJ,1572,838,2,10,49.1,0.3197,2,0,0,0,1,0
TXN0002307,M0274,63.89,upi,web,IN-UP,884,353,1,6,14.3,0.2228,1,0,0,0,0,0
TXN0002308,M0005,67.3,wallet,api,IN-KA,856,138,4,8,65.0,0.3355,2,0,0,0,0,0
TXN0002309,M0119,94.94,card,web,IN-WB,385,1389,2,3,98.9,0.1999,4,0,0,0,0,0
TXN0002310,M0187,97.13,upi,api,IN-KA,1407,1048,1,7,127.7,0.218,3,0,0,0,0,0
TXN0002311,M0370,200.38,netbanking,android,IN-KA,1684,1353,1,9,47.6,0.1446,0,0,0,0,0,0
TXN0002312,M0003,82.82,upi,android,IN-KA,1161,44,3,9,56.2,0.2651,2,0,0,0,0,0
TXN0002313,M0151,294.31,upi,android,IN-DL,1303,807,1,7,16.9,0.2075,0,0,0,0,0,0
TXN0002314,M0353,1287.86,upi,android,IN-GJ,1276,709,3,10,176.5,0.3153,0,0,0,0,0,0
TXN0002315,M0069,627.97,wallet,android,IN-TN,312,805,2,8,138.1,0.1587,4,0,0,0,0,0
TXN0002316,M0345,62.3,card,web,IN-MH,835,694,1,9,102.8,0.1369,1,1,0,0,0,0
TXN0002317,M0055,133.46,card,web,IN-WB,522,616,4,10,82.3,0.2054,0,1,0,0,0,0
TXN0002318,M0167,50.52,card,ios,IN-MH,725,250,4,10,22.3,0.2177,0,0,0,0,0,0
TXN0002319,M0241,218.77,card,android,IN-TN,1535,1021,0,9,70.1,0.4095,0,0,0,0,0,0
TXN0002320,M0037,231.82,wallet,android,IN-GJ,1496,748,3,7,121.7,0.1796,3,0,0,0,0,1
TXN0002321,M0011,214.2,upi,web,IN-MH,1003,985,4,12,83.7,0.3455,1,0,0,0,1,0
TXN0002322,M0117,63.03,card,android,IN-GJ,211,409,3,8,64.3,0.3387,1,0,0,0,1,0
TXN0002323,M0098,94.01,card,ios,IN-TN,641,1207,2,7,64.9,0.5832,0,0,0,0,0,0
TXN0002324,M0259,468.13,netbanking,web,IN-KA,1302,1104,2,5,105.7,0.325,0,0,0,0,0,0
TXN0002325,M0121,267.69,card,web,IN-TN,1077,644,2,12,77.8,0.4019,1,0,0,0,0,0
TXN0002326,M0252,75.56,wallet,web,IN-TN,1005,594,2,7,54.3,0.1047,0,0,0,0,0,0
TXN0002327,M0284,49.85,netbanking,android,IN-TN,701,1228,1,8,66.8,0.3363,1,0,0,0,0,0
TXN0002328,M0047,167.37,card,ios,IN-DL,1745,420,1,5,22.2,0.3194,1,0,0,0,1,1
TXN0002329,M0288,159.24,wallet,web,IN-KA,1640,757,2,5,81.6,0.3763,0,0,0,0,0,0
TXN0002330,M0235,49.74,card,web,IN-UP,1160,1155,1,11,85.9,0.1802,2,0,0,0,0,0
TXN0002331,M0161,132.25,card,api,IN-KA,1572,78,3,7,101.5,0.428,6,0,0,0,0,0
TXN0002332,M0322,110.87,upi,web,IN-WB,322,305,0,7,73.0,0.3213,3,0,0,0,0,0
TXN0002333,M0229,100.04,card,web,IN-GJ,289,1124,1,5,81.1,0.4299,0,0,0,0,0,0
TXN0002334,M0239,117.33,card,ios,IN-TN,1284,815,1,5,148.0,0.3042,2,0,0,0,0,0
TXN0002335,M0286,236.81,netbanking,android,IN-UP,1219,1255,3,5,16.9,0.0787,1,0,0,0,0,0
TXN0002336,M0065,196.86,card,android,IN-DL,440,1413,2,12,131.2,0.3726,1,0,0,0,0,0
TXN0002337,M0099,631.55,wallet,android,IN-WB,1507,1012,5,9,203.0,0.0969,0,0,0,0,0,0
TXN0002338,M0107,219.37,netbanking,web,IN-GJ,1345,823,5,15,56.6,0.3414,3,0,0,0,0,0
TXN0002339,M0098,402.53,upi,android,IN-GJ,381,288,4,10,78.7,0.2842,3,0,0,0,0,1
TXN0002340,M0374,47.91,netbanking,web,IN-WB,1098,38,4,11,106.1,0.1792,0,0,0,0,0,0
TXN0002341,M0084,209.51,wallet,api,IN-WB,1568,390,0,7,77.6,0.2905,1,0,0,0,0,0
TXN0002342,M0391,124.03,card,api,IN-WB,1384,781,2,3,38.1,0.4026,1,0,0,0,0,0
TXN0002343,M0351,371.24,card,android,IN-DL,755,854,2,8,56.8,0.2229,1,0,0,0,0,0
TXN0002344,M0209,232.08,netbanking,api,IN-KA,1473,1087,2,10,64.0,0.457,1,0,0,0,0,0
TXN0002345,M0274,869.62,card,ios,IN-DL,554,1090,0,5,45.6,0.4045,2,0,0,0,0,0
TXN0002346,M0331,70.89,card,web,IN-TN,1754,322,3,7,43.6,0.3361,1,0,0,0,1,0
TXN0002347,M0187,88.38,upi,web,IN-MH,1771,1180,3,8,65.9,0.3084,1,1,0,0,0,0
TXN0002348,M0161,253.2,upi,android,IN-TN,543,874,0,1,83.4,0.3962,0,0,0,0,1,0
TXN0002349,M0081,158.09,upi,android,IN-DL,1238,443,2,7,139.3,0.2983,0,0,0,0,0,0
TXN0002350,M0393,70.06,card,android,IN-TN,1732,454,3,10,65.8,0.1955,3,0,0,0,1,0
TXN0002351,M0325,261.44,upi,web,IN-MH,523,1479,1,7,19.5,0.4107,0,1,0,0,0,0
TXN0002352,M0082,109.69,card,web,IN-WB,1288,893,3,8,119.1,0.2682,0,0,0,0,0,0
TXN0002353,M0243,282.45,upi,web,IN-UP,953,589,0,9,141.2,0.3251,2,0,0,0,0,0
TXN0002354,M0286,32.89,upi,web,IN-WB,798,824,0,3,56.8,0.4267,1,0,0,0,0,0
TXN0002355,M0307,134.23,upi,android,IN-UP,1158,908,1,6,21.5,0.2614,1,0,0,0,1,0
TXN0002356,M0012,210.58,upi,web,IN-GJ,859,80,2,6,62.5,0.2865,1,0,0,0,0,0
TXN0002357,M0313,213.21,upi,android,IN-KA,1281,1261,4,11,58.7,0.1116,2,0,0,0,0,0
TXN0002358,M0380,362.12,card,android,IN-MH,1727,1255,1,4,42.7,0.3074,1,0,0,0,0,0
TXN0002359,M0082,140.96,card,api,IN-UP,377,47,1,2,43.9,0.3828,1,0,0,0,0,0
TXN0002360,M0343,281.63,card,android,IN-KA,317,697,4,8,71.4,0.3851,2,0,0,0,1,0
TXN0002361,M0142,167.92,upi,web,IN-GJ,1110,1255,3,10,167.5,0.48,2,0,0,0,0,0
TXN0002362,M0182,374.75,upi,ios,IN-DL,1730,507,1,11,131.1,0.3894,2,0,0,0,0,1
TXN0002363,M0206,38.68,card,web,IN-WB,1525,1185,5,9,39.1,0.1611,3,0,0,0,1,0
TXN0002364,M0208,13.31,card,ios,IN-KA,729,23,2,5,23.3,0.1191,2,0,0,0,1,0
TXN0002365,M0118,630.57,netbanking,api,IN-TN,1446,511,4,13,135.8,0.3434,2,1,0,0,0,0
TXN0002366,M0384,101.94,wallet,web,IN-GJ,1641,390,4,9,25.3,0.3844,4,0,0,0,0,0
TXN0002367,M0312,32.77,upi,web,IN-KA,530,539,1,9,42.0,0.2291,0,0,0,0,0,0
TXN0002368,M0215,153.27,card,ios,IN-WB,189,1002,2,5,5.1,0.1882,0,0,0,0,0,0
TXN0002369,M0331,107.17,upi,api,IN-TN,1746,908,5,12,86.8,0.3181,0,0,0,0,0,0
TXN0002370,M0265,260.35,card,web,IN-GJ,286,621,4,11,21.7,0.2663,3,0,0,0,0,0
TXN0002371,M0012,294.48,upi,android,IN-DL,23,89,7,11,22.8,0.0555,0,0,0,0,1,0
TXN0002372,M0148,118.57,card,ios,IN-GJ,575,217,4,11,68.6,0.3774,0,0,0,0,0,0
TXN0002373,M0192,455.74,upi,web,IN-GJ,1402,1415,3,17,81.9,0.4257,4,0,0,0,0,1
TXN0002374,M0283,53.63,upi,web,IN-KA,1343,206,3,9,334.6,0.3539,2,0,0,0,0,0
TXN0002375,M0074,17.16,card,web,IN-TN,571,513,3,10,103.8,0.3015,0,0,0,0,0,0
TXN0002376,M0344,208.63,card,web,IN-MH,1234,246,2,6,87.9,0.3483,0,0,0,0,0,0
TXN0002377,M0038,139.07,upi,android,IN-WB,1694,646,5,20,69.5,0.3795,4,0,0,0,1,1
TXN0002378,M0091,27.07,card,android,IN-MH,13,458,4,5,1.5,0.3553,1,0,0,1,0,0
TXN0002379,M0206,331.05,card,ios,IN-KA,1550,919,0,4,54.9,0.1174,0,0,0,0,0,1
TXN0002380,M0321,32.94,card,web,IN-KA,1081,631,1,10,43.9,0.3631,0,0,0,0,0,0
TXN0002381,M0310,160.85,card,android,IN-GJ,1586,751,1,5,8.1,0.1763,1,0,0,0,1,0
TXN0002382,M0374,387.57,card,ios,IN-KA,89,1045,1,8,69.5,0.4135,3,0,0,0,0,1
TXN0002383,M0247,232.7,upi,api,IN-WB,454,1159,2,7,50.7,0.2639,1,0,0,0,0,0
TXN0002384,M0074,219.95,upi,ios,IN-MH,689,1030,1,3,4.0,0.1108,1,1,0,0,0,0
TXN0002385,M0191,112.03,card,android,IN-WB,1433,1416,5,11,76.9,0.4098,1,1,0,0,1,1
TXN0002386,M0038,213.03,card,android,IN-UP,1219,397,3,9,39.7,0.4167,2,0,0,0,0,1
TXN0002387,M0112,299.32,card,android,IN-UP,599,221,2,11,80.8,0.27,3,1,0,0,0,0
TXN0002388,M0375,94.48,upi,web,IN-MH,436,1422,0,7,16.1,0.3174,2,0,0,0,1,0
TXN0002389,M0254,58.1,netbanking,android,IN-MH,805,663,1,5,48.8,0.4716,3,0,0,0,0,0
TXN0002390,M0134,395.94,upi,api,IN-WB,299,823,3,9,218.3,0.2885,1,0,0,0,0,0
TXN0002391,M0185,1146.72,card,ios,IN-MH,1627,612,4,11,98.3,0.2302,1,0,0,0,0,0
TXN0002392,M0169,802.46,card,api,IN-DL,1495,600,3,13,10.3,0.361,0,0,0,0,0,0
TXN0002393,M0008,13.02,upi,ios,IN-WB,1297,961,2,16,75.9,0.2635,3,0,0,0,0,0
TXN0002394,M0073,629.14,netbanking,web,IN-TN,862,1363,1,6,51.3,0.1586,1,0,0,0,0,1
TXN0002395,M0109,95.45,card,web,IN-WB,1153,416,4,14,6.6,0.2263,0,0,0,0,1,0
TXN0002396,M0145,1089.66,card,api,IN-KA,457,663,2,6,51.8,0.1821,1,0,0,0,0,0
TXN0002397,M0235,63.71,card,android,IN-KA,233,661,0,4,32.6,0.2553,0,1,0,0,1,0
TXN0002398,M0014,58.25,wallet,api,IN-MH,419,462,2,5,45.1,0.394,0,0,0,0,0,1
TXN0002399,M0339,171.21,wallet,web,IN-DL,969,921,2,7,179.3,0.2659,0,0,0,0,0,0
TXN0002400,M0312,120.45,card,api,IN-DL,1726,366,5,9,130.5,0.266,1,0,0,0,1,1
TXN0002401,M0134,126.58,upi,web,IN-GJ,223,1016,2,9,49.3,0.3916,1,0,0,0,0,0
TXN0002402,M0187,462.23,upi,ios,IN-GJ,549,847,1,7,87.3,0.4808,0,0,0,0,0,1
TXN0002403,M0387,619.9,upi,api,IN-KA,135,792,2,9,28.0,0.2414,5,0,0,0,1,0
TXN0002404,M0360,70.04,card,web,IN-MH,794,842,5,11,18.3,0.3368,3,0,0,0,0,0
TXN0002405,M0291,928.23,card,android,IN-WB,1703,1121,3,8,55.0,0.2939,3,0,0,0,0,0
TXN0002406,M0121,52.58,card,web,IN-MH,92,711,2,10,170.8,0.1737,0,0,0,0,1,1
TXN0002407,M0135,98.35,card,api,IN-GJ,1066,118,4,9,52.5,0.4759,3,1,0,0,1,1
TXN0002408,M0034,2267.41,card,api,IN-DL,279,1219,0,4,8.6,0.2238,0,0,0,0,0,0
TXN0002409,M0387,260.51,card,web,IN-UP,12,71,2,7,147.8,0.493,0,1,0,1,1,0
TXN0002410,M0341,93.31,card,web,IN-TN,968,1427,3,8,32.4,0.5496,2,1,0,0,0,0
TXN0002411,M0067,234.37,upi,web,IN-UP,844,1196,4,6,69.5,0.2435,2,0,0,0,0,0
TXN0002412,M0104,364.5,upi,web,IN-TN,1620,430,2,11,91.6,0.334,2,0,0,0,0,0
TXN0002413,M0190,252.22,upi,web,IN-WB,516,558,2,7,52.8,0.2307,0,0,0,0,0,0
TXN0002414,M0107,647.67,card,android,IN-DL,1142,863,3,10,79.5,0.4488,3,0,0,0,0,0
TXN0002415,M0025,75.77,card,web,IN-KA,277,1012,2,7,60.8,0.5653,5,0,0,0,1,0
TXN0002416,M0178,93.61,card,web,IN-WB,1042,1078,7,9,86.2,0.4124,2,0,0,0,1,0
TXN0002417,M0183,73.9,card,android,IN-UP,1474,1117,1,8,21.2,0.2411,0,0,0,0,1,0
TXN0002418,M0196,78.44,card,android,IN-KA,694,1105,0,6,83.0,0.2973,3,0,0,0,0,0
TXN0002419,M0285,187.8,upi,android,IN-TN,277,249,3,14,79.8,0.2993,1,0,0,0,0,0
TXN0002420,M0002,62.13,card,android,IN-UP,910,1473,1,9,75.7,0.361,0,0,0,0,0,0
TXN0002421,M0394,240.71,upi,web,IN-UP,300,166,4,7,204.2,0.3713,1,0,0,0,0,0
TXN0002422,M0087,338.9,netbanking,web,IN-DL,1163,679,4,9,85.6,0.3711,1,0,0,0,0,1
TXN0002423,M0249,53.0,card,android,IN-DL,419,382,3,13,25.0,0.2239,1,0,0,0,1,0
TXN0002424,M0199,95.86,card,web,IN-GJ,1189,877,1,11,20.5,0.2973,3,1,0,0,0,0
TXN0002425,M0002,108.04,upi,web,IN-DL,1282,62,2,8,71.5,0.5167,2,0,0,0,0,0
TXN0002426,M0094,144.55,upi,web,IN-DL,1798,249,5,14,26.0,0.2232,2,0,0,0,0,0
TXN0002427,M0231,152.68,card,web,IN-WB,344,1107,1,3,43.2,0.394,1,0,0,0,1,0
TXN0002428,M0338,445.1,wallet,web,IN-WB,1676,334,4,14,51.8,0.1785,3,0,0,0,0,0
TXN0002429,M0007,479.47,wallet,android,IN-DL,579,436,1,5,103.2,0.3905,3,0,0,0,0,0
TXN0002430,M0005,80.2,upi,web,IN-DL,279,115,0,7,13.0,0.2184,3,0,0,0,0,0
TXN0002431,M0165,359.47,card,ios,IN-KA,1624,1039,3,10,18.5,0.3983,0,0,0,0,0,0
TXN0002432,M0261,711.86,upi,android,IN-KA,1027,1187,3,5,81.1,0.2311,1,0,0,0,0,0
TXN0002433,M0224,603.35,upi,web,IN-GJ,1017,1190,2,6,54.8,0.2595,0,0,0,0,0,0
TXN0002434,M0236,220.93,netbanking,ios,IN-MH,543,1278,8,14,16.2,0.2398,5,0,0,0,0,1
TXN0002435,M0109,170.48,upi,ios,IN-UP,312,308,3,10,90.5,0.4804,3,0,0,0,1,0
TXN0002436,M0149,44.23,card,web,IN-WB,111,550,2,12,99.4,0.6196,3,0,0,0,0,0
TXN0002437,M0316,119.09,upi,android,IN-KA,1547,1271,2,11,76.8,0.5155,5,0,0,0,0,0
TXN0002438,M0050,40.41,upi,android,IN-DL,38,1286,1,6,60.0,0.1152,0,0,0,0,0,1
TXN0002439,M0026,562.88,wallet,api,IN-WB,922,952,2,12,64.3,0.2254,1,0,0,0,0,0
TXN0002440,M0049,138.27,card,android,IN-MH,481,275,3,9,63.9,0.3225,2,0,0,0,1,1
TXN0002441,M0334,165.1,card,android,IN-WB,1501,608,1,7,22.7,0.4382,1,0,0,0,1,0
TXN0002442,M0196,97.08,upi,ios,IN-GJ,1265,123,1,17,40.4,0.3232,2,0,0,0,0,0
TXN0002443,M0211,43.93,wallet,ios,IN-TN,142,484,1,8,48.9,0.6294,1,0,0,0,0,0
TXN0002444,M0112,367.05,card,ios,IN-GJ,231,891,4,16,98.5,0.4321,2,0,0,0,0,1
TXN0002445,M0352,297.37,wallet,android,IN-KA,292,556,4,7,27.6,0.2102,1,0,0,0,0,0
TXN0002446,M0263,457.85,upi,api,IN-DL,1284,894,0,4,166.3,0.2054,0,0,0,0,0,0
TXN0002447,M0183,31.21,upi,ios,IN-GJ,166,349,0,4,75.4,0.136,0,0,0,0,0,0
TXN0002448,M0247,672.99,upi,web,IN-WB,422,1031,1,2,61.2,0.17,1,0,0,0,0,0
TXN0002449,M0232,158.75,upi,web,IN-TN,866,1425,2,10,50.0,0.2946,0,0,0,0,1,0
TXN0002450,M0121,391.63,netbanking,android,IN-KA,333,1367,2,6,101.7,0.6403,1,0,0,0,0,0
TXN0002451,M0091,12.9,netbanking,android,IN-DL,697,1318,3,12,45.8,0.2006,1,0,0,0,1,0
TXN0002452,M0261,271.28,card,ios,IN-TN,547,1392,0,3,168.3,0.1841,1,0,0,0,0,0
TXN0002453,M0226,167.24,wallet,web,IN-UP,749,1371,3,9,35.5,0.3764,2,0,0,0,0,0
TXN0002454,M0214,144.36,upi,android,IN-WB,51,796,1,6,37.2,0.0956,1,1,0,0,0,0
TXN0002455,M0175,163.15,upi,web,IN-MH,660,831,1,11,55.7,0.3062,1,0,0,0,0,0
TXN0002456,M0306,99.17,netbanking,android,IN-MH,966,76,1,5,97.6,0.3181,3,0,0,0,0,0
TXN0002457,M0280,43.85,netbanking,api,IN-KA,764,1141,2,5,94.9,0.191,0,0,0,0,0,0
TXN0002458,M0043,50.84,card,ios,IN-UP,1694,934,4,12,71.3,0.1757,2,0,0,0,0,0
TXN0002459,M0104,184.89,card,android,IN-MH,686,33,3,6,116.7,0.3425,0,0,0,0,0,0
TXN0002460,M0006,668.05,card,web,IN-KA,548,79,3,14,80.1,0.3888,3,0,0,0,0,1
TXN0002461,M0244,544.47,upi,api,IN-UP,288,515,4,10,39.4,0.3473,1,0,0,0,1,0
TXN0002462,M0043,226.62,upi,api,IN-UP,1105,1243,3,9,11.9,0.4252,1,0,0,0,0,1
TXN0002463,M0242,110.41,upi,ios,IN-WB,1024,356,5,7,112.1,0.3103,2,0,0,0,1,0
TXN0002464,M0273,1416.61,card,android,IN-DL,94,35,3,8,50.5,0.2518,1,0,0,0,0,0
TXN0002465,M0294,355.62,upi,web,IN-UP,1564,68,1,8,103.2,0.4057,2,0,0,0,0,0
TXN0002466,M0205,326.23,wallet,android,IN-TN,1761,813,5,14,26.8,0.2473,1,0,0,0,0,0
TXN0002467,M0063,47.49,upi,web,IN-MH,1789,476,6,17,40.9,0.4393,2,0,0,0,0,0
TXN0002468,M0377,232.41,upi,web,IN-KA,1400,1413,7,15,17.6,0.6568,2,0,0,0,1,1
TXN0002469,M0340,52.2,netbanking,android,IN-GJ,212,1297,7,15,13.2,0.3851,1,0,0,0,1,0
TXN0002470,M0217,1443.18,upi,ios,IN-DL,1613,775,3,5,21.1,0.18,1,0,0,0,0,0
TXN0002471,M0139,77.63,card,android,IN-DL,740,1436,1,4,55.9,0.1658,1,0,0,0,0,0
TXN0002472,M0117,98.12,upi,ios,IN-UP,1555,1232,3,9,20.7,0.3749,1,0,0,0,1,0
TXN0002473,M0035,94.04,upi,api,IN-UP,434,894,0,7,36.1,0.1359,2,0,0,0,0,0
TXN0002474,M0123,124.31,netbanking,web,IN-KA,1236,854,3,6,50.0,0.4884,2,0,0,0,0,0
TXN0002475,M0167,351.91,netbanking,web,IN-DL,1020,933,5,12,53.2,0.1193,2,0,0,0,0,0
TXN0002476,M0396,180.55,netbanking,web,IN-DL,826,1289,2,5,114.8,0.1436,4,0,0,0,0,0
TXN0002477,M0146,187.78,card,web,IN-KA,649,7,2,7,86.9,0.2015,2,0,0,0,1,0
TXN0002478,M0244,369.47,upi,web,IN-UP,97,1360,6,11,54.3,0.098,1,0,0,0,1,0
TXN0002479,M0085,39.47,netbanking,android,IN-TN,1580,1140,3,9,33.4,0.5287,1,0,0,0,1,0
TXN0002480,M0086,380.35,upi,android,IN-UP,1301,419,1,5,87.0,0.2578,1,0,0,0,0,0
TXN0002481,M0201,205.95,upi,web,IN-TN,1683,620,3,8,43.7,0.1074,0,0,0,0,0,0
TXN0002482,M0303,89.14,card,android,IN-KA,930,982,1,3,43.8,0.1735,0,1,0,0,1,0
TXN0002483,M0322,205.35,upi,ios,IN-KA,585,292,2,10,9.3,0.1383,2,0,0,0,1,0
TXN0002484,M0234,201.6,card,android,IN-KA,1108,653,2,10,23.1,0.3261,2,0,0,0,1,0
TXN0002485,M0335,13.05,card,android,IN-WB,642,53,3,11,33.2,0.3677,1,0,0,0,0,0
TXN0002486,M0017,711.77,card,web,IN-DL,1690,750,2,7,106.1,0.4966,2,0,0,0,0,0
TXN0002487,M0086,602.87,upi,web,IN-KA,963,354,4,14,29.7,0.2396,5,1,0,0,0,1
TXN0002488,M0185,48.76,card,web,IN-GJ,1219,1284,4,10,76.4,0.3568,4,0,0,0,0,0
TXN0002489,M0106,84.53,upi,web,IN-KA,1144,966,1,5,128.1,0.2644,2,0,0,0,0,0
TXN0002490,M0043,696.85,upi,ios,IN-GJ,700,280,2,10,53.0,0.2856,2,0,0,0,0,0
TXN0002491,M0051,349.82,card,api,IN-DL,1354,988,2,5,25.1,0.1804,1,0,0,0,0,0
TXN0002492,M0137,265.54,card,android,IN-DL,884,688,1,7,69.9,0.2305,3,0,0,0,0,0
TXN0002493,M0343,278.34,upi,ios,IN-KA,181,988,2,4,231.6,0.3711,0,0,0,0,0,0
TXN0002494,M0226,261.63,upi,api,IN-TN,736,363,5,14,113.3,0.359,2,0,0,0,1,0
TXN0002495,M0217,62.06,upi,api,IN-TN,92,1048,3,6,33.9,0.3759,2,0,0,0,1,0
TXN0002496,M0153,102.34,card,android,IN-MH,1323,572,1,11,56.0,0.2035,1,0,0,0,0,0
TXN0002497,M0305,488.01,upi,ios,IN-TN,1221,176,1,6,33.4,0.6434,0,0,0,0,0,0
TXN0002498,M0187,346.96,upi,web,IN-MH,1613,1154,3,12,89.2,0.2549,1,0,0,0,1,0
TXN0002499,M0190,239.12,netbanking,web,IN-TN,862,632,2,5,184.3,0.4922,1,0,0,0,0,0
TXN0002500,M0060,94.16,upi,web,IN-KA,1784,576,1,10,96.0,0.3917,1,0,0,0,0,0
TXN0002501,M0098,484.05,upi,api,IN-KA,1211,1093,0,5,91.3,0.3958,3,0,0,0,0,0
TXN0002502,M0163,68.47,card,ios,IN-MH,695,887,4,14,43.4,0.33,1,0,0,0,0,0
TXN0002503,M0237,791.4,card,ios,IN-KA,543,471,4,9,16.7,0.1423,1,0,0,0,0,0
TXN0002504,M0347,87.15,upi,android,IN-WB,1705,977,2,6,70.1,0.3514,3,0,0,0,0,0
TXN0002505,M0265,75.29,upi,api,IN-MH,310,192,4,7,116.2,0.1965,1,0,0,0,0,0
TXN0002506,M0361,185.52,upi,api,IN-DL,30,1433,3,7,14.3,0.3052,1,0,0,0,0,0
TXN0002507,M0322,222.64,upi,web,IN-GJ,201,537,6,12,97.5,0.2073,1,0,0,0,0,0
TXN0002508,M0361,198.35,netbanking,web,IN-MH,1241,978,1,7,2.0,0.1035,1,0,0,0,1,0
TXN0002509,M0228,47.95,netbanking,web,IN-UP,1415,188,0,6,16.3,0.1346,1,0,0,0,1,0
TXN0002510,M0383,274.38,upi,android,IN-MH,916,1253,2,6,284.3,0.1654,1,0,0,0,0,0
TXN0002511,M0001,479.29,wallet,android,IN-KA,726,848,8,23,45.2,0.4383,1,0,0,0,0,1
TXN0002512,M0356,165.98,upi,api,IN-MH,330,842,2,7,48.1,0.4219,0,0,0,0,0,0
TXN0002513,M0289,38.35,upi,api,IN-WB,150,270,3,4,215.8,0.0421,1,0,0,0,0,0
TXN0002514,M0141,145.71,upi,web,IN-WB,1341,864,2,7,93.9,0.4508,1,0,0,0,0,0
TXN0002515,M0325,57.98,card,web,IN-WB,444,618,2,8,54.4,0.3727,2,0,0,0,0,0
TXN0002516,M0049,26.08,card,api,IN-UP,1772,1354,4,7,175.3,0.1302,1,0,0,0,0,0
TXN0002517,M0017,104.04,card,android,IN-TN,1550,993,2,7,27.0,0.0554,0,0,0,0,0,0
TXN0002518,M0013,913.32,upi,web,IN-DL,1387,67,1,3,112.3,0.2118,0,0,0,0,0,0
TXN0002519,M0004,165.74,upi,api,IN-DL,867,258,3,10,20.2,0.4843,2,0,0,0,0,0
TXN0002520,M0174,136.99,card,android,IN-WB,645,1251,4,8,83.2,0.1775,0,0,0,0,0,0
TXN0002521,M0330,366.12,card,web,IN-TN,1536,515,2,4,17.7,0.2973,0,0,0,0,0,0
TXN0002522,M0263,331.64,wallet,android,IN-DL,87,478,2,9,89.1,0.042,0,1,0,0,1,1
TXN0002523,M0069,41.56,card,web,IN-KA,1701,673,4,11,189.0,0.3019,0,0,0,0,1,0
TXN0002524,M0296,1166.81,upi,android,IN-GJ,1482,36,3,8,138.0,0.518,0,0,0,0,0,1
TXN0002525,M0376,219.36,upi,web,IN-TN,121,1440,2,7,36.6,0.1494,1,0,0,0,0,1
TXN0002526,M0078,445.69,wallet,web,IN-UP,395,175,0,5,43.9,0.1579,0,0,0,0,1,0
TXN0002527,M0279,99.28,upi,api,IN-UP,1697,957,1,6,16.6,0.2588,0,0,0,0,0,0
TXN0002528,M0197,25.48,card,android,IN-UP,1193,61,3,9,25.0,0.5197,1,0,0,0,1,0
TXN0002529,M0066,160.14,upi,web,IN-TN,668,419,2,6,108.6,0.2231,2,0,0,0,0,0
TXN0002530,M0116,59.78,netbanking,web,IN-GJ,1500,212,0,3,111.9,0.1811,2,0,0,0,0,0
TXN0002531,M0210,580.62,upi,web,IN-WB,1257,1297,0,6,31.4,0.3429,2,0,0,0,1,0
TXN0002532,M0068,43.64,upi,web,IN-MH,1663,1096,1,7,37.3,0.1269,2,0,0,0,0,0
TXN0002533,M0338,184.85,wallet,web,IN-MH,726,287,1,8,32.2,0.3962,0,0,0,0,0,0
TXN0002534,M0284,327.78,card,web,IN-TN,1059,1001,5,14,82.8,0.26,1,0,0,0,0,1
TXN0002535,M0210,275.37,card,ios,IN-KA,1106,1254,2,8,89.3,0.2122,1,0,0,0,0,0
TXN0002536,M0043,109.07,upi,web,IN-TN,77,917,2,10,13.5,0.1906,3,0,0,0,0,0
TXN0002537,M0199,30.35,wallet,web,IN-TN,1205,550,4,7,21.3,0.257,1,0,0,0,1,1
TXN0002538,M0344,39.88,upi,android,IN-KA,1291,1490,5,11,50.3,0.2068,0,1,0,0,0,0
TXN0002539,M0098,84.41,upi,ios,IN-WB,240,551,1,6,28.1,0.3543,2,0,0,0,0,0
TXN0002540,M0363,43.94,card,web,IN-DL,1460,1235,5,11,116.5,0.443,2,0,0,0,0,1
TXN0002541,M0265,166.92,card,web,IN-GJ,776,756,3,9,54.2,0.31,2,0,0,0,0,0
TXN0002542,M0350,83.97,upi,web,IN-UP,768,788,0,4,63.8,0.1912,0,0,0,0,0,0
TXN0002543,M0152,49.41,card,android,IN-GJ,372,1474,2,9,26.8,0.1501,2,0,0,0,0,0
TXN0002544,M0251,43.39,upi,api,IN-DL,1533,1367,3,8,39.3,0.4039,4,1,0,0,1,0
TXN0002545,M0323,36.64,card,android,IN-MH,215,410,4,6,64.1,0.1872,1,0,0,0,0,0
TXN0002546,M0176,170.12,card,web,IN-MH,1761,32,9,20,59.3,0.6026,3,0,0,0,1,1
TXN0002547,M0229,86.41,card,android,IN-WB,1065,62,0,6,69.0,0.2352,3,0,0,0,0,0
TXN0002548,M0221,184.69,card,ios,IN-UP,425,506,2,10,79.7,0.281,1,0,0,0,0,1
TXN0002549,M0350,166.6,card,api,IN-UP,1224,547,0,9,41.7,0.3655,2,0,0,0,0,0
TXN0002550,M0280,146.88,card,web,IN-TN,1289,1040,3,8,96.7,0.0855,0,0,0,0,0,0
TXN0002551,M0171,343.86,card,api,IN-WB,464,523,1,7,46.2,0.2122,1,0,0,0,1,0
TXN0002552,M0161,41.25,upi,web,IN-UP,1578,140,1,6,32.4,0.2923,1,0,0,0,0,0
TXN0002553,M0130,345.73,wallet,web,IN-GJ,14,1095,4,12,33.4,0.2393,4,0,0,0,0,0
TXN0002554,M0257,266.54,upi,android,IN-TN,229,984,4,15,153.1,0.3892,0,0,0,0,0,0
TXN0002555,M0237,147.7,card,android,IN-TN,1747,1229,4,8,109.3,0.2399,2,0,0,0,0,0
TXN0002556,M0397,80.24,netbanking,web,IN-WB,1368,1185,1,8,27.6,0.1673,0,0,0,0,1,0
TXN0002557,M0159,187.26,upi,web,IN-UP,855,602,0,3,49.1,0.1093,0,0,0,0,1,0
TXN0002558,M0339,281.9,card,web,IN-KA,569,562,4,11,69.2,0.5627,0,0,0,0,0,1
TXN0002559,M0348,44.38,upi,ios,IN-WB,1173,1337,3,16,84.0,0.518,2,0,0,0,0,0
TXN0002560,M0390,331.22,card,ios,IN-UP,1242,1158,6,17,47.6,0.493,3,0,0,0,1,1
TXN0002561,M0103,1024.31,card,web,IN-TN,136,1056,4,13,122.3,0.4263,4,0,0,0,0,1
TXN0002562,M0097,168.68,card,web,IN-TN,780,71,1,5,163.4,0.2969,0,0,0,0,0,0
TXN0002563,M0210,662.61,upi,ios,IN-UP,1116,896,3,8,62.0,0.3176,1,0,0,0,0,0
TXN0002564,M0386,289.43,upi,web,IN-DL,1059,1484,4,10,37.6,0.3514,0,0,0,0,0,0
TXN0002565,M0378,234.26,card,android,IN-WB,1372,1043,3,7,117.4,0.4121,1,0,0,0,0,0
TXN0002566,M0183,89.32,card,web,IN-GJ,1641,854,1,7,78.9,0.2558,1,0,0,0,1,0
TXN0002567,M0295,127.99,upi,web,IN-KA,86,1434,4,10,94.9,0.2778,1,0,0,0,0,0
TXN0002568,M0332,67.5,upi,android,IN-TN,958,691,2,6,132.0,0.3684,2,0,0,0,0,0
TXN0002569,M0011,462.3,upi,ios,IN-GJ,942,223,2,10,36.3,0.3719,2,0,0,0,0,0
TXN0002570,M0300,85.49,netbanking,web,IN-WB,374,505,1,8,71.3,0.1533,1,0,0,0,0,0
TXN0002571,M0095,1048.36,wallet,web,IN-UP,256,1149,4,15,46.8,0.3964,0,0,0,0,0,1
TXN0002572,M0108,279.03,card,android,IN-UP,1627,1149,4,7,85.0,0.1858,1,0,0,0,0,0
TXN0002573,M0015,266.93,card,android,IN-WB,265,945,1,8,192.6,0.2277,2,0,0,0,0,0
TXN0002574,M0363,47.91,wallet,ios,IN-MH,796,307,2,11,18.7,0.4031,0,0,0,0,0,0
TXN0002575,M0197,350.18,upi,ios,IN-WB,1107,1180,3,15,97.4,0.2598,1,0,0,0,0,0
TXN0002576,M0030,144.41,upi,android,IN-TN,859,967,2,7,48.9,0.4103,1,0,0,0,1,0
TXN0002577,M0119,102.4,card,web,IN-MH,1115,1344,1,9,22.7,0.1909,2,0,0,0,0,0
TXN0002578,M0180,93.41,upi,api,IN-KA,52,546,2,8,209.8,0.0921,0,0,0,0,0,0
TXN0002579,M0108,52.03,netbanking,ios,IN-KA,997,1085,4,9,2.0,0.1527,0,0,0,0,0,0
TXN0002580,M0079,181.79,card,android,IN-TN,1455,586,5,8,138.8,0.2016,1,0,0,0,0,0
TXN0002581,M0265,152.32,wallet,ios,IN-DL,918,211,1,7,8.5,0.2399,3,0,0,0,0,0
TXN0002582,M0381,48.39,upi,web,IN-TN,1785,340,2,7,13.5,0.23,0,0,0,0,1,0
TXN0002583,M0322,301.18,netbanking,api,IN-WB,846,739,6,15,94.9,0.6522,2,1,0,0,0,1
TXN0002584,M0298,1512.38,netbanking,api,IN-TN,554,241,0,5,46.1,0.0873,1,1,0,0,0,0
TXN0002585,M0348,43.33,card,android,IN-GJ,866,335,3,13,46.2,0.4955,2,0,0,0,0,0
TXN0002586,M0190,160.73,netbanking,web,IN-KA,541,185,2,4,22.7,0.3687,1,0,0,0,1,0
TXN0002587,M0284,945.08,netbanking,api,IN-GJ,602,98,1,10,32.9,0.2906,0,0,0,0,0,0
TXN0002588,M0271,82.73,upi,web,IN-TN,815,995,6,16,48.9,0.3953,2,0,0,0,0,1
TXN0002589,M0372,279.4,card,api,IN-KA,463,24,3,14,94.3,0.4003,2,0,0,0,1,0
TXN0002590,M0086,266.52,card,ios,IN-MH,63,1012,5,13,92.8,0.5041,0,0,0,0,0,0
TXN0002591,M0079,347.65,upi,api,IN-WB,478,511,5,10,74.9,0.5811,2,0,0,0,0,0
TXN0002592,M0161,1125.06,card,ios,IN-DL,56,796,1,2,59.8,0.1178,1,0,0,0,0,0
TXN0002593,M0340,30.06,card,android,IN-UP,1634,933,3,6,237.3,0.339,2,0,0,0,0,0
TXN0002594,M0008,217.86,upi,android,IN-WB,1562,1022,2,5,49.1,0.2945,6,0,0,0,0,0
TXN0002595,M0114,109.07,card,api,IN-MH,480,871,1,2,43.9,0.6403,2,0,0,0,0,0
TXN0002596,M0049,172.98,netbanking,ios,IN-KA,1612,1420,3,10,93.8,0.2993,1,0,0,0,1,0
TXN0002597,M0253,188.29,upi,web,IN-GJ,674,854,5,9,71.6,0.2686,1,0,0,0,0,0
TXN0002598,M0172,134.13,upi,ios,IN-TN,671,99,0,9,107.9,0.1939,0,1,0,0,0,0
TXN0002599,M0092,60.68,card,android,IN-MH,907,1491,1,11,89.1,0.3707,2,0,0,0,1,0
TXN0002600,M0066,64.96,card,api,IN-UP,1642,1138,2,6,35.6,0.0341,0,0,0,0,0,0
TXN0002601,M0201,1508.04,card,api,IN-UP,1337,671,2,6,42.7,0.3219,3,0,0,0,0,0
TXN0002602,M0315,45.21,wallet,android,IN-KA,1143,1310,0,9,76.3,0.1489,1,0,0,0,0,0
TXN0002603,M0126,613.76,card,web,IN-KA,1398,844,2,13,108.2,0.3572,2,0,0,0,1,0
TXN0002604,M0152,63.94,upi,ios,IN-MH,1576,1102,3,6,9.3,0.2372,2,0,0,0,0,0
TXN0002605,M0363,198.01,card,web,IN-TN,1299,908,0,2,102.8,0.4676,0,0,0,0,1,0
TXN0002606,M0247,1288.37,card,web,IN-KA,843,875,2,9,75.1,0.2027,1,0,0,0,0,0
TXN0002607,M0087,398.53,card,web,IN-UP,546,1311,7,11,12.5,0.4939,1,0,0,0,0,1
TXN0002608,M0293,42.73,wallet,api,IN-GJ,839,636,1,7,55.4,0.3353,2,0,0,0,1,0
TXN0002609,M0363,128.5,upi,android,IN-WB,294,1421,2,9,22.5,0.5769,2,0,0,0,0,0
TXN0002610,M0384,175.4,upi,web,IN-KA,1091,265,2,9,21.8,0.4642,0,0,0,0,0,0
TXN0002611,M0158,504.48,upi,ios,IN-MH,1470,844,4,13,133.2,0.357,3,0,0,0,0,0
TXN0002612,M0221,188.71,netbanking,ios,IN-TN,51,144,2,6,99.6,0.3149,0,0,0,0,0,0
TXN0002613,M0352,153.56,card,web,IN-WB,1574,987,1,12,39.6,0.6423,3,0,0,0,0,0
TXN0002614,M0368,1005.18,upi,web,IN-GJ,1149,676,1,4,49.5,0.1612,1,0,0,0,0,0
TXN0002615,M0178,874.19,upi,android,IN-MH,1643,549,5,12,174.9,0.2649,1,0,0,0,1,0
TXN0002616,M0131,361.99,card,web,IN-UP,1275,173,4,11,32.1,0.2502,2,0,0,0,1,0
TXN0002617,M0374,96.24,wallet,web,IN-MH,1545,719,2,9,137.0,0.2522,1,0,0,0,0,0
TXN0002618,M0371,12.7,upi,android,IN-MH,1352,1194,4,7,73.1,0.352,0,0,0,0,0,0
TXN0002619,M0267,50.09,upi,ios,IN-GJ,651,1203,3,8,39.1,0.43,5,0,0,0,0,1
TXN0002620,M0241,38.44,card,android,IN-UP,971,607,0,4,70.8,0.2991,3,0,0,0,0,0
TXN0002621,M0222,169.32,card,api,IN-TN,277,318,1,7,67.5,0.4389,3,0,0,0,0,0
TXN0002622,M0314,459.84,wallet,api,IN-MH,1508,634,0,3,86.8,0.3179,1,0,0,0,1,0
TXN0002623,M0322,1298.26,upi,web,IN-DL,1207,891,6,12,139.0,0.2497,0,0,0,0,0,0
TXN0002624,M0033,643.27,card,api,IN-UP,1052,1211,0,5,71.0,0.1196,1,0,0,0,0,0
TXN0002625,M0171,88.52,card,api,IN-DL,1169,87,5,9,33.2,0.2755,1,0,0,0,0,0
TXN0002626,M0101,232.04,card,web,IN-WB,1260,564,1,8,68.3,0.1563,0,0,0,0,0,0
TXN0002627,M0149,269.15,upi,web,IN-TN,446,793,7,10,75.3,0.4937,2,0,0,0,0,1
TXN0002628,M0267,37.84,upi,web,IN-GJ,1103,102,3,5,71.6,0.3684,0,0,0,0,0,0
TXN0002629,M0303,75.14,netbanking,web,IN-KA,1116,322,3,10,37.5,0.4404,1,0,0,0,0,0
TXN0002630,M0259,117.0,upi,web,IN-UP,1241,237,2,6,29.5,0.2396,2,0,0,0,0,0
TXN0002631,M0070,1514.59,netbanking,web,IN-MH,1796,1056,2,7,41.2,0.22,0,0,0,0,0,1
TXN0002632,M0146,264.92,upi,web,IN-KA,607,823,4,9,48.4,0.3513,1,0,0,0,0,0
TXN0002633,M0305,48.35,upi,android,IN-GJ,304,1000,5,8,22.7,0.2521,1,0,0,0,0,0
TXN0002634,M0211,117.7,upi,ios,IN-DL,1785,1200,1,6,41.4,0.3504,1,0,0,0,0,0
TXN0002635,M0135,281.96,upi,android,IN-TN,682,1328,3,7,171.7,0.298,4,0,0,0,0,1
TXN0002636,M0283,140.03,wallet,android,IN-WB,513,1322,2,5,175.4,0.476,2,0,0,0,0,0
TXN0002637,M0161,126.07,upi,ios,IN-MH,704,686,3,8,103.8,0.2794,1,0,0,0,0,0
TXN0002638,M0241,374.26,wallet,ios,IN-WB,1421,1263,2,5,72.0,0.3338,1,0,0,0,1,0
TXN0002639,M0024,731.02,card,web,IN-TN,385,954,1,4,19.7,0.1194,0,0,0,0,0,0
TXN0002640,M0388,607.36,card,api,IN-TN,37,726,1,7,110.4,0.2476,1,0,0,0,0,0
TXN0002641,M0201,133.31,netbanking,android,IN-GJ,1418,1174,0,3,12.6,0.6129,0,0,0,0,0,0
TXN0002642,M0298,152.61,upi,ios,IN-DL,925,413,1,7,55.7,0.4637,3,0,0,0,1,0
TXN0002643,M0088,132.14,card,web,IN-UP,1273,362,1,8,95.8,0.1119,4,0,0,0,0,0
TXN0002644,M0038,517.47,upi,android,IN-TN,478,60,1,7,102.4,0.1986,0,0,0,0,0,0
TXN0002645,M0120,122.0,upi,api,IN-WB,391,1361,3,7,34.6,0.2656,1,0,0,0,0,0
TXN0002646,M0141,26.3,card,android,IN-MH,832,1208,2,9,14.4,0.3823,0,0,0,0,0,0
TXN0002647,M0266,291.62,card,api,IN-DL,1544,421,4,11,45.3,0.2119,2,0,0,0,0,0
TXN0002648,M0007,305.6,netbanking,web,IN-WB,1325,1041,1,4,26.5,0.1856,1,0,0,0,0,0
TXN0002649,M0172,120.02,upi,android,IN-WB,767,13,2,10,71.0,0.5472,5,0,0,0,0,0
TXN0002650,M0298,1148.4,card,ios,IN-KA,296,18,3,8,88.2,0.6009,2,0,0,0,1,1
TXN0002651,M0339,104.66,upi,web,IN-MH,992,186,5,12,32.7,0.4783,4,0,0,0,0,0
TXN0002652,M0245,742.96,upi,android,IN-DL,100,1393,1,14,71.9,0.3428,1,0,0,0,0,0
TXN0002653,M0388,47.18,card,android,IN-WB,1233,826,4,6,30.0,0.3383,1,0,0,0,0,0
TXN0002654,M0109,237.3,card,web,IN-UP,779,209,2,5,50.3,0.2279,0,1,0,0,0,0
TXN0002655,M0190,80.18,upi,ios,IN-WB,1573,442,1,5,19.7,0.1914,1,0,0,0,0,0
TXN0002656,M0209,167.32,upi,android,IN-GJ,1742,616,8,17,17.6,0.2943,1,0,0,0,0,0
TXN0002657,M0247,385.48,wallet,web,IN-WB,409,480,3,13,61.6,0.1959,0,0,0,0,0,0
TXN0002658,M0088,101.82,card,android,IN-TN,210,497,2,3,55.7,0.384,2,0,0,0,1,0
TXN0002659,M0309,89.57,upi,android,IN-UP,1066,118,3,6,67.3,0.2147,0,0,0,0,0,0
TXN0002660,M0232,144.08,upi,android,IN-UP,88,1068,3,8,46.3,0.2179,1,0,0,0,0,0
TXN0002661,M0298,7727.74,upi,android,IN-WB,1209,1067,1,9,45.9,0.1789,1,0,0,0,1,0
TXN0002662,M0173,220.35,upi,web,IN-MH,1581,944,2,6,78.6,0.3191,2,0,0,0,0,0
TXN0002663,M0353,207.69,card,android,IN-DL,1595,731,2,10,32.4,0.4293,2,0,0,0,0,0
TXN0002664,M0359,278.06,card,ios,IN-WB,1380,882,5,11,68.0,0.145,2,1,0,0,0,0
TXN0002665,M0256,32.36,upi,ios,IN-GJ,1390,968,1,12,11.9,0.2656,0,0,0,0,0,0
TXN0002666,M0002,452.07,upi,web,IN-UP,452,1453,1,5,57.8,0.2704,2,1,0,0,1,0
TXN0002667,M0215,366.61,card,web,IN-TN,1646,458,3,9,234.1,0.3736,2,0,0,0,0,0
TXN0002668,M0341,30.24,upi,api,IN-MH,1358,781,0,3,62.9,0.1137,1,0,0,0,0,0
TXN0002669,M0266,1992.95,card,web,IN-TN,136,987,4,7,175.8,0.3617,0,0,0,0,0,1
TXN0002670,M0214,180.55,card,android,IN-GJ,1066,1322,4,9,14.9,0.1594,1,0,0,0,0,0
TXN0002671,M0019,58.92,netbanking,web,IN-UP,766,1395,5,13,87.2,0.3228,3,1,0,0,0,0
TXN0002672,M0295,246.31,upi,web,IN-MH,281,664,0,1,28.8,0.248,0,0,0,0,1,0
TXN0002673,M0089,72.54,card,android,IN-TN,552,988,3,8,46.8,0.3476,2,0,0,0,1,0
TXN0002674,M0258,35.97,card,android,IN-TN,1683,151,4,9,28.7,0.2586,1,0,0,0,0,0
TXN0002675,M0169,137.06,netbanking,android,IN-DL,895,700,2,6,58.0,0.5652,3,0,0,0,0,0
TXN0002676,M0250,143.37,upi,ios,IN-GJ,277,1173,2,7,75.5,0.2467,1,0,0,0,0,0
TXN0002677,M0106,37.28,card,android,IN-GJ,1459,917,2,5,14.2,0.3449,2,0,0,0,1,0
TXN0002678,M0226,82.49,upi,android,IN-MH,434,1041,3,9,10.7,0.3871,1,0,0,0,0,0
TXN0002679,M0058,64.06,upi,web,IN-KA,887,1260,1,5,62.8,0.0787,2,0,0,0,0,0
TXN0002680,M0080,125.91,upi,ios,IN-GJ,234,421,1,5,18.1,0.2541,2,0,0,0,0,0
TXN0002681,M0342,344.0,card,ios,IN-WB,64,1334,4,8,83.2,0.1427,1,0,0,0,1,0
TXN0002682,M0184,207.33,upi,web,IN-MH,1764,1141,5,17,97.5,0.3385,2,1,0,0,0,1
TXN0002683,M0071,174.21,upi,android,IN-MH,1207,286,1,7,36.2,0.3532,1,0,0,0,0,0
TXN0002684,M0332,29.02,wallet,api,IN-MH,1083,1391,0,3,70.4,0.1114,1,0,0,0,1,0
TXN0002685,M0332,175.02,card,web,IN-WB,19,743,2,6,5.5,0.1005,2,0,0,0,0,0
TXN0002686,M0123,60.65,upi,web,IN-UP,1098,726,5,12,54.4,0.3545,0,0,0,0,1,0
TXN0002687,M0192,32.3,card,web,IN-MH,176,1344,2,4,71.3,0.2547,1,0,0,0,0,0
TXN0002688,M0009,432.92,upi,web,IN-GJ,275,179,4,12,141.3,0.3344,2,0,0,0,1,0
TXN0002689,M0351,47.56,upi,web,IN-GJ,1310,488,0,7,41.7,0.3932,4,0,0,0,0,0
TXN0002690,M0381,197.76,card,ios,IN-TN,924,640,6,12,103.5,0.3553,2,0,0,0,0,0
TXN0002691,M0175,110.58,card,ios,IN-KA,1495,558,4,9,61.7,0.1468,0,0,0,0,1,0
TXN0002692,M0073,69.37,upi,android,IN-MH,643,53,3,12,15.5,0.2746,1,0,0,0,0,0
TXN0002693,M0278,609.62,upi,web,IN-GJ,573,210,1,7,17.5,0.3842,0,0,0,0,0,0
TXN0002694,M0024,98.74,card,web,IN-MH,1486,186,1,8,10.2,0.442,3,0,0,0,0,0
TXN0002695,M0093,105.68,card,ios,IN-KA,1024,953,2,5,42.6,0.1716,0,0,0,0,0,0
TXN0002696,M0381,86.31,wallet,ios,IN-UP,1645,497,5,12,141.2,0.4311,2,0,0,0,0,0
TXN0002697,M0080,214.62,card,ios,IN-TN,985,974,3,8,35.5,0.1859,1,0,0,0,1,0
TXN0002698,M0288,153.46,netbanking,api,IN-MH,335,244,2,5,102.3,0.1935,1,0,0,0,1,0
TXN0002699,M0278,89.22,card,web,IN-TN,101,1372,3,5,11.9,0.2637,0,0,0,0,1,0
TXN0002700,M0020,71.55,card,android,IN-KA,393,540,2,3,77.6,0.1705,0,0,0,0,0,0
TXN0002701,M0218,172.71,upi,web,IN-DL,981,1342,3,4,32.3,0.3026,1,0,0,0,1,0
TXN0002702,M0398,93.93,card,android,IN-DL,1180,255,2,8,62.4,0.2468,0,0,0,0,0,0
TXN0002703,M0058,1009.76,card,android,IN-GJ,20,1264,0,7,22.5,0.176,2,0,0,0,0,0
TXN0002704,M0225,106.44,wallet,web,IN-WB,483,131,1,9,165.1,0.3256,1,0,0,0,0,0
TXN0002705,M0331,251.42,wallet,api,IN-GJ,1476,676,3,10,95.7,0.2638,0,0,0,0,0,0
TXN0002706,M0085,164.35,card,api,IN-DL,712,1116,1,10,43.1,0.3394,3,0,0,0,0,0
TXN0002707,M0023,134.81,card,ios,IN-UP,1346,324,0,4,37.3,0.1643,2,0,0,0,0,0
TXN0002708,M0118,442.43,netbanking,ios,IN-WB,672,301,2,11,44.8,0.2063,1,0,0,0,0,0
TXN0002709,M0355,321.55,upi,api,IN-KA,511,1134,4,11,70.5,0.2284,3,0,0,0,0,0
TXN0002710,M0174,315.42,wallet,web,IN-MH,1245,1348,1,9,42.6,0.2505,3,0,0,0,0,0
TXN0002711,M0200,311.95,upi,android,IN-TN,472,367,4,10,191.1,0.2117,1,0,0,0,1,0
TXN0002712,M0180,35.82,upi,web,IN-DL,1188,406,4,14,123.7,0.4829,3,0,0,0,0,1
TXN0002713,M0074,279.68,card,api,IN-WB,343,1178,5,9,143.2,0.0373,1,0,0,0,1,0
TXN0002714,M0150,140.55,card,api,IN-MH,1354,1154,2,4,80.5,0.3378,1,0,0,0,0,0
TXN0002715,M0400,107.78,upi,ios,IN-WB,1715,918,4,13,105.6,0.2968,3,0,0,0,1,0
TXN0002716,M0250,5728.92,upi,ios,IN-TN,1632,858,2,5,112.5,0.1281,0,0,0,0,1,1
TXN0002717,M0346,41.24,netbanking,android,IN-KA,1522,58,4,8,60.2,0.2471,0,0,0,0,0,0
TXN0002718,M0126,164.42,upi,ios,IN-KA,18,1126,1,4,23.5,0.2492,0,0,0,0,0,0
TXN0002719,M0089,151.67,card,web,IN-UP,1508,850,2,6,21.4,0.19,0,0,0,0,0,0
TXN0002720,M0143,165.85,card,web,IN-TN,1121,286,4,8,21.5,0.4709,1,0,0,0,0,0
TXN0002721,M0376,65.3,upi,web,IN-UP,839,1217,5,11,20.6,0.1273,1,0,0,0,0,0
TXN0002722,M0148,225.42,netbanking,web,IN-TN,1450,1126,3,11,28.2,0.1923,0,0,0,0,0,0
TXN0002723,M0317,58.51,card,android,IN-KA,1460,1136,0,7,87.7,0.3378,0,0,0,0,0,0
TXN0002724,M0021,239.01,card,ios,IN-KA,1681,1462,3,10,70.3,0.1856,3,0,0,0,0,0
TXN0002725,M0202,210.52,upi,ios,IN-MH,1065,100,1,3,33.9,0.1075,2,0,0,0,0,0
TXN0002726,M0197,141.0,card,api,IN-WB,1263,440,3,5,43.5,0.3701,0,0,0,0,0,0
TXN0002727,M0393,167.38,netbanking,web,IN-DL,539,1033,1,3,19.5,0.2169,0,0,0,0,1,0
TXN0002728,M0031,877.51,upi,api,IN-TN,1211,71,1,6,87.2,0.1926,0,0,0,0,0,0
TXN0002729,M0295,320.89,card,web,IN-WB,775,574,1,9,23.1,0.3159,3,0,0,0,1,0
TXN0002730,M0394,214.0,card,web,IN-TN,1160,971,2,8,25.7,0.1573,0,0,0,0,1,0
TXN0002731,M0245,275.2,upi,web,IN-WB,736,1411,4,11,95.9,0.3654,3,0,0,0,1,0
TXN0002732,M0326,187.39,card,android,IN-TN,319,145,1,6,97.8,0.2267,0,0,0,0,0,0
TXN0002733,M0032,312.66,card,android,IN-DL,633,1123,1,5,80.4,0.1438,1,0,0,0,0,0
TXN0002734,M0203,98.21,card,ios,IN-GJ,604,23,3,8,200.7,0.4309,0,0,0,0,1,0
TXN0002735,M0035,1641.96,card,android,IN-MH,436,1296,2,10,114.9,0.2993,1,0,0,0,0,0
TXN0002736,M0003,217.2,upi,ios,IN-UP,189,855,5,17,137.1,0.199,0,0,0,0,0,0
TXN0002737,M0226,3039.01,card,android,IN-DL,717,1123,2,9,144.4,0.3999,1,0,0,0,1,0
TXN0002738,M0286,1651.99,card,android,IN-WB,908,105,1,3,8.2,0.1266,2,0,0,0,1,0
TXN0002739,M0046,108.76,card,ios,IN-WB,1079,558,2,4,104.6,0.2518,0,1,0,0,0,0
TXN0002740,M0236,228.72,card,web,IN-KA,1107,374,1,7,132.2,0.4571,1,0,0,0,0,0
TXN0002741,M0095,259.44,card,ios,IN-UP,353,836,1,5,38.8,0.5342,3,0,0,0,0,0
TXN0002742,M0392,457.93,upi,api,IN-KA,262,805,2,6,66.9,0.3337,1,0,0,0,0,0
TXN0002743,M0116,205.25,upi,web,IN-TN,256,485,6,12,123.4,0.5006,2,0,0,0,0,1
TXN0002744,M0189,601.76,card,ios,IN-WB,1228,1264,3,6,19.1,0.3931,3,0,0,0,0,0
TXN0002745,M0124,31.0,upi,android,IN-TN,1242,40,1,3,69.2,0.1639,3,0,0,0,0,0
TXN0002746,M0030,97.81,upi,android,IN-GJ,926,322,3,8,2.5,0.3764,1,0,0,0,1,0
TXN0002747,M0191,148.72,upi,api,IN-TN,947,1324,6,16,173.9,0.2406,1,0,0,0,0,1
TXN0002748,M0228,92.42,card,android,IN-WB,1149,425,5,12,50.7,0.2407,4,0,0,0,0,1
TXN0002749,M0096,31.85,upi,web,IN-WB,634,437,1,8,20.5,0.3917,4,0,0,0,1,0
TXN0002750,M0312,435.64,card,android,IN-TN,1342,883,2,7,43.2,0.2677,0,0,0,0,0,0
TXN0002751,M0371,59.5,card,ios,IN-MH,1634,145,2,9,71.7,0.2694,1,0,0,0,1,0
TXN0002752,M0390,91.71,card,ios,IN-KA,428,1034,6,16,47.5,0.668,2,0,0,0,0,0
TXN0002753,M0021,382.91,wallet,android,IN-DL,830,746,2,5,115.1,0.1508,2,0,0,0,1,0
TXN0002754,M0371,612.37,card,ios,IN-MH,570,794,1,7,13.4,0.2993,1,1,0,0,0,0
TXN0002755,M0111,102.25,upi,web,IN-KA,597,710,3,9,133.2,0.66,1,0,0,0,0,0
TXN0002756,M0273,63.83,card,web,IN-MH,701,440,1,7,22.9,0.3554,2,0,0,0,0,0
TXN0002757,M0074,79.81,card,api,IN-KA,390,777,2,11,35.1,0.2183,0,0,0,0,1,0
TXN0002758,M0242,548.75,wallet,android,IN-GJ,628,948,1,8,66.8,0.2044,1,0,0,0,0,0
TXN0002759,M0393,580.71,wallet,web,IN-UP,582,1040,0,2,101.5,0.1299,0,0,0,0,0,0
TXN0002760,M0010,252.01,card,web,IN-KA,1464,9,0,7,86.4,0.3719,1,0,0,0,1,0
TXN0002761,M0190,230.44,card,web,IN-DL,493,483,3,9,53.6,0.1837,2,0,0,0,0,0
TXN0002762,M0133,48.15,upi,web,IN-KA,175,584,1,6,77.1,0.2851,0,0,0,0,0,0
TXN0002763,M0319,286.59,card,web,IN-TN,1560,1289,1,7,20.5,0.1754,0,1,0,0,0,0
TXN0002764,M0163,394.92,netbanking,ios,IN-GJ,1624,1212,2,3,47.6,0.1604,4,0,0,0,0,1
TXN0002765,M0120,212.39,card,android,IN-DL,1605,512,1,3,92.3,0.1951,0,0,0,0,0,0
TXN0002766,M0225,220.27,upi,web,IN-UP,330,471,3,10,81.8,0.338,0,0,0,0,0,1
TXN0002767,M0054,64.15,card,android,IN-GJ,743,270,3,5,60.0,0.5035,2,0,0,0,0,0
TXN0002768,M0094,579.06,netbanking,android,IN-UP,523,1011,0,6,60.8,0.1761,3,0,0,0,0,0
TXN0002769,M0029,46.24,card,android,IN-TN,470,244,4,12,66.5,0.1179,0,0,0,0,0,0
TXN0002770,M0218,177.04,card,api,IN-MH,1651,234,3,6,75.3,0.3915,5,0,0,0,0,1
TXN0002771,M0168,284.43,wallet,web,IN-MH,235,819,2,9,55.6,0.3426,3,0,0,0,0,0
TXN0002772,M0377,563.38,wallet,web,IN-GJ,1088,1205,1,7,10.9,0.355,3,1,0,0,1,0
TXN0002773,M0087,516.26,card,ios,IN-WB,1289,385,3,10,37.0,0.388,1,1,0,0,0,1
TXN0002774,M0259,562.37,card,web,IN-UP,123,739,0,4,331.3,0.334,0,0,0,0,0,0
TXN0002775,M0216,133.06,upi,android,IN-MH,1582,1074,1,7,94.6,0.2023,1,0,0,0,0,0
TXN0002776,M0349,1838.83,upi,api,IN-TN,407,1397,1,9,40.9,0.2413,1,0,0,0,0,0
TXN0002777,M0322,534.2,card,ios,IN-WB,740,762,1,5,49.2,0.5192,1,0,0,0,0,0
TXN0002778,M0127,126.49,upi,android,IN-GJ,975,1012,5,10,21.5,0.1615,3,0,0,0,0,0
TXN0002779,M0223,134.91,upi,android,IN-KA,1574,1321,4,7,96.9,0.3389,2,1,0,0,0,1
TXN0002780,M0039,385.05,card,api,IN-WB,1777,888,3,7,41.0,0.3248,1,1,0,0,1,0
TXN0002781,M0099,112.79,card,web,IN-MH,446,1433,4,7,59.1,0.1451,1,0,0,0,0,0
TXN0002782,M0259,50.18,upi,api,IN-DL,735,766,2,8,89.1,0.2052,0,0,0,0,0,0
TXN0002783,M0301,195.49,netbanking,android,IN-GJ,1096,755,1,5,130.0,0.4301,0,0,0,0,0,0
TXN0002784,M0195,18.55,card,android,IN-TN,741,126,2,4,30.7,0.2913,3,0,0,0,1,0
TXN0002785,M0003,257.57,upi,android,IN-MH,146,375,6,10,81.6,0.2827,3,0,0,0,0,0
TXN0002786,M0227,340.67,upi,ios,IN-MH,1404,1155,0,2,13.5,0.3382,2,0,0,0,0,0
TXN0002787,M0190,137.96,netbanking,api,IN-MH,1014,1164,1,6,82.3,0.2743,2,0,0,0,0,0
TXN0002788,M0120,568.46,upi,web,IN-MH,232,1143,5,7,94.6,0.4464,1,0,0,0,0,0
TXN0002789,M0232,422.0,card,ios,IN-KA,1149,1001,2,14,61.0,0.2774,3,0,0,0,0,0
TXN0002790,M0240,64.98,card,ios,IN-UP,1631,1402,2,5,49.6,0.2971,2,0,0,0,1,0
TXN0002791,M0265,188.14,card,ios,IN-WB,1160,585,2,7,42.0,0.2354,1,0,0,0,0,1
TXN0002792,M0046,107.08,card,web,IN-UP,859,995,2,7,29.1,0.3628,0,0,0,0,1,0
TXN0002793,M0232,130.3,wallet,web,IN-GJ,1402,1255,4,6,44.7,0.3421,3,0,0,0,0,1
TXN0002794,M0267,566.38,upi,web,IN-KA,489,1407,0,3,48.2,0.1031,1,0,0,0,1,0
TXN0002795,M0254,336.42,card,api,IN-TN,171,328,6,7,106.9,0.4186,1,0,0,0,0,0
TXN0002796,M0246,87.83,card,web,IN-MH,883,595,3,6,99.9,0.093,1,0,0,0,0,0
TXN0002797,M0055,225.23,card,android,IN-DL,502,854,1,3,53.1,0.1076,0,0,0,0,1,0
TXN0002798,M0287,84.54,upi,ios,IN-WB,883,954,1,4,13.5,0.165,1,0,0,0,0,0
TXN0002799,M0168,110.85,card,web,IN-WB,1247,1131,2,8,48.1,0.2142,2,0,0,0,0,0
TXN0002800,M0257,838.94,upi,web,IN-KA,1524,958,4,7,75.8,0.1849,0,0,0,0,1,0
TXN0002801,M0316,2298.15,upi,android,IN-KA,1066,795,1,7,34.9,0.3875,0,0,0,0,0,0
TXN0002802,M0243,1066.33,netbanking,web,IN-WB,1096,841,1,5,8.6,0.1033,0,0,0,0,0,0
TXN0002803,M0222,237.54,upi,ios,IN-WB,1709,275,6,12,45.8,0.3139,2,0,0,0,0,0
TXN0002804,M0104,216.35,card,android,IN-KA,1635,1044,2,6,94.5,0.3193,1,1,0,0,1,0
TXN0002805,M0073,498.87,upi,web,IN-TN,1411,924,3,12,29.8,0.2383,2,0,0,0,0,0
TXN0002806,M0025,199.23,wallet,web,IN-WB,1636,735,2,8,37.3,0.0964,1,0,0,0,0,0
TXN0002807,M0215,43.25,upi,web,IN-GJ,848,921,6,8,73.1,0.3197,1,0,0,0,0,0
TXN0002808,M0113,1109.76,netbanking,android,IN-GJ,1381,1151,2,6,22.2,0.1172,2,0,0,0,0,0
TXN0002809,M0144,54.88,card,android,IN-GJ,961,481,3,8,9.8,0.2302,0,0,0,0,0,0
TXN0002810,M0238,602.32,card,web,IN-WB,1107,1186,3,16,43.5,0.3177,0,0,0,0,0,0
TXN0002811,M0206,384.81,upi,api,IN-DL,1187,358,1,4,3.6,0.185,0,0,0,0,0,0
TXN0002812,M0212,1156.05,netbanking,android,IN-KA,142,441,2,11,18.1,0.1188,5,0,0,0,0,0
TXN0002813,M0228,426.44,upi,api,IN-UP,19,906,2,9,43.6,0.3406,1,1,0,0,0,1
TXN0002814,M0358,99.99,upi,ios,IN-KA,1715,235,0,4,25.6,0.0866,1,0,0,0,0,0
TXN0002815,M0018,532.88,card,api,IN-TN,656,706,5,13,54.1,0.3657,2,0,0,0,0,0
TXN0002816,M0050,125.16,upi,web,IN-GJ,92,1291,1,9,11.4,0.4408,0,0,0,0,1,0
TXN0002817,M0090,67.73,upi,api,IN-GJ,220,1070,4,15,133.4,0.3891,2,0,0,0,0,0
TXN0002818,M0032,28.83,card,web,IN-UP,71,807,0,8,98.1,0.2447,1,0,0,0,0,0
TXN0002819,M0379,159.06,upi,android,IN-WB,431,802,6,9,100.8,0.3529,2,1,0,0,0,0
TXN0002820,M0085,33.26,card,web,IN-UP,1312,1265,1,3,84.3,0.2552,3,0,0,0,0,0
TXN0002821,M0097,757.12,upi,android,IN-DL,1493,574,2,6,51.4,0.4305,3,0,0,0,0,0
TXN0002822,M0152,37.41,upi,api,IN-MH,113,698,1,4,143.9,0.2292,1,0,0,0,0,0
TXN0002823,M0315,123.09,card,web,IN-TN,987,883,0,2,91.0,0.2503,0,0,0,0,0,0
TXN0002824,M0384,128.46,upi,android,IN-WB,1190,1259,3,4,32.3,0.2753,0,0,0,0,0,0
TXN0002825,M0179,213.72,upi,android,IN-MH,1548,952,2,9,126.5,0.1943,3,0,0,0,0,0
TXN0002826,M0237,75.62,netbanking,web,IN-KA,1629,1274,2,5,51.7,0.2859,4,0,0,0,0,0
TXN0002827,M0048,559.88,wallet,ios,IN-UP,1599,1006,8,14,56.4,0.7734,2,0,0,0,0,1
TXN0002828,M0229,211.89,card,android,IN-UP,1290,735,1,9,138.6,0.2767,3,0,0,0,0,0
TXN0002829,M0287,176.85,upi,web,IN-DL,1450,90,2,5,25.0,0.2427,4,0,0,0,0,0
TXN0002830,M0350,93.94,card,api,IN-MH,1340,143,1,7,108.7,0.0825,1,0,0,0,0,0
TXN0002831,M0047,311.88,upi,web,IN-UP,1371,1098,2,7,116.9,0.3736,2,0,0,0,0,0
TXN0002832,M0258,727.96,wallet,android,IN-KA,1623,1053,2,6,43.2,0.4652,2,0,0,0,0,0
TXN0002833,M0167,2664.92,upi,ios,IN-WB,299,336,4,10,66.4,0.2537,1,0,0,0,1,1
TXN0002834,M0228,70.23,netbanking,android,IN-KA,156,228,4,9,16.4,0.2121,1,0,0,0,0,0
TXN0002835,M0027,157.03,card,android,IN-GJ,485,859,4,5,63.1,0.3037,1,1,0,0,0,0
TXN0002836,M0046,26.73,upi,ios,IN-UP,1712,1430,3,8,26.8,0.3647,1,0,0,0,1,0
TXN0002837,M0383,355.24,wallet,android,IN-KA,1267,232,2,6,7.1,0.2133,2,0,0,0,0,0
TXN0002838,M0308,45.96,upi,android,IN-MH,847,369,1,6,18.0,0.2883,4,0,0,0,0,1
TXN0002839,M0268,237.08,card,ios,IN-DL,542,715,3,9,16.9,0.2337,1,0,0,0,0,0
TXN0002840,M0228,618.83,upi,web,IN-WB,359,716,1,6,36.8,0.2167,0,0,0,0,0,0
TXN0002841,M0221,119.22,netbanking,android,IN-GJ,675,2,3,8,107.3,0.4802,2,0,1,0,0,0
TXN0002842,M0293,70.87,netbanking,api,IN-DL,1712,340,3,11,61.4,0.2472,1,0,0,0,0,0
TXN0002843,M0080,672.54,upi,web,IN-GJ,1685,1087,4,10,78.3,0.3475,0,0,0,0,0,0
TXN0002844,M0098,366.37,card,android,IN-UP,1750,506,4,10,49.5,0.161,0,0,0,0,0,0
TXN0002845,M0113,58.16,upi,ios,IN-TN,1270,826,1,4,23.9,0.2605,1,0,0,0,0,0
TXN0002846,M0028,206.99,upi,web,IN-MH,1055,1017,2,6,29.5,0.2544,0,0,0,0,1,0
TXN0002847,M0149,76.65,card,web,IN-WB,192,518,1,4,92.8,0.1305,1,0,0,0,0,0
TXN0002848,M0283,519.84,upi,web,IN-KA,1067,1068,3,5,51.2,0.2264,3,0,0,0,1,0
TXN0002849,M0370,203.55,upi,android,IN-MH,1298,1392,1,5,87.2,0.0669,0,0,0,0,0,0
TXN0002850,M0171,829.35,card,web,IN-KA,757,838,2,4,51.9,0.1309,1,0,0,0,1,1
TXN0002851,M0286,70.91,card,web,IN-TN,1429,881,1,1,46.9,0.1931,2,1,0,0,0,1
TXN0002852,M0330,225.89,card,web,IN-WB,1062,33,1,9,102.1,0.3958,1,0,0,0,0,0
TXN0002853,M0115,177.81,upi,android,IN-GJ,1644,608,2,9,37.9,0.4044,2,0,0,0,0,1
TXN0002854,M0394,232.21,card,api,IN-UP,193,1466,3,9,55.6,0.2136,2,0,0,0,0,0
TXN0002855,M0197,102.17,upi,api,IN-GJ,1233,550,4,6,57.1,0.2912,1,0,0,0,0,0
TXN0002856,M0242,18.95,upi,web,IN-DL,620,1397,2,10,70.0,0.1099,1,0,0,0,0,0
TXN0002857,M0377,354.97,netbanking,web,IN-UP,173,672,4,10,82.4,0.3224,1,0,0,0,0,0
TXN0002858,M0360,189.91,netbanking,android,IN-MH,549,1063,2,6,77.0,0.2307,1,0,0,0,0,0
TXN0002859,M0317,78.39,card,web,IN-GJ,1377,102,2,12,49.8,0.7466,4,0,0,0,0,0
TXN0002860,M0118,108.98,card,api,IN-GJ,334,1107,4,10,2.1,0.448,2,0,0,0,0,0
TXN0002861,M0087,55.91,card,android,IN-TN,1181,1126,4,12,64.4,0.3589,2,0,0,0,0,0
TXN0002862,M0214,28.07,card,web,IN-UP,363,698,3,10,49.6,0.5288,2,0,0,0,0,0
TXN0002863,M0110,508.61,card,web,IN-GJ,821,1451,3,11,69.2,0.3849,2,0,0,0,0,0
TXN0002864,M0362,318.79,upi,ios,IN-GJ,262,766,4,14,47.1,0.3335,4,0,0,0,0,0
TXN0002865,M0135,46.6,netbanking,ios,IN-GJ,1369,983,1,5,160.9,0.1346,1,0,0,0,0,0
TXN0002866,M0088,2247.75,upi,api,IN-DL,1569,497,2,7,121.5,0.2867,1,0,0,0,0,0
TXN0002867,M0249,58.33,card,android,IN-WB,945,894,2,8,101.8,0.2104,3,0,0,0,0,0
TXN0002868,M0090,367.8,wallet,ios,IN-KA,706,25,3,6,31.7,0.5084,2,0,0,0,0,0
TXN0002869,M0001,180.67,card,ios,IN-MH,1678,1084,6,12,82.1,0.3912,5,0,0,0,1,1
TXN0002870,M0377,50.91,netbanking,android,IN-MH,1703,1388,3,11,132.7,0.5807,1,0,0,0,1,0
TXN0002871,M0355,255.35,card,web,IN-DL,1676,1286,1,6,55.9,0.2124,2,0,0,0,0,0
TXN0002872,M0337,149.68,wallet,web,IN-KA,1409,497,2,2,73.5,0.1895,3,0,0,0,0,0
TXN0002873,M0224,95.2,upi,android,IN-MH,406,1062,3,6,187.1,0.5335,1,0,0,0,0,0
TXN0002874,M0330,673.24,card,api,IN-UP,289,147,0,1,41.1,0.3026,5,0,0,0,0,0
TXN0002875,M0132,335.91,netbanking,ios,IN-WB,793,1361,3,5,17.8,0.3102,1,0,0,0,0,0
TXN0002876,M0362,369.5,card,android,IN-TN,1022,57,2,6,69.6,0.3973,1,0,0,0,1,1
TXN0002877,M0074,145.14,card,ios,IN-GJ,358,465,1,12,45.3,0.1847,1,0,0,0,0,0
TXN0002878,M0001,255.98,upi,api,IN-GJ,262,942,2,8,28.5,0.3442,1,0,0,0,1,0
TXN0002879,M0124,175.23,card,ios,IN-MH,595,368,6,11,136.6,0.2419,1,0,0,0,0,0
TXN0002880,M0070,296.54,netbanking,api,IN-DL,632,1454,3,6,37.0,0.5246,3,0,0,0,0,0
TXN0002881,M0196,68.13,upi,android,IN-TN,402,1334,5,11,56.9,0.3733,3,0,0,0,0,0
TXN0002882,M0170,16.76,upi,android,IN-DL,831,1137,1,11,56.0,0.431,1,1,0,0,1,0
TXN0002883,M0289,698.61,upi,web,IN-TN,921,333,2,6,9.3,0.37,2,0,0,0,0,0
TXN0002884,M0354,177.36,card,ios,IN-UP,175,570,1,10,114.6,0.1976,0,0,0,0,0,0
TXN0002885,M0102,318.84,upi,web,IN-UP,2,905,0,5,19.7,0.1489,0,0,0,1,0,0
TXN0002886,M0279,90.79,card,android,IN-KA,65,904,1,9,22.8,0.44,1,0,0,0,0,0
TXN0002887,M0181,143.91,card,api,IN-DL,1424,542,2,7,13.3,0.407,3,0,0,0,0,0
TXN0002888,M0245,823.26,wallet,android,IN-MH,1451,947,1,4,88.3,0.1286,1,0,0,0,0,0
TXN0002889,M0079,259.0,card,web,IN-DL,286,98,0,10,62.9,0.2313,0,0,0,0,0,0
TXN0002890,M0366,1632.17,upi,ios,IN-UP,1695,971,2,7,104.0,0.1785,2,0,0,0,1,0
TXN0002891,M0033,439.02,card,android,IN-UP,494,797,0,3,35.9,0.3861,2,0,0,0,1,0
TXN0002892,M0223,92.28,upi,ios,IN-KA,1611,349,3,6,51.6,0.4678,1,0,0,0,0,0
TXN0002893,M0077,279.94,upi,web,IN-MH,315,1018,1,8,34.9,0.3301,0,0,0,0,0,0
TXN0002894,M0024,968.03,card,web,IN-GJ,1471,1400,1,5,42.6,0.4526,1,0,0,0,0,0
TXN0002895,M0335,224.35,card,ios,IN-GJ,637,1379,2,4,32.8,0.4536,0,0,0,0,0,1
TXN0002896,M0220,343.22,upi,web,IN-TN,1407,1329,3,9,124.5,0.4999,0,1,0,0,0,0
TXN0002897,M0372,739.32,card,ios,IN-UP,139,1374,0,11,270.0,0.306,1,0,0,0,0,0
TXN0002898,M0323,17.24,upi,web,IN-TN,1030,868,2,12,86.0,0.1986,1,0,0,0,0,0
TXN0002899,M0328,362.94,upi,web,IN-WB,1546,537,4,7,62.6,0.213,2,0,0,0,1,0
TXN0002900,M0004,692.13,upi,android,IN-GJ,229,894,3,10,158.2,0.0934,0,0,0,0,0,0
TXN0002901,M0228,83.55,upi,web,IN-KA,747,78,2,5,363.7,0.3499,2,0,0,0,0,0
TXN0002902,M0052,511.96,card,web,IN-GJ,1605,804,1,7,69.1,0.504,1,0,0,0,0,0
TXN0002903,M0386,179.07,upi,web,IN-UP,1663,395,3,9,21.4,0.3143,0,0,0,0,0,0
TXN0002904,M0014,33.14,upi,ios,IN-KA,900,487,4,12,87.0,0.2891,1,0,0,0,0,0
TXN0002905,M0128,396.86,card,android,IN-MH,85,186,2,7,2.4,0.1653,4,0,0,0,1,0
TXN0002906,M0331,178.29,card,api,IN-GJ,1698,1483,1,5,145.1,0.0777,1,0,0,0,0,0
TXN0002907,M0375,167.1,card,web,IN-DL,311,1107,2,6,42.1,0.3465,2,0,0,0,0,0
TXN0002908,M0322,343.46,upi,android,IN-TN,739,252,3,9,61.3,0.1492,1,0,0,0,0,0
TXN0002909,M0322,69.67,upi,android,IN-TN,1504,1358,4,10,10.5,0.6515,0,0,0,0,0,0
TXN0002910,M0101,389.46,upi,android,IN-DL,198,850,4,14,35.6,0.2949,0,0,0,0,0,0
TXN0002911,M0040,72.29,netbanking,android,IN-KA,835,255,3,7,130.3,0.2734,1,0,0,0,0,0
TXN0002912,M0052,817.17,card,web,IN-WB,1121,791,2,7,80.7,0.2508,1,0,0,0,0,1
TXN0002913,M0129,562.28,wallet,api,IN-GJ,107,616,2,4,73.2,0.2135,2,0,0,0,0,0
TXN0002914,M0008,837.77,netbanking,ios,IN-TN,872,64,6,10,60.7,0.2161,0,0,0,0,0,1
TXN0002915,M0256,286.35,upi,android,IN-MH,84,877,2,10,17.2,0.7377,1,1,0,0,1,0
TXN0002916,M0239,117.83,upi,api,IN-TN,1163,223,4,14,49.8,0.2149,0,0,0,0,0,0
TXN0002917,M0078,87.54,card,web,IN-KA,1610,1350,4,12,54.8,0.2004,1,0,0,0,0,0
TXN0002918,M0341,82.47,card,ios,IN-KA,367,752,3,9,58.8,0.2853,2,0,0,0,1,1
TXN0002919,M0138,151.47,netbanking,api,IN-TN,471,1001,3,8,45.5,0.2441,0,0,0,0,1,0
TXN0002920,M0196,90.62,card,web,IN-WB,233,580,3,12,85.0,0.2871,0,0,0,0,0,0
TXN0002921,M0259,249.09,wallet,api,IN-TN,740,793,5,11,81.5,0.1159,2,0,0,0,0,1
TXN0002922,M0163,80.45,upi,android,IN-WB,7,446,1,14,60.1,0.2363,1,0,0,1,1,0
TXN0002923,M0125,96.62,card,api,IN-WB,1614,334,4,18,171.7,0.4217,2,0,0,0,0,0
TXN0002924,M0009,122.99,wallet,android,IN-MH,172,926,5,10,63.2,0.4769,2,0,0,0,1,0
TXN0002925,M0333,82.83,wallet,android,IN-UP,1202,505,1,9,129.1,0.2473,1,0,0,0,1,0
TXN0002926,M0092,127.84,netbanking,web,IN-DL,577,529,2,5,36.8,0.2259,2,0,0,0,0,0
TXN0002927,M0162,322.72,upi,android,IN-TN,1387,1064,3,11,59.6,0.2585,1,0,0,0,0,0
TXN0002928,M0149,74.37,card,api,IN-WB,93,816,1,9,187.8,0.4047,1,0,0,0,0,1
TXN0002929,M0049,54.01,card,android,IN-UP,849,1240,1,8,19.6,0.3792,0,0,0,0,0,0
TXN0002930,M0091,150.62,card,ios,IN-DL,167,1456,8,14,57.6,0.311,1,1,0,0,0,1
TXN0002931,M0226,57.61,card,api,IN-TN,1251,314,1,5,224.6,0.2907,0,0,0,0,0,1
TXN0002932,M0200,685.1,card,ios,IN-DL,346,1374,1,6,47.3,0.4216,1,1,0,0,1,0
TXN0002933,M0066,89.51,upi,web,IN-GJ,1052,112,3,7,196.0,0.266,1,0,0,0,0,1
TXN0002934,M0202,188.87,card,web,IN-DL,733,1414,4,9,112.4,0.6509,1,0,0,0,1,0
TXN0002935,M0255,283.42,upi,web,IN-GJ,307,1260,3,13,98.6,0.4028,1,0,0,0,0,0
TXN0002936,M0154,50.95,card,web,IN-WB,347,538,0,5,118.4,0.1372,1,0,0,0,0,0
TXN0002937,M0349,77.34,card,web,IN-UP,1031,650,1,4,20.5,0.2737,1,0,0,0,1,0
TXN0002938,M0221,95.87,card,android,IN-KA,388,337,2,6,128.6,0.1963,3,0,0,0,0,0
TXN0002939,M0269,393.64,upi,web,IN-KA,1666,1252,4,6,61.1,0.2002,2,0,0,0,0,0
TXN0002940,M0083,1123.83,upi,web,IN-MH,1374,1236,0,6,33.1,0.3174,3,0,0,0,0,0
TXN0002941,M0297,1151.58,card,ios,IN-WB,622,1173,3,7,53.1,0.2273,1,0,0,0,0,0
TXN0002942,M0321,643.08,card,web,IN-DL,706,1190,1,6,100.6,0.5081,1,0,0,0,1,0
TXN0002943,M0385,52.09,wallet,web,IN-KA,889,1080,4,13,70.9,0.3757,1,0,0,0,0,0
TXN0002944,M0329,74.93,card,android,IN-DL,1444,449,1,9,39.6,0.3022,0,0,0,0,0,0
TXN0002945,M0279,720.84,netbanking,web,IN-TN,749,382,0,6,84.1,0.1446,2,0,0,0,0,0
TXN0002946,M0193,827.58,wallet,web,IN-DL,739,1068,2,6,19.5,0.1916,1,0,0,0,0,0
TXN0002947,M0100,398.88,card,api,IN-WB,1239,107,2,8,54.4,0.2408,2,0,0,0,1,0
TXN0002948,M0342,402.93,upi,ios,IN-UP,462,1179,0,5,263.4,0.358,1,0,0,0,0,0
TXN0002949,M0255,117.2,card,api,IN-MH,1129,1161,1,4,14.8,0.1551,1,0,0,0,0,0
TXN0002950,M0301,1001.34,wallet,web,IN-WB,692,106,4,6,78.9,0.2799,0,0,0,0,0,0
TXN0002951,M0253,86.65,upi,web,IN-UP,859,1276,3,10,100.2,0.4758,1,0,0,0,0,0
TXN0002952,M0057,35.96,wallet,android,IN-WB,1393,731,3,15,66.1,0.6242,5,0,0,0,0,1
TXN0002953,M0091,401.12,upi,ios,IN-MH,86,893,1,8,56.4,0.5254,3,0,0,0,0,0
TXN0002954,M0269,100.5,card,api,IN-MH,1173,705,0,4,13.5,0.1157,1,0,0,0,0,0
TXN0002955,M0151,49.13,upi,web,IN-DL,476,755,1,4,71.6,0.1516,0,0,0,0,0,0
TXN0002956,M0282,433.1,upi,web,IN-TN,17,410,4,15,60.3,0.4018,2,0,0,0,0,1
TXN0002957,M0185,28.92,card,ios,IN-TN,566,894,2,6,15.4,0.3349,2,0,0,0,0,0
TXN0002958,M0045,283.52,upi,android,IN-DL,1402,321,0,7,78.2,0.3389,1,0,0,0,0,1
TXN0002959,M0061,115.16,netbanking,ios,IN-GJ,1318,746,2,10,30.2,0.637,6,0,0,0,1,0
TXN0002960,M0033,892.76,wallet,ios,IN-KA,463,1386,4,11,79.5,0.3608,5,0,0,0,0,1
TXN0002961,M0310,284.36,card,android,IN-MH,713,1164,2,12,112.6,0.1653,1,0,0,0,0,0
TXN0002962,M0290,526.79,netbanking,ios,IN-UP,1566,272,2,12,14.9,0.0873,2,0,0,0,1,1
TXN0002963,M0256,60.86,card,web,IN-WB,681,475,3,6,163.2,0.2849,2,1,0,0,0,1
TXN0002964,M0026,33.08,upi,android,IN-WB,458,374,0,4,9.7,0.2388,0,0,0,0,0,0
TXN0002965,M0353,125.29,wallet,web,IN-UP,803,104,1,6,89.8,0.2647,2,0,0,0,1,0
TXN0002966,M0143,331.85,netbanking,android,IN-MH,1410,1123,3,10,66.6,0.2319,0,0,0,0,0,0
TXN0002967,M0159,193.3,upi,android,IN-GJ,778,254,5,9,58.6,0.4647,0,0,0,0,0,0
TXN0002968,M0157,568.91,upi,ios,IN-GJ,927,1292,3,8,71.7,0.4643,1,0,0,0,0,1
TXN0002969,M0137,310.87,upi,android,IN-TN,1292,1278,2,12,14.0,0.1847,2,0,0,0,0,0
TXN0002970,M0248,63.02,upi,android,IN-UP,1549,380,2,11,25.8,0.2454,1,0,0,0,1,0
TXN0002971,M0208,286.46,card,web,IN-MH,1206,486,2,5,38.8,0.3532,0,0,0,0,0,0
TXN0002972,M0237,213.77,card,ios,IN-WB,731,1281,0,6,9.4,0.1903,3,0,0,0,0,0
TXN0002973,M0124,641.48,wallet,android,IN-TN,1373,669,9,14,31.7,0.1811,1,0,0,0,0,1
TXN0002974,M0289,71.3,card,android,IN-GJ,1403,587,3,10,61.9,0.4224,6,0,0,0,0,1
TXN0002975,M0372,92.73,card,api,IN-GJ,374,1228,5,11,92.6,0.1433,1,0,0,0,0,0
TXN0002976,M0159,267.7,upi,web,IN-TN,1252,1362,1,7,57.1,0.2232,1,0,0,0,1,0
TXN0002977,M0303,740.07,wallet,ios,IN-DL,1334,1106,2,8,107.9,0.2001,2,0,0,0,0,1
TXN0002978,M0136,147.47,card,web,IN-WB,543,249,1,9,64.0,0.4045,0,0,0,0,0,0
TXN0002979,M0388,326.85,card,api,IN-MH,533,135,2,7,80.4,0.262,0,0,0,0,0,0
TXN0002980,M0222,186.45,upi,web,IN-GJ,1213,37,0,6,63.4,0.2,1,0,0,0,0,0
TXN0002981,M0252,172.52,netbanking,android,IN-MH,1,579,6,13,150.3,0.2619,0,0,0,1,0,0
TXN0002982,M0126,569.55,wallet,ios,IN-WB,523,227,2,9,32.8,0.2226,1,0,0,0,1,1
TXN0002983,M0228,200.9,netbanking,android,IN-MH,1151,1482,3,5,11.7,0.2063,3,0,0,0,0,0
TXN0002984,M0123,115.63,card,ios,IN-GJ,818,633,6,17,11.0,0.7387,2,0,0,0,0,1
TXN0002985,M0355,108.99,wallet,web,IN-WB,22,443,5,13,52.1,0.3467,4,0,0,0,1,0
TXN0002986,M0058,132.41,upi,api,IN-GJ,229,1135,0,8,7.0,0.0894,1,0,0,0,0,0
TXN0002987,M0052,90.1,card,ios,IN-TN,177,1274,5,11,17.2,0.2662,1,0,0,0,0,0
TXN0002988,M0147,141.89,netbanking,android,IN-MH,955,1431,6,17,77.6,0.5144,2,0,0,0,0,1
TXN0002989,M0138,190.91,card,api,IN-MH,74,1329,0,8,15.2,0.5579,1,0,0,0,0,0
TXN0002990,M0081,239.78,upi,web,IN-WB,1372,250,0,7,80.7,0.3136,0,0,0,0,1,0
TXN0002991,M0028,67.2,upi,web,IN-DL,1091,1211,3,12,68.4,0.4243,2,0,0,0,1,0
TXN0002992,M0367,118.2,upi,web,IN-MH,908,164,3,7,105.2,0.2058,0,0,0,0,0,0
TXN0002993,M0274,124.13,card,api,IN-DL,374,535,3,11,48.8,0.1019,3,0,0,0,1,0
TXN0002994,M0094,83.9,card,ios,IN-UP,335,1189,0,6,17.7,0.3112,1,0,0,0,0,0
TXN0002995,M0057,100.84,upi,web,IN-KA,1456,1011,3,13,159.8,0.377,1,0,0,0,1,0
TXN0002996,M0094,443.05,upi,android,IN-UP,1108,905,3,6,38.5,0.2377,5,0,0,0,0,1
TXN0002997,M0010,704.12,wallet,android,IN-KA,641,728,2,6,68.8,0.1176,0,0,0,0,0,1
TXN0002998,M0162,131.62,upi,web,IN-UP,377,543,4,7,38.2,0.1963,1,0,0,0,1,0
TXN0002999,M0021,88.41,wallet,android,IN-TN,603,507,2,9,39.5,0.2174,1,0,0,0,1,0
TXN0003000,M0204,165.95,upi,android,IN-KA,543,613,3,8,44.1,0.354,1,0,0,0,0,0
TXN0003001,M0366,195.83,card,web,IN-KA,927,845,1,8,102.7,0.2536,0,0,0,0,0,0
TXN0003002,M0336,359.61,card,android,IN-DL,476,256,3,11,14.3,0.2122,0,0,0,0,0,0
TXN0003003,M0131,121.1,card,ios,IN-WB,1395,774,1,4,78.8,0.2623,0,0,0,0,0,0
TXN0003004,M0248,104.68,upi,web,IN-KA,105,314,2,6,72.6,0.1643,0,0,0,0,0,0
TXN0003005,M0290,2089.25,card,android,IN-GJ,1253,69,7,12,28.4,0.3232,1,0,0,0,1,1
TXN0003006,M0040,49.37,card,android,IN-MH,12,1454,2,9,29.7,0.3007,3,0,0,1,0,0
TXN0003007,M0101,443.23,card,android,IN-TN,372,608,4,10,29.9,0.2294,2,0,0,0,0,0
TXN0003008,M0293,798.45,card,api,IN-UP,1687,108,5,15,149.1,0.2653,2,0,0,0,0,0
TXN0003009,M0247,139.65,card,android,IN-KA,1374,1312,4,11,6.1,0.2905,2,0,0,0,1,0
TXN0003010,M0111,279.47,upi,ios,IN-DL,1768,392,0,9,165.6,0.2674,0,0,0,0,1,0
TXN0003011,M0133,33.65,card,web,IN-GJ,912,437,3,8,34.2,0.3166,2,0,0,0,0,0
TXN0003012,M0258,184.53,wallet,api,IN-TN,248,890,4,8,146.1,0.3275,2,0,0,0,0,0
TXN0003013,M0141,573.9,card,android,IN-KA,1777,180,2,5,47.0,0.295,2,0,0,0,0,0
TXN0003014,M0137,203.05,card,web,IN-UP,1368,406,3,7,53.0,0.2556,1,0,0,0,1,1
TXN0003015,M0070,187.01,wallet,android,IN-KA,930,187,2,6,42.9,0.1647,1,0,0,0,0,0
TXN0003016,M0331,1019.64,upi,web,IN-WB,1383,809,2,10,47.7,0.158,1,0,0,0,0,0
TXN0003017,M0293,408.32,upi,web,IN-GJ,515,1343,4,6,36.1,0.1965,0,0,0,0,0,0
TXN0003018,M0270,365.48,upi,web,IN-GJ,1420,1088,1,10,54.2,0.1714,1,0,0,0,0,0
TXN0003019,M0238,80.03,netbanking,ios,IN-KA,1370,264,3,7,75.2,0.5157,1,0,0,0,1,0
TXN0003020,M0190,15.61,upi,android,IN-TN,250,705,3,8,45.3,0.1682,1,0,0,0,0,0
TXN0003021,M0043,261.39,wallet,api,IN-TN,53,777,1,5,88.1,0.1517,0,0,0,0,0,0
TXN0003022,M0156,181.0,netbanking,ios,IN-MH,1523,1258,3,4,48.1,0.1857,0,0,0,0,0,0
TXN0003023,M0040,385.87,card,web,IN-KA,1304,113,5,9,181.7,0.2571,4,0,0,0,0,1
TXN0003024,M0251,203.9,upi,api,IN-KA,528,310,3,6,79.9,0.1622,2,0,0,0,0,0
TXN0003025,M0327,188.17,wallet,android,IN-GJ,978,1374,4,10,127.6,0.2858,4,0,0,0,0,0
TXN0003026,M0109,185.61,card,api,IN-MH,54,4,6,13,134.5,0.5193,1,0,1,0,0,1
TXN0003027,M0215,59.34,card,android,IN-TN,316,163,1,4,40.3,0.1431,1,0,0,0,0,0
TXN0003028,M0085,28.44,netbanking,android,IN-TN,160,867,0,2,101.4,0.3035,1,0,0,0,0,0
TXN0003029,M0240,74.24,card,api,IN-GJ,44,288,0,6,71.9,0.2157,2,0,0,0,0,0
TXN0003030,M0275,59.76,card,android,IN-DL,248,497,2,9,115.8,0.5347,2,0,0,0,0,0
TXN0003031,M0040,171.94,upi,web,IN-TN,84,712,6,7,62.1,0.2558,3,0,0,0,1,0
TXN0003032,M0284,35.16,wallet,ios,IN-DL,1698,1242,5,11,96.1,0.2547,0,0,0,0,0,0
TXN0003033,M0001,111.84,card,web,IN-WB,148,850,2,9,63.1,0.5136,4,0,0,0,1,0
TXN0003034,M0053,1239.44,upi,ios,IN-TN,237,1316,3,9,96.5,0.1189,2,0,0,0,0,0
TXN0003035,M0052,167.07,upi,android,IN-UP,878,520,2,9,46.0,0.6426,2,0,0,0,0,0
TXN0003036,M0383,188.86,upi,api,IN-MH,1083,1096,2,3,41.5,0.2089,1,0,0,0,0,0
TXN0003037,M0141,182.81,netbanking,android,IN-GJ,1273,49,2,8,41.5,0.2873,0,0,0,0,1,0
TXN0003038,M0324,222.49,card,android,IN-DL,176,493,2,5,137.6,0.0845,1,0,0,0,0,0
TXN0003039,M0127,106.33,card,web,IN-WB,241,21,1,5,199.3,0.4945,0,0,0,0,0,0
TXN0003040,M0114,152.6,upi,web,IN-GJ,30,956,0,4,51.4,0.1157,1,0,0,0,0,0
TXN0003041,M0254,104.69,upi,android,IN-MH,286,1111,2,7,14.1,0.2611,0,0,0,0,0,0
TXN0003042,M0076,40.45,upi,android,IN-MH,344,1181,4,7,34.9,0.2063,0,0,0,0,0,0
TXN0003043,M0074,581.69,upi,web,IN-UP,1465,728,3,6,36.6,0.0697,1,0,0,0,0,0
TXN0003044,M0300,74.5,upi,android,IN-GJ,1064,184,3,6,19.5,0.2027,1,0,0,0,0,0
TXN0003045,M0382,892.08,upi,android,IN-KA,411,860,2,7,45.0,0.4068,0,0,0,0,1,0
TXN0003046,M0155,83.78,wallet,android,IN-KA,213,1082,4,8,63.9,0.1903,0,0,0,0,0,0
TXN0003047,M0083,46.27,card,android,IN-TN,1490,346,3,11,60.1,0.2735,1,0,0,0,0,0
TXN0003048,M0083,1247.45,netbanking,web,IN-TN,1283,629,1,4,51.5,0.3378,1,0,0,0,0,0
TXN0003049,M0189,40.99,upi,android,IN-WB,171,332,0,9,23.9,0.3444,1,0,0,0,0,0
TXN0003050,M0367,18.7,netbanking,web,IN-KA,1007,1423,2,9,134.8,0.3864,1,0,0,0,0,0
TXN0003051,M0393,42.38,card,web,IN-GJ,1506,1449,2,4,3.2,0.1337,1,0,0,0,0,0
TXN0003052,M0188,156.82,upi,android,IN-UP,487,1174,3,10,89.0,0.2602,1,1,0,0,1,0
TXN0003053,M0008,47.24,upi,web,IN-TN,1318,89,1,8,19.3,0.2562,0,0,0,0,0,0
TXN0003054,M0250,102.55,upi,web,IN-MH,697,434,4,9,66.8,0.4498,2,1,0,0,0,1
TXN0003055,M0244,23.56,wallet,android,IN-WB,266,886,3,4,57.8,0.1978,3,0,0,0,0,0
TXN0003056,M0299,534.02,card,web,IN-GJ,509,341,0,2,116.8,0.2658,2,0,0,0,1,0
TXN0003057,M0218,273.92,upi,android,IN-UP,608,409,0,12,105.6,0.1893,0,0,0,0,0,0
TXN0003058,M0002,50.76,card,android,IN-TN,72,855,6,13,46.7,0.2395,4,0,0,0,1,1
TXN0003059,M0219,17.77,card,android,IN-UP,600,228,3,10,70.7,0.5187,1,0,0,0,0,0
TXN0003060,M0142,72.91,upi,ios,IN-TN,1738,600,2,8,19.7,0.2773,2,0,0,0,0,0
TXN0003061,M0310,344.86,netbanking,ios,IN-GJ,241,85,1,4,55.2,0.2262,1,0,0,0,0,0
TXN0003062,M0090,528.31,netbanking,android,IN-GJ,21,482,2,13,189.0,0.3673,2,0,0,0,0,0
TXN0003063,M0051,142.22,upi,api,IN-MH,679,538,3,10,103.4,0.3907,4,0,0,0,0,0
TXN0003064,M0123,109.02,card,ios,IN-KA,1731,782,1,9,55.7,0.2771,1,0,0,0,0,0
TXN0003065,M0250,100.93,upi,api,IN-WB,1220,9,0,6,76.9,0.3981,2,0,0,0,0,0
TXN0003066,M0140,244.03,upi,web,IN-TN,924,750,1,9,7.2,0.3467,3,0,0,0,0,1
TXN0003067,M0280,434.62,upi,android,IN-GJ,1315,55,2,7,32.8,0.5916,3,0,0,0,1,0
TXN0003068,M0349,155.99,upi,web,IN-KA,18,670,7,13,12.2,0.1378,1,0,0,0,0,0
TXN0003069,M0191,123.85,card,ios,IN-GJ,366,833,1,11,83.9,0.5694,1,0,0,0,0,0
TXN0003070,M0090,392.96,upi,ios,IN-WB,1516,701,4,9,108.9,0.466,2,0,0,0,0,0
TXN0003071,M0251,802.18,wallet,ios,IN-TN,1299,996,4,13,40.8,0.3946,4,0,0,0,1,1
TXN0003072,M0300,135.14,upi,android,IN-MH,830,1335,6,12,59.8,0.364,1,0,0,0,1,0
TXN0003073,M0028,195.95,upi,ios,IN-GJ,480,1417,1,7,110.7,0.4887,0,0,0,0,0,0
TXN0003074,M0175,84.9,upi,api,IN-MH,410,611,0,8,19.4,0.3149,2,0,0,0,0,0
TXN0003075,M0059,195.05,upi,web,IN-GJ,77,74,7,13,115.2,0.5698,2,0,0,0,1,0
TXN0003076,M0111,71.27,card,android,IN-GJ,1588,1120,5,8,82.7,0.33,0,0,0,0,0,0
TXN0003077,M0342,746.07,card,ios,IN-KA,351,1013,2,7,281.7,0.2168,1,0,0,0,0,0
TXN0003078,M0148,436.63,card,web,IN-TN,1465,107,1,6,253.4,0.1135,1,0,0,0,0,0
TXN0003079,M0294,1022.48,upi,android,IN-KA,616,1284,6,16,90.0,0.3741,3,0,0,0,0,1
TXN0003080,M0190,102.82,netbanking,web,IN-KA,1636,493,2,6,51.7,0.1739,0,0,0,0,1,0
TXN0003081,M0043,1426.99,netbanking,web,IN-MH,65,800,3,11,99.9,0.206,4,0,0,0,0,1
TXN0003082,M0362,229.87,upi,android,IN-KA,930,486,1,10,46.0,0.5005,4,0,0,0,0,0
TXN0003083,M0248,157.46,upi,web,IN-MH,172,1039,3,9,72.2,0.2643,0,0,0,0,1,0
TXN0003084,M0106,633.37,upi,ios,IN-UP,3,327,1,6,54.6,0.2185,0,0,0,1,0,0
TXN0003085,M0068,64.87,upi,web,IN-WB,641,641,1,5,106.5,0.2806,3,0,0,0,0,0
TXN0003086,M0316,186.13,card,api,IN-WB,1147,163,4,6,105.6,0.5465,1,0,0,0,0,0
TXN0003087,M0123,153.94,card,web,IN-MH,1664,896,0,11,34.3,0.3088,0,0,0,0,0,0
TXN0003088,M0085,273.29,netbanking,ios,IN-WB,273,923,1,7,71.9,0.2207,2,0,0,0,0,0
TXN0003089,M0144,115.5,upi,ios,IN-GJ,1144,980,4,7,11.4,0.4025,0,0,0,0,0,0
TXN0003090,M0028,104.96,upi,ios,IN-UP,1443,857,1,7,58.4,0.4991,1,0,0,0,1,0
TXN0003091,M0052,123.01,upi,android,IN-KA,1681,182,0,7,78.3,0.352,3,0,0,0,0,0
TXN0003092,M0122,134.62,netbanking,android,IN-TN,502,897,5,10,27.7,0.254,0,0,0,0,0,0
TXN0003093,M0106,194.73,card,api,IN-DL,67,990,5,12,93.0,0.2578,4,0,0,0,1,1
TXN0003094,M0089,652.6,card,api,IN-KA,1721,1058,1,6,203.1,0.4376,1,0,0,0,0,0
TXN0003095,M0127,20.83,upi,android,IN-WB,1562,438,3,11,77.2,0.3756,2,0,0,0,0,0
TXN0003096,M0231,387.36,card,android,IN-UP,456,677,4,10,129.9,0.2994,1,0,0,0,0,0
TXN0003097,M0078,112.25,card,android,IN-GJ,245,1420,1,9,94.5,0.3117,0,0,0,0,0,0
TXN0003098,M0166,150.51,netbanking,web,IN-WB,961,1314,2,5,12.0,0.2733,3,0,0,0,1,0
TXN0003099,M0189,60.72,upi,ios,IN-MH,427,1191,5,11,90.9,0.253,1,0,0,0,0,0
TXN0003100,M0066,188.5,card,web,IN-WB,1015,527,1,5,227.9,0.1841,2,0,0,0,1,0
TXN0003101,M0050,121.7,card,android,IN-GJ,181,975,0,4,78.7,0.306,3,0,0,0,0,0
TXN0003102,M0342,143.74,card,api,IN-KA,1669,1268,6,11,101.6,0.2647,2,0,0,0,0,0
TXN0003103,M0297,322.49,upi,web,IN-TN,740,970,3,12,48.9,0.364,3,0,0,0,1,1
TXN0003104,M0277,339.79,wallet,web,IN-GJ,254,556,2,6,28.9,0.2693,1,0,0,0,1,0
TXN0003105,M0356,744.66,card,android,IN-DL,365,182,1,5,38.9,0.2905,2,0,0,0,0,0
TXN0003106,M0114,99.55,card,web,IN-WB,1196,1164,4,11,183.9,0.2007,0,0,0,0,1,0
TXN0003107,M0310,356.13,card,web,IN-DL,1331,1301,2,8,43.3,0.2852,0,0,0,0,0,0
TXN0003108,M0155,339.16,upi,api,IN-KA,192,1445,0,4,204.7,0.4162,0,0,0,0,0,0
TXN0003109,M0227,196.51,card,ios,IN-WB,1359,174,1,5,18.5,0.3834,0,0,0,0,1,0
TXN0003110,M0244,971.07,upi,android,IN-GJ,1683,1103,3,10,9.3,0.3961,1,0,0,0,1,1
TXN0003111,M0193,95.08,upi,web,IN-GJ,523,1254,2,10,14.1,0.2027,1,0,0,0,1,0
TXN0003112,M0013,209.33,upi,api,IN-KA,1110,235,6,11,50.3,0.1097,0,0,0,0,0,1
TXN0003113,M0148,244.18,card,ios,IN-MH,1439,983,3,6,29.1,0.4285,0,0,0,0,0,0
TXN0003114,M0193,54.33,upi,android,IN-WB,1695,997,2,6,43.4,0.2744,1,0,0,0,0,0
TXN0003115,M0097,637.72,card,web,IN-MH,295,978,5,8,153.9,0.7823,1,0,0,0,0,0
TXN0003116,M0080,161.8,netbanking,web,IN-TN,1599,744,1,7,49.8,0.1543,0,0,0,0,0,0
TXN0003117,M0269,278.72,card,ios,IN-MH,73,1204,6,15,67.1,0.2222,0,1,0,0,1,0
TXN0003118,M0343,873.66,card,web,IN-TN,997,1197,1,7,67.4,0.2208,3,0,0,0,0,0
TXN0003119,M0127,223.18,upi,web,IN-KA,297,400,1,5,10.3,0.2305,1,1,0,0,1,0
TXN0003120,M0028,187.41,card,api,IN-TN,204,1423,0,5,34.3,0.2329,2,0,0,0,0,1
TXN0003121,M0254,192.36,upi,android,IN-GJ,443,23,3,8,68.3,0.3848,1,0,0,0,0,0
TXN0003122,M0356,65.89,card,android,IN-GJ,283,1093,3,7,70.3,0.2998,0,0,0,0,0,0
TXN0003123,M0021,123.02,card,web,IN-UP,91,257,3,12,139.3,0.3777,2,0,0,0,0,0
TXN0003124,M0375,154.71,netbanking,ios,IN-WB,541,185,6,9,43.2,0.1475,3,0,0,0,0,0
TXN0003125,M0125,198.57,upi,android,IN-MH,198,915,4,11,60.4,0.3075,1,1,0,0,1,0
TXN0003126,M0196,714.51,upi,web,IN-KA,690,494,2,4,41.6,0.1385,3,0,0,0,0,0
TXN0003127,M0050,455.82,wallet,android,IN-DL,545,1002,3,12,57.0,0.4872,4,0,0,0,0,0
TXN0003128,M0226,100.02,card,ios,IN-TN,937,157,4,15,187.6,0.2663,0,0,0,0,1,0
TXN0003129,M0235,175.82,upi,web,IN-UP,1534,1387,4,13,65.5,0.3715,0,0,0,0,0,0
TXN0003130,M0232,730.5,card,web,IN-MH,253,167,1,3,256.3,0.1224,0,0,0,0,0,0
TXN0003131,M0118,32.1,card,android,IN-WB,1539,1126,0,2,23.5,0.3458,1,0,0,0,0,0
TXN0003132,M0046,143.38,netbanking,ios,IN-MH,970,874,4,9,103.3,0.2237,4,0,0,0,0,0
TXN0003133,M0183,48.75,card,android,IN-TN,1788,1120,3,7,74.9,0.1605,3,0,0,0,0,0
TXN0003134,M0370,2072.28,upi,android,IN-UP,734,671,3,8,135.0,0.4531,4,0,0,0,1,0
TXN0003135,M0050,389.65,upi,web,IN-WB,177,658,2,11,36.9,0.6145,3,0,0,0,1,1
TXN0003136,M0115,109.59,upi,web,IN-TN,379,1162,2,11,5.6,0.5464,2,0,0,0,0,0
TXN0003137,M0233,173.67,card,web,IN-GJ,4,239,3,8,234.9,0.1504,0,0,0,1,0,0
TXN0003138,M0287,79.14,card,web,IN-DL,1559,366,3,7,25.8,0.3841,2,0,0,0,0,0
TXN0003139,M0095,1318.59,wallet,android,IN-KA,1018,938,4,8,127.6,0.2832,0,0,0,0,0,0
TXN0003140,M0299,18.17,card,ios,IN-MH,1587,400,5,11,83.9,0.295,0,0,0,0,0,0
TXN0003141,M0309,249.74,card,web,IN-MH,1086,277,0,8,81.2,0.2815,0,0,0,0,0,0
TXN0003142,M0045,167.63,netbanking,api,IN-DL,1681,1021,2,4,82.6,0.218,2,0,0,0,1,0
TXN0003143,M0287,64.34,card,web,IN-DL,425,1354,3,5,28.2,0.1035,0,0,0,0,0,0
TXN0003144,M0244,140.0,card,ios,IN-TN,598,535,1,3,75.3,0.1444,0,0,0,0,0,0
TXN0003145,M0320,35.6,card,ios,IN-KA,1434,1478,1,7,60.7,0.261,1,0,0,0,0,0
TXN0003146,M0147,865.04,wallet,ios,IN-DL,1479,139,7,15,41.1,0.5577,1,0,0,0,1,1
TXN0003147,M0236,184.67,wallet,ios,IN-MH,1720,1280,2,14,162.8,0.4539,2,0,0,0,0,0
TXN0003148,M0141,449.44,upi,api,IN-UP,1596,746,1,5,19.8,0.0229,1,0,0,0,0,0
TXN0003149,M0026,110.87,card,ios,IN-WB,597,754,3,9,67.8,0.3493,1,0,0,0,0,0
TXN0003150,M0359,690.59,netbanking,android,IN-MH,1216,410,2,8,89.8,0.3327,0,0,0,0,0,0
TXN0003151,M0135,186.37,wallet,android,IN-KA,1702,307,4,8,81.1,0.2501,1,0,0,0,0,1
TXN0003152,M0036,526.31,upi,android,IN-GJ,478,496,2,9,38.2,0.2864,3,1,0,0,0,0
TXN0003153,M0350,317.47,card,android,IN-WB,188,1399,2,7,39.6,0.4863,2,0,0,0,0,0
TXN0003154,M0190,174.05,upi,ios,IN-WB,906,495,5,10,20.4,0.3633,0,0,0,0,1,0
TXN0003155,M0226,489.14,card,web,IN-UP,856,360,5,13,74.7,0.1429,2,0,0,0,0,1
TXN0003156,M0259,11829.47,upi,web,IN-TN,1249,495,4,10,117.2,0.1971,2,0,0,0,0,1
TXN0003157,M0063,58.08,card,ios,IN-WB,355,174,2,11,109.1,0.1597,0,0,0,0,0,0
TXN0003158,M0045,159.51,netbanking,ios,IN-KA,808,476,8,13,62.6,0.4541,4,0,0,0,0,0
TXN0003159,M0260,49.37,card,api,IN-DL,1052,771,1,6,64.5,0.4041,3,0,0,0,1,0
TXN0003160,M0186,272.51,netbanking,ios,IN-UP,1049,727,1,6,19.8,0.2557,1,0,0,0,0,0
TXN0003161,M0125,225.59,card,android,IN-TN,128,1281,4,11,28.7,0.4334,3,0,0,0,0,0
TXN0003162,M0178,1255.9,card,api,IN-GJ,184,1012,1,7,61.2,0.2754,2,0,0,0,0,0
TXN0003163,M0056,139.26,upi,api,IN-TN,908,1183,6,11,58.9,0.28,0,0,0,0,0,0
TXN0003164,M0189,466.29,card,android,IN-TN,667,1110,4,9,18.8,0.1613,1,0,0,0,0,0
TXN0003165,M0167,22.49,card,ios,IN-DL,312,128,2,4,42.4,0.3219,1,0,0,0,1,0
TXN0003166,M0283,209.5,card,web,IN-KA,1449,192,1,10,242.7,0.3593,4,0,0,0,1,0
TXN0003167,M0357,75.43,netbanking,web,IN-GJ,751,899,2,6,34.9,0.1907,1,0,0,0,1,0
TXN0003168,M0330,325.46,upi,android,IN-TN,1042,89,4,12,6.8,0.2566,0,0,0,0,0,1
TXN0003169,M0225,569.23,netbanking,api,IN-TN,1238,188,0,3,48.7,0.2755,1,0,0,0,1,0
TXN0003170,M0333,98.79,card,api,IN-GJ,1305,388,3,5,36.5,0.1341,0,0,0,0,0,0
TXN0003171,M0187,309.06,upi,ios,IN-UP,601,224,2,8,50.9,0.2857,1,0,0,0,0,0
TXN0003172,M0310,125.97,upi,web,IN-GJ,44,36,2,5,41.9,0.2669,1,0,0,0,0,0
TXN0003173,M0172,188.72,card,web,IN-UP,973,1169,4,14,53.6,0.3928,0,0,0,0,0,0
TXN0003174,M0189,271.59,upi,ios,IN-TN,432,557,1,4,128.3,0.4102,1,1,0,0,0,0
TXN0003175,M0222,65.95,netbanking,android,IN-MH,1748,343,3,5,68.4,0.2321,2,0,0,0,1,0
TXN0003176,M0044,66.28,wallet,ios,IN-WB,1610,1453,1,6,41.5,0.3618,0,0,0,0,0,0
TXN0003177,M0177,428.47,upi,ios,IN-MH,1575,1463,0,4,138.6,0.2195,1,0,0,0,0,0
TXN0003178,M0234,91.43,netbanking,web,IN-DL,1408,246,3,11,32.8,0.2919,1,0,0,0,0,0
TXN0003179,M0336,647.19,upi,web,IN-KA,1794,1394,4,13,17.6,0.1717,0,0,0,0,1,0
TXN0003180,M0116,30.5,card,ios,IN-KA,1720,1109,4,9,73.4,0.654,2,0,0,0,0,0
TXN0003181,M0003,458.66,upi,android,IN-TN,319,1495,7,15,17.2,0.4058,4,0,0,0,1,1
TXN0003182,M0369,181.49,upi,api,IN-GJ,1106,1094,2,12,64.3,0.4084,2,1,0,0,1,1
TXN0003183,M0166,163.92,wallet,web,IN-MH,889,1170,3,11,71.6,0.3162,4,0,0,0,0,0
TXN0003184,M0393,208.58,netbanking,web,IN-TN,58,824,4,14,71.8,0.3955,0,0,0,0,0,1
TXN0003185,M0253,42.4,upi,ios,IN-UP,1411,393,1,4,62.4,0.4815,3,0,0,0,0,0
TXN0003186,M0107,552.82,upi,web,IN-GJ,198,1413,2,9,5.9,0.3981,2,1,0,0,0,0
TXN0003187,M0118,117.06,wallet,web,IN-GJ,1672,1374,3,6,307.4,0.1619,1,0,0,0,0,0
TXN0003188,M0024,78.16,card,ios,IN-UP,1252,937,6,8,19.1,0.1553,2,0,0,0,0,0
TXN0003189,M0304,1567.92,upi,web,IN-UP,434,83,0,6,129.4,0.2968,3,0,0,0,0,0
TXN0003190,M0393,126.99,upi,web,IN-DL,66,1157,2,10,63.9,0.4378,3,1,0,0,1,0
TXN0003191,M0172,75.89,card,ios,IN-MH,1777,318,1,6,31.5,0.1792,1,0,0,0,0,0
TXN0003192,M0337,405.8,netbanking,web,IN-WB,1455,1460,3,13,41.6,0.3503,3,1,0,0,0,1
TXN0003193,M0221,234.26,netbanking,ios,IN-GJ,794,1156,1,6,75.8,0.3866,3,0,0,0,0,0
TXN0003194,M0064,494.17,card,android,IN-KA,1448,45,3,9,34.0,0.2153,1,0,0,0,0,0
TXN0003195,M0212,195.66,wallet,android,IN-TN,1390,750,2,5,56.6,0.1735,1,0,0,0,0,0
TXN0003196,M0387,467.82,card,api,IN-KA,1101,451,2,9,49.7,0.2028,0,0,0,0,1,0
TXN0003197,M0386,1401.66,upi,api,IN-WB,933,1130,1,7,163.8,0.5123,5,0,0,0,0,0
TXN0003198,M0394,84.36,card,android,IN-TN,79,1363,3,7,156.2,0.2224,0,0,0,0,1,0
TXN0003199,M0215,113.76,card,ios,IN-DL,536,634,2,5,124.3,0.3716,1,0,0,0,0,0
TXN0003200,M0271,36.25,card,api,IN-TN,559,256,3,11,153.0,0.3932,3,0,0,0,1,0
TXN0003201,M0220,263.21,upi,api,IN-WB,196,1177,3,7,16.2,0.139,0,1,0,0,1,1
TXN0003202,M0143,203.99,card,web,IN-TN,1276,992,6,11,9.2,0.3232,0,0,0,0,1,0
TXN0003203,M0105,636.33,card,android,IN-GJ,292,277,2,2,34.7,0.459,0,0,0,0,0,1
TXN0003204,M0171,174.92,card,android,IN-TN,466,910,3,12,56.3,0.2363,1,1,0,0,1,0
TXN0003205,M0205,165.46,card,web,IN-KA,1165,80,2,5,14.8,0.167,1,0,0,0,0,0
TXN0003206,M0288,218.92,card,android,IN-GJ,935,637,5,9,100.4,0.3114,4,1,0,0,0,0
TXN0003207,M0378,142.42,card,api,IN-UP,997,1333,4,14,78.8,0.6974,2,0,0,0,0,0
TXN0003208,M0228,260.08,netbanking,android,IN-WB,1537,207,1,2,186.3,0.4412,1,0,0,0,1,0
TXN0003209,M0265,225.75,upi,web,IN-TN,779,857,3,9,84.9,0.2551,1,0,0,0,0,0
TXN0003210,M0001,308.56,card,web,IN-UP,1112,5,2,4,45.8,0.2001,1,0,1,0,0,0
TXN0003211,M0285,143.32,netbanking,api,IN-TN,1127,877,6,12,119.9,0.3136,1,0,0,0,1,1
TXN0003212,M0305,312.01,upi,web,IN-GJ,226,1163,1,6,63.5,0.317,2,0,0,0,0,0
TXN0003213,M0331,333.64,card,web,IN-MH,913,1156,1,8,23.6,0.1663,1,0,0,0,1,0
TXN0003214,M0375,129.88,netbanking,web,IN-WB,987,1467,4,16,112.4,0.4493,1,0,0,0,1,0
TXN0003215,M0380,165.88,card,android,IN-GJ,255,495,1,4,164.2,0.3199,2,0,0,0,0,1
TXN0003216,M0003,150.96,wallet,android,IN-MH,230,1359,1,6,18.2,0.2956,1,0,0,0,0,0
TXN0003217,M0081,52.77,card,web,IN-WB,471,659,2,7,54.2,0.3537,1,0,0,0,0,0
TXN0003218,M0247,110.74,card,api,IN-MH,766,733,5,12,50.3,0.49,2,0,0,0,0,0
TXN0003219,M0331,385.13,upi,api,IN-GJ,777,310,0,2,18.8,0.1442,0,0,0,0,0,0
TXN0003220,M0026,419.53,upi,android,IN-TN,411,1154,3,10,39.7,0.242,2,0,0,0,1,0
TXN0003221,M0329,252.52,card,ios,IN-TN,716,735,3,10,76.5,0.2683,0,0,0,0,0,0
TXN0003222,M0213,65.35,upi,api,IN-KA,525,941,4,16,72.6,0.4163,0,0,0,0,0,0
TXN0003223,M0326,479.0,wallet,android,IN-DL,1624,1463,2,4,113.7,0.2848,1,0,0,0,0,0
TXN0003224,M0241,1147.06,card,android,IN-KA,1180,230,2,14,12.3,0.2606,2,0,0,0,1,1
TXN0003225,M0020,325.82,card,web,IN-UP,1695,1191,3,10,216.6,0.2966,1,0,0,0,0,0
TXN0003226,M0105,179.5,upi,api,IN-GJ,1168,574,1,5,43.6,0.3989,3,1,0,0,0,0
TXN0003227,M0205,75.87,card,android,IN-MH,961,615,4,9,74.7,0.405,1,0,0,0,0,0
TXN0003228,M0195,177.51,upi,web,IN-TN,883,976,3,10,71.1,0.2048,0,0,0,0,0,0
TXN0003229,M0263,109.74,card,android,IN-TN,478,262,5,12,66.7,0.3055,0,0,0,0,0,0
TXN0003230,M0154,147.51,card,ios,IN-WB,321,1250,2,7,113.2,0.3749,0,0,0,0,0,0
TXN0003231,M0362,653.38,card,android,IN-MH,1438,1432,2,6,95.2,0.2181,1,0,0,0,0,0
TXN0003232,M0065,435.32,upi,web,IN-TN,701,662,3,11,108.4,0.4015,7,0,0,0,0,0
TXN0003233,M0094,127.74,wallet,web,IN-TN,328,1460,5,14,74.6,0.3799,3,0,0,0,0,0
TXN0003234,M0020,196.53,netbanking,web,IN-TN,751,1325,2,7,6.5,0.1613,2,0,0,0,0,0
TXN0003235,M0020,179.13,card,android,IN-KA,886,944,4,12,150.8,0.1889,1,0,0,0,0,0
TXN0003236,M0036,116.7,netbanking,api,IN-TN,1207,1497,2,11,164.8,0.1166,1,0,0,0,0,0
TXN0003237,M0377,46.97,upi,android,IN-DL,1789,533,1,3,66.2,0.1271,1,0,0,0,0,0
TXN0003238,M0243,411.98,netbanking,android,IN-TN,1754,1495,0,6,25.8,0.1682,1,0,0,0,1,0
TXN0003239,M0078,586.9,card,android,IN-UP,1574,699,5,14,53.7,0.3461,3,0,0,0,0,1
TXN0003240,M0330,98.06,upi,web,IN-MH,1489,1436,3,8,136.8,0.2393,1,0,0,0,0,0
TXN0003241,M0076,93.68,upi,web,IN-MH,1673,1481,0,4,127.3,0.2208,1,0,0,0,0,0
TXN0003242,M0113,446.19,card,ios,IN-TN,1288,13,2,4,18.0,0.4668,3,0,0,0,0,0
TXN0003243,M0028,92.48,upi,android,IN-DL,177,1487,4,11,96.4,0.3554,2,0,0,0,0,0
TXN0003244,M0225,44.98,card,web,IN-DL,431,180,4,11,64.5,0.407,1,0,0,0,0,0
TXN0003245,M0017,115.46,card,web,IN-UP,832,502,0,4,8.6,0.2938,1,0,0,0,0,0
TXN0003246,M0349,698.51,card,api,IN-KA,1413,1325,3,6,129.9,0.2812,0,0,0,0,0,0
TXN0003247,M0010,106.65,card,android,IN-GJ,1384,1212,2,6,54.4,0.228,2,0,0,0,0,0
TXN0003248,M0153,94.13,card,android,IN-UP,1580,950,4,11,58.5,0.2426,1,0,0,0,0,0
TXN0003249,M0383,112.39,card,android,IN-GJ,281,1296,2,7,179.5,0.2561,1,0,0,0,0,0
TXN0003250,M0321,56.95,upi,android,IN-WB,1075,518,3,5,72.3,0.4077,1,0,0,0,0,0
TXN0003251,M0207,48.2,card,android,IN-UP,1384,604,3,8,35.1,0.3113,4,1,0,0,0,1
TXN0003252,M0192,138.47,card,android,IN-KA,709,1418,2,8,57.6,0.4058,1,0,0,0,0,0
TXN0003253,M0294,44.26,netbanking,ios,IN-WB,615,1203,4,9,71.9,0.1678,1,0,0,0,0,0
TXN0003254,M0052,120.85,netbanking,android,IN-GJ,1190,387,1,5,70.6,0.2881,2,0,0,0,0,0
TXN0003255,M0170,234.26,card,web,IN-KA,1597,1349,3,6,40.7,0.1263,0,0,0,0,0,0
TXN0003256,M0339,262.37,card,ios,IN-DL,819,1307,0,4,129.1,0.1537,2,0,0,0,0,0
TXN0003257,M0022,156.38,card,web,IN-MH,752,1188,1,5,49.8,0.2146,0,0,0,0,0,0
TXN0003258,M0281,54.31,card,android,IN-GJ,138,927,2,11,49.0,0.2522,0,0,0,0,0,0
TXN0003259,M0363,119.3,card,web,IN-KA,451,58,5,11,107.8,0.4126,0,0,0,0,0,0
TXN0003260,M0307,254.22,upi,ios,IN-DL,144,730,2,9,125.3,0.2453,2,0,0,0,1,0
TXN0003261,M0362,334.83,card,android,IN-KA,1650,1135,4,10,41.6,0.2051,2,0,0,0,0,0
TXN0003262,M0274,137.0,upi,web,IN-UP,1518,726,2,10,95.2,0.7202,1,0,0,0,0,0
TXN0003263,M0051,89.04,card,android,IN-TN,1283,168,2,9,72.0,0.0806,1,0,0,0,0,0
TXN0003264,M0367,195.6,card,web,IN-GJ,387,195,1,6,40.7,0.3391,0,0,0,0,0,0
TXN0003265,M0084,126.37,card,ios,IN-UP,833,1434,0,5,17.3,0.1856,3,0,0,0,0,0
TXN0003266,M0267,65.01,wallet,web,IN-DL,22,905,3,12,14.6,0.3606,1,0,0,0,0,0
TXN0003267,M0034,244.67,card,web,IN-KA,1729,1120,3,11,13.1,0.456,3,0,0,0,1,0
TXN0003268,M0280,183.35,upi,web,IN-UP,96,856,3,8,9.5,0.2106,2,0,0,0,1,0
TXN0003269,M0059,59.47,upi,web,IN-DL,1084,441,3,6,44.5,0.4861,1,0,0,0,0,0
TXN0003270,M0368,95.75,card,web,IN-UP,893,276,0,5,54.6,0.3778,1,0,0,0,1,0
TXN0003271,M0370,148.9,card,android,IN-UP,1057,182,3,13,82.5,0.2073,1,0,0,0,0,0
TXN0003272,M0016,39.21,card,ios,IN-DL,149,410,2,2,107.5,0.2325,1,0,0,0,1,0
TXN0003273,M0313,87.01,netbanking,android,IN-MH,650,563,0,3,64.1,0.2963,1,0,0,0,0,0
TXN0003274,M0082,338.58,netbanking,api,IN-TN,1490,457,2,5,175.4,0.379,3,0,0,0,0,0
TXN0003275,M0140,110.29,card,ios,IN-KA,1502,152,2,12,41.7,0.651,4,0,0,0,0,0
TXN0003276,M0050,81.0,card,web,IN-WB,726,1253,1,6,8.2,0.3046,1,0,0,0,0,0
TXN0003277,M0151,531.48,upi,ios,IN-KA,1053,1474,4,8,62.1,0.1014,3,0,0,0,0,0
TXN0003278,M0212,255.31,card,web,IN-MH,1441,899,3,10,24.8,0.3825,2,0,0,0,1,0
TXN0003279,M0079,360.8,netbanking,web,IN-MH,1119,1200,1,7,191.8,0.2196,0,0,0,0,0,0
TXN0003280,M0355,82.08,card,android,IN-MH,752,1499,5,10,34.3,0.3814,2,0,0,0,0,0
TXN0003281,M0366,135.44,upi,ios,IN-WB,1685,586,2,8,41.2,0.1428,0,0,0,0,0,0
TXN0003282,M0342,178.07,card,web,IN-TN,1790,141,0,5,44.9,0.23,1,0,0,0,0,0
TXN0003283,M0397,225.83,upi,android,IN-MH,486,932,5,10,80.5,0.2965,0,0,0,0,0,1
TXN0003284,M0321,1769.99,card,web,IN-DL,88,1421,2,8,29.1,0.2614,1,0,0,0,1,0
TXN0003285,M0267,195.8,card,web,IN-DL,1423,900,1,1,86.4,0.134,0,0,0,0,0,0
TXN0003286,M0257,532.07,wallet,ios,IN-TN,193,1417,2,8,150.8,0.2227,0,0,0,0,1,0
TXN0003287,M0179,1774.48,netbanking,web,IN-WB,1459,1149,4,13,31.8,0.4964,2,1,0,0,0,1
TXN0003288,M0251,1001.32,card,android,IN-MH,1403,1470,1,7,93.1,0.1293,1,0,0,0,0,0
TXN0003289,M0377,210.68,card,android,IN-GJ,115,1086,1,5,262.9,0.2006,2,0,0,0,0,0
TXN0003290,M0323,567.12,card,android,IN-TN,987,863,3,6,89.0,0.3043,3,0,0,0,0,1
TXN0003291,M0058,204.49,card,web,IN-KA,1300,1196,3,7,125.2,0.2484,1,0,0,0,0,0
TXN0003292,M0319,173.12,card,android,IN-DL,146,1427,3,12,95.9,0.1953,2,1,0,0,0,0
TXN0003293,M0184,417.38,upi,web,IN-GJ,1494,14,1,6,55.4,0.3092,1,0,0,0,0,0
TXN0003294,M0131,435.53,card,web,IN-KA,196,16,0,6,35.2,0.7616,2,0,0,0,0,0
TXN0003295,M0329,298.89,card,ios,IN-TN,965,753,4,12,68.1,0.4001,1,0,0,0,0,1
TXN0003296,M0002,152.23,wallet,api,IN-WB,37,1419,5,11,64.2,0.2864,1,0,0,0,0,0
TXN0003297,M0257,111.06,netbanking,android,IN-UP,201,1245,3,4,26.6,0.2594,2,0,0,0,0,0
TXN0003298,M0152,53.85,card,ios,IN-KA,1321,43,1,9,59.5,0.3047,2,0,0,0,0,0
TXN0003299,M0135,211.72,card,web,IN-KA,142,399,1,7,33.9,0.183,0,0,0,0,0,0
TXN0003300,M0337,228.03,upi,android,IN-MH,1617,927,2,6,89.2,0.2406,2,0,0,0,0,0
TXN0003301,M0384,412.97,upi,ios,IN-UP,43,1313,4,13,92.4,0.3255,3,0,0,0,0,1
TXN0003302,M0317,41.84,upi,ios,IN-DL,1129,220,6,11,100.2,0.1753,1,0,0,0,1,0
TXN0003303,M0182,199.75,card,api,IN-GJ,659,197,2,11,116.6,0.5856,2,0,0,0,0,0
TXN0003304,M0217,147.0,upi,api,IN-KA,1090,780,2,7,47.3,0.2056,1,0,0,0,0,0
TXN0003305,M0159,169.94,upi,web,IN-MH,1118,1121,4,12,109.3,0.3913,2,0,0,0,1,0
TXN0003306,M0136,625.28,card,android,IN-TN,1159,58,2,7,26.6,0.3487,1,0,0,0,0,0
TXN0003307,M0396,648.45,card,api,IN-WB,1026,815,1,7,58.7,0.3652,0,0,0,0,0,1
TXN0003308,M0219,497.01,wallet,ios,IN-GJ,1719,1049,3,7,24.3,0.2374,0,0,0,0,0,0
TXN0003309,M0341,197.69,upi,web,IN-TN,918,723,3,7,35.9,0.2388,2,0,0,0,0,0
TXN0003310,M0008,148.94,upi,web,IN-KA,1534,1446,1,5,62.2,0.3254,2,0,0,0,1,0
TXN0003311,M0132,600.02,card,ios,IN-MH,751,808,5,15,6.8,0.3972,0,0,0,0,1,0
TXN0003312,M0093,995.45,upi,api,IN-UP,1099,217,2,7,71.2,0.4779,0,0,0,0,0,0
TXN0003313,M0129,890.49,card,api,IN-WB,1225,661,0,8,34.1,0.3918,3,0,0,0,0,0
TXN0003314,M0237,293.58,netbanking,android,IN-KA,697,1399,1,5,51.2,0.4636,2,0,0,0,1,0
TXN0003315,M0070,187.34,wallet,web,IN-WB,1589,918,3,7,5.6,0.2944,1,0,0,0,0,0
TXN0003316,M0303,359.48,upi,ios,IN-GJ,488,217,1,16,26.2,0.3998,1,0,0,0,0,0
TXN0003317,M0172,383.03,netbanking,web,IN-TN,1487,33,2,5,74.8,0.3457,2,0,0,0,0,0
TXN0003318,M0330,120.65,upi,web,IN-DL,342,1253,0,7,112.2,0.1759,0,0,0,0,0,0
TXN0003319,M0258,148.51,upi,ios,IN-KA,1287,1059,1,1,114.3,0.5055,0,0,0,0,0,0
TXN0003320,M0158,3790.91,wallet,ios,IN-UP,1497,349,2,7,6.3,0.2285,0,0,0,0,1,0
TXN0003321,M0054,120.61,netbanking,api,IN-MH,526,1029,2,7,45.1,0.1395,1,0,0,0,0,0
TXN0003322,M0028,421.95,netbanking,api,IN-UP,461,560,3,8,48.2,0.22,3,0,0,0,0,0
TXN0003323,M0106,107.62,upi,web,IN-WB,1692,383,4,8,53.1,0.2258,0,0,0,0,0,0
TXN0003324,M0220,158.95,upi,android,IN-TN,1141,1345,2,7,12.1,0.4532,4,0,0,0,0,0
TXN0003325,M0051,71.6,upi,ios,IN-KA,1550,628,1,3,252.7,0.41,0,0,0,0,0,0
TXN0003326,M0068,71.77,card,web,IN-UP,1706,1166,0,6,71.2,0.2207,0,0,0,0,0,0
TXN0003327,M0146,333.75,upi,android,IN-GJ,1706,1264,6,16,12.8,0.3917,1,0,0,0,1,1
TXN0003328,M0380,296.26,card,android,IN-UP,1475,380,2,7,66.5,0.0894,1,0,0,0,1,0
TXN0003329,M0103,1133.83,card,android,IN-DL,1114,1302,1,4,64.6,0.4349,2,0,0,0,0,1
TXN0003330,M0161,184.75,upi,web,IN-MH,1705,1436,1,9,33.2,0.0537,1,0,0,0,0,0
TXN0003331,M0027,210.29,upi,web,IN-WB,600,522,3,11,95.1,0.2413,1,0,0,0,0,0
TXN0003332,M0247,172.44,upi,android,IN-DL,981,1481,4,11,80.4,0.3921,2,0,0,0,0,0
TXN0003333,M0360,68.05,card,api,IN-WB,814,906,1,7,12.5,0.1335,2,0,0,0,0,0
TXN0003334,M0334,324.5,card,api,IN-WB,613,19,2,6,92.3,0.45,5,0,0,0,0,0
TXN0003335,M0127,151.98,upi,web,IN-UP,589,647,3,11,68.9,0.1615,2,0,0,0,0,0
TXN0003336,M0257,42.84,upi,android,IN-MH,1749,272,4,8,11.3,0.1396,1,0,0,0,0,0
TXN0003337,M0089,544.72,netbanking,android,IN-UP,632,1182,2,6,35.5,0.2786,2,0,0,0,1,0
TXN0003338,M0141,101.34,card,android,IN-DL,191,1259,0,2,19.1,0.0778,0,0,0,0,0,0
TXN0003339,M0061,250.52,card,ios,IN-TN,766,645,2,4,71.9,0.2007,2,0,0,0,0,0
TXN0003340,M0176,259.58,card,android,IN-GJ,674,1057,1,4,193.9,0.2579,1,0,0,0,0,0
TXN0003341,M0396,222.11,wallet,android,IN-TN,1683,118,3,7,31.0,0.288,1,0,0,0,0,0
TXN0003342,M0020,65.93,card,web,IN-TN,1404,493,0,6,106.6,0.4938,4,0,0,0,1,0
TXN0003343,M0160,727.15,card,ios,IN-GJ,895,11,2,8,42.3,0.1396,1,0,0,0,0,0
TXN0003344,M0240,86.86,netbanking,web,IN-MH,1491,935,2,5,32.3,0.3245,2,1,0,0,1,0
TXN0003345,M0208,15.44,card,android,IN-WB,728,180,2,6,76.0,0.3196,3,1,0,0,0,0
TXN0003346,M0222,420.52,wallet,android,IN-UP,402,1380,4,13,201.1,0.3957,3,0,0,0,0,1
TXN0003347,M0325,406.97,netbanking,web,IN-MH,1151,962,1,8,50.8,0.6493,1,0,0,0,0,0
TXN0003348,M0198,54.5,netbanking,android,IN-WB,1119,1002,5,16,41.3,0.4879,2,0,0,0,0,0
TXN0003349,M0059,178.99,wallet,web,IN-WB,516,1098,3,13,129.6,0.4495,0,0,0,0,1,0
TXN0003350,M0107,530.06,card,api,IN-UP,308,648,3,12,105.1,0.2792,0,0,0,0,1,0
TXN0003351,M0132,738.7,card,web,IN-UP,16,566,0,5,45.1,0.4572,0,0,0,0,0,0
TXN0003352,M0356,332.1,card,web,IN-WB,692,690,3,4,17.5,0.3092,1,0,0,0,1,0
TXN0003353,M0336,411.52,card,web,IN-UP,1314,1376,1,8,66.4,0.3783,0,0,0,0,0,0
TXN0003354,M0277,368.64,card,web,IN-KA,1448,1092,2,7,48.1,0.1347,1,0,0,0,0,0
TXN0003355,M0135,156.93,netbanking,api,IN-KA,599,1288,4,6,24.5,0.3848,2,1,0,0,0,0
TXN0003356,M0157,60.58,upi,web,IN-MH,1193,859,3,11,53.4,0.4863,1,0,0,0,0,0
TXN0003357,M0237,138.62,card,api,IN-KA,428,1261,3,10,44.4,0.2206,3,0,0,0,0,0
TXN0003358,M0033,554.02,card,android,IN-GJ,338,1073,2,6,124.3,0.2257,0,0,0,0,0,0
TXN0003359,M0166,548.82,card,android,IN-TN,963,563,2,4,69.4,0.1506,0,0,0,0,0,0
TXN0003360,M0293,220.61,card,api,IN-DL,561,393,4,12,76.5,0.1942,2,0,0,0,0,0
TXN0003361,M0353,128.96,netbanking,android,IN-KA,290,28,4,7,130.7,0.3481,3,0,0,0,0,0
TXN0003362,M0232,1020.1,card,android,IN-DL,432,1464,4,13,26.8,0.4201,0,1,0,0,1,1
TXN0003363,M0297,203.76,card,web,IN-MH,501,823,5,14,59.8,0.4195,4,0,0,0,0,0
TXN0003364,M0103,340.47,card,ios,IN-KA,566,86,0,4,16.5,0.1634,1,0,0,0,0,0
TXN0003365,M0255,53.86,wallet,web,IN-KA,922,250,0,3,59.3,0.5957,3,0,0,0,1,0
TXN0003366,M0003,170.19,card,android,IN-DL,1569,638,6,14,25.7,0.3633,5,0,0,0,1,0
TXN0003367,M0202,533.34,upi,ios,IN-UP,1753,629,1,8,128.0,0.1332,4,0,0,0,0,0
TXN0003368,M0349,45.76,netbanking,android,IN-KA,1035,757,2,9,67.7,0.3464,2,0,0,0,0,0
TXN0003369,M0135,173.17,card,android,IN-UP,439,979,2,8,116.4,0.5045,4,0,0,0,0,0
TXN0003370,M0101,270.94,netbanking,web,IN-UP,351,1324,2,8,87.4,0.5346,2,0,0,0,0,0
TXN0003371,M0393,751.04,card,ios,IN-TN,841,1062,5,12,86.6,0.2633,0,0,0,0,0,0
TXN0003372,M0287,477.69,wallet,android,IN-KA,1214,992,2,5,81.7,0.1104,1,0,0,0,1,0
TXN0003373,M0062,978.59,upi,android,IN-UP,950,19,3,3,56.4,0.6355,3,0,0,0,0,1
TXN0003374,M0303,413.55,upi,api,IN-DL,238,431,0,6,102.8,0.2741,0,0,0,0,0,0
TXN0003375,M0290,438.16,netbanking,api,IN-TN,1283,1074,4,14,56.6,0.2204,1,0,0,0,0,0
TXN0003376,M0201,69.24,card,android,IN-DL,560,114,1,3,122.2,0.2128,1,0,0,0,0,0
TXN0003377,M0349,67.28,card,web,IN-TN,940,295,0,4,58.9,0.178,1,0,0,0,0,0
TXN0003378,M0255,966.39,card,android,IN-UP,1546,1488,3,8,52.2,0.187,2,0,0,0,1,0
TXN0003379,M0396,114.37,card,android,IN-TN,1320,448,3,10,17.9,0.2463,1,0,0,0,0,0
TXN0003380,M0178,104.7,upi,api,IN-MH,948,606,4,8,13.9,0.3714,2,0,0,0,0,0
TXN0003381,M0229,17.91,wallet,android,IN-KA,1555,593,4,10,27.1,0.2424,2,0,0,0,0,0
TXN0003382,M0134,519.67,upi,web,IN-GJ,362,527,1,6,143.5,0.2928,2,0,0,0,0,0
TXN0003383,M0264,58.79,upi,ios,IN-KA,509,602,3,10,27.2,0.2672,1,0,0,0,0,0
TXN0003384,M0343,79.25,card,android,IN-KA,484,608,1,8,30.1,0.1436,3,0,0,0,1,0
TXN0003385,M0160,537.68,netbanking,api,IN-KA,1504,1272,4,8,84.6,0.2173,1,0,0,0,0,0
TXN0003386,M0200,19.77,upi,api,IN-TN,1509,1251,1,8,75.9,0.3954,3,0,0,0,1,0
TXN0003387,M0029,700.43,card,ios,IN-WB,473,1122,2,6,148.8,0.2211,4,1,0,0,0,0
TXN0003388,M0228,78.55,upi,ios,IN-TN,345,99,4,9,27.1,0.1758,1,0,0,0,0,0
TXN0003389,M0011,155.41,upi,web,IN-MH,1457,874,3,7,167.2,0.3525,2,0,0,0,0,0
TXN0003390,M0319,82.86,card,web,IN-UP,811,15,2,5,124.2,0.5224,1,0,0,0,0,0
TXN0003391,M0020,47.61,upi,ios,IN-UP,1146,1101,4,9,132.8,0.1551,2,0,0,0,0,0
TXN0003392,M0025,84.27,wallet,ios,IN-MH,356,391,3,12,81.6,0.3014,1,0,0,0,0,0
TXN0003393,M0286,78.7,upi,web,IN-MH,1023,676,2,11,50.8,0.257,0,0,0,0,0,0
TXN0003394,M0007,52.56,wallet,android,IN-UP,1232,387,3,9,85.8,0.2726,2,0,0,0,1,0
TXN0003395,M0280,841.72,card,web,IN-GJ,835,75,0,3,74.0,0.2249,3,0,0,0,0,0
TXN0003396,M0071,68.27,card,web,IN-TN,1476,269,1,8,40.9,0.4747,1,0,0,0,0,0
TXN0003397,M0383,27.27,card,api,IN-TN,982,1225,2,8,80.9,0.1112,1,0,0,0,0,0
TXN0003398,M0018,22.84,upi,android,IN-WB,969,1426,4,11,23.5,0.4326,2,0,0,0,0,1
TXN0003399,M0027,278.27,wallet,android,IN-DL,423,497,2,9,126.4,0.212,2,0,0,0,0,1
TXN0003400,M0244,31.78,netbanking,android,IN-UP,1202,1165,1,3,65.3,0.2278,2,0,0,0,0,0
TXN0003401,M0074,150.62,card,android,IN-UP,897,1086,3,8,9.3,0.1246,2,0,0,0,0,0
TXN0003402,M0090,1290.16,card,android,IN-GJ,1168,122,6,11,27.3,0.2592,1,0,0,0,0,0
TXN0003403,M0317,215.91,card,web,IN-MH,1095,715,4,10,44.3,0.7968,2,0,0,0,0,0
TXN0003404,M0057,248.9,card,web,IN-GJ,663,880,1,9,44.0,0.1621,1,0,0,0,0,0
TXN0003405,M0320,105.99,card,android,IN-KA,687,520,3,11,98.8,0.1235,1,0,0,0,1,0
TXN0003406,M0233,177.61,card,ios,IN-DL,562,654,4,6,54.2,0.2563,0,0,0,0,1,0
TXN0003407,M0345,145.06,card,web,IN-UP,687,1036,3,14,28.5,0.3612,8,0,0,0,0,1
TXN0003408,M0192,245.1,upi,ios,IN-MH,1521,1015,1,5,47.3,0.2911,3,0,0,0,1,1
TXN0003409,M0185,943.98,upi,web,IN-TN,626,495,7,14,121.5,0.3042,3,0,0,0,1,1
TXN0003410,M0026,117.44,card,android,IN-TN,220,942,4,10,67.3,0.4755,2,0,0,0,1,0
TXN0003411,M0225,81.86,card,web,IN-GJ,1472,766,1,7,38.2,0.1189,0,0,0,0,0,0
TXN0003412,M0193,166.91,upi,ios,IN-DL,392,475,4,8,36.5,0.1151,1,0,0,0,0,0
TXN0003413,M0077,470.17,upi,web,IN-DL,692,1040,3,9,17.0,0.4684,1,1,0,0,0,1
TXN0003414,M0130,128.32,upi,web,IN-KA,365,417,3,5,80.5,0.3295,1,0,0,0,0,0
TXN0003415,M0223,234.98,upi,android,IN-KA,1045,814,4,11,32.6,0.4082,2,1,0,0,1,0
TXN0003416,M0171,300.16,card,android,IN-TN,480,1201,2,12,50.2,0.3855,5,0,0,0,0,0
TXN0003417,M0113,1549.31,upi,web,IN-TN,1750,321,0,7,1.6,0.4538,1,0,0,0,0,1
TXN0003418,M0259,452.81,card,web,IN-TN,769,184,4,17,45.0,0.4724,3,0,0,0,0,1
TXN0003419,M0169,75.21,upi,android,IN-GJ,55,1301,6,15,105.5,0.4019,3,0,0,0,0,0
TXN0003420,M0315,20.12,card,ios,IN-GJ,995,765,2,11,51.9,0.3639,0,1,0,0,1,0
TXN0003421,M0034,209.21,upi,web,IN-GJ,396,1304,2,8,45.0,0.2369,0,0,0,0,1,0
TXN0003422,M0187,88.93,upi,android,IN-TN,631,1443,2,8,75.1,0.1316,2,0,0,0,0,0
TXN0003423,M0033,110.74,upi,web,IN-KA,1665,1075,6,9,46.6,0.2341,2,0,0,0,1,1
TXN0003424,M0346,66.48,upi,ios,IN-TN,324,1174,6,13,24.6,0.3843,0,0,0,0,0,0
TXN0003425,M0041,108.6,card,android,IN-GJ,1290,1228,2,10,73.5,0.3578,1,0,0,0,0,0
TXN0003426,M0080,106.46,card,ios,IN-UP,1241,911,6,14,45.6,0.438,1,0,0,0,0,1
TXN0003427,M0250,160.33,netbanking,web,IN-GJ,678,773,3,9,36.3,0.208,1,0,0,0,0,0
TXN0003428,M0041,91.85,card,android,IN-KA,798,1119,1,5,58.3,0.1411,2,0,0,0,0,0
TXN0003429,M0029,87.87,netbanking,api,IN-GJ,162,585,0,4,121.1,0.3714,2,0,0,0,0,0
TXN0003430,M0049,305.81,upi,ios,IN-WB,860,590,3,8,54.5,0.2787,1,0,0,0,0,1
TXN0003431,M0220,179.54,netbanking,android,IN-WB,925,722,6,11,125.2,0.3523,1,0,0,0,0,0
TXN0003432,M0127,180.81,wallet,ios,IN-TN,1077,1213,5,13,162.1,0.2748,1,0,0,0,0,0
TXN0003433,M0090,171.33,card,android,IN-TN,1411,882,3,9,19.9,0.3892,1,0,0,0,0,0
TXN0003434,M0121,73.55,card,android,IN-WB,1672,1221,1,4,48.2,0.3641,1,1,0,0,1,0
TXN0003435,M0037,757.3,card,android,IN-DL,761,624,3,10,72.3,0.2969,1,0,0,0,0,0
TXN0003436,M0004,1373.71,card,android,IN-GJ,1588,1484,3,7,35.5,0.5138,1,0,0,0,0,0
TXN0003437,M0176,621.08,netbanking,android,IN-KA,1519,370,4,15,116.0,0.3497,1,0,0,0,1,0
TXN0003438,M0253,30.84,card,android,IN-KA,553,565,3,5,94.5,0.2758,0,0,0,0,0,0
TXN0003439,M0135,92.88,upi,ios,IN-UP,523,24,3,10,63.7,0.5125,0,0,0,0,0,0
TXN0003440,M0139,365.39,card,ios,IN-UP,965,1025,0,5,47.1,0.2949,2,0,0,0,0,0
TXN0003441,M0176,85.02,card,android,IN-GJ,891,295,3,6,5.6,0.2652,3,0,0,0,1,0
TXN0003442,M0289,89.29,card,android,IN-WB,670,144,2,5,22.5,0.2121,2,0,0,0,0,0
TXN0003443,M0005,45.68,upi,android,IN-DL,163,208,1,9,95.5,0.2982,2,0,0,0,0,1
TXN0003444,M0373,125.29,card,android,IN-WB,1429,1340,1,8,27.8,0.4242,0,0,0,0,0,0
TXN0003445,M0143,79.15,upi,android,IN-KA,946,1154,8,15,92.1,0.2539,4,0,0,0,0,0
TXN0003446,M0244,16.48,card,ios,IN-WB,317,1073,3,7,97.2,0.2169,0,0,0,0,1,0
TXN0003447,M0319,569.3,card,api,IN-MH,1550,946,0,6,82.2,0.2169,2,0,0,0,0,0
TXN0003448,M0388,273.05,upi,ios,IN-DL,1665,1033,7,10,33.3,0.1508,0,0,0,0,0,0
TXN0003449,M0113,47.34,card,android,IN-KA,274,1217,3,6,103.1,0.0496,0,0,0,0,1,0
TXN0003450,M0396,428.75,netbanking,android,IN-KA,946,819,2,7,26.4,0.164,2,0,0,0,1,0
TXN0003451,M0220,204.35,upi,web,IN-TN,1097,405,8,22,62.2,0.6852,5,0,0,0,0,1
TXN0003452,M0289,573.76,card,web,IN-UP,426,1425,1,5,89.3,0.262,2,0,0,0,0,0
TXN0003453,M0044,375.11,netbanking,api,IN-UP,566,469,2,4,19.7,0.1262,0,0,0,0,0,0
TXN0003454,M0050,82.9,upi,api,IN-TN,694,471,1,10,23.4,0.4969,0,0,0,0,0,0
TXN0003455,M0211,351.37,upi,android,IN-TN,636,946,5,16,66.9,0.7444,1,0,0,0,0,0
TXN0003456,M0353,366.57,upi,android,IN-TN,1216,1186,2,10,34.1,0.2052,0,0,0,0,0,0
TXN0003457,M0344,517.24,card,ios,IN-KA,16,667,3,8,186.5,0.3632,2,0,0,0,1,1
TXN0003458,M0366,488.04,card,ios,IN-WB,1171,1311,5,8,54.7,0.2054,1,0,0,0,0,0
TXN0003459,M0143,1438.35,card,android,IN-WB,959,12,3,7,39.6,0.1225,0,0,0,0,1,0
TXN0003460,M0174,466.64,upi,web,IN-MH,1365,180,4,16,158.9,0.6292,3,1,0,0,0,1
TXN0003461,M0130,82.14,netbanking,ios,IN-DL,1773,1082,3,9,115.2,0.2839,0,0,0,0,0,0
TXN0003462,M0060,214.92,upi,android,IN-KA,777,576,2,7,19.5,0.1788,0,0,0,0,0,0
TXN0003463,M0003,63.05,upi,android,IN-UP,265,1134,2,10,121.5,0.3786,2,0,0,0,0,0
TXN0003464,M0393,603.26,upi,ios,IN-TN,785,127,0,8,52.7,0.2165,2,0,0,0,0,0
TXN0003465,M0047,76.45,upi,android,IN-KA,422,586,3,8,10.7,0.3668,2,0,0,0,0,0
TXN0003466,M0005,1675.9,upi,android,IN-DL,916,597,1,8,22.5,0.2404,0,0,0,0,0,0
TXN0003467,M0296,134.36,wallet,android,IN-TN,408,722,4,13,48.8,0.1418,2,0,0,0,0,0
TXN0003468,M0379,172.26,upi,ios,IN-UP,19,626,3,8,26.1,0.2804,0,1,0,0,0,0
TXN0003469,M0267,113.1,upi,api,IN-TN,1012,1031,4,13,119.8,0.2868,1,0,0,0,0,0
TXN0003470,M0210,87.89,upi,android,IN-MH,579,600,4,14,58.0,0.5893,2,0,0,0,0,0
TXN0003471,M0013,105.91,upi,ios,IN-GJ,342,152,5,17,91.6,0.5011,1,0,0,0,0,1
TXN0003472,M0253,226.93,upi,ios,IN-DL,5,1246,2,9,64.5,0.2608,1,0,0,1,0,0
TXN0003473,M0342,183.2,upi,web,IN-GJ,1713,439,1,5,22.0,0.2817,0,0,0,0,0,0
TXN0003474,M0168,117.45,card,ios,IN-GJ,1509,291,2,8,10.2,0.2262,1,0,0,0,1,0
TXN0003475,M0309,244.56,upi,web,IN-DL,1253,216,7,13,19.4,0.2003,1,1,0,0,1,1
TXN0003476,M0154,104.6,netbanking,web,IN-UP,668,350,3,7,69.3,0.4732,3,1,0,0,0,0
TXN0003477,M0005,179.1,card,web,IN-WB,1125,823,0,8,68.7,0.0752,1,0,0,0,0,0
TXN0003478,M0367,1052.34,upi,android,IN-KA,967,1435,4,9,53.1,0.7002,0,0,0,0,1,0
TXN0003479,M0079,101.48,card,web,IN-TN,8,1005,2,8,14.1,0.5521,3,0,0,1,0,0
TXN0003480,M0079,132.9,wallet,api,IN-GJ,1642,1222,1,3,125.7,0.1454,2,0,0,0,1,0
TXN0003481,M0383,56.72,card,web,IN-DL,847,251,2,6,50.4,0.2882,2,0,0,0,0,0
TXN0003482,M0201,128.33,card,web,IN-GJ,836,235,7,11,119.6,0.3157,3,0,0,0,0,0
TXN0003483,M0123,261.79,upi,android,IN-MH,1457,41,1,4,24.4,0.1667,0,0,0,0,0,0
TXN0003484,M0313,106.1,card,web,IN-WB,1282,77,2,9,48.4,0.7444,2,0,0,0,0,0
TXN0003485,M0378,57.9,netbanking,web,IN-UP,913,774,3,8,140.3,0.2541,2,0,0,0,0,0
TXN0003486,M0241,258.38,wallet,web,IN-TN,1532,681,0,6,41.9,0.179,0,0,0,0,0,0
TXN0003487,M0017,287.22,upi,ios,IN-WB,1329,1298,1,11,23.3,0.2923,0,0,0,0,0,0
TXN0003488,M0232,332.6,card,web,IN-UP,1036,1363,3,9,241.7,0.2235,0,0,0,0,0,0
TXN0003489,M0089,52.14,card,android,IN-WB,1228,196,1,6,169.9,0.1427,0,0,0,0,0,0
TXN0003490,M0135,708.75,upi,ios,IN-DL,295,1286,1,9,56.4,0.2166,1,0,0,0,0,0
TXN0003491,M0078,110.51,upi,ios,IN-KA,1673,1132,3,8,58.9,0.2558,1,0,0,0,1,0
TXN0003492,M0260,65.71,card,ios,IN-WB,1587,781,1,9,156.3,0.2589,0,0,0,0,1,0
TXN0003493,M0378,501.45,upi,web,IN-DL,660,1279,0,9,6.2,0.4367,1,0,0,0,0,0
TXN0003494,M0058,684.19,card,ios,IN-MH,72,1338,4,13,42.7,0.4247,4,0,0,0,1,0
TXN0003495,M0317,131.32,wallet,android,IN-TN,1485,1118,1,2,24.2,0.1767,0,0,0,0,0,0
TXN0003496,M0384,78.28,card,web,IN-TN,909,714,2,5,14.9,0.2607,1,0,0,0,1,0
TXN0003497,M0199,280.13,card,web,IN-GJ,469,708,4,11,61.3,0.1506,1,0,0,0,1,0
TXN0003498,M0001,47.49,upi,web,IN-MH,1794,1476,2,7,33.8,0.1956,2,0,0,0,0,0
TXN0003499,M0148,2308.92,upi,api,IN-WB,1003,156,8,19,136.4,0.4168,2,0,0,0,1,1
TXN0003500,M0045,64.12,card,ios,IN-WB,369,952,4,9,18.8,0.4635,2,0,0,0,0,0
TXN0003501,M0112,257.01,card,ios,IN-WB,1112,1085,3,8,70.9,0.172,3,0,0,0,1,0
TXN0003502,M0299,153.27,upi,web,IN-KA,1370,751,1,3,67.6,0.231,3,0,0,0,0,0
TXN0003503,M0177,71.75,card,android,IN-MH,797,181,3,11,118.3,0.4952,3,0,0,0,0,0
TXN0003504,M0204,70.61,card,web,IN-KA,1233,574,7,10,39.1,0.4215,2,0,0,0,0,0
TXN0003505,M0176,555.95,card,android,IN-GJ,185,122,6,14,27.9,0.4316,3,0,0,0,0,1
TXN0003506,M0369,259.88,card,ios,IN-DL,496,144,6,11,86.3,0.2562,0,0,0,0,0,0
TXN0003507,M0267,89.73,upi,android,IN-TN,782,465,4,9,92.9,0.1812,1,0,0,0,0,0
TXN0003508,M0363,102.82,wallet,android,IN-MH,206,1025,6,11,33.8,0.4095,1,0,0,0,0,0
TXN0003509,M0297,79.78,card,android,IN-WB,355,162,1,7,86.2,0.2624,1,0,0,0,0,0
TXN0003510,M0365,434.41,upi,android,IN-WB,970,1075,2,5,25.3,0.2,1,0,0,0,1,0
TXN0003511,M0277,452.72,upi,web,IN-GJ,877,543,5,13,166.3,0.2339,0,1,0,0,0,0
TXN0003512,M0262,305.0,card,ios,IN-TN,650,1408,0,8,128.6,0.4282,0,0,0,0,1,0
TXN0003513,M0019,231.99,card,ios,IN-GJ,38,612,2,9,33.3,0.1576,3,0,0,0,0,0
TXN0003514,M0379,336.84,wallet,api,IN-TN,716,448,5,7,152.0,0.2239,4,0,0,0,1,0
TXN0003515,M0167,34.6,upi,web,IN-WB,870,365,3,9,70.2,0.1947,1,0,0,0,0,0
TXN0003516,M0078,237.01,card,api,IN-GJ,1775,1317,2,12,18.4,0.3573,1,0,0,0,0,0
TXN0003517,M0147,523.95,upi,android,IN-GJ,679,396,1,7,206.3,0.1001,1,0,0,0,1,0
TXN0003518,M0007,226.77,netbanking,api,IN-MH,926,111,2,8,37.6,0.3936,2,0,0,0,0,0
TXN0003519,M0239,189.79,upi,android,IN-MH,25,361,1,7,45.1,0.1928,1,0,0,0,0,0
TXN0003520,M0335,95.29,upi,web,IN-MH,323,506,2,10,24.0,0.2945,2,0,0,0,0,0
TXN0003521,M0201,101.85,card,web,IN-MH,1121,1045,3,8,58.8,0.1112,1,0,0,0,0,0
TXN0003522,M0273,106.66,card,api,IN-GJ,871,218,3,7,96.7,0.2046,0,0,0,0,0,0
TXN0003523,M0381,224.97,upi,api,IN-WB,564,242,2,7,14.1,0.2154,2,0,0,0,0,0
TXN0003524,M0391,110.82,card,android,IN-DL,712,393,3,15,165.2,0.5542,5,0,0,0,0,0
TXN0003525,M0356,29.07,upi,android,IN-UP,1048,1460,5,15,25.9,0.3575,3,0,0,0,0,0
TXN0003526,M0379,399.69,wallet,android,IN-DL,774,135,4,14,91.2,0.6668,2,1,0,0,0,1
TXN0003527,M0284,303.44,card,web,IN-WB,1594,130,3,7,85.4,0.356,0,0,0,0,0,0
TXN0003528,M0087,256.78,card,ios,IN-TN,394,975,2,6,8.3,0.1841,1,0,0,0,0,1
TXN0003529,M0097,70.54,upi,ios,IN-KA,1556,1184,1,2,19.7,0.1872,3,0,0,0,1,0
TXN0003530,M0372,110.02,netbanking,web,IN-MH,1661,339,1,6,10.8,0.2881,1,0,0,0,1,0
TXN0003531,M0382,302.46,upi,android,IN-DL,906,1038,2,6,3.7,0.1445,1,0,0,0,0,0
TXN0003532,M0274,184.82,netbanking,android,IN-TN,312,453,0,8,129.5,0.3541,1,0,0,0,0,0
TXN0003533,M0046,89.57,card,android,IN-KA,848,881,1,3,23.7,0.1774,3,0,0,0,0,0
TXN0003534,M0141,660.24,card,android,IN-GJ,1629,129,2,6,95.1,0.3421,3,0,0,0,1,0
TXN0003535,M0101,77.16,upi,android,IN-MH,960,154,3,11,126.6,0.4338,1,0,0,0,0,0
TXN0003536,M0198,9.1,card,ios,IN-TN,1130,671,1,11,101.6,0.3449,1,0,0,0,1,0
TXN0003537,M0017,196.42,card,android,IN-KA,703,429,0,4,84.5,0.4165,0,0,0,0,0,0
TXN0003538,M0344,204.97,upi,api,IN-MH,1047,500,1,11,153.6,0.3623,1,0,0,0,1,0
TXN0003539,M0233,190.74,upi,android,IN-GJ,531,815,4,6,104.7,0.1853,1,0,0,0,0,0
TXN0003540,M0298,269.01,card,android,IN-TN,475,1056,7,13,51.1,0.3923,0,0,0,0,0,1
TXN0003541,M0020,103.13,upi,web,IN-GJ,284,1061,2,6,33.0,0.2653,1,0,0,0,0,0
TXN0003542,M0270,502.24,netbanking,android,IN-WB,1258,600,3,11,56.7,0.3527,2,0,0,0,0,1
TXN0003543,M0003,45.91,upi,ios,IN-DL,1647,1021,2,10,63.5,0.3016,0,0,0,0,1,0
TXN0003544,M0248,176.19,card,ios,IN-TN,645,390,3,12,88.7,0.3019,2,0,0,0,0,0
TXN0003545,M0205,96.27,upi,android,IN-KA,111,21,1,7,98.3,0.3218,1,0,0,0,0,0
TXN0003546,M0382,492.6,card,ios,IN-DL,726,1137,2,17,44.9,0.245,3,0,0,0,0,1
TXN0003547,M0087,81.32,upi,android,IN-GJ,621,750,3,5,5.3,0.1627,0,0,0,0,1,0
TXN0003548,M0219,193.23,card,web,IN-TN,1118,1338,3,9,162.2,0.3056,1,0,0,0,0,0
TXN0003549,M0268,196.0,card,web,IN-KA,300,486,4,9,42.2,0.2817,2,0,0,0,0,0
TXN0003550,M0331,218.94,card,web,IN-KA,1411,1430,1,6,122.0,0.2369,1,0,0,0,0,0
TXN0003551,M0136,86.75,card,api,IN-DL,109,788,3,8,84.8,0.3643,1,0,0,0,0,0
TXN0003552,M0051,259.47,card,web,IN-MH,692,758,2,6,9.7,0.1452,0,0,0,0,0,0
TXN0003553,M0109,185.22,card,ios,IN-UP,311,582,2,8,107.2,0.1258,1,0,0,0,0,0
TXN0003554,M0252,253.75,wallet,ios,IN-TN,1570,267,4,8,47.3,0.2504,2,0,0,0,1,0
TXN0003555,M0250,869.02,upi,android,IN-MH,821,698,6,12,111.6,0.3155,3,0,0,0,0,0
TXN0003556,M0093,202.15,card,web,IN-WB,1639,1398,1,8,46.6,0.2036,3,0,0,0,1,0
TXN0003557,M0220,66.55,wallet,api,IN-KA,1006,1054,1,9,69.2,0.2968,1,0,0,0,0,0
TXN0003558,M0339,1279.19,upi,ios,IN-MH,1364,812,2,11,21.8,0.2753,0,0,0,0,0,0
TXN0003559,M0343,479.17,upi,web,IN-UP,1609,1188,3,8,36.8,0.2054,1,0,0,0,0,0
TXN0003560,M0097,346.19,netbanking,ios,IN-WB,1483,1365,3,10,63.3,0.5248,3,0,0,0,1,1
TXN0003561,M0047,149.95,upi,android,IN-KA,1231,1211,6,13,25.7,0.3713,0,0,0,0,0,0
TXN0003562,M0386,377.15,netbanking,ios,IN-DL,1429,1215,2,8,119.6,0.5235,2,0,0,0,0,0
TXN0003563,M0246,23.0,card,android,IN-GJ,1443,261,2,5,153.0,0.2805,0,0,0,0,1,0
TXN0003564,M0209,844.89,wallet,android,IN-WB,1206,585,4,12,70.2,0.095,0,0,0,0,0,1
TXN0003565,M0399,441.11,card,web,IN-UP,996,616,5,7,42.8,0.1675,1,0,0,0,0,1
TXN0003566,M0246,150.79,upi,ios,IN-GJ,917,549,1,7,106.9,0.2913,5,1,0,0,0,0
TXN0003567,M0398,430.05,netbanking,ios,IN-WB,363,135,5,9,60.3,0.152,0,0,0,0,0,0
TXN0003568,M0338,334.22,card,android,IN-TN,1037,299,2,14,95.9,0.3083,2,0,0,0,1,0
TXN0003569,M0243,65.6,card,ios,IN-GJ,1529,487,3,8,148.2,0.2218,2,0,0,0,0,0
TXN0003570,M0035,215.27,upi,web,IN-MH,1532,466,4,7,109.3,0.1464,2,0,0,0,0,0
TXN0003571,M0115,261.9,netbanking,web,IN-WB,854,742,2,7,134.1,0.3092,0,0,0,0,1,0
TXN0003572,M0053,157.45,card,api,IN-DL,874,1327,6,14,66.0,0.2954,2,0,0,0,0,0
TXN0003573,M0375,144.56,netbanking,api,IN-WB,1388,645,1,4,22.2,0.2148,0,0,0,0,0,0
TXN0003574,M0114,443.28,wallet,android,IN-WB,1764,1331,5,12,26.8,0.2903,1,0,0,0,1,1
TXN0003575,M0200,214.64,wallet,web,IN-TN,12,1094,2,8,45.2,0.5033,1,0,0,1,0,0
TXN0003576,M0028,1177.07,card,web,IN-MH,1261,419,3,7,9.9,0.2671,1,0,0,0,0,1
TXN0003577,M0150,93.67,card,android,IN-TN,802,897,4,11,24.8,0.3921,3,0,0,0,0,0
TXN0003578,M0131,271.08,netbanking,api,IN-KA,415,641,0,3,105.5,0.0929,1,0,0,0,0,0
TXN0003579,M0235,71.7,card,ios,IN-GJ,610,1308,4,7,110.9,0.3492,1,0,0,0,0,0
TXN0003580,M0245,354.41,upi,android,IN-MH,1789,1430,7,14,65.6,0.4847,1,0,0,0,0,0
TXN0003581,M0365,59.06,upi,ios,IN-WB,535,367,3,4,36.8,0.2563,0,0,0,0,1,1
TXN0003582,M0135,240.13,upi,android,IN-MH,906,1312,2,5,34.5,0.2903,1,1,0,0,1,1
TXN0003583,M0331,586.15,upi,web,IN-GJ,1215,1206,0,11,185.0,0.3943,0,0,0,0,0,0
TXN0003584,M0180,189.6,card,ios,IN-KA,476,607,3,10,98.5,0.367,3,1,0,0,0,0
TXN0003585,M0172,66.84,wallet,web,IN-MH,1484,176,5,11,84.1,0.4579,2,0,0,0,0,1
TXN0003586,M0278,463.14,card,web,IN-DL,131,1036,3,7,39.2,0.2902,1,0,0,0,1,0
TXN0003587,M0051,258.05,netbanking,web,IN-KA,1555,422,2,9,31.5,0.3269,1,0,0,0,0,1
TXN0003588,M0011,165.3,card,web,IN-GJ,1252,1219,6,11,84.6,0.213,2,0,0,0,0,0
TXN0003589,M0130,68.39,card,api,IN-KA,1441,429,3,5,57.5,0.4071,0,0,0,0,0,0
TXN0003590,M0095,35.97,netbanking,android,IN-DL,166,265,2,9,49.2,0.339,4,0,0,0,0,0
TXN0003591,M0172,1710.52,upi,android,IN-MH,1461,1301,3,8,8.1,0.1732,3,0,0,0,0,1
TXN0003592,M0039,101.47,card,web,IN-MH,506,867,2,4,74.7,0.0844,0,0,0,0,0,0
TXN0003593,M0225,66.69,netbanking,android,IN-DL,1503,1030,3,7,78.4,0.2963,2,0,0,0,0,0
TXN0003594,M0277,246.56,card,android,IN-WB,631,472,2,4,79.5,0.2133,1,0,0,0,1,0
TXN0003595,M0199,65.03,upi,android,IN-WB,1248,1006,3,7,54.4,0.0444,1,0,0,0,0,0
TXN0003596,M0317,296.22,upi,android,IN-TN,1787,754,0,6,97.3,0.2231,1,0,0,0,0,0
TXN0003597,M0034,695.07,netbanking,ios,IN-MH,1368,220,3,7,148.4,0.2474,0,0,0,0,0,0
TXN0003598,M0311,62.49,upi,web,IN-GJ,147,1423,1,9,13.9,0.1714,0,0,0,0,0,0
TXN0003599,M0120,133.51,upi,web,IN-UP,398,821,1,4,35.1,0.084,1,0,0,0,0,0
TXN0003600,M0022,276.94,wallet,ios,IN-UP,231,920,3,11,35.7,0.3946,3,0,0,0,0,0
TXN0003601,M0017,53.24,card,web,IN-MH,1723,137,0,9,50.0,0.3528,1,0,0,0,0,0
TXN0003602,M0329,72.39,upi,android,IN-GJ,582,1061,2,10,128.1,0.4262,4,0,0,0,1,0
TXN0003603,M0268,160.16,upi,api,IN-WB,906,957,4,8,66.7,0.3149,4,0,0,0,1,0
TXN0003604,M0060,1278.83,card,ios,IN-DL,1039,565,4,9,73.1,0.4372,2,1,0,0,1,1
TXN0003605,M0324,76.72,upi,android,IN-WB,473,808,2,7,69.4,0.1723,1,0,0,0,0,0
TXN0003606,M0330,135.66,upi,android,IN-MH,665,239,1,9,60.7,0.3995,1,0,0,0,0,0
TXN0003607,M0175,2148.52,upi,android,IN-GJ,818,877,5,11,101.0,0.1129,1,0,0,0,0,1
TXN0003608,M0202,398.66,upi,ios,IN-UP,26,998,3,5,82.4,0.2831,1,1,0,0,1,0
TXN0003609,M0146,33.07,netbanking,web,IN-UP,1482,511,3,6,74.4,0.3179,1,0,0,0,1,0
TXN0003610,M0376,142.51,card,ios,IN-WB,1629,465,1,5,17.9,0.062,0,0,0,0,0,0
TXN0003611,M0041,323.09,upi,ios,IN-GJ,1246,662,3,9,18.2,0.8868,2,0,0,0,0,0
TXN0003612,M0241,764.82,netbanking,web,IN-UP,785,683,4,9,62.0,0.5309,3,0,0,0,0,0
TXN0003613,M0073,724.75,card,ios,IN-KA,275,41,4,9,54.3,0.1323,0,0,0,0,1,0
TXN0003614,M0229,315.14,netbanking,api,IN-MH,590,1460,3,10,17.6,0.4341,1,0,0,0,0,0
TXN0003615,M0378,368.66,netbanking,ios,IN-KA,790,1141,4,8,20.1,0.1817,3,0,0,0,0,1
TXN0003616,M0024,49.1,upi,web,IN-WB,358,1158,2,7,72.9,0.3065,2,0,0,0,0,0
TXN0003617,M0170,90.05,card,api,IN-KA,1359,465,5,13,33.9,0.2821,0,1,0,0,0,0
TXN0003618,M0151,49.19,wallet,web,IN-WB,812,1482,3,14,96.9,0.3719,1,0,0,0,0,0
TXN0003619,M0232,504.44,upi,api,IN-UP,1249,809,3,14,33.3,0.751,0,0,0,0,0,0
TXN0003620,M0114,262.32,upi,api,IN-WB,927,348,4,11,44.3,0.3078,1,0,0,0,0,0
TXN0003621,M0357,200.19,card,web,IN-TN,342,1331,2,7,52.5,0.3316,2,0,0,0,0,0
TXN0003622,M0178,842.6,card,ios,IN-WB,1174,790,2,3,51.1,0.2423,1,0,0,0,0,0
TXN0003623,M0162,308.32,card,android,IN-GJ,1337,1154,4,14,162.3,0.5282,1,0,0,0,1,1
TXN0003624,M0097,561.76,upi,api,IN-TN,765,1284,0,14,46.0,0.4752,5,0,0,0,0,0
TXN0003625,M0400,383.48,upi,ios,IN-KA,1215,963,0,11,27.2,0.4304,4,0,0,0,0,0
TXN0003626,M0005,422.76,card,android,IN-TN,1769,553,4,7,135.2,0.2562,2,0,0,0,0,0
TXN0003627,M0131,63.45,card,android,IN-GJ,440,1259,5,10,52.3,0.2426,2,0,0,0,0,0
TXN0003628,M0213,476.85,netbanking,api,IN-UP,1601,20,1,9,193.4,0.3143,0,0,0,0,0,0
TXN0003629,M0090,288.91,card,android,IN-TN,554,715,2,6,59.9,0.3722,4,0,0,0,0,0
TXN0003630,M0391,119.59,wallet,android,IN-WB,79,489,5,13,32.5,0.2844,2,1,0,0,1,0
TXN0003631,M0025,356.89,upi,web,IN-UP,755,1329,4,7,61.3,0.3284,3,0,0,0,0,0
TXN0003632,M0245,651.19,upi,web,IN-MH,1476,701,4,6,111.3,0.2503,2,0,0,0,0,0
TXN0003633,M0087,163.17,upi,web,IN-GJ,1213,1360,0,5,93.2,0.2306,1,0,0,0,0,0
TXN0003634,M0309,85.06,netbanking,web,IN-MH,599,1323,2,8,27.0,0.2254,1,0,0,0,1,0
TXN0003635,M0266,89.08,card,ios,IN-TN,1712,375,0,6,68.9,0.3385,3,0,0,0,0,0
TXN0003636,M0016,44.6,upi,android,IN-GJ,1771,417,2,11,91.8,0.3158,2,0,0,0,0,0
TXN0003637,M0209,152.07,upi,android,IN-DL,1790,1273,1,9,70.7,0.3954,0,0,0,0,1,0
TXN0003638,M0302,324.79,card,web,IN-GJ,996,1282,6,10,81.4,0.4562,0,0,0,0,0,0
TXN0003639,M0142,1019.1,upi,ios,IN-TN,1240,820,5,12,83.4,0.386,4,0,0,0,0,0
TXN0003640,M0030,80.41,upi,api,IN-TN,954,299,4,9,43.6,0.4216,2,0,0,0,0,0
TXN0003641,M0116,257.8,wallet,android,IN-WB,742,1492,1,4,23.4,0.1335,0,0,0,0,0,0
TXN0003642,M0014,184.12,upi,api,IN-KA,945,812,2,7,65.5,0.4329,3,0,0,0,0,0
TXN0003643,M0178,178.46,card,web,IN-WB,124,1355,2,6,73.8,0.3595,0,0,0,0,0,0
TXN0003644,M0071,38.98,netbanking,web,IN-DL,294,1109,2,10,62.1,0.2735,5,0,0,0,0,0
TXN0003645,M0212,65.5,upi,ios,IN-UP,1067,1436,1,5,68.2,0.3601,2,0,0,0,0,0
TXN0003646,M0219,1105.0,upi,web,IN-TN,754,473,2,8,32.4,0.1636,1,0,0,0,0,0
TXN0003647,M0319,493.85,card,web,IN-KA,867,94,1,13,16.6,0.5165,0,0,0,0,1,0
TXN0003648,M0316,238.85,upi,android,IN-KA,1647,372,2,13,63.8,0.3126,3,0,0,0,0,0
TXN0003649,M0269,285.66,upi,ios,IN-KA,1207,709,3,7,12.8,0.1652,0,0,0,0,1,0
TXN0003650,M0310,378.57,upi,web,IN-KA,130,959,6,10,14.2,0.1947,3,0,0,0,0,0
TXN0003651,M0265,114.98,card,ios,IN-TN,1736,1233,2,14,144.7,0.2371,1,0,0,0,0,0
TXN0003652,M0286,119.8,upi,web,IN-MH,1553,717,2,10,142.9,0.3031,2,0,0,0,1,0
TXN0003653,M0040,97.23,netbanking,android,IN-UP,301,44,2,9,13.3,0.2035,0,0,0,0,0,0
TXN0003654,M0048,213.12,card,api,IN-MH,1532,197,3,5,87.8,0.4651,0,0,0,0,0,0
TXN0003655,M0014,56.96,wallet,ios,IN-DL,667,1090,1,2,63.1,0.1573,1,0,0,0,0,0
TXN0003656,M0027,92.66,card,web,IN-DL,670,637,1,5,147.8,0.3025,3,1,0,0,0,0
TXN0003657,M0283,298.57,netbanking,android,IN-KA,1037,1361,4,10,43.6,0.2352,1,0,0,0,0,1
TXN0003658,M0098,126.47,upi,api,IN-KA,1630,777,2,7,69.3,0.2318,2,0,0,0,0,0
TXN0003659,M0117,31.26,card,api,IN-GJ,631,988,1,8,66.1,0.3004,2,0,0,0,1,0
TXN0003660,M0274,123.19,upi,web,IN-TN,1036,78,2,10,81.0,0.2028,8,0,0,0,0,0
TXN0003661,M0106,310.58,upi,api,IN-WB,317,506,1,4,41.0,0.338,4,0,0,0,0,0
TXN0003662,M0182,202.14,upi,android,IN-UP,154,256,2,9,5.3,0.3742,1,1,0,0,0,1
TXN0003663,M0151,33.22,card,ios,IN-KA,1077,985,0,4,67.2,0.4678,2,0,0,0,0,0
TXN0003664,M0225,505.35,card,ios,IN-TN,424,1496,1,7,34.8,0.375,0,0,0,0,0,0
TXN0003665,M0036,140.68,wallet,web,IN-KA,71,566,3,10,64.3,0.2648,3,0,0,0,0,0
TXN0003666,M0205,252.65,card,web,IN-KA,16,1145,8,14,40.6,0.3193,0,0,0,0,0,1
TXN0003667,M0158,511.67,upi,api,IN-GJ,679,1033,3,11,52.2,0.3741,1,0,0,0,0,0
TXN0003668,M0050,159.04,card,web,IN-WB,448,933,4,13,36.1,0.2399,1,1,0,0,0,0
TXN0003669,M0023,26.68,upi,android,IN-MH,1750,1058,5,8,31.6,0.1447,0,1,0,0,1,0
TXN0003670,M0168,1041.57,upi,ios,IN-WB,861,310,3,8,70.2,0.2446,0,0,0,0,0,1
TXN0003671,M0264,19.79,upi,api,IN-GJ,861,943,3,9,120.5,0.1366,1,0,0,0,0,0
TXN0003672,M0324,129.08,upi,android,IN-TN,281,1042,0,6,51.4,0.3003,2,0,0,0,1,0
TXN0003673,M0002,657.62,card,web,IN-KA,183,1335,1,5,79.5,0.2464,3,0,0,0,1,0
TXN0003674,M0179,89.63,upi,web,IN-UP,539,867,3,6,26.6,0.1411,0,0,0,0,1,0
TXN0003675,M0033,95.09,netbanking,android,IN-KA,1501,334,3,8,33.6,0.2777,0,0,0,0,0,0
TXN0003676,M0305,144.93,card,api,IN-KA,1117,672,1,12,45.2,0.3163,1,0,0,0,0,0
TXN0003677,M0194,150.25,card,ios,IN-DL,323,1345,1,7,19.8,0.533,0,0,0,0,0,0
TXN0003678,M0105,76.15,upi,web,IN-GJ,67,454,1,7,51.9,0.4583,2,0,0,0,0,0
TXN0003679,M0163,95.31,upi,android,IN-DL,452,845,3,8,36.7,0.2879,0,0,0,0,1,0
TXN0003680,M0269,527.26,upi,ios,IN-WB,492,389,1,3,156.6,0.1802,0,0,0,0,0,0
TXN0003681,M0272,105.82,card,api,IN-TN,1732,890,3,9,107.4,0.2361,1,0,0,0,0,0
TXN0003682,M0126,297.51,upi,web,IN-TN,307,156,3,14,53.8,0.2714,0,0,0,0,0,1
TXN0003683,M0322,72.25,wallet,web,IN-GJ,1395,25,1,5,72.6,0.262,0,0,0,0,0,0
TXN0003684,M0008,718.67,card,web,IN-WB,695,934,1,12,12.1,0.6135,0,0,0,0,0,0
TXN0003685,M0227,459.71,card,api,IN-UP,580,92,6,16,174.8,0.4384,2,0,0,0,0,0
TXN0003686,M0006,164.57,card,ios,IN-GJ,377,1145,2,10,76.4,0.3444,2,0,0,0,1,0
TXN0003687,M0331,341.82,netbanking,ios,IN-UP,1165,1491,1,7,33.2,0.2052,3,0,0,0,0,0
TXN0003688,M0110,824.55,upi,android,IN-DL,1243,765,2,8,45.7,0.4437,0,0,0,0,0,1
TXN0003689,M0283,66.1,upi,android,IN-GJ,878,1371,0,7,36.0,0.333,1,0,0,0,0,0
TXN0003690,M0094,62.62,wallet,ios,IN-DL,1706,864,3,6,155.5,0.1761,0,0,0,0,0,0
TXN0003691,M0227,261.62,card,android,IN-DL,1606,443,2,13,73.1,0.2641,1,0,0,0,0,0
TXN0003692,M0216,49.41,wallet,web,IN-DL,1419,485,6,11,23.9,0.2669,1,0,0,0,0,0
TXN0003693,M0392,38.12,upi,android,IN-DL,1008,1478,2,6,9.3,0.2141,3,0,0,0,0,0
TXN0003694,M0092,36.22,card,web,IN-DL,937,758,4,9,64.8,0.2268,3,1,0,0,0,0
TXN0003695,M0149,208.81,upi,api,IN-TN,1189,1218,6,9,12.2,0.1496,0,0,0,0,0,1
TXN0003696,M0327,23.51,card,web,IN-UP,1049,1319,8,14,18.2,0.3689,3,0,0,0,1,0
TXN0003697,M0365,120.25,card,web,IN-DL,269,777,2,6,63.2,0.1252,2,1,0,0,0,0
TXN0003698,M0286,5.83,card,android,IN-GJ,1178,1154,4,11,83.7,0.2964,3,0,0,0,1,1
TXN0003699,M0290,278.89,card,ios,IN-KA,450,637,5,12,20.0,0.551,1,0,0,0,0,1
TXN0003700,M0125,298.22,card,android,IN-DL,1331,163,1,9,91.7,0.282,1,0,0,0,1,0
TXN0003701,M0098,145.55,card,api,IN-DL,48,726,0,6,102.7,0.3588,1,0,0,0,0,0
TXN0003702,M0263,586.75,card,android,IN-TN,89,657,5,7,45.0,0.1252,2,0,0,0,0,0
TXN0003703,M0154,398.8,card,ios,IN-GJ,1059,234,4,6,165.8,0.1419,1,0,0,0,0,0
TXN0003704,M0091,81.58,upi,web,IN-MH,1413,872,3,12,146.4,0.4481,1,0,0,0,0,0
TXN0003705,M0134,74.85,upi,ios,IN-TN,1012,458,1,4,13.7,0.3324,2,1,0,0,0,0
TXN0003706,M0035,435.54,netbanking,android,IN-DL,306,201,1,6,22.6,0.3032,3,0,0,0,0,0
TXN0003707,M0249,357.0,upi,web,IN-WB,554,7,3,4,18.4,0.2513,0,0,0,0,0,0
TXN0003708,M0022,137.54,card,ios,IN-KA,799,335,4,12,165.4,0.1605,1,0,0,0,0,0
TXN0003709,M0245,30.98,card,web,IN-GJ,418,1382,3,8,83.0,0.3048,2,0,0,0,0,1
TXN0003710,M0257,455.88,netbanking,ios,IN-GJ,1732,448,1,3,93.4,0.4109,2,0,0,0,1,0
TXN0003711,M0120,192.43,upi,android,IN-MH,816,360,3,11,5.2,0.3602,0,0,0,0,0,0
TXN0003712,M0269,169.87,upi,web,IN-WB,1605,1441,2,9,80.1,0.234,0,0,0,0,1,0
TXN0003713,M0220,10.53,netbanking,android,IN-WB,187,1449,5,13,116.0,0.2101,1,0,0,0,0,1
TXN0003714,M0065,306.67,upi,ios,IN-KA,838,70,4,6,74.5,0.3075,2,0,0,0,0,1
TXN0003715,M0126,169.34,card,web,IN-TN,1535,378,4,6,124.9,0.3607,6,0,0,0,1,1
TXN0003716,M0080,104.88,card,android,IN-TN,505,1017,4,11,124.5,0.3245,4,0,0,0,0,1
TXN0003717,M0236,77.98,card,android,IN-GJ,1497,353,2,6,36.1,0.4388,0,1,0,0,0,0
TXN0003718,M0022,201.1,card,android,IN-WB,1362,340,5,9,38.5,0.1293,2,0,0,0,0,0
TXN0003719,M0112,287.41,upi,web,IN-TN,1073,1230,3,6,21.9,0.1912,0,0,0,0,0,0
TXN0003720,M0163,122.83,card,ios,IN-UP,80,1251,2,4,11.2,0.1226,0,1,0,0,0,0
TXN0003721,M0353,314.9,card,web,IN-TN,1622,406,1,6,55.3,0.14,1,0,0,0,1,0
TXN0003722,M0231,56.86,upi,android,IN-DL,859,748,4,8,27.3,0.3026,3,0,0,0,0,0
TXN0003723,M0111,93.75,upi,ios,IN-MH,1104,437,4,6,59.5,0.3616,2,0,0,0,1,0
TXN0003724,M0170,357.53,upi,android,IN-GJ,1239,1288,2,3,67.0,0.0576,0,0,0,0,1,0
TXN0003725,M0077,120.12,upi,ios,IN-DL,884,609,6,11,24.6,0.3711,0,0,0,0,1,0
TXN0003726,M0143,1002.01,card,api,IN-KA,287,983,3,10,36.9,0.2098,3,0,0,0,0,0
TXN0003727,M0282,237.44,netbanking,web,IN-DL,1080,932,3,7,42.4,0.6057,0,0,0,0,0,0
TXN0003728,M0104,55.98,upi,web,IN-MH,1079,1476,5,13,10.2,0.0638,0,0,0,0,0,0
TXN0003729,M0361,37.48,upi,android,IN-KA,154,522,2,7,12.6,0.313,2,0,0,0,0,0
TXN0003730,M0058,394.4,card,api,IN-WB,359,1039,2,9,30.8,0.2936,3,0,0,0,0,0
TXN0003731,M0279,98.08,card,android,IN-TN,392,524,3,7,55.2,0.4272,2,0,0,0,0,0
TXN0003732,M0167,450.21,card,web,IN-KA,652,524,1,7,28.9,0.3537,2,0,0,0,0,0
TXN0003733,M0367,104.87,card,web,IN-MH,1005,1451,1,9,94.3,0.645,2,0,0,0,0,0
TXN0003734,M0287,229.28,netbanking,web,IN-TN,1103,127,4,10,58.3,0.3078,2,0,0,0,0,1
TXN0003735,M0057,128.71,card,api,IN-MH,202,783,1,8,55.1,0.3238,4,0,0,0,1,0
TXN0003736,M0026,232.39,wallet,api,IN-GJ,1546,1090,0,8,132.2,0.3691,3,0,0,0,0,0
TXN0003737,M0247,373.27,upi,api,IN-MH,1457,410,4,5,78.6,0.0887,0,0,0,0,1,0
TXN0003738,M0011,183.48,card,ios,IN-TN,167,898,2,11,23.2,0.3202,2,0,0,0,0,0
TXN0003739,M0365,348.61,card,android,IN-DL,307,1299,1,1,32.6,0.2256,2,0,0,0,0,0
TXN0003740,M0365,32.93,upi,web,IN-DL,1512,334,0,8,131.7,0.239,1,0,0,0,0,0
TXN0003741,M0347,272.76,upi,api,IN-UP,753,824,3,5,47.6,0.419,1,0,0,0,1,0
TXN0003742,M0238,184.19,card,ios,IN-MH,798,213,0,7,28.2,0.1578,2,0,0,0,1,0
TXN0003743,M0381,138.5,wallet,api,IN-WB,872,214,1,7,42.9,0.3503,0,0,0,0,1,0
TXN0003744,M0071,16.48,upi,web,IN-UP,1784,839,1,8,48.2,0.4299,1,0,0,0,0,0
TXN0003745,M0291,33.93,upi,android,IN-TN,285,220,1,4,65.0,0.1013,0,1,0,0,0,0
TXN0003746,M0057,225.95,wallet,web,IN-DL,1694,717,2,6,42.6,0.3571,4,0,0,0,0,0
TXN0003747,M0027,256.33,card,api,IN-TN,436,837,1,5,111.6,0.0633,2,0,0,0,0,0
TXN0003748,M0164,271.05,card,web,IN-KA,1617,185,5,11,20.8,0.5342,1,0,0,0,0,1
TXN0003749,M0071,178.7,upi,web,IN-GJ,872,451,3,7,114.7,0.3994,1,0,0,0,0,0
TXN0003750,M0290,54.29,upi,android,IN-MH,1365,1388,1,5,74.7,0.3491,3,0,0,0,0,0
TXN0003751,M0022,64.39,upi,android,IN-DL,193,629,9,18,32.1,0.48,1,0,0,0,1,1
TXN0003752,M0017,21.84,card,android,IN-GJ,657,1093,0,3,77.9,0.1149,1,0,0,0,0,0
TXN0003753,M0150,203.89,card,android,IN-TN,337,1413,1,7,80.1,0.354,1,0,0,0,0,0
TXN0003754,M0145,1210.32,card,ios,IN-GJ,1033,286,2,8,50.9,0.1841,0,0,0,0,0,0
TXN0003755,M0001,164.2,card,ios,IN-KA,42,416,2,7,18.6,0.5084,1,0,0,0,0,0
TXN0003756,M0282,84.16,card,web,IN-GJ,686,1007,1,5,42.7,0.0417,1,0,0,0,0,0
TXN0003757,M0081,184.67,card,web,IN-MH,912,797,4,8,31.2,0.1871,1,0,0,0,1,0
TXN0003758,M0188,157.16,upi,android,IN-WB,860,292,4,10,45.0,0.2916,2,0,0,0,0,0
TXN0003759,M0387,31.71,upi,android,IN-KA,1480,697,1,13,135.3,0.3038,2,1,0,0,0,0
TXN0003760,M0074,232.09,upi,ios,IN-KA,1092,522,1,7,97.7,0.5341,2,0,0,0,0,1
TXN0003761,M0171,161.48,netbanking,ios,IN-DL,1459,461,1,9,23.4,0.1638,0,0,0,0,0,0
TXN0003762,M0398,151.77,wallet,web,IN-GJ,901,206,5,10,23.9,0.3851,3,0,0,0,1,0
TXN0003763,M0375,1314.55,card,web,IN-GJ,639,131,1,3,94.7,0.3152,0,0,0,0,1,1
TXN0003764,M0266,162.66,card,android,IN-UP,527,1043,2,8,157.6,0.2836,2,0,0,0,1,0
TXN0003765,M0323,1113.82,upi,android,IN-TN,1237,379,1,6,17.1,0.2821,0,0,0,0,0,0
TXN0003766,M0076,78.71,wallet,web,IN-KA,1659,73,0,10,67.8,0.5023,0,0,0,0,1,0
TXN0003767,M0369,39.76,card,api,IN-UP,1781,135,0,7,69.9,0.5089,2,1,0,0,0,0
TXN0003768,M0272,80.09,card,web,IN-WB,418,710,2,4,26.5,0.2037,1,0,0,0,0,0
TXN0003769,M0131,581.86,card,web,IN-DL,762,697,1,6,130.9,0.5672,2,0,0,0,1,0
TXN0003770,M0215,84.3,wallet,api,IN-UP,1118,643,6,12,43.4,0.5758,2,0,0,0,1,0
TXN0003771,M0377,43.24,card,web,IN-WB,1644,295,2,8,19.7,0.3614,2,0,0,0,0,0
TXN0003772,M0039,252.96,card,android,IN-DL,558,373,3,7,171.5,0.4505,2,0,0,0,1,0
TXN0003773,M0099,122.67,upi,api,IN-WB,1401,757,0,2,58.5,0.1949,3,0,0,0,0,0
TXN0003774,M0328,319.71,upi,web,IN-GJ,1513,781,4,14,10.7,0.4078,1,0,0,0,1,1
TXN0003775,M0087,91.96,upi,android,IN-TN,319,1247,0,2,89.6,0.3637,1,0,0,0,0,0
TXN0003776,M0210,71.5,upi,web,IN-MH,565,1342,0,2,83.2,0.1817,5,0,0,0,0,0
TXN0003777,M0325,946.09,netbanking,web,IN-WB,800,666,1,6,65.9,0.3082,1,0,0,0,0,0
TXN0003778,M0089,78.28,card,android,IN-DL,1528,273,2,12,52.5,0.263,1,0,0,0,0,0
TXN0003779,M0377,78.06,upi,web,IN-UP,1675,659,1,6,102.7,0.27,1,0,0,0,0,0
TXN0003780,M0266,285.61,card,android,IN-UP,300,1116,4,9,13.5,0.4783,2,1,0,0,1,1
TXN0003781,M0034,11.09,card,web,IN-TN,302,265,2,9,28.9,0.3362,2,0,0,0,0,0
TXN0003782,M0124,374.56,card,android,IN-GJ,692,232,2,7,17.9,0.3322,0,0,0,0,0,0
TXN0003783,M0045,1076.45,card,android,IN-DL,104,428,3,7,92.4,0.3153,1,0,0,0,0,0
TXN0003784,M0305,427.61,upi,ios,IN-WB,927,1043,3,8,80.1,0.283,2,0,0,0,0,0
TXN0003785,M0355,63.55,card,web,IN-DL,481,1167,3,10,49.9,0.3062,0,0,0,0,0,0
TXN0003786,M0140,87.33,card,ios,IN-UP,696,394,3,11,92.2,0.1648,1,0,0,0,0,0
TXN0003787,M0291,191.96,card,web,IN-GJ,9,393,2,6,15.4,0.5133,1,0,0,1,1,0
TXN0003788,M0127,259.33,wallet,android,IN-DL,417,261,2,8,108.8,0.2833,1,0,0,0,1,0
TXN0003789,M0351,904.09,card,api,IN-UP,229,60,3,12,52.3,0.2193,1,0,0,0,0,0
TXN0003790,M0030,864.25,wallet,android,IN-TN,403,973,5,9,88.0,0.1524,3,0,0,0,0,0
TXN0003791,M0399,145.14,card,ios,IN-UP,767,1459,3,8,100.8,0.0926,0,0,0,0,0,0
TXN0003792,M0196,105.81,card,web,IN-KA,423,834,5,11,143.3,0.2681,0,0,0,0,0,0
TXN0003793,M0378,82.38,upi,android,IN-TN,1376,1275,3,12,65.4,0.3887,2,0,0,0,0,0
TXN0003794,M0332,342.9,card,api,IN-UP,813,1280,1,6,62.5,0.0806,0,0,0,0,0,0
TXN0003795,M0301,529.99,upi,web,IN-DL,385,965,0,8,203.2,0.0394,1,0,0,0,0,0
TXN0003796,M0363,192.72,upi,web,IN-DL,1124,113,2,8,74.8,0.3665,1,0,0,0,0,0
TXN0003797,M0390,179.78,card,web,IN-UP,1529,612,3,10,37.6,0.3295,3,0,0,0,0,1
TXN0003798,M0352,1489.24,netbanking,android,IN-WB,897,334,4,14,131.1,0.5789,3,0,0,0,0,1
TXN0003799,M0090,355.3,upi,android,IN-KA,1778,1395,3,8,63.0,0.5609,1,0,0,0,1,0
TXN0003800,M0212,23.11,upi,web,IN-TN,641,57,2,3,12.2,0.241,3,0,0,0,1,0
TXN0003801,M0279,173.94,upi,android,IN-UP,836,1092,1,9,8.1,0.254,2,0,0,0,0,0
TXN0003802,M0076,220.18,card,web,IN-GJ,763,75,4,9,62.6,0.3677,3,0,0,0,0,0
TXN0003803,M0025,137.49,netbanking,ios,IN-DL,1785,78,1,3,39.9,0.1361,2,1,0,0,0,0
TXN0003804,M0342,635.69,netbanking,android,IN-DL,1298,1261,4,9,30.4,0.5018,4,0,0,0,1,0
TXN0003805,M0279,129.43,upi,api,IN-TN,1040,428,2,10,94.3,0.3837,0,0,0,0,0,1
TXN0003806,M0230,67.24,card,api,IN-KA,658,1294,1,4,302.1,0.1606,1,0,0,0,1,0
TXN0003807,M0183,88.48,upi,web,IN-TN,109,1469,5,11,27.8,0.5136,2,0,0,0,1,1
TXN0003808,M0187,353.35,upi,android,IN-MH,1623,250,5,13,167.4,0.2458,2,0,0,0,0,1
TXN0003809,M0312,46.44,card,web,IN-TN,199,555,2,5,63.6,0.2858,1,0,0,0,1,0
TXN0003810,M0232,109.95,card,web,IN-UP,1307,1181,1,8,131.3,0.1634,1,0,0,0,0,0
TXN0003811,M0320,419.96,upi,web,IN-WB,923,1208,1,4,92.5,0.1306,2,0,0,0,0,0
TXN0003812,M0073,46.18,card,android,IN-KA,1259,1476,1,4,44.6,0.1165,0,0,0,0,0,1
TXN0003813,M0011,63.8,upi,android,IN-MH,1659,1355,3,5,60.7,0.3304,1,0,0,0,1,0
TXN0003814,M0245,33.04,card,android,IN-MH,352,316,2,8,71.7,0.1713,0,0,0,0,0,0
TXN0003815,M0037,73.51,card,ios,IN-MH,178,1145,2,5,67.5,0.3687,1,0,0,0,1,0
TXN0003816,M0254,106.75,card,ios,IN-DL,667,285,2,9,28.6,0.3985,3,0,0,0,0,0
TXN0003817,M0157,141.98,upi,api,IN-MH,1029,30,2,11,7.5,0.4508,1,0,0,0,0,0
TXN0003818,M0017,71.97,card,android,IN-DL,121,1108,3,12,26.8,0.218,4,1,0,0,0,0
TXN0003819,M0352,122.82,upi,android,IN-WB,1459,71,3,14,57.3,0.3344,2,0,0,0,1,0
TXN0003820,M0313,479.45,card,ios,IN-KA,1090,410,4,12,229.9,0.4945,3,1,0,0,1,1
TXN0003821,M0375,251.36,card,android,IN-GJ,1769,1258,1,5,89.0,0.4538,1,1,0,0,1,0
TXN0003822,M0150,1521.37,upi,web,IN-KA,515,1220,1,11,17.4,0.3317,1,0,0,0,0,0
TXN0003823,M0355,91.83,upi,web,IN-UP,1634,537,1,7,43.9,0.2191,1,0,0,0,0,0
TXN0003824,M0173,114.87,card,web,IN-WB,691,744,6,13,45.9,0.4422,3,1,0,0,0,0
TXN0003825,M0258,210.0,netbanking,api,IN-KA,191,1095,5,9,100.2,0.1663,1,0,0,0,0,0
TXN0003826,M0301,107.61,upi,android,IN-UP,1510,1336,4,9,115.3,0.2272,1,1,0,0,0,0
TXN0003827,M0130,175.28,card,android,IN-KA,139,1181,1,7,138.8,0.168,0,0,0,0,0,0
TXN0003828,M0105,26.45,card,api,IN-TN,1282,968,5,11,35.7,0.1966,1,0,0,0,0,1
TXN0003829,M0260,124.25,card,web,IN-TN,370,1204,3,4,19.8,0.1577,2,0,0,0,0,0
TXN0003830,M0002,432.98,upi,android,IN-TN,1206,392,2,10,55.1,0.4508,6,1,0,0,0,1
TXN0003831,M0118,1207.89,upi,web,IN-TN,504,232,4,10,168.5,0.2365,3,0,0,0,0,0
TXN0003832,M0242,766.43,card,api,IN-TN,146,1228,0,2,9.0,0.2606,1,0,0,0,1,0
TXN0003833,M0110,204.15,card,web,IN-UP,1558,1432,1,5,81.7,0.1291,2,0,0,0,0,0
TXN0003834,M0109,291.24,card,api,IN-WB,634,1487,3,11,88.8,0.4635,4,0,0,0,1,0
TXN0003835,M0102,250.5,card,api,IN-UP,1161,205,3,11,78.7,0.2727,4,0,0,0,1,1
TXN0003836,M0352,103.41,netbanking,android,IN-MH,72,1159,1,8,161.6,0.5144,2,0,0,0,0,0
TXN0003837,M0351,68.98,card,api,IN-KA,1696,620,5,13,23.4,0.6662,3,0,0,0,1,0
TXN0003838,M0228,230.73,card,android,IN-WB,1117,798,3,9,36.4,0.1569,2,0,0,0,0,0
TXN0003839,M0012,161.23,card,web,IN-KA,754,692,4,12,64.5,0.2654,2,0,0,0,0,0
TXN0003840,M0362,416.65,wallet,ios,IN-UP,1620,165,1,4,46.6,0.33,0,0,0,0,0,0
TXN0003841,M0124,16.65,wallet,web,IN-KA,738,1485,2,5,46.8,0.1568,1,0,0,0,0,0
TXN0003842,M0204,151.32,card,android,IN-GJ,593,213,1,11,112.3,0.3155,2,0,0,0,1,0
TXN0003843,M0218,603.16,upi,api,IN-MH,504,227,6,12,52.6,0.1285,2,0,0,0,0,1
TXN0003844,M0221,320.33,card,ios,IN-TN,1175,802,0,6,111.5,0.2384,2,0,0,0,0,0
TXN0003845,M0311,67.35,netbanking,api,IN-UP,788,277,2,8,97.5,0.2224,0,1,0,0,1,0
TXN0003846,M0278,48.61,card,web,IN-KA,1024,274,3,9,30.0,0.4058,0,0,0,0,1,0
TXN0003847,M0157,171.88,upi,android,IN-WB,1423,67,1,7,162.6,0.2432,2,0,0,0,0,0
TXN0003848,M0148,394.71,upi,web,IN-MH,1180,1077,5,9,129.0,0.4597,4,0,0,0,0,1
TXN0003849,M0303,301.64,upi,android,IN-TN,1254,241,4,8,29.3,0.158,1,0,0,0,0,0
TXN0003850,M0388,202.03,upi,android,IN-KA,1098,1092,3,10,34.9,0.3116,2,0,0,0,0,0
TXN0003851,M0189,342.07,card,web,IN-KA,1421,1241,4,11,73.4,0.4023,5,0,0,0,0,1
TXN0003852,M0332,232.86,upi,web,IN-UP,1300,214,1,3,83.2,0.3434,1,0,0,0,0,0
TXN0003853,M0328,327.77,upi,web,IN-UP,1495,389,1,5,132.5,0.3141,0,0,0,0,0,0
TXN0003854,M0392,459.61,upi,ios,IN-TN,1138,1390,2,6,32.9,0.1038,1,0,0,0,0,1
TXN0003855,M0371,115.36,card,android,IN-MH,8,568,1,9,51.5,0.1863,0,0,0,1,0,0
TXN0003856,M0174,74.23,netbanking,ios,IN-WB,1636,24,0,2,67.6,0.248,1,0,0,0,0,0
TXN0003857,M0018,373.11,upi,api,IN-KA,427,643,0,2,60.2,0.4691,1,0,0,0,0,0
TXN0003858,M0202,108.01,upi,web,IN-WB,1295,479,2,4,101.4,0.3618,3,0,0,0,0,0
TXN0003859,M0147,25.7,card,android,IN-MH,1178,774,1,11,37.8,0.2665,8,0,0,0,0,0
TXN0003860,M0366,750.2,wallet,api,IN-WB,1189,33,3,11,34.6,0.4531,2,0,0,0,0,0
TXN0003861,M0200,232.06,card,android,IN-MH,803,805,3,9,63.3,0.2693,3,0,0,0,0,0
TXN0003862,M0070,221.93,netbanking,web,IN-WB,813,1227,2,4,149.5,0.2654,1,0,0,0,0,0
TXN0003863,M0203,149.61,wallet,web,IN-UP,212,918,3,8,168.2,0.0665,0,0,0,0,0,0
TXN0003864,M0377,415.78,wallet,web,IN-KA,442,1342,2,7,42.5,0.3842,0,0,0,0,0,0
TXN0003865,M0075,49.89,card,web,IN-UP,117,492,1,7,42.8,0.2238,2,0,0,0,0,0
TXN0003866,M0266,180.64,card,android,IN-KA,1633,380,4,10,111.0,0.2399,0,0,0,0,1,0
TXN0003867,M0148,238.71,card,api,IN-WB,1698,240,4,8,147.8,0.4419,2,0,0,0,0,0
TXN0003868,M0140,312.3,card,web,IN-WB,194,1331,2,7,41.3,0.1772,0,0,0,0,0,0
TXN0003869,M0277,32.6,card,ios,IN-MH,1527,1303,2,6,43.3,0.2522,2,0,0,0,0,0
TXN0003870,M0006,325.97,card,web,IN-DL,1224,647,2,6,38.9,0.2183,0,0,0,0,0,0
TXN0003871,M0362,118.43,card,web,IN-DL,574,1036,5,9,28.6,0.2195,2,0,0,0,0,0
TXN0003872,M0159,93.82,card,android,IN-GJ,284,1106,1,11,50.3,0.3258,3,0,0,0,1,0
TXN0003873,M0388,37.77,card,web,IN-UP,1151,11,2,10,41.2,0.4458,4,0,0,0,1,0
TXN0003874,M0359,1678.3,card,android,IN-WB,50,711,1,7,145.9,0.3274,0,0,0,0,0,0
TXN0003875,M0337,158.35,wallet,web,IN-WB,265,399,3,10,39.6,0.2033,1,0,0,0,0,0
TXN0003876,M0015,230.12,card,web,IN-DL,190,779,3,3,87.5,0.2759,1,0,0,0,0,0
TXN0003877,M0337,62.87,upi,android,IN-MH,243,913,3,9,16.6,0.4762,0,0,0,0,0,0
TXN0003878,M0265,39.0,card,android,IN-WB,13,798,2,10,34.0,0.4966,1,0,0,1,0,0
TXN0003879,M0103,406.5,card,web,IN-GJ,601,1194,0,2,78.8,0.1764,2,0,0,0,0,0
TXN0003880,M0364,46.66,card,android,IN-DL,1442,884,2,9,78.8,0.6538,5,0,0,0,0,0
TXN0003881,M0231,662.84,wallet,web,IN-WB,506,917,1,4,41.9,0.1952,1,0,0,0,0,0
TXN0003882,M0258,1089.51,card,web,IN-TN,446,1244,4,13,102.9,0.1642,4,0,0,0,0,0
TXN0003883,M0131,82.89,upi,ios,IN-TN,1762,1422,3,10,71.3,0.5061,6,0,0,0,0,0
TXN0003884,M0385,113.49,card,ios,IN-WB,867,782,4,7,75.8,0.5951,0,0,0,0,0,0
TXN0003885,M0181,14.15,upi,web,IN-UP,44,509,2,3,27.1,0.1938,0,0,0,0,0,0
TXN0003886,M0377,31.5,upi,android,IN-WB,1059,810,0,4,72.8,0.4191,1,0,0,0,1,0
TXN0003887,M0217,338.61,upi,ios,IN-MH,985,1286,3,8,51.8,0.0318,0,0,0,0,0,0
TXN0003888,M0163,631.1,upi,web,IN-TN,764,547,0,2,27.7,0.326,1,0,0,0,0,0
TXN0003889,M0256,82.37,card,android,IN-UP,1537,45,1,9,20.9,0.2487,0,0,0,0,1,0
TXN0003890,M0109,95.82,wallet,api,IN-TN,1227,1086,2,8,32.2,0.2921,1,0,0,0,0,0
TXN0003891,M0294,37.03,card,android,IN-MH,47,1022,5,12,228.7,0.3851,0,1,0,0,0,1
TXN0003892,M0369,58.13,upi,api,IN-TN,672,776,2,4,38.7,0.1551,1,0,0,0,0,0
TXN0003893,M0319,679.66,card,web,IN-MH,997,552,2,6,74.7,0.244,1,0,0,0,0,0
TXN0003894,M0352,245.43,card,android,IN-GJ,1191,878,5,7,35.8,0.2903,1,1,0,0,0,0
TXN0003895,M0251,29.9,upi,web,IN-DL,684,104,3,8,127.1,0.2364,1,0,0,0,0,0
TXN0003896,M0370,317.17,card,web,IN-DL,801,1021,1,3,45.5,0.5,1,0,0,0,1,0
TXN0003897,M0049,1927.81,netbanking,api,IN-DL,389,294,2,10,53.9,0.3549,1,0,0,0,0,0
TXN0003898,M0104,121.38,upi,android,IN-MH,1080,874,1,9,80.4,0.1715,0,0,0,0,0,0
TXN0003899,M0383,92.45,card,ios,IN-MH,424,939,3,8,20.8,0.1303,1,0,0,0,0,0
TXN0003900,M0014,322.0,card,api,IN-TN,880,1210,2,7,34.1,0.1828,0,0,0,0,0,0
TXN0003901,M0106,492.45,upi,android,IN-UP,1466,1376,1,4,42.4,0.382,0,0,0,0,0,0
TXN0003902,M0242,409.34,upi,android,IN-KA,1649,1410,0,5,7.2,0.1135,0,0,0,0,1,0
TXN0003903,M0231,131.09,upi,android,IN-TN,836,1325,5,12,55.5,0.318,2,0,0,0,0,0
TXN0003904,M0359,118.21,card,android,IN-TN,374,1187,2,10,42.4,0.3265,3,1,0,0,0,0
TXN0003905,M0162,32.09,upi,web,IN-UP,83,1064,3,8,109.2,0.2393,0,0,0,0,1,0
TXN0003906,M0188,52.62,card,android,IN-DL,1520,1427,2,4,39.2,0.269,1,0,0,0,0,0
TXN0003907,M0109,258.18,card,web,IN-GJ,736,414,0,4,3.9,0.5673,0,0,0,0,0,0
TXN0003908,M0177,105.47,card,ios,IN-MH,340,1332,3,8,67.3,0.2236,1,0,0,0,0,0
TXN0003909,M0273,230.3,card,android,IN-UP,1470,1065,1,3,29.5,0.1689,2,0,0,0,1,0
TXN0003910,M0277,141.79,upi,api,IN-WB,867,1294,2,8,105.3,0.1144,0,0,0,0,1,0
TXN0003911,M0067,191.47,netbanking,ios,IN-DL,1240,1175,4,11,12.4,0.451,2,0,0,0,0,0
TXN0003912,M0101,183.52,upi,android,IN-KA,115,28,1,9,191.2,0.3435,2,0,0,0,0,0
TXN0003913,M0377,379.58,card,api,IN-DL,1718,1107,0,5,80.2,0.2593,2,0,0,0,0,0
TXN0003914,M0152,420.59,netbanking,api,IN-MH,567,1261,0,9,74.2,0.4038,0,1,0,0,0,0
TXN0003915,M0346,176.94,card,web,IN-TN,1391,1184,2,5,41.9,0.3927,2,0,0,0,1,0
TXN0003916,M0234,146.74,netbanking,ios,IN-TN,535,295,1,8,50.2,0.1756,3,0,0,0,0,0
TXN0003917,M0152,173.66,upi,web,IN-GJ,308,663,2,9,100.5,0.3899,3,0,0,0,0,0
TXN0003918,M0255,82.18,netbanking,android,IN-TN,739,28,1,7,36.3,0.2125,1,0,0,0,0,0
TXN0003919,M0226,533.37,card,ios,IN-KA,121,172,5,10,101.8,0.2951,0,0,0,0,0,0
TXN0003920,M0267,102.6,upi,android,IN-UP,914,924,4,10,49.3,0.1583,1,0,0,0,0,0
TXN0003921,M0123,153.41,card,ios,IN-UP,833,219,2,9,18.4,0.195,2,0,0,0,0,0
TXN0003922,M0007,214.68,card,ios,IN-GJ,139,556,6,14,71.1,0.3718,1,0,0,0,0,0
TXN0003923,M0309,245.42,upi,android,IN-WB,801,1279,1,8,26.0,0.2076,1,0,0,0,0,0
TXN0003924,M0110,235.54,upi,android,IN-WB,1026,1116,0,1,43.7,0.1568,0,0,0,0,0,0
TXN0003925,M0006,157.01,netbanking,ios,IN-DL,986,910,1,9,4.1,0.16,2,0,0,0,0,1
TXN0003926,M0107,932.41,netbanking,web,IN-TN,130,37,3,8,29.2,0.1679,1,0,0,0,0,0
TXN0003927,M0158,194.07,netbanking,web,IN-TN,1209,585,1,9,11.0,0.3738,1,0,0,0,1,0
TXN0003928,M0041,140.01,upi,android,IN-MH,597,31,6,11,42.9,0.2551,1,0,0,0,1,0
TXN0003929,M0051,1086.28,upi,api,IN-WB,458,999,1,6,115.6,0.4914,2,0,0,0,0,1
TXN0003930,M0145,82.7,card,ios,IN-WB,1536,1131,3,9,143.4,0.56,4,0,0,0,1,0
TXN0003931,M0185,1083.35,upi,android,IN-DL,1778,289,1,6,30.6,0.2292,1,0,0,0,0,0
TXN0003932,M0260,24.47,upi,api,IN-DL,205,699,3,12,64.3,0.3274,2,0,0,0,0,0
TXN0003933,M0060,120.45,wallet,web,IN-GJ,891,231,6,7,27.1,0.424,0,0,0,0,1,0
TXN0003934,M0358,33.89,wallet,web,IN-WB,477,1051,2,6,42.5,0.1889,1,0,0,0,0,0
TXN0003935,M0332,46.1,card,ios,IN-MH,1287,873,2,9,67.6,0.1988,0,0,0,0,0,0
TXN0003936,M0158,283.1,upi,android,IN-DL,1093,1320,2,8,122.2,0.4295,2,0,0,0,1,0
TXN0003937,M0021,239.48,upi,android,IN-GJ,735,1450,4,6,44.7,0.183,2,0,0,0,0,0
TXN0003938,M0106,97.97,card,android,IN-WB,1344,1292,1,8,58.6,0.3747,3,1,0,0,0,0
TXN0003939,M0150,922.11,netbanking,android,IN-TN,1232,1211,1,6,62.6,0.2944,0,0,0,0,0,0
TXN0003940,M0360,559.65,upi,android,IN-DL,1669,1380,4,8,51.6,0.2101,0,0,0,0,0,0
TXN0003941,M0191,170.95,card,api,IN-TN,1770,558,3,8,20.8,0.2637,2,0,0,0,1,0
TXN0003942,M0065,29.5,card,web,IN-WB,745,802,3,6,29.1,0.2602,3,0,0,0,0,0
TXN0003943,M0258,469.57,upi,android,IN-GJ,277,112,1,7,125.7,0.1155,1,0,0,0,0,0
TXN0003944,M0331,111.08,card,ios,IN-GJ,1660,962,2,8,40.3,0.336,1,0,0,0,1,0
TXN0003945,M0099,241.09,wallet,android,IN-WB,785,378,3,8,43.3,0.1745,2,0,0,0,0,0
TXN0003946,M0058,399.68,upi,api,IN-WB,1599,1271,2,9,54.0,0.1103,1,1,0,0,0,0
TXN0003947,M0177,120.51,wallet,web,IN-WB,1254,1242,2,8,57.0,0.5981,1,0,0,0,1,0
TXN0003948,M0366,646.6,card,api,IN-TN,942,991,1,8,53.9,0.1463,3,1,0,0,0,0
TXN0003949,M0374,123.16,upi,android,IN-GJ,1542,498,2,13,24.4,0.24,1,0,0,0,0,0
TXN0003950,M0199,308.51,upi,android,IN-KA,1357,666,2,9,97.2,0.2323,3,0,0,0,0,0
TXN0003951,M0073,383.03,netbanking,android,IN-GJ,1147,199,3,9,137.5,0.2399,0,0,0,0,0,0
TXN0003952,M0022,448.21,netbanking,android,IN-WB,932,1161,3,8,63.7,0.188,1,0,0,0,1,0
TXN0003953,M0279,1029.85,card,ios,IN-DL,417,433,1,7,12.2,0.2221,0,0,0,0,0,0
TXN0003954,M0081,79.1,card,ios,IN-WB,381,1084,4,8,95.4,0.1602,1,0,0,0,0,0
TXN0003955,M0267,57.98,netbanking,ios,IN-TN,1161,547,2,7,78.4,0.4647,2,1,0,0,0,1
TXN0003956,M0366,130.52,card,api,IN-UP,693,992,1,7,16.9,0.1429,0,0,0,0,0,0
TXN0003957,M0142,3776.63,upi,api,IN-WB,1121,205,1,5,74.3,0.3696,0,0,0,0,0,1
TXN0003958,M0055,694.74,card,android,IN-MH,1290,1485,4,9,64.9,0.211,0,1,0,0,0,0
TXN0003959,M0203,103.84,upi,ios,IN-UP,79,391,1,9,20.2,0.2668,2,0,0,0,1,0
TXN0003960,M0053,127.14,card,ios,IN-KA,156,778,0,3,177.3,0.3159,0,1,0,0,1,0
TXN0003961,M0393,177.3,upi,ios,IN-GJ,1092,765,2,7,70.4,0.5094,3,0,0,0,0,0
TXN0003962,M0389,236.5,card,android,IN-DL,1757,212,2,6,34.2,0.0787,2,0,0,0,1,0
TXN0003963,M0369,341.77,upi,web,IN-DL,959,762,4,19,147.8,0.6661,5,0,0,0,0,0
TXN0003964,M0381,356.33,upi,android,IN-KA,1214,1358,1,9,83.9,0.2738,1,0,0,0,0,0
TXN0003965,M0067,595.65,upi,api,IN-MH,521,961,1,8,31.5,0.2418,1,0,0,0,1,0
TXN0003966,M0106,1333.85,upi,web,IN-UP,389,676,2,7,81.3,0.1406,1,0,0,0,0,0
TXN0003967,M0224,157.5,upi,api,IN-KA,430,1090,1,3,33.2,0.3298,1,0,0,0,0,0
TXN0003968,M0053,145.36,card,ios,IN-KA,1693,174,4,6,34.2,0.4521,3,0,0,0,0,0
TXN0003969,M0150,125.05,card,web,IN-UP,1382,1060,3,8,63.1,0.5012,1,0,0,0,0,0
TXN0003970,M0175,136.47,card,api,IN-UP,641,375,4,10,76.9,0.2627,1,0,0,0,0,0
TXN0003971,M0038,260.31,card,api,IN-MH,117,243,0,6,50.4,0.1926,1,0,0,0,0,0
TXN0003972,M0323,339.86,card,web,IN-UP,1546,62,3,12,69.4,0.3389,2,0,0,0,0,0
TXN0003973,M0041,1011.45,card,android,IN-WB,512,676,5,18,58.7,0.2139,0,0,0,0,0,0
TXN0003974,M0188,88.59,card,web,IN-TN,429,1065,1,6,38.3,0.4121,4,0,0,0,0,0
TXN0003975,M0177,257.64,upi,android,IN-MH,1262,1389,3,5,54.4,0.2535,2,0,0,0,0,0
TXN0003976,M0160,77.66,netbanking,android,IN-MH,222,1201,0,5,124.5,0.3461,2,0,0,0,0,0
TXN0003977,M0386,269.84,card,ios,IN-MH,377,11,4,9,90.6,0.331,0,0,0,0,0,0
TXN0003978,M0059,2605.94,upi,android,IN-UP,901,1089,5,12,63.1,0.2803,2,1,0,0,0,1
TXN0003979,M0174,156.99,netbanking,ios,IN-WB,212,573,1,7,153.5,0.3405,0,0,0,0,0,0
TXN0003980,M0088,2091.08,card,web,IN-MH,1644,1367,1,5,68.3,0.5077,1,0,0,0,1,0
TXN0003981,M0379,77.95,netbanking,api,IN-MH,1769,1480,1,3,109.6,0.2778,0,0,0,0,0,0
TXN0003982,M0382,113.6,card,android,IN-TN,1496,192,1,9,37.5,0.357,3,0,0,0,1,0
TXN0003983,M0050,127.78,wallet,api,IN-WB,1018,628,3,12,99.3,0.4844,6,0,0,0,0,0
TXN0003984,M0080,214.39,card,web,IN-MH,981,952,4,7,110.5,0.0737,0,0,0,0,0,0
TXN0003985,M0227,154.29,upi,android,IN-DL,484,781,2,8,8.1,0.2363,2,0,0,0,1,0
TXN0003986,M0241,386.42,card,ios,IN-WB,269,1104,1,9,31.0,0.2051,0,0,0,0,0,0
TXN0003987,M0309,11.53,upi,ios,IN-WB,277,227,3,7,46.8,0.4943,0,0,0,0,0,0
TXN0003988,M0080,67.57,upi,web,IN-WB,270,776,6,13,146.3,0.4485,5,0,0,0,0,0
TXN0003989,M0275,1196.83,upi,web,IN-UP,13,966,2,6,44.9,0.3647,3,0,0,1,1,0
TXN0003990,M0062,44.05,upi,web,IN-MH,1337,1054,4,5,113.1,0.3721,0,0,0,0,1,0
TXN0003991,M0297,126.01,upi,android,IN-TN,1349,1242,2,9,41.1,0.1612,0,0,0,0,1,0
TXN0003992,M0004,332.11,wallet,web,IN-GJ,1312,422,1,11,196.5,0.2852,0,0,0,0,0,0
TXN0003993,M0238,172.0,upi,ios,IN-GJ,644,494,1,5,14.5,0.4291,0,0,0,0,1,0
TXN0003994,M0163,76.95,upi,api,IN-GJ,184,1385,0,4,173.0,0.312,0,0,0,0,0,0
TXN0003995,M0006,280.92,netbanking,web,IN-GJ,351,959,2,6,187.4,0.2114,0,0,0,0,0,0
TXN0003996,M0088,415.22,upi,api,IN-DL,1476,13,3,10,62.6,0.3747,1,0,0,0,0,0
TXN0003997,M0003,99.09,card,android,IN-KA,1626,483,2,6,96.8,0.2977,1,0,0,0,0,0
TXN0003998,M0018,270.52,upi,api,IN-TN,104,38,4,11,147.4,0.6717,3,0,0,0,0,0
TXN0003999,M0270,425.7,netbanking,android,IN-KA,1253,1435,1,3,111.3,0.1744,0,0,0,0,0,0
TXN0004000,M0105,530.29,card,api,IN-GJ,1613,1190,1,5,40.0,0.1748,0,0,0,0,0,0
TXN0004001,M0216,260.61,netbanking,api,IN-GJ,1458,1476,3,9,53.9,0.3255,1,0,0,0,0,0
TXN0004002,M0291,994.69,upi,web,IN-GJ,447,693,3,14,29.5,0.2792,0,0,0,0,1,0
TXN0004003,M0006,188.72,wallet,api,IN-TN,1180,248,1,5,153.7,0.1863,1,0,0,0,0,0
TXN0004004,M0318,67.35,netbanking,ios,IN-UP,1474,1358,3,4,56.9,0.1103,0,0,0,0,1,0
TXN0004005,M0393,144.67,card,ios,IN-TN,1650,1057,1,3,31.6,0.3355,1,0,0,0,0,0
TXN0004006,M0153,604.87,card,web,IN-UP,1225,290,2,10,31.4,0.2516,4,1,0,0,0,1
TXN0004007,M0109,73.66,netbanking,ios,IN-WB,620,772,5,9,29.9,0.1042,0,0,0,0,0,0
TXN0004008,M0269,19.13,card,api,IN-DL,1204,749,2,8,116.6,0.2074,1,0,0,0,1,0
TXN0004009,M0214,285.06,netbanking,android,IN-WB,282,375,4,9,28.8,0.2448,0,1,0,0,0,0
TXN0004010,M0218,115.48,upi,android,IN-GJ,160,601,6,13,136.8,0.6444,1,0,0,0,0,0
TXN0004011,M0062,1704.58,upi,android,IN-TN,12,503,2,9,134.8,0.2728,1,0,0,1,0,1
TXN0004012,M0110,234.97,card,android,IN-GJ,989,134,4,10,182.0,0.2131,0,0,0,0,0,0
TXN0004013,M0242,620.25,upi,api,IN-TN,61,423,0,11,30.3,0.3148,1,0,0,0,0,0
TXN0004014,M0235,110.22,upi,android,IN-TN,244,576,0,10,48.2,0.2466,1,0,0,0,1,0
TXN0004015,M0128,325.99,card,web,IN-GJ,1537,675,0,6,72.2,0.245,1,0,0,0,0,0
TXN0004016,M0160,260.99,upi,android,IN-GJ,737,774,1,3,7.1,0.1597,1,0,0,0,0,0
TXN0004017,M0366,715.09,upi,api,IN-MH,1107,817,4,8,87.6,0.2463,0,0,0,0,0,0
TXN0004018,M0015,217.96,netbanking,ios,IN-WB,793,784,4,10,50.3,0.2544,0,0,0,0,0,0
TXN0004019,M0305,106.62,upi,web,IN-TN,82,1048,2,5,97.5,0.1843,0,0,0,0,0,0
TXN0004020,M0076,508.56,upi,web,IN-TN,1068,262,2,11,50.3,0.3515,2,0,0,0,0,1
TXN0004021,M0327,88.12,upi,web,IN-DL,193,565,2,5,25.4,0.216,1,0,0,0,1,0
TXN0004022,M0130,79.49,netbanking,api,IN-TN,1209,520,3,10,28.4,0.1966,0,0,0,0,0,0
TXN0004023,M0323,172.24,netbanking,android,IN-KA,1254,871,1,7,45.8,0.397,3,0,0,0,0,0
TXN0004024,M0228,129.91,upi,android,IN-TN,1286,198,3,8,105.4,0.3559,2,1,0,0,0,0
TXN0004025,M0272,183.04,netbanking,web,IN-MH,693,1408,3,5,71.8,0.4247,5,0,0,0,0,0
TXN0004026,M0049,92.3,card,android,IN-MH,861,171,5,16,47.0,0.447,3,1,0,0,0,0
TXN0004027,M0315,551.66,card,web,IN-UP,1394,1004,4,11,54.0,0.4901,5,0,0,0,1,0
TXN0004028,M0102,543.74,wallet,api,IN-GJ,791,1016,3,11,15.5,0.5564,3,0,0,0,0,0
TXN0004029,M0233,413.06,card,android,IN-KA,1685,1429,5,8,71.2,0.4402,1,0,0,0,1,0
TXN0004030,M0168,374.21,card,android,IN-MH,1170,976,3,10,40.9,0.3298,2,0,0,0,0,0
TXN0004031,M0246,28.36,card,ios,IN-WB,1361,1344,4,14,33.2,0.5067,1,0,0,0,0,0
TXN0004032,M0153,202.2,card,web,IN-MH,1198,460,0,6,99.3,0.5752,1,0,0,0,0,0
TXN0004033,M0307,424.44,upi,ios,IN-KA,327,1474,2,7,133.2,0.2574,0,0,0,0,0,0
TXN0004034,M0145,687.9,upi,api,IN-UP,836,451,2,6,83.6,0.2751,0,0,0,0,0,0
TXN0004035,M0325,146.8,card,android,IN-MH,1169,35,4,9,115.1,0.2654,2,0,0,0,1,0
TXN0004036,M0293,662.8,card,api,IN-WB,931,1098,0,2,46.9,0.3308,0,0,0,0,0,0
TXN0004037,M0260,244.77,wallet,web,IN-MH,1072,241,6,11,63.7,0.1237,1,0,0,0,1,0
TXN0004038,M0090,13.6,upi,web,IN-KA,1632,58,3,9,47.7,0.2294,1,0,0,0,1,0
TXN0004039,M0365,163.0,upi,web,IN-KA,1526,1109,3,8,22.8,0.2284,1,0,0,0,0,0
TXN0004040,M0325,77.7,card,api,IN-TN,386,572,4,14,47.4,0.2792,4,0,0,0,0,0
TXN0004041,M0251,97.6,upi,android,IN-GJ,361,493,2,8,22.5,0.3311,1,0,0,0,0,0
TXN0004042,M0276,515.43,upi,ios,IN-WB,262,479,3,8,85.3,0.2921,0,0,0,0,0,0
TXN0004043,M0072,242.36,upi,ios,IN-KA,1294,951,0,5,14.6,0.1436,0,0,0,0,0,0
TXN0004044,M0250,107.18,card,web,IN-GJ,891,1147,6,8,266.4,0.5897,1,0,0,0,0,0
TXN0004045,M0030,91.5,card,api,IN-GJ,1080,1115,4,11,60.6,0.3233,1,0,0,0,0,0
TXN0004046,M0263,278.94,upi,web,IN-WB,1561,1159,3,7,21.1,0.2501,2,0,0,0,0,0
TXN0004047,M0057,149.69,upi,ios,IN-DL,860,331,1,7,72.9,0.1319,2,0,0,0,0,0
TXN0004048,M0083,361.24,upi,web,IN-WB,1134,480,1,7,22.3,0.2095,0,1,0,0,0,0
TXN0004049,M0335,78.78,upi,android,IN-WB,524,378,0,6,78.1,0.153,1,0,0,0,1,0
TXN0004050,M0328,123.02,upi,ios,IN-KA,1493,1286,1,6,7.5,0.3688,0,1,0,0,0,0
TXN0004051,M0386,58.76,upi,ios,IN-GJ,47,1015,0,8,151.8,0.2885,0,0,0,0,1,0
TXN0004052,M0265,103.49,card,web,IN-GJ,1039,208,2,7,43.8,0.2737,1,0,0,0,0,0
TXN0004053,M0216,1588.8,netbanking,api,IN-GJ,1450,756,3,7,72.6,0.2503,4,0,0,0,0,0
TXN0004054,M0282,86.19,card,web,IN-KA,1288,1255,0,5,102.7,0.1565,0,0,0,0,0,0
TXN0004055,M0116,112.11,upi,web,IN-KA,194,1020,1,11,69.1,0.5406,5,0,0,0,0,0
TXN0004056,M0328,78.96,netbanking,android,IN-TN,1535,408,1,5,42.2,0.2941,0,0,0,0,0,0
TXN0004057,M0137,149.86,card,web,IN-DL,679,524,1,7,135.1,0.3403,1,0,0,0,1,0
TXN0004058,M0263,167.43,wallet,android,IN-GJ,936,163,6,16,99.8,0.3152,3,0,0,0,0,0
TXN0004059,M0092,608.67,upi,ios,IN-UP,893,1492,6,15,13.9,0.4903,4,0,0,0,1,0
TXN0004060,M0152,119.97,card,ios,IN-WB,621,672,1,8,59.5,0.2794,1,0,0,0,0,0
TXN0004061,M0157,201.78,upi,web,IN-TN,594,118,3,13,8.5,0.3131,1,0,0,0,0,0
TXN0004062,M0105,27.63,upi,web,IN-DL,1645,1365,2,7,2.1,0.156,1,0,0,0,0,0
TXN0004063,M0337,75.81,upi,ios,IN-WB,1192,533,5,12,33.4,0.1861,1,0,0,0,0,0
TXN0004064,M0132,533.09,wallet,web,IN-UP,1786,144,2,7,56.9,0.328,2,0,0,0,0,0
TXN0004065,M0381,76.49,netbanking,web,IN-UP,591,756,4,11,71.1,0.4731,1,0,0,0,0,0
TXN0004066,M0294,387.83,card,ios,IN-TN,536,231,3,11,37.4,0.2973,2,0,0,0,0,0
TXN0004067,M0061,71.33,upi,android,IN-GJ,929,1467,6,8,208.3,0.2612,2,0,0,0,0,0
TXN0004068,M0366,151.41,upi,web,IN-KA,1098,1036,2,6,76.0,0.3343,1,0,0,0,1,0
TXN0004069,M0186,1000.09,netbanking,ios,IN-KA,172,81,3,10,44.8,0.2418,0,0,0,0,0,0
TXN0004070,M0288,379.18,card,api,IN-WB,651,612,3,18,110.3,0.29,4,0,0,0,0,0
TXN0004071,M0043,25.55,wallet,api,IN-DL,782,718,3,8,140.1,0.2008,2,0,0,0,1,0
TXN0004072,M0253,4511.21,wallet,api,IN-WB,154,616,2,8,54.6,0.1544,0,0,0,0,0,0
TXN0004073,M0274,63.71,upi,android,IN-UP,1049,1104,2,9,131.3,0.408,5,0,0,0,0,0
TXN0004074,M0400,1163.56,upi,ios,IN-MH,218,562,1,9,111.6,0.16,0,0,0,0,0,0
TXN0004075,M0279,115.21,wallet,web,IN-WB,1551,37,1,4,15.4,0.3284,1,0,0,0,0,0
TXN0004076,M0227,52.68,netbanking,web,IN-TN,933,429,3,6,39.4,0.1761,0,1,0,0,0,0
TXN0004077,M0058,114.64,upi,android,IN-DL,327,717,0,1,25.3,0.1131,0,0,0,0,0,0
TXN0004078,M0147,93.66,card,ios,IN-UP,941,1284,4,8,73.6,0.2375,2,0,0,0,0,0
TXN0004079,M0123,104.04,card,ios,IN-WB,610,691,2,7,64.3,0.1724,2,0,0,0,0,0
TXN0004080,M0377,191.08,wallet,android,IN-UP,792,2,5,9,14.0,0.3598,5,0,1,0,1,1
TXN0004081,M0035,290.32,wallet,android,IN-WB,467,1191,3,6,75.7,0.3259,2,0,0,0,0,0
TXN0004082,M0247,744.99,card,web,IN-TN,764,810,1,5,51.4,0.2572,1,0,0,0,1,0
TXN0004083,M0383,223.04,wallet,ios,IN-UP,275,1481,1,11,184.4,0.2029,0,0,0,0,1,0
TXN0004084,M0036,194.5,wallet,api,IN-DL,524,1171,4,9,49.4,0.4502,0,0,0,0,0,0
TXN0004085,M0359,87.39,upi,android,IN-KA,694,441,2,5,28.5,0.6796,0,0,0,0,0,0
TXN0004086,M0026,136.0,netbanking,web,IN-KA,1403,226,1,5,71.0,0.1321,0,0,0,0,1,0
TXN0004087,M0162,108.73,upi,android,IN-MH,1635,39,1,6,17.2,0.1783,1,0,0,0,0,0
TXN0004088,M0192,45.59,card,web,IN-WB,1575,1238,0,8,15.0,0.1981,0,0,0,0,0,0
TXN0004089,M0064,2307.35,netbanking,android,IN-UP,671,40,3,8,30.5,0.4404,1,0,0,0,0,0
TXN0004090,M0260,229.37,netbanking,android,IN-UP,666,517,0,3,68.6,0.352,0,0,0,0,0,0
TXN0004091,M0115,232.29,card,ios,IN-KA,490,1396,5,8,170.4,0.4533,2,0,0,0,0,0
TXN0004092,M0233,608.28,card,web,IN-GJ,921,1336,3,10,47.7,0.5374,1,0,0,0,0,0
TXN0004093,M0385,13.62,upi,android,IN-KA,1724,515,2,10,35.1,0.1184,3,0,0,0,0,0
TXN0004094,M0279,1688.65,upi,web,IN-GJ,444,557,4,8,146.5,0.356,2,0,0,0,0,0
TXN0004095,M0346,76.25,card,web,IN-MH,1288,241,4,10,83.9,0.3677,3,0,0,0,0,0
TXN0004096,M0300,74.41,card,web,IN-UP,456,297,3,9,50.0,0.3307,0,0,0,0,0,0
TXN0004097,M0160,104.59,upi,android,IN-WB,666,1111,2,10,117.7,0.386,0,0,0,0,0,0
TXN0004098,M0383,481.68,upi,android,IN-MH,942,179,0,7,36.0,0.2129,1,1,0,0,1,0
TXN0004099,M0351,1536.58,card,ios,IN-UP,1349,1121,4,10,201.8,0.2013,1,0,0,0,1,0
TXN0004100,M0333,927.51,upi,android,IN-WB,1513,772,7,17,134.4,0.3654,1,0,0,0,0,0
TXN0004101,M0230,111.17,upi,api,IN-MH,1149,229,4,8,56.7,0.3984,1,0,0,0,0,1
TXN0004102,M0088,29.81,netbanking,ios,IN-GJ,1090,146,3,4,61.7,0.1901,3,0,0,0,0,0
TXN0004103,M0136,118.94,upi,android,IN-UP,1538,20,4,11,79.5,0.4451,2,1,0,0,0,1
TXN0004104,M0082,94.96,card,web,IN-DL,1124,256,3,7,64.7,0.123,1,0,0,0,0,0
TXN0004105,M0142,34.75,wallet,android,IN-WB,200,1152,0,4,227.5,0.3771,1,0,0,0,0,0
TXN0004106,M0124,322.41,card,android,IN-UP,94,1022,4,8,109.4,0.1464,1,1,0,0,0,0
TXN0004107,M0104,180.8,upi,web,IN-DL,972,459,2,6,58.3,0.1315,0,0,0,0,0,0
TXN0004108,M0153,296.94,upi,web,IN-WB,18,499,3,4,93.3,0.2217,0,0,0,0,0,0
TXN0004109,M0319,374.14,upi,ios,IN-UP,1264,20,3,6,7.4,0.353,5,0,0,0,0,0
TXN0004110,M0329,356.98,upi,android,IN-KA,1400,359,2,6,35.4,0.2692,0,0,0,0,0,0
TXN0004111,M0010,168.78,upi,web,IN-MH,1795,858,3,9,42.2,0.2223,0,0,0,0,0,0
TXN0004112,M0091,927.89,card,ios,IN-DL,41,844,1,10,27.5,0.3559,0,0,0,0,0,0
TXN0004113,M0356,110.27,upi,api,IN-DL,1083,312,0,2,28.1,0.1124,0,0,0,0,0,0
TXN0004114,M0379,95.05,upi,api,IN-WB,1682,857,3,7,80.4,0.1845,2,0,0,0,0,0
TXN0004115,M0396,142.76,card,ios,IN-UP,254,82,2,17,61.6,0.2826,2,0,0,0,0,0
TXN0004116,M0001,308.26,upi,android,IN-WB,1396,22,2,10,68.1,0.515,3,0,0,0,0,0
TXN0004117,M0141,356.11,upi,ios,IN-KA,1748,956,2,8,94.0,0.1798,1,0,0,0,0,0
TXN0004118,M0153,128.08,wallet,ios,IN-KA,126,1279,3,12,19.2,0.2538,1,0,0,0,0,0
TXN0004119,M0370,130.78,upi,web,IN-KA,826,140,1,5,130.4,0.2956,4,0,0,0,0,0
TXN0004120,M0306,663.62,card,api,IN-DL,130,1171,2,10,91.6,0.2852,0,0,0,0,0,0
TXN0004121,M0044,48.68,upi,web,IN-MH,879,27,3,11,28.6,0.3508,1,0,0,0,0,0
TXN0004122,M0388,2807.44,card,android,IN-DL,1538,545,1,10,38.0,0.3097,1,0,0,0,0,0
TXN0004123,M0191,133.26,netbanking,web,IN-MH,456,304,3,7,139.6,0.0998,1,0,0,0,0,0
TXN0004124,M0211,146.72,card,ios,IN-UP,1427,1125,5,9,76.3,0.1027,1,0,0,0,0,0
TXN0004125,M0371,260.53,card,api,IN-KA,1464,990,0,5,41.2,0.1542,0,0,0,0,0,0
TXN0004126,M0263,306.42,card,web,IN-KA,23,332,2,6,36.0,0.4415,2,0,0,0,0,0
TXN0004127,M0206,93.51,netbanking,android,IN-KA,953,184,4,10,33.7,0.4103,1,0,0,0,0,1
TXN0004128,M0038,252.48,wallet,android,IN-KA,452,583,3,7,46.5,0.1944,1,0,0,0,0,0
TXN0004129,M0043,70.76,wallet,android,IN-WB,1753,1215,2,4,191.7,0.1613,2,0,0,0,0,0
TXN0004130,M0110,98.9,card,ios,IN-GJ,1253,1236,0,5,35.3,0.3484,2,0,0,0,0,0
TXN0004131,M0304,36.17,card,android,IN-TN,934,1289,1,10,139.8,0.3488,1,1,0,0,0,1
TXN0004132,M0015,207.2,card,api,IN-MH,1171,930,2,8,25.2,0.2814,3,0,0,0,0,0
TXN0004133,M0328,150.91,netbanking,android,IN-UP,325,479,7,10,57.9,0.3501,2,0,0,0,0,0
TXN0004134,M0287,24.03,upi,web,IN-KA,908,753,0,5,93.1,0.2457,0,1,0,0,0,0
TXN0004135,M0400,91.1,card,web,IN-UP,1386,1442,3,7,52.0,0.2215,1,0,0,0,0,0
TXN0004136,M0194,174.9,upi,web,IN-GJ,1700,443,2,6,103.6,0.2558,0,0,0,0,0,0
TXN0004137,M0288,425.08,netbanking,api,IN-WB,266,382,0,6,63.9,0.2347,1,0,0,0,1,0
TXN0004138,M0304,49.95,upi,web,IN-TN,1629,431,1,9,64.4,0.3638,0,0,0,0,0,0
TXN0004139,M0190,133.22,card,android,IN-GJ,510,508,3,9,30.1,0.2428,0,0,0,0,0,0
TXN0004140,M0118,59.91,upi,android,IN-UP,1556,302,2,8,30.7,0.4421,1,0,0,0,0,0
TXN0004141,M0153,371.71,upi,android,IN-MH,1691,1446,3,9,18.5,0.3489,1,0,0,0,0,0
TXN0004142,M0097,92.27,upi,web,IN-KA,1431,1419,3,8,84.8,0.3099,2,0,0,0,0,0
TXN0004143,M0399,302.4,wallet,web,IN-UP,1757,1149,3,6,21.4,0.1715,1,0,0,0,0,0
TXN0004144,M0357,125.79,card,web,IN-MH,1000,1324,3,6,33.0,0.2377,1,0,0,0,0,0
TXN0004145,M0045,32.76,card,web,IN-WB,1398,723,2,12,130.0,0.5546,2,0,0,0,0,0
TXN0004146,M0132,167.84,card,web,IN-DL,1634,249,4,8,93.2,0.4259,0,0,0,0,0,0
TXN0004147,M0251,55.07,card,web,IN-TN,373,324,4,9,68.8,0.7116,0,0,0,0,1,0
TXN0004148,M0207,551.34,netbanking,web,IN-GJ,1283,1170,1,6,38.6,0.1967,1,0,0,0,0,0
TXN0004149,M0272,1108.95,upi,api,IN-UP,1335,1122,4,7,55.4,0.3752,1,0,0,0,0,0
TXN0004150,M0271,340.58,wallet,web,IN-WB,886,423,2,8,58.5,0.2822,0,0,0,0,0,0
TXN0004151,M0280,94.85,upi,web,IN-MH,1069,210,2,10,36.4,0.2747,0,0,0,0,1,0
TXN0004152,M0203,184.06,card,api,IN-GJ,1179,943,0,3,61.1,0.2418,3,0,0,0,0,0
TXN0004153,M0314,240.58,upi,web,IN-UP,804,298,2,10,62.0,0.3002,2,1,0,0,0,1
TXN0004154,M0293,532.5,upi,android,IN-GJ,1072,432,3,4,94.6,0.189,0,0,0,0,0,1
TXN0004155,M0146,149.1,wallet,android,IN-KA,803,804,4,11,26.2,0.2274,1,0,0,0,0,1
TXN0004156,M0325,270.73,upi,ios,IN-TN,847,233,4,11,70.5,0.2281,4,0,0,0,0,1
TXN0004157,M0335,33.58,netbanking,web,IN-TN,816,1389,5,10,120.1,0.3645,4,0,0,0,0,0
TXN0004158,M0400,229.23,upi,android,IN-WB,834,370,3,4,23.0,0.5535,1,0,0,0,0,0
TXN0004159,M0269,76.14,card,android,IN-UP,580,1033,1,15,44.4,0.2123,2,0,0,0,0,0
TXN0004160,M0099,187.88,upi,android,IN-KA,193,1244,4,8,42.0,0.3414,1,0,0,0,1,0
TXN0004161,M0203,63.74,upi,web,IN-GJ,968,906,3,6,42.0,0.3877,4,1,0,0,1,1
TXN0004162,M0160,271.62,upi,api,IN-DL,762,151,4,14,104.6,0.4539,3,0,0,0,0,0
TXN0004163,M0142,340.69,upi,web,IN-TN,66,158,1,8,54.5,0.2467,1,0,0,0,0,0
TXN0004164,M0328,142.59,netbanking,web,IN-MH,952,271,2,7,33.8,0.2076,0,0,0,0,0,0
TXN0004165,M0241,75.71,wallet,web,IN-KA,1527,1316,5,9,74.2,0.339,3,0,0,0,0,0
TXN0004166,M0348,319.53,card,ios,IN-WB,461,1334,2,11,20.7,0.2875,2,1,0,0,0,0
TXN0004167,M0333,854.25,netbanking,web,IN-UP,1614,376,3,8,197.1,0.4769,0,0,0,0,0,1
TXN0004168,M0078,1229.78,wallet,ios,IN-DL,973,749,4,11,129.6,0.4472,1,0,0,0,1,0
TXN0004169,M0282,267.43,card,web,IN-TN,704,979,1,7,72.2,0.2212,2,0,0,0,0,0
TXN0004170,M0090,237.74,upi,web,IN-MH,1568,909,1,4,40.5,0.1381,0,0,0,0,0,0
TXN0004171,M0110,48.31,netbanking,ios,IN-KA,1707,894,3,8,40.1,0.1878,0,0,0,0,0,0
TXN0004172,M0292,669.7,upi,ios,IN-KA,1663,819,1,8,72.5,0.4099,0,0,0,0,0,0
TXN0004173,M0399,17.64,card,web,IN-GJ,1397,1414,2,12,118.3,0.5472,0,0,0,0,0,0
TXN0004174,M0281,592.64,netbanking,android,IN-WB,1128,115,4,12,23.8,0.4944,1,0,0,0,0,0
TXN0004175,M0074,184.86,upi,web,IN-WB,1526,341,4,10,52.7,0.4276,2,0,0,0,0,1
TXN0004176,M0055,15.82,card,web,IN-TN,1544,415,0,7,4.6,0.1255,1,0,0,0,0,0
TXN0004177,M0110,252.04,upi,web,IN-TN,1604,1174,2,12,118.4,0.5072,3,0,0,0,1,0
TXN0004178,M0186,153.93,card,android,IN-GJ,1494,627,2,6,44.2,0.2791,1,0,0,0,0,0
TXN0004179,M0357,114.92,card,web,IN-GJ,613,438,2,9,67.8,0.2418,0,0,0,0,0,0
TXN0004180,M0070,137.43,wallet,web,IN-TN,1741,853,2,6,27.4,0.2184,1,0,0,0,0,0
TXN0004181,M0374,176.62,card,android,IN-WB,1463,210,5,8,129.9,0.3796,2,1,0,0,0,1
TXN0004182,M0062,176.09,card,android,IN-MH,1558,438,2,5,97.5,0.0971,0,0,0,0,0,0
TXN0004183,M0155,41.15,wallet,api,IN-DL,262,1160,0,6,75.4,0.2817,2,0,0,0,1,0
TXN0004184,M0266,269.31,card,web,IN-TN,24,562,3,6,23.5,0.2561,0,0,0,0,0,0
TXN0004185,M0112,123.14,upi,android,IN-DL,1758,177,3,11,97.0,0.0852,1,0,0,0,0,0
TXN0004186,M0095,879.92,upi,api,IN-MH,1110,326,1,7,70.9,0.3894,0,0,0,0,0,0
TXN0004187,M0382,425.4,card,android,IN-GJ,1071,696,4,12,55.4,0.5603,5,0,0,0,0,0
TXN0004188,M0068,476.06,upi,api,IN-KA,1263,782,4,6,22.3,0.2801,2,0,0,0,0,0
TXN0004189,M0245,1158.13,card,web,IN-TN,1249,701,2,6,113.9,0.2318,3,0,0,0,1,1
TXN0004190,M0239,375.76,upi,android,IN-DL,75,731,6,13,56.8,0.318,0,0,0,0,0,0
TXN0004191,M0322,155.5,upi,android,IN-WB,552,992,1,4,6.6,0.1562,0,0,0,0,0,0
TXN0004192,M0309,13.94,card,android,IN-MH,973,613,3,9,78.3,0.4514,0,0,0,0,0,0
TXN0004193,M0265,229.03,upi,ios,IN-TN,58,305,2,5,13.7,0.3742,0,0,0,0,0,0
TXN0004194,M0147,1016.09,upi,api,IN-KA,1594,476,3,9,40.3,0.4319,3,0,0,0,0,0
TXN0004195,M0367,440.36,card,web,IN-KA,294,1294,2,6,38.7,0.2785,0,0,0,0,0,0
TXN0004196,M0317,108.36,upi,api,IN-DL,774,1379,1,8,94.9,0.2711,4,0,0,0,1,0
TXN0004197,M0340,191.1,card,android,IN-DL,256,331,5,13,53.9,0.3267,2,0,0,0,1,0
TXN0004198,M0324,103.25,netbanking,api,IN-WB,113,118,5,12,64.8,0.3794,2,0,0,0,0,0
TXN0004199,M0090,244.37,card,api,IN-UP,796,511,2,8,116.5,0.4591,0,0,0,0,0,0
TXN0004200,M0060,108.05,card,ios,IN-MH,1399,1352,6,14,41.0,0.4585,1,0,0,0,0,0
TXN0004201,M0348,759.25,netbanking,android,IN-WB,527,640,5,10,80.4,0.0765,1,0,0,0,1,0
TXN0004202,M0237,203.02,netbanking,ios,IN-TN,826,825,4,12,117.6,0.4314,4,0,0,0,0,0
TXN0004203,M0144,232.89,upi,android,IN-KA,1699,1374,4,13,88.5,0.4011,1,0,0,0,0,0
TXN0004204,M0034,78.63,upi,api,IN-GJ,676,571,1,10,58.8,0.2501,1,0,0,0,1,0
TXN0004205,M0227,118.54,card,ios,IN-KA,1514,963,2,10,39.5,0.4479,1,0,0,0,0,0
TXN0004206,M0269,56.68,card,ios,IN-DL,1777,1213,2,6,48.1,0.3478,0,0,0,0,0,0
TXN0004207,M0309,742.56,netbanking,android,IN-WB,972,624,1,11,49.5,0.4664,1,0,0,0,1,0
TXN0004208,M0217,107.73,netbanking,ios,IN-MH,1101,726,4,16,43.1,0.3093,0,0,0,0,0,0
TXN0004209,M0333,211.17,upi,api,IN-GJ,1534,463,1,8,65.6,0.2196,1,0,0,0,0,0
TXN0004210,M0309,38.24,card,web,IN-TN,1223,386,1,6,81.0,0.2117,0,0,0,0,0,0
TXN0004211,M0025,52.51,card,android,IN-DL,1053,878,2,12,10.1,0.3251,1,0,0,0,0,0
TXN0004212,M0261,140.14,netbanking,web,IN-KA,1591,726,2,11,89.2,0.4083,2,0,0,0,0,0
TXN0004213,M0056,131.84,wallet,android,IN-DL,1656,787,3,5,59.5,0.2512,1,0,0,0,0,0
TXN0004214,M0026,229.91,upi,ios,IN-UP,548,1174,6,12,63.4,0.2025,2,1,0,0,0,0
TXN0004215,M0285,1344.89,card,android,IN-WB,1341,576,1,4,61.0,0.5127,2,1,0,0,0,1
TXN0004216,M0030,23.94,card,android,IN-MH,468,1336,3,8,69.6,0.3455,2,0,0,0,0,0
TXN0004217,M0142,478.86,wallet,ios,IN-DL,1323,942,2,7,153.4,0.2095,2,0,0,0,1,0
TXN0004218,M0317,296.24,card,android,IN-DL,156,740,2,8,18.6,0.251,2,0,0,0,1,0
TXN0004219,M0083,97.01,card,android,IN-UP,495,1122,1,4,164.1,0.2514,1,0,0,0,0,0
TXN0004220,M0130,116.67,upi,api,IN-TN,1426,1193,4,9,129.8,0.4098,2,0,0,0,1,0
TXN0004221,M0020,551.71,card,android,IN-TN,1430,296,4,11,41.8,0.2676,2,0,0,0,0,0
TXN0004222,M0133,169.13,netbanking,api,IN-MH,845,787,3,12,25.0,0.1433,1,0,0,0,0,0
TXN0004223,M0037,130.45,card,web,IN-GJ,1390,1148,1,5,35.0,0.2006,0,0,0,0,0,0
TXN0004224,M0363,63.07,upi,android,IN-TN,875,1205,0,5,29.7,0.2494,0,0,0,0,0,0
TXN0004225,M0294,78.01,upi,ios,IN-TN,146,781,1,3,42.6,0.3034,0,0,0,0,0,0
TXN0004226,M0135,53.34,card,android,IN-TN,1461,37,2,3,67.3,0.1772,2,0,0,0,0,0
TXN0004227,M0255,435.92,netbanking,android,IN-UP,105,626,0,3,29.5,0.2008,3,0,0,0,1,0
TXN0004228,M0204,82.17,netbanking,android,IN-TN,1442,1294,2,7,17.9,0.3972,1,0,0,0,0,0
TXN0004229,M0303,54.54,upi,web,IN-WB,1586,27,4,10,89.4,0.2585,1,0,0,0,0,0
TXN0004230,M0255,214.36,upi,ios,IN-GJ,4,1,1,6,23.1,0.2576,2,0,1,1,0,0
TXN0004231,M0368,79.58,upi,api,IN-TN,1761,1367,2,8,72.8,0.4771,2,0,0,0,0,0
TXN0004232,M0323,845.3,card,android,IN-MH,1111,1430,1,5,51.8,0.2894,0,0,0,0,0,0
TXN0004233,M0208,187.55,upi,android,IN-KA,1088,367,3,7,69.4,0.1515,2,0,0,0,0,0
TXN0004234,M0183,220.97,upi,api,IN-TN,584,1307,4,14,35.8,0.2036,2,0,0,0,0,0
TXN0004235,M0078,221.58,card,api,IN-TN,308,1211,1,10,99.7,0.4425,1,1,0,0,0,0
TXN0004236,M0387,318.58,card,web,IN-WB,41,1220,1,12,93.6,0.4023,1,0,0,0,1,0
TXN0004237,M0276,366.27,upi,android,IN-TN,758,863,2,16,29.3,0.2426,3,0,0,0,0,0
TXN0004238,M0346,185.35,card,web,IN-UP,1424,419,2,8,31.6,0.2584,4,0,0,0,1,0
TXN0004239,M0399,65.17,card,ios,IN-UP,38,1027,4,12,90.3,0.1998,1,0,0,0,0,0
TXN0004240,M0301,154.36,card,android,IN-TN,402,690,3,13,12.1,0.443,3,0,0,0,0,0
TXN0004241,M0156,191.0,upi,android,IN-DL,1479,826,2,7,45.0,0.1973,0,0,0,0,0,0
TXN0004242,M0298,35.19,card,ios,IN-TN,789,814,1,5,266.8,0.1579,1,0,0,0,1,1
TXN0004243,M0312,21.94,upi,api,IN-MH,186,681,5,12,87.5,0.3114,1,0,0,0,0,0
TXN0004244,M0047,53.53,card,api,IN-UP,1768,1360,4,14,36.4,0.4226,1,0,0,0,1,1
TXN0004245,M0143,25.59,netbanking,web,IN-KA,603,9,1,11,98.8,0.2306,0,0,0,0,1,0
TXN0004246,M0228,110.66,upi,ios,IN-GJ,319,474,3,10,28.1,0.6548,2,0,0,0,0,0
TXN0004247,M0351,83.1,upi,ios,IN-WB,1013,544,4,8,62.1,0.3688,3,0,0,0,0,0
TXN0004248,M0269,196.69,card,ios,IN-GJ,154,1450,5,8,7.2,0.1309,0,0,0,0,1,0
TXN0004249,M0363,365.84,card,web,IN-DL,1256,1018,4,8,89.2,0.3779,4,0,0,0,0,1
TXN0004250,M0174,240.4,upi,ios,IN-KA,1161,331,9,11,111.7,0.3697,0,0,0,0,0,0
TXN0004251,M0256,277.94,card,ios,IN-KA,1632,1060,0,9,23.9,0.183,0,0,0,0,1,0
TXN0004252,M0183,463.54,card,ios,IN-WB,529,416,0,7,109.8,0.2375,0,0,0,0,0,0
TXN0004253,M0393,129.91,wallet,ios,IN-DL,759,787,1,10,35.8,0.2004,4,0,0,0,0,0
TXN0004254,M0014,13.28,card,android,IN-DL,1205,1342,3,11,43.5,0.1715,1,0,0,0,0,0
TXN0004255,M0240,31.45,card,web,IN-UP,344,369,2,8,58.7,0.1569,1,0,0,0,0,0
TXN0004256,M0362,296.29,upi,web,IN-GJ,652,364,3,6,49.7,0.1018,0,0,0,0,0,0
TXN0004257,M0251,219.01,card,api,IN-WB,196,1401,0,3,24.1,0.3204,1,0,0,0,0,0
TXN0004258,M0048,360.72,upi,web,IN-WB,1261,570,2,16,41.0,0.2819,2,0,0,0,0,0
TXN0004259,M0027,3088.52,upi,ios,IN-KA,1185,1164,1,7,9.2,0.3251,1,0,0,0,0,0
TXN0004260,M0167,224.16,upi,web,IN-GJ,169,1343,1,5,127.1,0.151,2,0,0,0,0,0
TXN0004261,M0323,163.6,upi,web,IN-GJ,232,507,1,5,13.4,0.1035,0,0,0,0,0,0
TXN0004262,M0008,254.44,upi,web,IN-KA,721,79,3,6,14.4,0.1918,0,0,0,0,0,0
TXN0004263,M0326,54.75,card,android,IN-DL,1185,1378,1,10,37.9,0.3978,0,0,0,0,1,0
TXN0004264,M0200,382.93,upi,api,IN-UP,1421,607,1,4,122.4,0.183,2,0,0,0,0,0
TXN0004265,M0005,151.66,netbanking,web,IN-GJ,821,214,1,5,33.0,0.4677,3,1,0,0,1,0
TXN0004266,M0127,968.47,upi,ios,IN-KA,1446,109,3,8,16.2,0.4502,2,1,0,0,1,1
TXN0004267,M0030,36.32,card,android,IN-TN,750,211,1,5,6.4,0.3377,0,0,0,0,0,0
TXN0004268,M0079,180.82,upi,android,IN-TN,1067,613,0,6,86.7,0.3055,1,0,0,0,0,0
TXN0004269,M0208,96.1,card,android,IN-TN,470,889,4,7,46.7,0.3062,2,0,0,0,1,0
TXN0004270,M0133,61.96,card,web,IN-UP,1154,11,6,13,66.2,0.3985,2,0,0,0,0,1
TXN0004271,M0288,335.5,card,android,IN-GJ,1623,1236,2,8,51.7,0.2976,0,0,0,0,0,0
TXN0004272,M0203,131.03,upi,android,IN-DL,515,798,2,4,145.3,0.1158,0,1,0,0,1,0
TXN0004273,M0157,680.95,card,android,IN-WB,1289,860,2,7,172.6,0.2454,2,0,0,0,0,1
TXN0004274,M0044,105.86,netbanking,web,IN-DL,817,353,2,5,24.2,0.2104,1,0,0,0,0,0
TXN0004275,M0199,121.55,upi,android,IN-TN,944,569,2,9,113.6,0.311,1,0,0,0,0,0
TXN0004276,M0045,1349.65,upi,web,IN-KA,1041,153,4,11,43.0,0.5296,3,0,0,0,1,0
TXN0004277,M0378,46.62,card,web,IN-MH,763,125,4,7,54.1,0.1918,1,0,0,0,1,0
TXN0004278,M0091,82.21,upi,web,IN-KA,1199,182,1,4,20.8,0.2376,1,0,0,0,0,0
TXN0004279,M0222,8.19,card,android,IN-WB,649,137,3,7,150.1,0.3218,2,0,0,0,1,0
TXN0004280,M0390,115.13,card,ios,IN-UP,295,191,0,5,29.6,0.184,1,0,0,0,1,0
TXN0004281,M0358,359.15,netbanking,api,IN-MH,719,490,0,6,89.9,0.3825,2,0,0,0,0,0
TXN0004282,M0256,271.17,upi,android,IN-UP,794,134,1,6,15.5,0.2601,1,0,0,0,0,0
TXN0004283,M0191,207.92,card,android,IN-KA,1536,664,5,11,15.3,0.2715,2,0,0,0,0,0
TXN0004284,M0235,74.94,upi,android,IN-UP,1154,147,3,8,64.5,0.1962,0,0,0,0,0,0
TXN0004285,M0144,148.79,netbanking,web,IN-MH,759,1037,3,11,127.3,0.1023,2,0,0,0,0,0
TXN0004286,M0043,120.95,card,web,IN-MH,1535,277,6,9,61.7,0.2923,2,0,0,0,0,0
TXN0004287,M0024,179.02,upi,android,IN-UP,8,216,5,6,96.9,0.323,0,0,0,1,0,0
TXN0004288,M0023,214.25,card,web,IN-UP,1237,1111,0,3,24.2,0.334,0,0,0,0,0,0
TXN0004289,M0232,126.74,card,web,IN-GJ,1661,637,3,8,16.0,0.307,4,0,0,0,0,0
TXN0004290,M0004,184.34,card,web,IN-KA,1251,794,1,6,49.1,0.1456,1,0,0,0,0,0
TXN0004291,M0353,163.23,card,android,IN-WB,1067,566,4,8,33.7,0.4194,2,0,0,0,0,0
TXN0004292,M0102,91.65,card,web,IN-KA,956,548,1,6,75.8,0.087,1,0,0,0,0,0
TXN0004293,M0180,194.9,upi,ios,IN-WB,299,681,2,10,141.5,0.2645,1,0,0,0,0,0
TXN0004294,M0130,50.19,upi,web,IN-KA,277,101,3,10,77.3,0.2355,4,0,0,0,1,0
TXN0004295,M0010,215.79,card,web,IN-GJ,228,20,0,9,17.4,0.0904,2,0,0,0,1,0
TXN0004296,M0398,59.28,card,android,IN-TN,1682,533,1,4,7.5,0.4963,1,0,0,0,0,0
TXN0004297,M0220,175.46,wallet,android,IN-TN,678,791,6,13,99.4,0.3206,1,0,0,0,0,0
TXN0004298,M0381,286.68,netbanking,android,IN-UP,1737,236,3,8,28.5,0.1673,1,0,0,0,0,0
TXN0004299,M0172,71.31,card,web,IN-TN,1102,631,2,6,45.7,0.1756,0,0,0,0,0,0
TXN0004300,M0233,505.63,card,ios,IN-UP,1356,1463,2,11,63.2,0.4398,3,0,0,0,0,0
TXN0004301,M0333,1076.23,card,api,IN-DL,1690,257,3,6,102.3,0.1711,1,0,0,0,0,1
TXN0004302,M0118,93.96,card,android,IN-MH,923,954,1,5,35.8,0.0908,1,0,0,0,0,0
TXN0004303,M0398,155.74,card,android,IN-KA,98,1268,2,7,19.5,0.2287,1,0,0,0,1,0
TXN0004304,M0228,604.79,card,android,IN-TN,1482,953,2,7,18.4,0.3465,0,0,0,0,0,1
TXN0004305,M0062,29.81,card,ios,IN-KA,635,164,2,7,15.7,0.2168,1,0,0,0,0,0
TXN0004306,M0307,186.11,upi,ios,IN-GJ,277,7,3,9,64.4,0.1855,1,0,0,0,1,0
TXN0004307,M0074,133.07,card,web,IN-DL,463,4,0,3,163.2,0.1664,1,0,1,0,0,0
TXN0004308,M0342,442.93,card,web,IN-DL,1784,1305,2,6,39.7,0.2093,6,0,0,0,0,1
TXN0004309,M0083,140.87,upi,web,IN-WB,758,1330,2,9,67.5,0.3581,0,0,0,0,0,0
TXN0004310,M0160,282.85,card,web,IN-MH,1038,830,5,9,75.6,0.2865,0,0,0,0,1,0
TXN0004311,M0348,79.03,upi,api,IN-TN,1425,1024,2,10,145.2,0.4967,0,0,0,0,0,0
TXN0004312,M0348,466.17,netbanking,web,IN-WB,1043,1144,2,6,91.6,0.1022,0,1,0,0,0,0
TXN0004313,M0071,58.64,upi,web,IN-GJ,286,47,3,10,10.3,0.2262,2,1,0,0,1,0
TXN0004314,M0240,430.0,card,android,IN-UP,153,549,3,8,12.3,0.2288,2,0,0,0,0,0
TXN0004315,M0272,194.25,upi,api,IN-DL,1683,393,2,7,80.1,0.2984,0,0,0,0,1,0
TXN0004316,M0122,17.09,upi,web,IN-KA,362,372,4,11,105.3,0.3845,3,0,0,0,0,0
TXN0004317,M0234,191.71,card,android,IN-WB,462,689,4,8,117.9,0.3109,0,1,0,0,0,1
TXN0004318,M0355,330.27,card,web,IN-WB,74,821,6,12,30.2,0.3317,1,0,0,0,0,0
TXN0004319,M0243,52.65,card,web,IN-GJ,1355,602,5,9,12.4,0.1677,1,0,0,0,1,0
TXN0004320,M0054,77.17,netbanking,web,IN-WB,912,894,1,7,93.4,0.2687,2,0,0,0,0,0
TXN0004321,M0169,196.72,netbanking,web,IN-WB,1151,543,3,9,85.0,0.1561,1,1,0,0,0,0
TXN0004322,M0179,107.92,card,ios,IN-WB,333,1489,1,2,96.1,0.2049,0,0,0,0,1,0
TXN0004323,M0240,250.27,upi,web,IN-DL,986,387,2,6,60.3,0.2189,4,0,0,0,0,0
TXN0004324,M0043,146.01,card,android,IN-GJ,992,841,0,3,9.5,0.1839,1,0,0,0,0,0
TXN0004325,M0045,48.1,netbanking,web,IN-KA,1519,1289,4,11,22.0,0.5079,0,0,0,0,0,0
TXN0004326,M0380,1847.03,card,android,IN-DL,1283,230,5,11,104.9,0.5105,2,0,0,0,0,1
TXN0004327,M0386,128.14,upi,api,IN-WB,1093,781,1,7,172.3,0.2166,1,0,0,0,1,0
TXN0004328,M0017,203.82,card,web,IN-GJ,1207,1412,4,10,143.8,0.2738,1,0,0,0,1,0
TXN0004329,M0160,1059.3,upi,android,IN-DL,1408,969,3,8,178.3,0.4379,2,0,0,0,0,0
TXN0004330,M0060,426.6,wallet,ios,IN-KA,401,1499,2,15,48.7,0.3013,1,0,0,0,0,0
TXN0004331,M0204,311.21,card,web,IN-GJ,1060,812,3,10,24.7,0.3578,0,0,0,0,1,0
TXN0004332,M0134,518.4,upi,ios,IN-WB,1695,890,1,8,34.8,0.2612,1,0,0,0,0,0
TXN0004333,M0070,312.44,upi,web,IN-DL,1297,1190,4,9,54.6,0.6024,2,0,0,0,0,0
TXN0004334,M0074,312.43,card,android,IN-DL,1505,539,0,6,23.3,0.1569,3,0,0,0,0,0
TXN0004335,M0340,317.38,upi,android,IN-GJ,86,1276,2,4,64.7,0.3977,2,0,0,0,0,0
TXN0004336,M0027,152.05,card,ios,IN-GJ,1509,1091,4,13,47.6,0.4591,4,1,0,0,0,1
TXN0004337,M0313,527.29,card,web,IN-UP,1161,1438,2,4,258.3,0.2999,3,0,0,0,0,0
TXN0004338,M0302,353.33,upi,android,IN-TN,327,312,2,10,58.9,0.463,1,0,0,0,1,0
TXN0004339,M0167,18.05,upi,ios,IN-KA,1600,668,2,7,76.7,0.488,3,0,0,0,1,0
TXN0004340,M0344,421.48,card,web,IN-UP,1579,1487,3,6,123.3,0.5571,1,0,0,0,1,0
TXN0004341,M0360,81.41,upi,api,IN-MH,1170,295,2,8,53.7,0.273,0,1,0,0,1,0
TXN0004342,M0230,229.49,card,web,IN-DL,1730,311,3,6,31.7,0.2758,1,0,0,0,1,0
TXN0004343,M0335,33.81,wallet,android,IN-GJ,1472,722,2,11,55.8,0.3177,2,0,0,0,0,0
TXN0004344,M0326,100.45,upi,web,IN-DL,757,256,5,9,21.5,0.2898,4,0,0,0,0,0
TXN0004345,M0365,125.04,wallet,ios,IN-KA,1783,975,3,7,72.2,0.172,1,0,0,0,1,0
TXN0004346,M0312,307.85,upi,ios,IN-UP,855,1377,1,5,60.0,0.2378,0,0,0,0,1,0
TXN0004347,M0188,100.01,upi,android,IN-KA,282,1068,1,2,9.1,0.1327,0,0,0,0,0,0
TXN0004348,M0173,20.64,netbanking,api,IN-GJ,209,93,0,7,16.4,0.5189,3,0,0,0,0,0
TXN0004349,M0309,110.24,card,ios,IN-KA,1240,882,4,9,65.3,0.1925,0,0,0,0,0,0
TXN0004350,M0296,123.03,card,android,IN-GJ,255,1438,6,10,102.6,0.1891,1,0,0,0,0,1
TXN0004351,M0343,339.01,card,ios,IN-UP,1615,70,4,11,60.7,0.2868,0,0,0,0,1,0
TXN0004352,M0215,208.73,upi,web,IN-KA,1673,616,5,14,11.7,0.4269,2,0,0,0,0,0
TXN0004353,M0373,83.62,wallet,web,IN-MH,52,1054,4,12,47.7,0.5192,4,0,0,0,0,0
TXN0004354,M0042,237.46,upi,android,IN-KA,303,1270,3,7,57.8,0.4449,2,0,0,0,0,0
TXN0004355,M0262,1126.22,upi,web,IN-UP,313,886,2,7,72.8,0.2774,0,0,0,0,1,0
TXN0004356,M0127,580.16,upi,ios,IN-GJ,1270,40,2,8,75.5,0.2867,0,0,0,0,0,0
TXN0004357,M0008,26.67,card,android,IN-TN,450,901,3,5,24.4,0.0794,3,0,0,0,0,0
TXN0004358,M0352,2138.95,upi,api,IN-GJ,1207,524,4,11,62.0,0.1661,0,0,0,0,0,0
TXN0004359,M0149,588.02,upi,ios,IN-GJ,1584,442,3,12,28.8,0.626,0,0,0,0,1,0
TXN0004360,M0071,878.62,card,api,IN-UP,1187,1375,2,4,115.3,0.2809,1,0,0,0,0,1
TXN0004361,M0008,39.37,card,api,IN-MH,1759,1374,1,7,138.7,0.2531,1,0,0,0,0,0
TXN0004362,M0326,118.95,upi,ios,IN-KA,876,269,6,11,161.9,0.6043,3,0,0,0,0,1
TXN0004363,M0339,324.23,upi,android,IN-KA,1644,1019,3,11,52.7,0.2201,3,1,0,0,0,0
TXN0004364,M0176,58.64,upi,ios,IN-WB,1396,901,5,14,198.8,0.4443,1,0,0,0,0,0
TXN0004365,M0163,305.15,netbanking,ios,IN-WB,853,403,0,3,17.4,0.4549,2,0,0,0,0,0
TXN0004366,M0280,921.7,card,api,IN-MH,513,1270,1,5,149.2,0.1682,4,0,0,0,0,0
TXN0004367,M0049,128.99,upi,ios,IN-MH,1202,829,4,13,32.1,0.4271,3,0,0,0,1,1
TXN0004368,M0316,988.63,upi,web,IN-GJ,1397,349,2,6,17.8,0.2179,2,1,0,0,1,1
TXN0004369,M0368,363.38,card,ios,IN-MH,188,1088,2,9,70.5,0.1638,2,0,0,0,1,1
TXN0004370,M0148,28.06,wallet,web,IN-MH,568,422,2,6,38.6,0.1932,0,0,0,0,0,0
TXN0004371,M0354,75.49,card,web,IN-DL,1762,1202,5,11,190.6,0.3208,1,0,0,0,0,0
TXN0004372,M0361,545.23,upi,api,IN-UP,244,988,3,12,101.1,0.1788,1,0,0,0,1,1
TXN0004373,M0217,64.12,upi,web,IN-WB,1699,9,2,14,67.6,0.1856,1,0,0,0,0,0
TXN0004374,M0270,529.63,upi,ios,IN-UP,237,1386,2,10,113.8,0.3075,1,0,0,0,0,0
TXN0004375,M0218,331.8,upi,android,IN-TN,1073,363,5,18,98.8,0.5778,2,0,0,0,0,1
TXN0004376,M0377,246.02,card,api,IN-TN,564,1269,1,7,25.0,0.2004,0,0,0,0,0,0
TXN0004377,M0096,101.06,card,ios,IN-DL,258,452,4,7,121.0,0.0924,1,0,0,0,1,0
TXN0004378,M0338,243.25,card,android,IN-KA,402,676,1,11,123.7,0.3573,2,0,0,0,0,0
TXN0004379,M0394,968.19,upi,api,IN-WB,1705,1351,3,8,66.7,0.1625,0,0,0,0,0,0
TXN0004380,M0210,121.86,netbanking,ios,IN-UP,495,652,1,4,32.1,0.4009,0,0,0,0,0,0
TXN0004381,M0133,331.32,netbanking,ios,IN-GJ,1612,196,1,4,15.6,0.0752,3,0,0,0,0,0
TXN0004382,M0338,1338.45,card,web,IN-DL,1144,1035,2,6,133.2,0.3224,1,0,0,0,0,0
TXN0004383,M0151,233.99,card,web,IN-UP,1783,1124,1,7,110.6,0.2485,0,0,0,0,0,0
TXN0004384,M0026,110.2,upi,web,IN-WB,833,1192,6,13,105.3,0.4893,3,0,0,0,0,1
TXN0004385,M0207,109.01,card,android,IN-KA,914,126,4,12,44.8,0.187,0,0,0,0,0,0
TXN0004386,M0041,22.4,card,web,IN-MH,146,1065,3,7,198.2,0.2578,2,0,0,0,1,1
TXN0004387,M0180,53.6,upi,api,IN-DL,627,1450,5,10,91.6,0.3366,1,0,0,0,0,0
TXN0004388,M0274,252.45,upi,web,IN-TN,1070,367,4,7,130.2,0.2944,1,0,0,0,0,0
TXN0004389,M0227,474.75,card,android,IN-KA,679,557,1,7,31.9,0.443,0,0,0,0,0,0
TXN0004390,M0385,117.55,card,api,IN-MH,310,229,2,8,149.0,0.3031,3,0,0,0,0,0
TXN0004391,M0025,468.68,netbanking,web,IN-GJ,895,1368,1,8,112.8,0.501,3,1,0,0,0,0
TXN0004392,M0066,440.12,netbanking,ios,IN-GJ,1758,158,2,7,28.3,0.3592,1,0,0,0,0,0
TXN0004393,M0109,83.28,card,web,IN-TN,1642,1442,2,4,29.9,0.4246,2,0,0,0,1,0
TXN0004394,M0308,99.2,card,web,IN-TN,661,1442,3,8,77.4,0.4961,1,0,0,0,0,0
TXN0004395,M0365,46.84,card,ios,IN-TN,232,197,6,9,64.4,0.4339,1,0,0,0,1,1
TXN0004396,M0277,378.76,upi,web,IN-DL,25,1462,4,10,16.6,0.1504,1,0,0,0,0,0
TXN0004397,M0301,180.68,upi,android,IN-UP,1167,1103,4,8,110.6,0.1761,1,0,0,0,0,0
TXN0004398,M0036,437.31,card,android,IN-WB,1239,732,2,6,57.1,0.1593,2,0,0,0,0,0
TXN0004399,M0166,169.57,card,web,IN-KA,1647,84,0,4,33.4,0.1541,4,0,0,0,0,0
TXN0004400,M0222,70.27,upi,ios,IN-UP,1043,1027,3,6,80.4,0.3786,0,0,0,0,1,0
TXN0004401,M0229,392.57,upi,ios,IN-UP,493,796,1,8,60.3,0.2979,1,0,0,0,0,0
TXN0004402,M0198,24.81,card,api,IN-GJ,46,434,5,8,138.3,0.3899,0,0,0,0,0,0
TXN0004403,M0354,128.49,card,web,IN-UP,945,754,1,9,115.6,0.3272,2,0,0,0,0,0
TXN0004404,M0340,82.98,card,android,IN-TN,518,248,1,8,47.8,0.3884,5,0,0,0,0,0
TXN0004405,M0384,827.58,card,web,IN-MH,1430,759,1,6,30.5,0.1487,2,0,0,0,0,0
TXN0004406,M0107,1035.58,upi,android,IN-GJ,1160,613,2,12,111.1,0.3387,1,0,0,0,0,0
TXN0004407,M0273,274.82,upi,ios,IN-GJ,927,1006,2,8,135.6,0.3424,2,0,0,0,1,0
TXN0004408,M0011,100.9,upi,ios,IN-WB,1336,1290,5,14,97.6,0.3826,4,0,0,0,0,1
TXN0004409,M0217,1006.39,upi,web,IN-GJ,949,1346,5,15,62.4,0.3675,1,0,0,0,0,0
TXN0004410,M0009,89.53,card,web,IN-KA,1166,726,0,5,69.9,0.1322,2,0,0,0,0,0
TXN0004411,M0253,45.1,card,api,IN-WB,1380,800,1,6,21.1,0.1714,2,0,0,0,0,0
TXN0004412,M0215,24.68,card,android,IN-UP,127,1306,3,7,17.7,0.3402,0,1,0,0,1,0
TXN0004413,M0180,199.4,card,android,IN-WB,297,33,4,10,5.6,0.2558,4,0,0,0,0,0
TXN0004414,M0361,32.39,wallet,ios,IN-UP,864,1334,4,10,88.8,0.3157,1,0,0,0,0,0
TXN0004415,M0194,743.84,upi,web,IN-TN,1287,1059,4,11,163.6,0.2314,0,0,0,0,0,1
TXN0004416,M0191,100.74,upi,android,IN-DL,752,1349,1,10,101.8,0.2031,1,0,0,0,0,0
TXN0004417,M0095,49.73,upi,api,IN-TN,1645,305,2,8,105.3,0.2677,1,0,0,0,0,0
TXN0004418,M0274,549.28,wallet,ios,IN-MH,1761,1195,2,12,100.5,0.2234,3,0,0,0,0,0
TXN0004419,M0141,432.17,card,web,IN-TN,184,249,4,9,60.4,0.1369,1,0,0,0,1,1
TXN0004420,M0049,949.91,card,api,IN-GJ,1194,1385,1,2,37.6,0.1847,0,0,0,0,1,0
TXN0004421,M0093,32.9,card,android,IN-WB,109,1279,2,7,82.9,0.1562,0,0,0,0,0,0
TXN0004422,M0206,26.65,card,web,IN-WB,1410,1184,3,5,25.5,0.3653,0,0,0,0,0,0
TXN0004423,M0321,857.19,upi,web,IN-GJ,158,219,1,4,104.0,0.1559,1,0,0,0,1,0
TXN0004424,M0046,10.88,upi,api,IN-KA,184,425,1,6,28.6,0.1994,1,0,0,0,0,0
TXN0004425,M0081,53.38,card,android,IN-WB,1323,520,2,9,54.0,0.2864,1,1,0,0,1,0
TXN0004426,M0242,190.24,card,web,IN-WB,713,1408,2,10,61.6,0.2381,0,0,0,0,0,0
TXN0004427,M0052,47.63,wallet,api,IN-MH,704,773,6,15,79.8,0.3125,0,0,0,0,1,0
TXN0004428,M0331,222.35,netbanking,android,IN-TN,775,1121,3,5,25.1,0.2708,1,0,0,0,1,0
TXN0004429,M0228,57.07,card,web,IN-UP,836,1354,2,7,16.1,0.314,1,0,0,0,0,0
TXN0004430,M0109,653.95,card,web,IN-KA,1208,1431,2,5,14.5,0.164,0,0,0,0,0,0
TXN0004431,M0083,368.99,upi,web,IN-UP,1311,1109,1,4,26.5,0.4284,1,0,0,0,0,0
TXN0004432,M0335,237.0,card,web,IN-MH,1716,652,0,8,71.4,0.1946,1,0,0,0,0,0
TXN0004433,M0296,126.21,card,web,IN-KA,942,1352,1,2,65.7,0.4497,1,0,0,0,1,0
TXN0004434,M0397,64.04,card,web,IN-UP,1520,1083,4,12,57.5,0.1683,0,0,0,0,0,0
TXN0004435,M0373,157.32,wallet,web,IN-MH,1080,565,5,14,118.9,0.4148,4,1,0,0,1,1
TXN0004436,M0259,52.52,card,android,IN-MH,123,29,2,10,114.8,0.2271,0,0,0,0,0,0
TXN0004437,M0205,1224.05,netbanking,android,IN-KA,1531,777,2,5,101.9,0.2942,4,0,0,0,1,0
TXN0004438,M0057,247.7,card,android,IN-MH,791,1093,1,5,28.8,0.2378,1,0,0,0,0,0
TXN0004439,M0299,75.4,upi,android,IN-GJ,812,1180,1,5,203.2,0.4418,7,0,0,0,0,0
TXN0004440,M0068,861.62,netbanking,android,IN-MH,1507,1061,2,5,56.2,0.4019,0,0,0,0,0,0
TXN0004441,M0375,171.88,card,web,IN-UP,1574,306,3,14,98.4,0.2179,1,0,0,0,0,0
TXN0004442,M0013,729.03,card,api,IN-UP,1792,276,3,12,8.8,0.2539,4,0,0,0,0,0
TXN0004443,M0282,707.29,netbanking,web,IN-TN,942,676,1,5,60.2,0.2257,2,0,0,0,0,0
TXN0004444,M0105,278.5,netbanking,web,IN-UP,799,250,4,13,57.1,0.3373,3,0,0,0,1,0
TXN0004445,M0098,50.58,card,api,IN-MH,723,455,3,10,71.8,0.244,0,0,0,0,1,0
TXN0004446,M0388,100.73,upi,android,IN-DL,607,494,0,2,31.6,0.327,3,0,0,0,0,0
TXN0004447,M0307,6516.28,card,web,IN-DL,470,1454,4,17,42.5,0.4177,1,0,0,0,0,1
TXN0004448,M0021,103.73,card,web,IN-UP,573,605,0,1,72.1,0.4872,0,0,0,0,0,0
TXN0004449,M0101,139.16,card,api,IN-MH,1314,170,3,7,33.2,0.6367,7,0,0,0,0,1
TXN0004450,M0396,112.29,upi,web,IN-WB,536,1240,0,9,142.2,0.2238,1,0,0,0,0,0
TXN0004451,M0397,70.34,wallet,ios,IN-KA,1119,258,0,3,101.1,0.2354,1,1,0,0,1,0
TXN0004452,M0128,363.91,upi,android,IN-DL,439,1004,1,10,32.9,0.3369,0,0,0,0,0,0
TXN0004453,M0132,47.18,wallet,web,IN-MH,1454,980,3,11,25.6,0.3185,1,0,0,0,0,0
TXN0004454,M0003,78.43,card,ios,IN-DL,757,334,2,6,120.6,0.2673,0,0,0,0,0,0
TXN0004455,M0059,245.09,upi,api,IN-KA,984,1055,3,8,21.0,0.1474,2,0,0,0,1,0
TXN0004456,M0294,140.1,wallet,api,IN-KA,1749,229,5,9,34.4,0.446,3,0,0,0,0,0
TXN0004457,M0014,211.89,card,ios,IN-GJ,1560,427,5,11,9.0,0.7829,0,0,0,0,0,0
TXN0004458,M0106,174.5,netbanking,android,IN-WB,600,56,1,11,99.8,0.1522,1,0,0,0,0,0
TXN0004459,M0228,55.74,netbanking,web,IN-TN,518,1052,3,11,42.4,0.2795,3,0,0,0,1,0
TXN0004460,M0257,778.63,wallet,android,IN-TN,986,418,1,8,7.0,0.3866,0,0,0,0,0,1
TXN0004461,M0328,564.52,card,web,IN-UP,1315,1117,0,5,111.5,0.2301,3,0,0,0,1,0
TXN0004462,M0283,69.22,netbanking,web,IN-DL,1742,652,2,10,134.4,0.6456,0,0,0,0,0,0
TXN0004463,M0060,289.95,wallet,android,IN-TN,708,567,4,13,59.6,0.4335,4,0,0,0,0,0
TXN0004464,M0050,110.21,card,android,IN-MH,1044,796,4,18,134.9,0.373,1,0,0,0,0,0
TXN0004465,M0161,531.83,card,ios,IN-TN,205,1441,6,12,51.6,0.2375,0,0,0,0,0,0
TXN0004466,M0273,424.92,upi,web,IN-TN,1315,1486,4,9,117.9,0.2481,1,0,0,0,1,0
TXN0004467,M0045,632.08,card,web,IN-TN,951,426,2,16,67.3,0.2234,0,0,0,0,1,0
TXN0004468,M0111,69.8,upi,ios,IN-WB,1167,277,1,5,12.8,0.1475,1,0,0,0,0,0
TXN0004469,M0109,46.44,upi,api,IN-KA,417,955,1,6,85.1,0.3424,1,0,0,0,0,0
TXN0004470,M0384,28.06,upi,ios,IN-WB,773,793,1,7,14.4,0.2244,1,0,0,0,1,0
TXN0004471,M0099,2612.71,card,api,IN-DL,112,376,0,6,32.2,0.2643,0,0,0,0,0,0
TXN0004472,M0398,445.45,card,web,IN-WB,640,285,2,8,110.9,0.283,2,0,0,0,0,1
TXN0004473,M0243,625.1,card,web,IN-KA,654,339,4,14,58.3,0.5896,0,0,0,0,0,0
TXN0004474,M0398,42.91,netbanking,ios,IN-KA,821,604,4,10,79.7,0.2675,1,0,0,0,1,0
TXN0004475,M0385,339.83,netbanking,web,IN-MH,1759,560,4,15,63.1,0.3287,2,0,0,0,1,0
TXN0004476,M0002,32.18,upi,android,IN-TN,1110,1164,1,9,132.7,0.0847,1,0,0,0,0,0
TXN0004477,M0028,283.75,upi,android,IN-GJ,1609,1388,3,10,153.9,0.1827,1,0,0,0,0,0
TXN0004478,M0130,183.72,upi,api,IN-TN,361,1245,2,4,170.9,0.2648,2,0,0,0,0,0
TXN0004479,M0121,133.58,upi,ios,IN-TN,1763,405,0,7,58.8,0.1855,2,0,0,0,0,0
TXN0004480,M0033,104.68,upi,web,IN-TN,1087,304,2,10,64.0,0.1714,0,0,0,0,1,0
TXN0004481,M0269,583.32,upi,android,IN-UP,52,1227,2,6,32.2,0.1452,0,0,0,0,1,0
TXN0004482,M0089,106.7,netbanking,android,IN-MH,1554,987,4,11,20.2,0.1739,0,0,0,0,0,0
TXN0004483,M0216,696.68,upi,web,IN-WB,275,1430,0,4,56.7,0.3893,2,0,0,0,0,1
TXN0004484,M0005,171.67,upi,web,IN-GJ,1449,1222,0,9,59.1,0.3432,0,0,0,0,0,0
TXN0004485,M0388,261.55,netbanking,api,IN-UP,423,998,3,7,32.8,0.2027,2,0,0,0,0,0
TXN0004486,M0098,312.07,card,ios,IN-GJ,1219,842,3,5,65.6,0.2713,3,0,0,0,0,0
TXN0004487,M0130,285.04,upi,web,IN-DL,1326,498,1,6,145.0,0.3761,0,0,0,0,0,0
TXN0004488,M0392,226.2,card,android,IN-GJ,215,1419,0,3,13.9,0.1078,0,0,0,0,0,0
TXN0004489,M0144,1549.3,wallet,ios,IN-GJ,1760,142,4,11,41.3,0.3771,0,0,0,0,0,1
TXN0004490,M0312,556.55,card,web,IN-GJ,1596,43,1,3,56.3,0.4768,2,0,0,0,0,0
TXN0004491,M0138,13.96,upi,web,IN-MH,732,549,3,5,74.8,0.4902,0,0,0,0,0,1
TXN0004492,M0022,146.17,upi,api,IN-TN,448,579,3,6,27.3,0.3434,2,0,0,0,0,0
TXN0004493,M0113,795.54,card,ios,IN-TN,1050,469,3,4,32.5,0.2474,1,0,0,0,0,0
TXN0004494,M0218,79.83,card,web,IN-UP,1425,581,3,9,120.1,0.5243,2,0,0,0,0,0
TXN0004495,M0118,180.84,netbanking,web,IN-KA,160,302,2,11,34.6,0.2147,1,0,0,0,0,0
TXN0004496,M0053,194.86,card,web,IN-GJ,275,211,2,5,37.8,0.3684,3,0,0,0,1,0
TXN0004497,M0084,884.51,upi,android,IN-WB,1132,1033,3,11,68.3,0.3142,2,0,0,0,0,0
TXN0004498,M0390,63.2,card,ios,IN-DL,517,1045,1,6,24.5,0.511,1,0,0,0,0,0
TXN0004499,M0013,72.94,upi,ios,IN-TN,1620,144,3,7,41.5,0.419,1,0,0,0,0,0
TXN0004500,M0009,298.41,card,api,IN-DL,975,649,0,3,156.6,0.2368,0,0,0,0,0,0
TXN0004501,M0357,254.08,upi,web,IN-WB,1186,1363,2,9,127.5,0.5565,0,0,0,0,0,0
TXN0004502,M0381,303.39,upi,api,IN-MH,630,1148,3,7,44.2,0.2746,0,0,0,0,1,0
TXN0004503,M0337,248.44,upi,web,IN-TN,1176,1209,3,8,49.2,0.1128,1,0,0,0,1,0
TXN0004504,M0321,159.89,card,ios,IN-WB,463,1112,1,3,11.1,0.1123,2,0,0,0,0,0
TXN0004505,M0212,315.22,wallet,ios,IN-KA,877,895,1,7,51.8,0.2189,4,0,0,0,0,0
TXN0004506,M0366,221.03,wallet,ios,IN-UP,41,739,2,6,71.2,0.2155,0,0,0,0,0,0
TXN0004507,M0169,140.31,wallet,web,IN-GJ,810,1269,1,4,136.7,0.3014,2,0,0,0,0,0
TXN0004508,M0291,168.94,card,api,IN-UP,1378,1419,2,10,7.3,0.2021,1,0,0,0,0,0
TXN0004509,M0019,104.93,upi,web,IN-WB,666,458,8,15,38.1,0.527,1,0,0,0,1,0
TXN0004510,M0200,88.68,card,ios,IN-TN,105,426,1,3,51.6,0.4073,0,0,0,0,0,0
TXN0004511,M0241,314.36,card,ios,IN-DL,1476,989,1,8,29.5,0.4895,3,1,0,0,0,0
TXN0004512,M0043,48.72,upi,ios,IN-TN,522,468,0,5,134.1,0.1732,1,0,0,0,0,0
TXN0004513,M0377,358.47,netbanking,ios,IN-KA,1160,246,2,6,149.6,0.1725,3,0,0,0,0,0
TXN0004514,M0123,138.26,upi,android,IN-UP,1292,401,2,8,13.1,0.3891,0,0,0,0,0,0
TXN0004515,M0130,162.36,wallet,ios,IN-GJ,540,1193,3,12,28.7,0.3426,2,0,0,0,1,1
TXN0004516,M0200,150.76,card,web,IN-TN,530,490,1,7,48.9,0.4345,0,0,0,0,1,0
TXN0004517,M0125,297.73,card,android,IN-TN,932,762,1,6,37.6,0.3817,1,0,0,0,0,0
TXN0004518,M0283,790.86,upi,web,IN-KA,838,1114,1,6,83.3,0.0882,0,0,0,0,0,0
TXN0004519,M0375,1092.81,card,android,IN-GJ,209,1075,2,8,122.5,0.2653,0,0,0,0,1,1
TXN0004520,M0199,513.15,wallet,api,IN-WB,148,342,7,18,71.0,0.323,1,0,0,0,1,0
TXN0004521,M0022,194.71,upi,android,IN-TN,83,1318,5,13,151.6,0.1954,2,0,0,0,0,1
TXN0004522,M0068,400.36,upi,android,IN-TN,568,331,3,8,78.0,0.3658,2,0,0,0,0,0
TXN0004523,M0032,23.83,netbanking,api,IN-KA,246,1169,3,16,37.8,0.5409,1,0,0,0,1,0
TXN0004524,M0314,330.58,upi,web,IN-DL,1363,1477,1,5,59.2,0.4554,2,0,0,0,0,0
TXN0004525,M0238,265.77,upi,android,IN-WB,1561,688,3,12,51.1,0.2957,2,0,0,0,1,0
TXN0004526,M0047,38.41,upi,android,IN-TN,1433,759,2,6,50.6,0.1176,0,0,0,0,0,0
TXN0004527,M0024,100.67,upi,web,IN-WB,463,1165,4,6,63.0,0.2904,2,0,0,0,1,0
TXN0004528,M0304,237.59,netbanking,ios,IN-TN,601,1141,3,8,18.4,0.1809,0,0,0,0,0,0
TXN0004529,M0135,263.65,upi,web,IN-DL,1733,83,3,10,78.3,0.5716,1,0,0,0,0,0
TXN0004530,M0122,468.79,upi,api,IN-DL,241,880,1,5,51.8,0.6151,2,0,0,0,0,0
TXN0004531,M0062,955.91,upi,android,IN-WB,609,1387,1,6,23.8,0.576,4,0,0,0,0,1
TXN0004532,M0025,155.05,netbanking,web,IN-UP,799,814,1,6,50.3,0.2066,0,0,0,0,0,0
TXN0004533,M0206,57.68,upi,android,IN-WB,738,548,3,10,46.0,0.2873,0,0,0,0,0,0
TXN0004534,M0390,409.48,upi,ios,IN-MH,1693,906,1,18,61.8,0.3331,1,0,0,0,0,1
TXN0004535,M0199,652.5,card,api,IN-GJ,1461,662,3,7,92.4,0.1103,0,0,0,0,0,0
TXN0004536,M0276,639.37,card,api,IN-WB,1768,294,2,5,57.9,0.3659,1,0,0,0,0,0
TXN0004537,M0065,288.22,wallet,api,IN-UP,403,47,6,9,56.3,0.1983,1,0,0,0,0,0
TXN0004538,M0184,1329.82,netbanking,web,IN-DL,123,163,1,4,73.3,0.344,1,0,0,0,0,0
TXN0004539,M0279,136.87,upi,android,IN-UP,1637,1005,3,7,65.6,0.1449,0,0,0,0,0,0
TXN0004540,M0207,890.95,card,web,IN-WB,249,523,1,5,65.5,0.1956,3,0,0,0,0,1
TXN0004541,M0034,56.41,card,web,IN-UP,1176,734,4,7,40.4,0.2102,1,0,0,0,0,0
TXN0004542,M0177,18.67,upi,web,IN-TN,1603,889,0,6,6.4,0.0503,1,0,0,0,0,0
TXN0004543,M0188,55.48,upi,api,IN-UP,112,1414,5,8,76.5,0.5841,2,0,0,0,0,0
TXN0004544,M0104,101.33,card,web,IN-KA,1117,310,3,8,18.8,0.2954,2,0,0,0,0,0
TXN0004545,M0051,180.13,upi,web,IN-DL,1721,859,4,9,12.6,0.1991,1,0,0,0,0,0
TXN0004546,M0349,70.83,card,web,IN-UP,1728,691,5,12,101.5,0.4589,2,0,0,0,0,0
TXN0004547,M0083,204.53,card,ios,IN-MH,518,849,1,3,93.6,0.1231,0,0,0,0,1,0
TXN0004548,M0164,343.7,wallet,ios,IN-WB,464,299,4,9,135.8,0.1955,1,0,0,0,0,0
TXN0004549,M0232,256.12,card,ios,IN-MH,418,907,2,6,35.4,0.2403,4,0,0,0,0,0
TXN0004550,M0072,156.84,card,ios,IN-GJ,1075,65,1,5,27.9,0.2134,2,0,0,0,1,0
TXN0004551,M0290,599.19,card,web,IN-TN,1616,168,2,9,33.7,0.4369,0,0,0,0,0,0
TXN0004552,M0065,80.84,wallet,ios,IN-GJ,1642,642,3,10,66.8,0.1606,2,0,0,0,0,0
TXN0004553,M0196,141.42,card,web,IN-DL,586,568,2,5,112.3,0.2276,1,0,0,0,0,0
TXN0004554,M0232,103.85,upi,android,IN-MH,929,112,6,12,50.9,0.7645,5,0,0,0,1,0
TXN0004555,M0083,345.76,upi,web,IN-GJ,1301,504,3,10,149.9,0.5463,3,0,0,0,0,0
TXN0004556,M0008,117.62,wallet,api,IN-WB,1216,993,2,7,58.1,0.3314,1,0,0,0,0,0
TXN0004557,M0074,268.57,card,web,IN-MH,62,1255,6,16,48.1,0.3267,1,0,0,0,1,1
TXN0004558,M0159,407.19,wallet,web,IN-KA,1594,325,5,7,30.3,0.4282,1,0,0,0,1,1
TXN0004559,M0177,108.43,card,ios,IN-GJ,1657,325,5,12,117.2,0.123,1,0,0,0,0,0
TXN0004560,M0042,36.4,wallet,ios,IN-GJ,1146,416,7,11,68.3,0.4195,1,0,0,0,1,1
TXN0004561,M0135,143.7,upi,android,IN-KA,737,236,0,3,69.1,0.0862,0,0,0,0,1,0
TXN0004562,M0391,81.23,card,android,IN-KA,1425,344,1,4,26.2,0.2122,4,0,0,0,1,0
TXN0004563,M0107,94.69,card,web,IN-UP,322,893,1,3,109.9,0.2203,0,0,0,0,1,0
TXN0004564,M0343,15.21,netbanking,api,IN-KA,399,867,5,11,146.0,0.3968,1,0,0,0,0,0
TXN0004565,M0031,35.61,card,web,IN-UP,1766,832,4,6,83.3,0.2587,2,0,0,0,1,0
TXN0004566,M0279,400.59,card,android,IN-DL,630,169,2,5,64.6,0.3357,3,0,0,0,0,1
TXN0004567,M0276,70.49,netbanking,web,IN-MH,1335,594,5,9,42.1,0.2623,2,0,0,0,0,0
TXN0004568,M0228,571.86,netbanking,web,IN-TN,722,169,2,5,38.1,0.3153,0,0,0,0,0,0
TXN0004569,M0310,88.0,card,android,IN-WB,1428,1020,3,10,15.5,0.3635,0,1,0,0,0,1
TXN0004570,M0204,292.73,upi,ios,IN-KA,1446,250,3,12,44.2,0.4146,1,1,0,0,1,0
TXN0004571,M0231,139.74,card,android,IN-GJ,901,349,3,9,13.2,0.1449,1,0,0,0,1,0
TXN0004572,M0268,344.67,upi,web,IN-GJ,684,210,2,5,68.9,0.3803,1,0,0,0,0,0
TXN0004573,M0035,139.7,card,ios,IN-UP,1239,426,0,9,20.4,0.2451,2,0,0,0,0,0
TXN0004574,M0212,222.79,upi,android,IN-UP,368,1338,2,8,34.8,0.0878,2,1,0,0,0,0
TXN0004575,M0110,616.33,netbanking,api,IN-KA,524,1402,3,7,30.8,0.3456,1,0,0,0,0,0
TXN0004576,M0260,288.3,card,ios,IN-KA,89,594,2,8,58.8,0.1306,3,0,0,0,1,0
TXN0004577,M0241,90.45,upi,web,IN-MH,933,325,0,6,49.9,0.1513,0,0,0,0,0,0
TXN0004578,M0060,27.65,card,android,IN-KA,1157,528,4,7,55.3,0.3193,4,0,0,0,1,1
TXN0004579,M0309,161.42,upi,web,IN-TN,685,135,2,14,51.3,0.3699,0,0,0,0,1,0
TXN0004580,M0340,276.79,card,ios,IN-TN,1348,612,2,8,101.1,0.1925,1,0,0,0,1,0
TXN0004581,M0348,209.96,card,android,IN-TN,765,826,1,8,55.0,0.174,0,0,0,0,0,0
TXN0004582,M0013,74.82,upi,web,IN-WB,376,1226,3,10,58.7,0.4296,2,1,0,0,0,0
TXN0004583,M0297,209.48,card,web,IN-TN,8,536,3,10,83.0,0.2174,0,0,0,1,1,0
TXN0004584,M0063,348.2,card,android,IN-TN,1533,116,1,6,15.0,0.3183,0,0,0,0,0,0
TXN0004585,M0159,725.24,card,ios,IN-KA,1459,811,1,12,29.3,0.161,0,0,0,0,0,0
TXN0004586,M0247,143.59,netbanking,api,IN-UP,810,446,1,6,68.2,0.4426,0,0,0,0,1,0
TXN0004587,M0128,2100.45,upi,api,IN-GJ,393,308,3,10,9.4,0.2905,1,0,0,0,0,1
TXN0004588,M0038,769.86,upi,ios,IN-DL,1064,600,3,11,61.0,0.5391,0,0,0,0,0,0
TXN0004589,M0004,212.99,upi,android,IN-DL,852,1486,5,13,30.1,0.3511,0,0,0,0,1,0
TXN0004590,M0312,233.83,netbanking,web,IN-WB,634,873,3,7,67.1,0.1088,1,0,0,0,0,0
TXN0004591,M0388,721.9,netbanking,web,IN-KA,1186,791,4,6,35.3,0.2131,2,0,0,0,0,1
TXN0004592,M0145,68.7,card,ios,IN-GJ,412,539,3,10,30.8,0.1793,0,0,0,0,0,0
TXN0004593,M0208,80.69,upi,web,IN-WB,62,726,1,5,188.3,0.6612,3,0,0,0,0,0
TXN0004594,M0237,49.65,card,android,IN-TN,298,343,1,4,15.7,0.2033,3,0,0,0,0,0
TXN0004595,M0384,139.46,card,android,IN-WB,617,696,1,5,23.4,0.3933,1,0,0,0,0,0
TXN0004596,M0334,76.17,card,web,IN-UP,1489,438,2,9,11.4,0.3937,2,1,0,0,0,0
TXN0004597,M0399,126.22,card,android,IN-GJ,475,34,3,9,37.0,0.4529,1,0,0,0,0,0
TXN0004598,M0047,173.86,card,web,IN-TN,1730,443,3,9,64.6,0.3834,3,0,0,0,0,0
TXN0004599,M0103,45.35,card,android,IN-DL,240,183,4,7,130.8,0.361,1,0,0,0,0,0
TXN0004600,M0121,705.7,netbanking,web,IN-MH,1797,1367,4,8,25.1,0.3879,2,0,0,0,0,0
TXN0004601,M0225,592.79,upi,android,IN-DL,1464,1261,3,4,18.6,0.4793,3,0,0,0,0,0
TXN0004602,M0149,113.64,upi,web,IN-DL,123,1361,1,9,27.3,0.2174,2,0,0,0,0,0
TXN0004603,M0104,792.2,wallet,android,IN-WB,975,711,2,10,20.2,0.49,3,0,0,0,0,1
TXN0004604,M0165,265.45,card,web,IN-GJ,1225,365,5,8,111.7,0.0736,0,0,0,0,0,0
TXN0004605,M0071,540.29,wallet,ios,IN-KA,821,787,0,7,81.8,0.2128,1,0,0,0,0,0
TXN0004606,M0030,46.36,upi,web,IN-UP,1766,1181,4,12,330.5,0.4661,1,0,0,0,0,1
TXN0004607,M0314,128.59,wallet,api,IN-MH,239,1323,3,6,69.9,0.2029,1,0,0,0,0,0
TXN0004608,M0023,337.37,card,api,IN-WB,971,9,3,8,47.6,0.4976,3,0,0,0,0,0
TXN0004609,M0215,152.78,card,android,IN-WB,925,1397,1,3,75.6,0.2466,1,0,0,0,0,0
TXN0004610,M0104,150.97,netbanking,web,IN-KA,1098,753,3,6,131.9,0.1147,1,0,0,0,0,0
TXN0004611,M0345,161.14,card,web,IN-KA,482,93,3,11,154.6,0.4177,1,0,0,0,1,0
TXN0004612,M0028,261.5,wallet,web,IN-DL,876,388,1,5,24.2,0.4886,3,0,0,0,0,0
TXN0004613,M0203,201.22,card,web,IN-TN,228,1089,2,3,79.7,0.3085,1,0,0,0,0,0
TXN0004614,M0166,854.95,netbanking,web,IN-DL,222,753,3,8,48.6,0.1196,1,0,0,0,0,0
TXN0004615,M0346,66.92,card,android,IN-KA,948,624,3,8,24.8,0.4389,3,0,0,0,0,0
TXN0004616,M0159,197.84,card,api,IN-UP,1322,329,5,10,85.8,0.6812,2,0,0,0,0,0
TXN0004617,M0330,363.9,netbanking,api,IN-KA,1227,76,2,13,39.8,0.1441,2,0,0,0,0,0
TXN0004618,M0084,51.9,upi,web,IN-MH,1721,1496,3,8,35.9,0.4681,1,0,0,0,0,0
TXN0004619,M0154,127.65,card,web,IN-GJ,103,425,2,10,165.8,0.3173,4,0,0,0,0,1
TXN0004620,M0126,214.18,wallet,ios,IN-WB,780,513,2,9,35.2,0.3156,4,0,0,0,1,0
TXN0004621,M0352,809.04,netbanking,ios,IN-DL,102,770,0,4,78.4,0.1198,1,0,0,0,0,0
TXN0004622,M0345,206.3,upi,web,IN-WB,649,75,5,16,44.1,0.2602,0,0,0,0,0,0
TXN0004623,M0026,384.12,netbanking,api,IN-WB,1329,599,0,5,35.9,0.4945,5,1,0,0,0,0
TXN0004624,M0066,410.11,card,ios,IN-UP,1071,147,1,6,41.5,0.0106,0,0,0,0,0,0
TXN0004625,M0248,11.44,card,api,IN-TN,372,170,3,9,109.0,0.6084,0,0,0,0,0,1
TXN0004626,M0254,195.07,card,api,IN-DL,126,1439,4,12,81.7,0.3757,4,0,0,0,0,0
TXN0004627,M0258,116.43,card,android,IN-WB,277,1433,2,5,23.1,0.3641,1,0,0,0,1,0
TXN0004628,M0262,809.26,netbanking,web,IN-WB,760,977,2,7,160.7,0.2481,1,1,0,0,0,0
TXN0004629,M0198,361.99,wallet,web,IN-WB,1731,1042,3,11,60.1,0.382,1,0,0,0,0,0
TXN0004630,M0228,431.69,card,android,IN-MH,702,503,2,9,177.6,0.1007,0,0,0,0,1,0
TXN0004631,M0355,302.65,upi,android,IN-DL,324,227,1,5,173.1,0.2635,2,0,0,0,0,0
TXN0004632,M0097,199.88,card,web,IN-MH,478,1386,7,12,132.6,0.2701,1,0,0,0,0,0
TXN0004633,M0064,415.1,card,android,IN-GJ,1232,340,3,7,192.0,0.342,1,0,0,0,1,0
TXN0004634,M0216,176.2,netbanking,ios,IN-KA,501,1104,4,10,67.3,0.3137,1,0,0,0,0,0
TXN0004635,M0192,650.17,wallet,web,IN-WB,1467,1148,2,12,66.9,0.2425,0,0,0,0,1,0
TXN0004636,M0253,61.8,upi,ios,IN-KA,69,149,3,6,38.7,0.2686,1,0,0,0,0,0
TXN0004637,M0204,508.17,netbanking,ios,IN-KA,592,1099,1,7,50.8,0.1805,1,0,0,0,0,0
TXN0004638,M0279,125.24,upi,web,IN-TN,457,396,3,9,121.1,0.5586,2,0,0,0,0,0
TXN0004639,M0341,355.1,card,web,IN-GJ,834,797,5,15,24.3,0.3962,0,0,0,0,0,1
TXN0004640,M0252,37.38,card,api,IN-WB,714,1198,1,5,7.6,0.3039,0,0,0,0,0,0
TXN0004641,M0188,235.72,card,web,IN-MH,997,1200,4,12,211.5,0.1802,0,0,0,0,1,0
TXN0004642,M0212,154.75,upi,ios,IN-TN,592,895,1,7,96.4,0.3189,0,0,0,0,0,0
TXN0004643,M0390,172.02,card,web,IN-TN,361,441,2,9,108.6,0.0635,1,0,0,0,0,0
TXN0004644,M0319,30.74,netbanking,android,IN-TN,1159,31,4,10,8.9,0.6279,2,1,0,0,0,1
TXN0004645,M0195,186.02,upi,android,IN-TN,533,416,2,9,64.2,0.1613,1,0,0,0,0,0
TXN0004646,M0076,204.93,upi,ios,IN-MH,1577,976,3,7,38.4,0.0957,2,0,0,0,0,0
TXN0004647,M0165,30.31,upi,android,IN-UP,1733,592,2,5,40.2,0.2623,0,0,0,0,0,0
TXN0004648,M0191,56.95,card,api,IN-MH,416,390,2,6,45.4,0.2643,0,0,0,0,0,0
TXN0004649,M0163,210.74,card,android,IN-KA,493,931,0,8,115.6,0.3123,3,0,0,0,0,0
TXN0004650,M0155,270.39,upi,ios,IN-UP,1714,984,2,11,27.1,0.2826,2,0,0,0,0,1
TXN0004651,M0224,171.12,card,web,IN-DL,1462,291,6,14,60.8,0.368,3,0,0,0,0,1
TXN0004652,M0114,188.27,wallet,android,IN-DL,806,229,2,8,103.5,0.2554,2,0,0,0,0,0
TXN0004653,M0146,184.91,card,ios,IN-KA,963,283,5,12,81.8,0.3932,1,0,0,0,1,1
TXN0004654,M0125,104.39,upi,api,IN-GJ,437,1423,3,5,28.0,0.0742,1,0,0,0,0,0
TXN0004655,M0162,150.61,card,web,IN-UP,1162,1283,4,12,103.7,0.2751,0,0,0,0,0,0
TXN0004656,M0126,44.32,upi,ios,IN-GJ,1687,748,4,9,33.5,0.1958,1,0,0,0,0,0
TXN0004657,M0388,100.31,upi,android,IN-KA,823,442,6,18,14.6,0.5721,2,0,0,0,1,0
TXN0004658,M0151,172.52,card,android,IN-TN,782,141,2,7,79.1,0.2868,0,0,0,0,1,0
TXN0004659,M0020,619.49,card,web,IN-GJ,1059,91,1,9,199.0,0.4514,1,0,0,0,0,0
TXN0004660,M0279,159.38,netbanking,web,IN-KA,1478,1466,1,7,41.5,0.2508,2,0,0,0,0,0
TXN0004661,M0027,1414.31,upi,ios,IN-KA,972,331,4,9,52.3,0.2769,2,0,0,0,0,0
TXN0004662,M0278,1240.06,card,web,IN-DL,796,1042,1,8,27.8,0.4279,3,0,0,0,0,1
TXN0004663,M0010,192.99,wallet,ios,IN-DL,867,246,4,10,63.0,0.2031,0,0,0,0,0,0
TXN0004664,M0212,119.01,netbanking,web,IN-TN,24,1400,1,6,114.1,0.452,2,1,0,0,0,0
TXN0004665,M0138,1735.38,netbanking,android,IN-TN,1445,1086,4,9,51.9,0.3169,2,0,0,0,0,0
TXN0004666,M0365,379.54,card,ios,IN-TN,642,1454,3,11,130.8,0.3628,2,0,0,0,0,0
TXN0004667,M0021,279.1,card,web,IN-GJ,1584,131,3,13,98.2,0.6718,3,0,0,0,0,1
TXN0004668,M0069,87.48,card,android,IN-DL,668,396,1,6,66.7,0.4047,0,0,0,0,0,0
TXN0004669,M0237,117.38,wallet,web,IN-DL,460,859,2,3,102.7,0.1171,1,0,0,0,0,0
TXN0004670,M0052,66.19,wallet,ios,IN-TN,1592,1272,4,9,24.5,0.3842,3,0,0,0,1,0
TXN0004671,M0126,797.08,card,android,IN-GJ,245,1298,1,7,22.1,0.4398,0,0,0,0,0,1
TXN0004672,M0233,297.23,upi,web,IN-WB,1400,325,2,8,10.3,0.1585,0,0,0,0,0,0
TXN0004673,M0031,131.98,card,web,IN-MH,1460,1022,1,8,53.3,0.2577,0,0,0,0,0,0
TXN0004674,M0266,112.24,card,api,IN-WB,400,1073,1,4,9.1,0.1041,3,0,0,0,0,0
TXN0004675,M0352,66.8,upi,android,IN-DL,382,983,3,8,16.0,0.136,0,0,0,0,0,0
TXN0004676,M0074,167.86,card,api,IN-TN,600,1221,1,4,63.1,0.1221,0,0,0,0,0,0
TXN0004677,M0375,213.51,upi,web,IN-WB,1559,76,2,8,43.0,0.3215,3,0,0,0,0,0
TXN0004678,M0293,18.49,card,web,IN-KA,620,559,1,3,49.6,0.2396,1,0,0,0,0,1
TXN0004679,M0007,68.63,card,web,IN-TN,185,739,3,9,30.0,0.1152,3,0,0,0,0,0
TXN0004680,M0112,91.51,upi,android,IN-UP,729,205,2,7,110.2,0.6848,0,0,0,0,0,0
TXN0004681,M0392,532.96,upi,android,IN-KA,164,1017,2,5,49.0,0.4661,3,0,0,0,0,1
TXN0004682,M0110,103.46,card,web,IN-DL,959,1430,2,3,32.7,0.1393,0,0,0,0,0,0
TXN0004683,M0374,29.92,upi,api,IN-WB,327,497,3,7,83.8,0.3034,2,0,0,0,0,0
TXN0004684,M0069,59.86,card,ios,IN-GJ,502,226,4,11,84.1,0.5985,2,0,0,0,0,0
TXN0004685,M0279,1009.69,card,ios,IN-MH,22,303,2,7,12.1,0.4561,2,0,0,0,0,0
TXN0004686,M0354,123.99,upi,android,IN-GJ,37,276,3,9,13.8,0.4709,0,0,0,0,0,0
TXN0004687,M0176,63.72,netbanking,android,IN-MH,1345,1382,2,11,41.6,0.452,0,1,0,0,0,0
TXN0004688,M0027,33.76,wallet,web,IN-KA,1661,416,1,4,73.4,0.2645,0,0,0,0,0,0
TXN0004689,M0280,184.45,card,api,IN-KA,715,388,8,13,80.1,0.37,3,0,0,0,0,1
TXN0004690,M0298,204.94,card,web,IN-GJ,33,707,0,8,43.0,0.2554,0,0,0,0,0,0
TXN0004691,M0399,279.8,upi,api,IN-GJ,1701,1318,3,7,10.8,0.5465,3,1,0,0,1,0
TXN0004692,M0120,2750.98,upi,android,IN-DL,737,109,3,9,38.3,0.406,1,0,0,0,0,1
TXN0004693,M0368,52.28,upi,web,IN-DL,658,786,3,5,54.2,0.0825,0,0,0,0,0,0
TXN0004694,M0159,124.43,upi,android,IN-DL,1427,504,1,6,61.2,0.417,1,1,0,0,1,0
TXN0004695,M0298,241.14,upi,web,IN-MH,1265,492,1,7,12.7,0.5504,4,0,0,0,0,0
TXN0004696,M0103,116.21,upi,api,IN-UP,1328,911,6,10,9.7,0.4206,2,0,0,0,0,1
TXN0004697,M0196,22.81,netbanking,ios,IN-TN,1229,257,5,7,57.1,0.1493,0,0,0,0,0,0
TXN0004698,M0259,300.15,upi,android,IN-GJ,35,589,0,9,81.0,0.326,1,1,0,0,0,0
TXN0004699,M0128,95.74,upi,android,IN-DL,585,1065,2,8,12.2,0.2555,3,0,0,0,0,0
TXN0004700,M0352,62.12,upi,web,IN-GJ,1218,1459,3,21,3.2,0.4474,1,0,0,0,0,0
TXN0004701,M0058,73.66,card,web,IN-GJ,1606,1345,3,12,73.8,0.2068,2,0,0,0,1,0
TXN0004702,M0253,849.05,card,api,IN-UP,1139,308,3,5,77.1,0.509,3,0,0,0,0,1
TXN0004703,M0326,659.83,netbanking,ios,IN-DL,716,1258,4,8,36.1,0.3466,0,0,0,0,0,0
TXN0004704,M0225,60.45,card,ios,IN-KA,1606,562,2,8,21.4,0.3997,2,0,0,0,0,0
TXN0004705,M0170,31.85,upi,web,IN-GJ,992,984,1,6,75.2,0.1108,0,0,0,0,0,0
TXN0004706,M0200,442.0,card,web,IN-DL,237,1472,0,1,58.2,0.2987,3,0,0,0,0,0
TXN0004707,M0336,1409.74,card,web,IN-MH,717,474,1,10,44.0,0.2174,1,0,0,0,0,0
TXN0004708,M0255,1855.01,netbanking,android,IN-UP,1523,1427,7,11,31.5,0.35,1,0,0,0,0,0
TXN0004709,M0204,43.68,card,ios,IN-MH,784,1063,3,14,104.6,0.2959,1,0,0,0,0,0
TXN0004710,M0157,699.81,card,web,IN-KA,992,357,4,8,56.4,0.1782,2,0,0,0,1,0
TXN0004711,M0287,179.04,upi,android,IN-WB,99,1047,0,13,106.0,0.4935,3,0,0,0,0,0
TXN0004712,M0322,26.13,upi,android,IN-WB,1184,1440,2,12,94.6,0.5932,0,0,0,0,0,0
TXN0004713,M0211,76.2,upi,ios,IN-GJ,559,360,4,15,147.1,0.3306,0,0,0,0,0,0
TXN0004714,M0209,82.04,card,android,IN-GJ,168,1017,0,9,22.4,0.1729,2,0,0,0,0,0
TXN0004715,M0156,289.58,card,web,IN-TN,1707,892,0,3,85.0,0.3827,4,0,0,0,0,0
TXN0004716,M0221,45.88,wallet,web,IN-KA,737,633,4,16,199.9,0.3406,2,0,0,0,0,1
TXN0004717,M0095,462.65,upi,api,IN-KA,1496,774,3,8,48.1,0.2353,2,0,0,0,1,0
TXN0004718,M0024,289.58,upi,web,IN-DL,1262,504,2,7,68.7,0.5044,3,0,0,0,1,0
TXN0004719,M0168,499.21,card,web,IN-UP,1584,192,2,5,107.9,0.061,0,0,0,0,0,0
TXN0004720,M0280,93.01,card,android,IN-TN,779,1079,2,7,115.6,0.581,0,0,0,0,0,0
TXN0004721,M0304,267.59,upi,web,IN-MH,1283,1182,4,8,70.6,0.4921,0,0,0,0,0,0
TXN0004722,M0246,63.88,card,web,IN-WB,1687,848,2,8,76.1,0.3541,0,0,0,0,0,0
TXN0004723,M0377,354.13,card,ios,IN-KA,1176,774,3,5,51.9,0.1559,2,0,0,0,1,1
TXN0004724,M0186,141.97,netbanking,android,IN-GJ,1192,1072,2,11,46.6,0.2104,1,0,0,0,0,0
TXN0004725,M0297,156.61,card,api,IN-MH,1617,974,1,11,122.0,0.4668,1,0,0,0,0,0
TXN0004726,M0196,174.21,card,web,IN-UP,638,1355,2,7,19.0,0.4651,3,0,0,0,0,0
TXN0004727,M0117,31.55,upi,web,IN-KA,968,967,3,9,39.9,0.4151,0,0,0,0,0,0
TXN0004728,M0280,591.58,card,api,IN-KA,1314,146,2,8,37.2,0.2674,1,0,0,0,0,0
TXN0004729,M0160,195.55,upi,web,IN-WB,1648,606,4,15,34.1,0.3646,3,0,0,0,0,0
TXN0004730,M0251,593.96,netbanking,android,IN-MH,1435,783,2,7,93.4,0.3323,1,0,0,0,0,0
TXN0004731,M0098,551.75,card,web,IN-GJ,747,1478,3,6,71.8,0.2732,1,0,0,0,0,1
TXN0004732,M0010,79.81,card,android,IN-GJ,1417,1351,4,9,64.5,0.238,0,0,0,0,0,0
TXN0004733,M0188,137.43,wallet,web,IN-KA,1076,414,2,4,29.4,0.2725,1,0,0,0,1,0
TXN0004734,M0389,38.17,upi,web,IN-UP,821,211,4,9,10.5,0.3857,0,0,0,0,0,1
TXN0004735,M0188,613.34,upi,api,IN-UP,849,1432,3,11,75.1,0.3889,0,0,0,0,0,0
TXN0004736,M0350,249.03,upi,api,IN-KA,1366,911,1,4,26.4,0.3078,1,0,0,0,0,0
TXN0004737,M0174,220.11,upi,android,IN-TN,35,340,1,1,206.0,0.2602,0,0,0,0,0,0
TXN0004738,M0200,136.58,netbanking,android,IN-TN,1709,934,2,11,26.7,0.3201,2,0,0,0,0,0
TXN0004739,M0046,68.25,upi,android,IN-GJ,358,44,3,9,86.4,0.2396,1,0,0,0,0,0
TXN0004740,M0064,649.15,upi,android,IN-UP,1250,718,1,7,57.7,0.2909,1,0,0,0,1,0
TXN0004741,M0194,1337.34,upi,android,IN-TN,1670,843,2,12,37.9,0.5593,1,0,0,0,0,1
TXN0004742,M0190,674.86,upi,ios,IN-UP,376,1107,2,5,31.7,0.3266,0,0,0,0,1,0
TXN0004743,M0185,152.26,card,ios,IN-MH,1076,962,4,8,30.3,0.0846,1,0,0,0,1,0
TXN0004744,M0234,265.9,upi,ios,IN-UP,966,904,3,11,75.1,0.7821,4,0,0,0,0,0
TXN0004745,M0109,524.73,card,api,IN-GJ,84,17,2,5,51.5,0.1391,1,0,0,0,1,0
TXN0004746,M0369,197.76,card,android,IN-GJ,1163,668,2,5,121.3,0.5519,1,0,0,0,0,0
TXN0004747,M0095,1258.36,card,web,IN-MH,1741,1305,3,7,29.0,0.4106,2,0,0,0,1,0
TXN0004748,M0188,627.24,netbanking,android,IN-KA,1606,79,2,6,44.4,0.2437,1,0,0,0,0,0
TXN0004749,M0059,2917.39,netbanking,ios,IN-TN,1670,31,2,9,114.9,0.1447,2,0,0,0,0,1
TXN0004750,M0373,218.59,card,api,IN-UP,879,15,4,11,22.5,0.3648,1,0,0,0,1,0
TXN0004751,M0277,16.09,upi,ios,IN-WB,1281,997,2,6,59.4,0.547,0,0,0,0,0,0
TXN0004752,M0052,193.41,upi,web,IN-MH,427,1354,1,7,93.0,0.2423,3,1,0,0,1,0
TXN0004753,M0228,123.14,upi,web,IN-UP,510,187,5,14,150.2,0.4304,1,0,0,0,0,0
TXN0004754,M0002,213.94,upi,api,IN-WB,1675,1342,5,13,93.9,0.3969,1,0,0,0,0,0
TXN0004755,M0288,1070.63,upi,api,IN-TN,531,845,4,12,85.6,0.1667,0,0,0,0,0,1
TXN0004756,M0308,104.7,card,ios,IN-TN,1300,1091,0,8,73.7,0.18,3,0,0,0,0,0
TXN0004757,M0384,78.36,netbanking,android,IN-UP,1557,64,0,5,64.3,0.2073,2,0,0,0,0,0
TXN0004758,M0034,94.27,upi,web,IN-MH,1132,1224,1,6,102.8,0.3997,2,0,0,0,0,0
TXN0004759,M0171,1551.68,card,api,IN-UP,110,392,4,12,72.7,0.1423,2,0,0,0,0,1
TXN0004760,M0343,113.54,upi,android,IN-GJ,1711,995,1,5,141.1,0.338,1,0,0,0,1,0
TXN0004761,M0148,233.32,card,android,IN-TN,428,934,4,9,37.7,0.2534,1,1,0,0,0,0
TXN0004762,M0264,1140.73,upi,android,IN-KA,1784,292,2,3,78.9,0.4113,0,0,0,0,0,0
TXN0004763,M0317,349.52,netbanking,web,IN-MH,300,547,1,8,58.6,0.4048,1,0,0,0,0,0
TXN0004764,M0322,18.89,upi,web,IN-WB,623,1328,1,8,71.5,0.1966,2,0,0,0,0,0
TXN0004765,M0194,111.03,upi,web,IN-DL,1289,767,4,9,40.6,0.4849,3,0,0,0,0,0
TXN0004766,M0017,93.7,wallet,ios,IN-DL,96,260,5,15,129.3,0.4033,3,0,0,0,1,1
TXN0004767,M0119,31.51,card,api,IN-MH,687,1320,3,12,14.8,0.2734,1,0,0,0,0,0
TXN0004768,M0038,111.8,netbanking,api,IN-TN,1622,227,2,5,82.2,0.2444,1,0,0,0,0,1
TXN0004769,M0134,11.83,card,android,IN-WB,1648,713,0,3,135.8,0.4599,0,0,0,0,0,0
TXN0004770,M0122,249.13,wallet,api,IN-UP,976,1129,1,6,76.0,0.2346,1,0,0,0,1,0
TXN0004771,M0109,181.34,card,web,IN-UP,1445,576,3,5,140.9,0.1722,1,0,0,0,1,0
TXN0004772,M0312,88.66,card,web,IN-TN,1428,1331,5,7,40.2,0.4042,1,0,0,0,0,0
TXN0004773,M0363,29.47,card,api,IN-WB,1772,485,2,5,58.9,0.2121,1,0,0,0,0,0
TXN0004774,M0278,725.93,netbanking,ios,IN-MH,779,1478,1,8,76.3,0.2952,3,1,0,0,0,0
TXN0004775,M0028,101.96,card,api,IN-MH,538,1049,3,5,39.1,0.1199,3,0,0,0,0,0
TXN0004776,M0215,539.44,wallet,web,IN-KA,1579,138,1,7,187.1,0.1847,0,0,0,0,1,0
TXN0004777,M0389,158.72,netbanking,web,IN-TN,855,1047,3,3,32.6,0.25,1,0,0,0,1,0
TXN0004778,M0179,774.55,upi,android,IN-WB,1078,609,1,6,15.5,0.365,0,0,0,0,0,0
TXN0004779,M0199,322.92,upi,web,IN-GJ,1188,628,3,8,131.1,0.1761,3,0,0,0,0,0
TXN0004780,M0391,201.23,card,web,IN-GJ,1442,337,5,12,85.8,0.2925,1,0,0,0,1,0
TXN0004781,M0335,77.73,netbanking,web,IN-KA,1754,145,3,8,46.2,0.1121,1,0,0,0,0,0
TXN0004782,M0119,659.84,card,web,IN-DL,664,260,4,6,16.5,0.3353,4,0,0,0,1,1
TXN0004783,M0044,146.57,upi,web,IN-MH,621,1201,6,11,116.8,0.5247,2,0,0,0,0,1
TXN0004784,M0367,79.68,card,ios,IN-GJ,1583,181,2,8,23.6,0.4896,1,0,0,0,0,0
TXN0004785,M0086,153.81,card,web,IN-WB,588,1239,8,14,43.6,0.3108,2,0,0,0,1,0
TXN0004786,M0144,171.88,card,ios,IN-UP,1170,1278,5,9,73.1,0.2532,2,0,0,0,0,1
TXN0004787,M0095,431.42,upi,web,IN-WB,1128,1009,6,13,80.9,0.6037,1,0,0,0,0,0
TXN0004788,M0389,27.41,wallet,android,IN-DL,790,280,1,8,99.3,0.4617,1,0,0,0,0,1
TXN0004789,M0009,1950.94,netbanking,web,IN-KA,1197,1183,3,6,54.4,0.2698,0,0,0,0,0,0
TXN0004790,M0157,286.09,card,ios,IN-GJ,1297,1050,2,7,97.5,0.2131,0,0,0,0,0,0
TXN0004791,M0297,177.16,card,api,IN-DL,340,341,3,10,219.7,0.299,1,0,0,0,0,0
TXN0004792,M0398,280.61,card,android,IN-WB,337,500,4,9,57.1,0.3217,4,0,0,0,0,0
TXN0004793,M0081,38.92,netbanking,web,IN-DL,818,577,2,9,122.7,0.4931,1,0,0,0,0,0
TXN0004794,M0197,203.77,wallet,web,IN-GJ,1550,256,4,6,106.9,0.1211,1,0,0,0,0,0
TXN0004795,M0137,344.92,netbanking,web,IN-MH,679,21,1,8,137.6,0.2457,1,0,0,0,0,0
TXN0004796,M0057,134.07,upi,android,IN-WB,843,458,5,9,8.9,0.406,2,0,0,0,1,0
TXN0004797,M0025,303.85,upi,web,IN-UP,758,220,2,9,98.7,0.5958,3,1,0,0,0,1
TXN0004798,M0176,397.84,upi,web,IN-GJ,1422,332,1,11,46.8,0.2063,2,0,0,0,0,0
TXN0004799,M0151,86.88,netbanking,api,IN-WB,253,592,2,9,29.7,0.2926,3,0,0,0,0,0
TXN0004800,M0046,627.49,upi,ios,IN-TN,1087,999,3,4,58.4,0.2613,3,0,0,0,0,1
TXN0004801,M0080,169.47,card,web,IN-KA,1167,1394,3,8,91.6,0.2807,1,0,0,0,0,0
TXN0004802,M0203,1211.34,upi,web,IN-TN,370,672,2,11,72.3,0.5678,1,0,0,0,0,0
TXN0004803,M0091,666.73,card,android,IN-DL,338,1447,5,12,51.6,0.3201,1,0,0,0,0,1
TXN0004804,M0391,270.26,netbanking,android,IN-KA,1271,559,1,7,99.0,0.2243,2,0,0,0,0,0
TXN0004805,M0126,79.93,upi,android,IN-GJ,46,1041,1,3,45.4,0.1818,1,0,0,0,0,0
TXN0004806,M0084,161.0,card,api,IN-WB,387,143,3,5,25.6,0.4061,0,0,0,0,0,0
TXN0004807,M0246,493.14,upi,web,IN-TN,893,631,1,4,15.7,0.2437,2,0,0,0,0,0
TXN0004808,M0324,102.86,card,web,IN-GJ,6,487,2,8,35.4,0.3879,4,0,0,1,0,0
TXN0004809,M0330,277.67,card,api,IN-MH,70,503,1,6,121.6,0.1817,0,0,0,0,1,0
TXN0004810,M0129,310.88,card,web,IN-GJ,1135,1267,4,11,14.4,0.4017,1,0,0,0,0,0
TXN0004811,M0364,160.85,netbanking,web,IN-MH,1199,321,3,9,8.9,0.3226,1,0,0,0,0,0
TXN0004812,M0128,79.14,card,api,IN-KA,1718,22,1,4,139.1,0.4988,0,0,0,0,0,0
TXN0004813,M0033,889.4,upi,api,IN-DL,1070,697,2,11,95.8,0.5168,0,0,0,0,0,0
TXN0004814,M0371,289.46,upi,api,IN-GJ,206,375,1,4,27.9,0.0946,2,0,0,0,0,0
TXN0004815,M0242,133.1,card,android,IN-GJ,1020,579,6,11,12.5,0.4775,4,0,0,0,0,1
TXN0004816,M0172,81.68,card,web,IN-KA,45,990,1,4,221.8,0.4136,0,0,0,0,0,0
TXN0004817,M0151,442.07,wallet,ios,IN-TN,172,616,3,9,131.1,0.2176,2,0,0,0,0,0
TXN0004818,M0138,167.93,upi,web,IN-MH,390,1155,3,6,65.5,0.2419,4,0,0,0,0,0
TXN0004819,M0214,478.38,upi,android,IN-WB,223,1100,2,11,87.2,0.399,1,0,0,0,0,0
TXN0004820,M0243,71.58,netbanking,ios,IN-KA,1753,327,3,17,76.5,0.3013,4,1,0,0,0,1
TXN0004821,M0170,243.61,upi,web,IN-TN,1198,696,5,14,51.5,0.2352,0,0,0,0,1,0
TXN0004822,M0289,111.4,card,android,IN-WB,1054,824,5,19,78.7,0.4672,1,0,0,0,0,0
TXN0004823,M0116,1027.05,netbanking,android,IN-MH,58,1221,3,8,131.0,0.1736,2,0,0,0,0,0
TXN0004824,M0220,260.13,card,api,IN-MH,252,191,1,8,18.7,0.3997,2,0,0,0,0,0
TXN0004825,M0204,66.5,card,android,IN-WB,209,878,3,6,21.2,0.3406,4,1,0,0,0,0
TXN0004826,M0155,458.48,upi,android,IN-KA,1121,872,3,8,154.6,0.4111,2,0,0,0,0,0
TXN0004827,M0029,618.73,upi,web,IN-MH,1375,432,3,6,145.6,0.7529,0,0,0,0,1,0
TXN0004828,M0039,128.5,upi,ios,IN-WB,1099,1367,3,8,126.0,0.0423,1,0,0,0,0,0
TXN0004829,M0381,80.09,card,ios,IN-KA,301,144,0,4,100.8,0.4204,1,0,0,0,0,0
TXN0004830,M0029,19.89,wallet,api,IN-GJ,471,1302,1,9,41.0,0.2877,1,0,0,0,0,0
TXN0004831,M0226,541.18,upi,ios,IN-TN,892,971,0,5,37.5,0.1366,0,0,0,0,0,0
TXN0004832,M0298,31.19,upi,android,IN-WB,794,197,6,15,28.5,0.4794,2,0,0,0,0,0
TXN0004833,M0232,171.5,card,ios,IN-TN,178,1056,2,10,163.6,0.5567,3,0,0,0,0,0
TXN0004834,M0298,32.06,card,web,IN-DL,774,753,3,12,55.7,0.4389,0,0,0,0,0,0
TXN0004835,M0385,1090.03,card,web,IN-TN,423,193,2,6,44.6,0.1827,0,0,0,0,0,1
TXN0004836,M0398,683.69,wallet,android,IN-KA,352,616,1,3,5.1,0.2517,1,0,0,0,1,0
TXN0004837,M0360,243.01,upi,android,IN-WB,1582,1450,4,9,179.1,0.3876,0,0,0,0,0,0
TXN0004838,M0004,513.2,upi,web,IN-MH,223,1404,1,8,161.3,0.2365,1,0,0,0,0,0
TXN0004839,M0029,157.71,card,api,IN-TN,1356,183,3,7,13.4,0.2049,1,0,0,0,0,0
TXN0004840,M0286,78.9,upi,ios,IN-WB,94,359,2,6,74.3,0.1806,1,1,0,0,1,0
TXN0004841,M0352,33.67,upi,android,IN-TN,340,670,1,5,15.6,0.2488,3,0,0,0,1,0
TXN0004842,M0375,397.4,card,web,IN-WB,1593,1382,2,9,73.6,0.2095,2,0,0,0,1,1
TXN0004843,M0133,65.6,upi,android,IN-DL,386,85,3,8,111.4,0.4007,0,0,0,0,0,0
TXN0004844,M0174,2251.84,card,web,IN-DL,107,1123,1,9,52.2,0.3503,1,0,0,0,0,0
TXN0004845,M0167,59.18,upi,android,IN-KA,853,557,2,6,34.6,0.4381,2,0,0,0,1,0
TXN0004846,M0295,495.23,card,ios,IN-GJ,440,663,2,8,128.6,0.205,1,0,0,0,0,0
TXN0004847,M0177,644.81,upi,api,IN-UP,1138,850,1,5,34.4,0.1899,1,0,0,0,1,0
TXN0004848,M0398,47.14,card,web,IN-GJ,1000,695,5,13,137.9,0.5191,3,0,0,0,0,0
TXN0004849,M0314,114.81,card,ios,IN-TN,1048,561,3,9,57.5,0.3982,1,0,0,0,0,0
TXN0004850,M0360,143.03,card,ios,IN-KA,73,1494,3,11,31.2,0.5181,0,0,0,0,0,0
TXN0004851,M0134,5857.97,card,web,IN-UP,513,1430,4,11,15.5,0.1146,1,0,0,0,0,1
TXN0004852,M0301,140.84,upi,web,IN-UP,71,1051,2,8,30.5,0.3949,6,0,0,0,0,0
TXN0004853,M0268,57.67,wallet,ios,IN-TN,1704,1428,3,5,54.3,0.2845,1,0,0,0,1,1
TXN0004854,M0309,294.33,upi,web,IN-TN,169,540,3,9,72.2,0.2312,1,0,0,0,0,1
TXN0004855,M0176,63.15,card,web,IN-TN,1503,694,1,4,66.2,0.2986,2,0,0,0,1,0
TXN0004856,M0009,169.26,card,android,IN-UP,1572,913,3,4,63.8,0.2497,0,0,0,0,0,0
TXN0004857,M0354,114.21,upi,web,IN-WB,1173,646,3,7,213.9,0.412,3,0,0,0,0,0
TXN0004858,M0069,302.16,card,android,IN-MH,1455,417,1,6,38.0,0.2025,2,0,0,0,0,0
TXN0004859,M0315,102.69,netbanking,ios,IN-DL,1634,1328,2,8,81.3,0.2974,4,0,0,0,0,0
TXN0004860,M0175,89.73,upi,api,IN-MH,1617,1238,1,7,11.8,0.3392,1,0,0,0,1,0
TXN0004861,M0100,529.53,card,web,IN-KA,529,310,4,12,64.5,0.3644,2,1,0,0,0,1
TXN0004862,M0212,240.33,upi,web,IN-MH,1377,67,1,8,212.0,0.3676,3,0,0,0,0,0
TXN0004863,M0304,185.16,netbanking,web,IN-WB,540,108,5,14,45.7,0.4201,3,0,0,0,0,0
TXN0004864,M0236,26.26,upi,web,IN-MH,233,1388,2,8,45.4,0.3568,1,0,0,0,0,0
TXN0004865,M0308,335.22,upi,web,IN-MH,556,117,2,8,31.1,0.3586,4,0,0,0,1,0
TXN0004866,M0132,112.43,netbanking,android,IN-MH,1698,351,3,15,16.5,0.4091,3,0,0,0,1,0
TXN0004867,M0043,237.79,upi,ios,IN-UP,289,737,2,5,59.3,0.0706,1,0,0,0,0,0
TXN0004868,M0146,28.46,upi,ios,IN-KA,1048,939,4,8,50.9,0.0809,1,0,0,0,0,0
TXN0004869,M0381,237.5,upi,api,IN-UP,252,389,2,6,33.7,0.3672,7,0,0,0,0,0
TXN0004870,M0162,218.34,netbanking,android,IN-DL,851,1304,0,2,66.4,0.3589,0,0,0,0,0,0
TXN0004871,M0394,143.08,upi,ios,IN-TN,1636,1222,0,6,74.7,0.2929,2,0,0,0,0,0
TXN0004872,M0392,74.21,card,web,IN-UP,1711,907,2,9,128.9,0.2664,2,0,0,0,0,0
TXN0004873,M0237,577.67,card,android,IN-WB,1544,985,3,4,5.9,0.3222,1,0,0,0,0,0
TXN0004874,M0013,85.32,wallet,android,IN-KA,1503,599,4,13,359.4,0.1026,2,0,0,0,0,0
TXN0004875,M0195,447.27,wallet,web,IN-GJ,988,538,2,3,25.0,0.28,1,0,0,0,0,0
TXN0004876,M0186,512.92,upi,web,IN-DL,64,818,5,13,133.5,0.4122,3,0,0,0,0,1
TXN0004877,M0021,78.31,upi,api,IN-KA,1189,436,0,7,141.4,0.3453,2,0,0,0,1,0
TXN0004878,M0257,380.32,wallet,android,IN-GJ,807,1352,0,8,128.0,0.4557,4,0,0,0,0,1
TXN0004879,M0258,117.13,card,api,IN-KA,430,595,2,6,67.2,0.1257,0,0,0,0,1,0
TXN0004880,M0116,340.86,upi,android,IN-KA,1267,578,0,7,21.3,0.1742,1,0,0,0,0,0
TXN0004881,M0347,70.6,upi,api,IN-KA,42,673,6,13,68.9,0.2172,1,0,0,0,1,0
TXN0004882,M0148,160.43,card,android,IN-MH,276,1060,0,2,53.2,0.3457,1,0,0,0,0,0
TXN0004883,M0335,194.42,upi,web,IN-UP,795,318,3,8,63.1,0.2124,1,0,0,0,0,0
TXN0004884,M0006,174.79,upi,android,IN-MH,330,8,1,7,43.2,0.2547,4,0,0,0,0,0
TXN0004885,M0336,263.53,upi,android,IN-TN,1205,1353,1,7,50.3,0.3718,1,0,0,0,0,0
TXN0004886,M0017,80.17,card,web,IN-WB,1438,236,2,7,10.8,0.2198,0,0,0,0,0,0
TXN0004887,M0389,103.61,card,android,IN-MH,1224,264,0,3,70.7,0.0349,0,0,0,0,0,0
TXN0004888,M0333,367.53,card,web,IN-KA,230,316,2,7,52.6,0.3942,0,1,0,0,0,0
TXN0004889,M0047,119.18,netbanking,ios,IN-DL,1088,635,2,10,30.5,0.3672,4,0,0,0,0,0
TXN0004890,M0212,109.47,upi,android,IN-DL,1688,481,1,2,45.5,0.1967,2,0,0,0,1,0
TXN0004891,M0219,77.57,card,web,IN-WB,1665,1167,1,5,38.9,0.3408,0,0,0,0,0,0
TXN0004892,M0139,113.63,upi,web,IN-TN,294,429,3,6,39.0,0.3436,2,0,0,0,0,0
TXN0004893,M0260,64.45,upi,android,IN-WB,377,1159,2,5,35.6,0.0777,1,0,0,0,0,0
TXN0004894,M0233,373.25,netbanking,ios,IN-TN,317,530,3,7,35.5,0.258,1,1,0,0,0,1
TXN0004895,M0019,114.88,card,api,IN-WB,475,1,3,9,45.2,0.3419,0,0,1,0,1,0
TXN0004896,M0247,60.9,upi,api,IN-GJ,1632,131,3,8,11.8,0.0479,0,0,0,0,0,0
TXN0004897,M0389,146.91,netbanking,api,IN-GJ,144,1132,2,7,16.6,0.2028,0,0,0,0,1,0
TXN0004898,M0002,44.54,wallet,web,IN-WB,1006,969,7,11,75.5,0.3392,1,0,0,0,0,0
TXN0004899,M0344,76.49,upi,ios,IN-GJ,1685,805,0,6,52.6,0.2309,3,0,0,0,0,0
TXN0004900,M0011,697.46,card,ios,IN-WB,1485,435,3,5,59.5,0.166,1,0,0,0,0,0
TXN0004901,M0280,60.63,upi,web,IN-GJ,818,154,1,2,88.6,0.2098,2,0,0,0,0,0
TXN0004902,M0261,155.95,upi,android,IN-UP,963,756,7,15,111.2,0.3578,5,0,0,0,0,1
TXN0004903,M0386,1634.92,card,web,IN-KA,723,1232,4,8,75.3,0.1908,0,0,0,0,1,1
TXN0004904,M0195,230.95,card,web,IN-KA,1201,536,5,11,64.2,0.3691,3,0,0,0,1,0
TXN0004905,M0386,108.0,upi,android,IN-GJ,1774,472,0,3,15.8,0.2355,2,0,0,0,0,0
TXN0004906,M0179,24.66,card,android,IN-WB,1049,1103,3,9,41.0,0.253,1,0,0,0,0,0
TXN0004907,M0386,212.7,netbanking,android,IN-DL,770,786,8,17,9.7,0.1685,0,0,0,0,1,1
TXN0004908,M0043,83.53,card,web,IN-TN,1624,664,2,10,71.2,0.2359,2,1,0,0,0,0
TXN0004909,M0375,314.43,card,api,IN-KA,603,983,4,17,70.6,0.3143,3,0,0,0,0,0
TXN0004910,M0268,91.53,upi,ios,IN-KA,115,363,1,6,109.2,0.2361,1,0,0,0,0,0
TXN0004911,M0134,237.49,wallet,android,IN-WB,376,984,1,7,45.9,0.2952,2,0,0,0,0,0
TXN0004912,M0021,764.58,upi,android,IN-DL,1177,208,2,9,93.7,0.1698,3,0,0,0,0,0
TXN0004913,M0357,352.21,card,api,IN-GJ,792,243,2,7,60.6,0.8115,5,0,0,0,0,1
TXN0004914,M0332,48.16,upi,android,IN-WB,1607,1266,0,9,123.2,0.345,1,0,0,0,0,0
TXN0004915,M0059,196.75,card,api,IN-UP,1234,828,3,18,91.6,0.4439,2,0,0,0,0,0
TXN0004916,M0246,471.74,card,android,IN-TN,1034,92,4,9,52.1,0.1955,1,0,0,0,0,0
TXN0004917,M0138,39.38,card,api,IN-WB,1645,950,3,7,116.0,0.1606,0,0,0,0,0,0
TXN0004918,M0300,972.8,card,web,IN-WB,1339,1223,2,6,161.2,0.1486,1,0,0,0,0,1
TXN0004919,M0209,207.24,upi,web,IN-UP,345,576,5,11,150.5,0.2998,0,0,0,0,1,1
TXN0004920,M0229,320.35,card,web,IN-DL,1276,1461,3,10,65.6,0.4796,3,0,0,0,0,1
TXN0004921,M0290,127.63,upi,android,IN-WB,1246,407,5,12,150.3,0.4438,0,0,0,0,0,0
TXN0004922,M0395,188.53,card,ios,IN-KA,1686,751,7,14,46.3,0.3166,0,0,0,0,0,0
TXN0004923,M0259,73.59,upi,api,IN-DL,12,1091,6,8,43.9,0.2651,0,0,0,1,0,0
TXN0004924,M0382,845.59,upi,api,IN-WB,292,106,1,7,31.2,0.1929,4,0,0,0,0,0
TXN0004925,M0301,1081.4,card,api,IN-MH,1441,1121,0,5,53.0,0.2461,1,0,0,0,0,0
TXN0004926,M0268,1540.13,card,web,IN-UP,1732,1256,3,8,110.9,0.5632,0,1,0,0,0,1
TXN0004927,M0398,30.79,upi,web,IN-DL,504,813,1,11,19.8,0.3078,3,0,0,0,1,0
TXN0004928,M0165,250.26,upi,ios,IN-TN,1727,80,3,5,54.5,0.2122,1,0,0,0,0,1
TXN0004929,M0296,277.29,card,android,IN-WB,71,583,2,12,30.6,0.153,0,0,0,0,0,0
TXN0004930,M0325,88.89,upi,web,IN-KA,1264,224,2,7,99.5,0.3509,1,0,0,0,0,0
TXN0004931,M0078,261.33,card,web,IN-UP,710,216,3,7,90.5,0.4655,2,0,0,0,0,0
TXN0004932,M0312,42.79,card,web,IN-KA,1153,1430,3,9,11.8,0.1237,0,0,0,0,0,0
TXN0004933,M0320,784.11,wallet,web,IN-DL,1606,423,3,6,27.8,0.2129,1,0,0,0,0,0
TXN0004934,M0256,38.85,card,web,IN-UP,1027,892,4,12,69.5,0.3647,3,0,0,0,0,1
TXN0004935,M0021,231.22,upi,web,IN-DL,419,1076,0,6,11.3,0.1823,0,0,0,0,0,0
TXN0004936,M0353,396.29,upi,ios,IN-MH,1716,903,1,6,72.0,0.4222,2,0,0,0,0,0
TXN0004937,M0233,98.84,card,android,IN-GJ,517,500,6,20,58.0,0.3488,1,0,0,0,0,0
TXN0004938,M0026,710.21,card,ios,IN-MH,903,142,3,12,101.0,0.3224,0,0,0,0,0,1
TXN0004939,M0290,29.02,upi,android,IN-UP,302,148,2,8,21.3,0.3715,4,1,0,0,0,1
TXN0004940,M0371,174.57,card,api,IN-GJ,1575,218,3,9,81.2,0.3352,2,0,0,0,1,1
TXN0004941,M0399,33.33,upi,android,IN-KA,1766,1189,3,9,167.9,0.1592,3,0,0,0,0,0
TXN0004942,M0375,83.07,card,api,IN-UP,689,492,2,14,74.5,0.4743,3,0,0,0,1,0
TXN0004943,M0008,109.85,card,api,IN-TN,779,565,5,13,52.4,0.3662,2,0,0,0,0,0
TXN0004944,M0100,103.35,wallet,api,IN-UP,836,564,2,7,82.4,0.3103,1,0,0,0,0,0
TXN0004945,M0049,641.53,card,android,IN-KA,1706,399,3,7,67.8,0.3363,1,0,0,0,1,1
TXN0004946,M0090,55.73,card,web,IN-TN,1100,241,2,9,101.4,0.4299,1,0,0,0,0,0
TXN0004947,M0151,38.04,upi,web,IN-DL,166,1439,3,8,45.2,0.4094,5,0,0,0,0,0
TXN0004948,M0085,116.97,card,android,IN-GJ,1357,163,1,9,112.1,0.3263,3,0,0,0,0,0
TXN0004949,M0169,201.6,card,web,IN-MH,808,973,3,9,32.4,0.2505,0,0,0,0,0,0
TXN0004950,M0097,297.72,wallet,android,IN-GJ,122,1074,1,4,90.9,0.2531,2,0,0,0,0,0
TXN0004951,M0202,570.65,card,android,IN-DL,854,1023,1,6,99.8,0.1013,0,0,0,0,0,0
TXN0004952,M0295,20.97,card,web,IN-GJ,116,1254,3,10,22.2,0.1843,2,0,0,0,1,1
TXN0004953,M0099,974.18,upi,android,IN-WB,461,1446,0,4,68.1,0.169,1,0,0,0,1,0
TXN0004954,M0197,79.4,card,web,IN-WB,1328,134,3,14,25.4,0.1331,2,1,0,0,0,0
TXN0004955,M0034,136.25,upi,ios,IN-WB,895,78,5,12,63.7,0.3172,0,0,0,0,0,0
TXN0004956,M0166,184.22,upi,android,IN-UP,785,435,2,6,9.1,0.3664,2,1,0,0,1,0
TXN0004957,M0097,20.54,wallet,web,IN-GJ,631,428,2,4,131.0,0.3538,0,0,0,0,0,0
TXN0004958,M0021,116.81,card,web,IN-KA,1583,134,5,9,117.8,0.2959,3,0,0,0,0,0
TXN0004959,M0065,485.42,wallet,api,IN-DL,444,563,3,7,82.4,0.4598,0,0,0,0,0,0
TXN0004960,M0139,338.45,card,web,IN-MH,1697,149,5,11,181.9,0.1177,1,0,0,0,0,1
TXN0004961,M0119,109.13,card,ios,IN-GJ,658,627,2,7,120.1,0.2826,0,0,0,0,0,0
TXN0004962,M0021,222.74,upi,api,IN-GJ,704,1251,2,9,90.8,0.323,2,1,0,0,0,0
TXN0004963,M0096,285.57,card,android,IN-GJ,1143,185,6,7,57.7,0.1078,0,0,0,0,0,0
TXN0004964,M0030,138.96,netbanking,android,IN-WB,1377,996,1,7,68.0,0.1329,0,0,0,0,0,0
TXN0004965,M0012,294.55,upi,android,IN-MH,843,614,5,13,13.9,0.5246,3,0,0,0,1,0
TXN0004966,M0233,80.84,card,web,IN-DL,1146,228,5,14,55.9,0.2697,1,0,0,0,1,0
TXN0004967,M0037,69.94,upi,android,IN-TN,737,1255,2,13,62.1,0.3443,1,0,0,0,0,0
TXN0004968,M0239,133.75,netbanking,android,IN-WB,1397,273,3,9,13.0,0.1288,0,0,0,0,1,1
TXN0004969,M0168,16.1,upi,api,IN-MH,1536,90,2,5,46.6,0.3059,0,1,0,0,1,0
TXN0004970,M0048,360.05,netbanking,android,IN-GJ,1557,1442,2,6,161.9,0.1198,1,1,0,0,0,0
TXN0004971,M0227,195.61,upi,api,IN-WB,1161,588,0,2,113.5,0.4153,1,0,0,0,0,0
TXN0004972,M0202,144.14,upi,ios,IN-KA,502,1164,2,5,73.8,0.1555,1,0,0,0,0,0
TXN0004973,M0367,399.22,wallet,android,IN-DL,1146,745,6,16,75.9,0.3396,1,0,0,0,0,0
TXN0004974,M0035,265.09,upi,ios,IN-MH,1123,1294,0,2,76.5,0.3144,1,0,0,0,0,0
TXN0004975,M0212,521.53,upi,web,IN-MH,400,190,4,7,75.5,0.3598,2,0,0,0,0,0
TXN0004976,M0230,873.75,card,ios,IN-KA,1538,1196,4,12,123.0,0.4191,2,0,0,0,0,1
TXN0004977,M0026,250.51,card,ios,IN-DL,1350,1227,3,11,55.7,0.1512,2,0,0,0,0,1
TXN0004978,M0031,87.64,card,android,IN-GJ,796,1311,1,13,49.5,0.5701,1,0,0,0,0,0
TXN0004979,M0120,371.61,card,ios,IN-DL,67,1489,0,4,61.3,0.1487,0,1,0,0,0,0
TXN0004980,M0016,87.93,card,web,IN-TN,1298,321,4,10,64.4,0.3764,2,0,0,0,0,0
TXN0004981,M0066,83.99,upi,ios,IN-KA,385,1162,1,5,39.0,0.1605,1,0,0,0,0,0
TXN0004982,M0032,134.33,upi,android,IN-GJ,1350,480,4,9,85.5,0.2024,1,0,0,0,0,0
TXN0004983,M0252,573.11,upi,web,IN-KA,743,1137,9,16,116.8,0.2822,2,0,0,0,0,1
TXN0004984,M0027,381.13,upi,web,IN-KA,1287,1061,2,7,58.8,0.351,0,1,0,0,0,0
TXN0004985,M0228,436.51,card,android,IN-KA,1600,1474,3,13,187.2,0.3007,2,0,0,0,0,0
TXN0004986,M0214,203.54,card,web,IN-KA,163,1447,2,9,9.8,0.1312,2,0,0,0,1,0
TXN0004987,M0003,318.1,upi,ios,IN-TN,51,958,5,6,41.5,0.3525,0,0,0,0,0,0
TXN0004988,M0163,328.27,card,web,IN-WB,1214,58,5,12,12.8,0.494,2,0,0,0,0,0
TXN0004989,M0155,90.44,card,android,IN-KA,801,727,2,4,10.0,0.5165,2,0,0,0,1,0
TXN0004990,M0300,324.16,netbanking,ios,IN-UP,1257,1068,1,5,72.1,0.0861,1,0,0,0,0,0
TXN0004991,M0363,179.29,card,android,IN-KA,216,365,2,9,155.3,0.2439,1,0,0,0,0,0
TXN0004992,M0025,120.06,card,ios,IN-WB,1564,1011,3,9,74.9,0.3983,3,0,0,0,1,0
TXN0004993,M0103,125.96,card,android,IN-WB,414,1146,3,6,61.7,0.0798,2,0,0,0,1,0
TXN0004994,M0172,103.6,upi,api,IN-MH,240,687,3,8,110.2,0.3197,0,0,0,0,0,0
TXN0004995,M0286,135.92,netbanking,api,IN-TN,730,605,2,10,120.1,0.1981,0,0,0,0,0,0
TXN0004996,M0198,178.55,card,api,IN-TN,1473,468,2,9,169.8,0.4502,3,0,0,0,0,0
TXN0004997,M0370,350.01,upi,web,IN-WB,178,1257,2,11,85.4,0.4207,1,0,0,0,0,0
TXN0004998,M0221,814.23,upi,ios,IN-UP,901,748,4,11,186.4,0.2456,0,0,0,0,0,0
TXN0004999,M0252,317.81,card,web,IN-KA,1493,1372,3,10,3.4,0.3193,2,0,0,0,0,0
TXN0005000,M0128,202.37,card,android,IN-UP,930,381,1,4,101.7,0.3628,0,0,0,0,0,0
TXN0005001,M0236,24.36,upi,ios,IN-GJ,150,1387,1,5,21.4,0.4186,0,0,0,0,0,0
TXN0005002,M0330,2022.09,card,android,IN-UP,363,33,2,7,101.8,0.384,0,0,0,0,0,0
TXN0005003,M0262,88.68,upi,web,IN-UP,1054,1199,2,5,29.8,0.2449,1,0,0,0,1,0
TXN0005004,M0298,91.59,upi,ios,IN-KA,1169,315,7,15,33.6,0.4424,3,1,0,0,1,1
TXN0005005,M0172,637.23,netbanking,android,IN-TN,294,1129,2,7,14.2,0.3198,1,0,0,0,0,0
TXN0005006,M0162,59.84,upi,web,IN-UP,703,1011,2,7,79.1,0.2985,1,0,0,0,1,1
TXN0005007,M0367,261.06,upi,web,IN-WB,192,1078,0,8,75.8,0.2128,1,0,0,0,1,0
TXN0005008,M0298,113.3,wallet,web,IN-KA,1033,372,2,9,58.0,0.5458,4,0,0,0,0,0
TXN0005009,M0202,139.81,card,ios,IN-WB,833,958,2,9,47.3,0.5915,2,0,0,0,0,0
TXN0005010,M0088,189.17,card,ios,IN-DL,1177,1160,3,10,182.0,0.5535,4,0,0,0,1,0
TXN0005011,M0285,54.56,card,ios,IN-MH,622,1332,6,14,58.0,0.4647,1,0,0,0,0,0
TXN0005012,M0097,159.09,upi,api,IN-GJ,1776,107,1,8,52.1,0.1917,1,0,0,0,0,0
TXN0005013,M0299,502.16,upi,web,IN-GJ,82,510,2,8,57.4,0.4363,3,0,0,0,0,0
TXN0005014,M0229,167.06,card,web,IN-DL,436,90,3,3,52.0,0.2134,1,0,0,0,1,0
TXN0005015,M0046,5952.28,card,web,IN-TN,117,923,2,8,31.9,0.1303,0,0,0,0,1,1
TXN0005016,M0117,197.27,card,web,IN-DL,1540,1437,1,8,90.8,0.2733,2,0,0,0,1,0
TXN0005017,M0185,54.4,card,api,IN-GJ,539,1265,2,4,79.1,0.3402,0,0,0,0,0,0
TXN0005018,M0251,106.85,upi,web,IN-WB,55,1295,1,2,59.7,0.1867,2,0,0,0,1,0
TXN0005019,M0173,26.01,card,ios,IN-MH,1409,809,2,6,161.1,0.1253,1,0,0,0,1,0
TXN0005020,M0325,528.78,card,api,IN-GJ,1607,485,1,5,23.7,0.2027,1,0,0,0,0,1
TXN0005021,M0204,896.43,card,android,IN-KA,1532,335,1,9,81.7,0.427,0,0,0,0,0,0
TXN0005022,M0216,418.18,card,web,IN-TN,377,909,4,8,103.9,0.3734,2,0,0,0,0,0
TXN0005023,M0276,77.7,upi,web,IN-DL,120,143,2,6,60.8,0.362,0,0,0,0,0,0
TXN0005024,M0369,75.23,upi,android,IN-GJ,525,1230,3,10,71.7,0.2615,1,0,0,0,0,0
TXN0005025,M0084,376.0,card,ios,IN-MH,309,4,2,7,55.1,0.3176,2,0,1,0,0,0
TXN0005026,M0001,106.91,upi,web,IN-TN,1381,85,0,8,141.2,0.2903,1,0,0,0,0,0
TXN0005027,M0074,76.12,netbanking,ios,IN-UP,611,990,2,4,152.3,0.3789,2,0,0,0,0,0
TXN0005028,M0112,68.07,upi,api,IN-KA,806,1026,2,9,57.7,0.5084,1,0,0,0,1,1
TXN0005029,M0204,1166.79,card,android,IN-MH,1170,986,4,11,14.6,0.277,1,0,0,0,1,1
TXN0005030,M0151,113.16,upi,android,IN-UP,798,823,2,7,72.1,0.4121,1,0,0,0,0,0
TXN0005031,M0102,413.49,netbanking,api,IN-UP,514,637,2,12,80.5,0.2254,1,0,0,0,0,0
TXN0005032,M0352,311.85,netbanking,api,IN-TN,390,90,5,12,38.4,0.2347,1,0,0,0,0,0
TXN0005033,M0395,77.04,upi,android,IN-KA,400,288,5,13,84.7,0.4437,3,1,0,0,0,0
TXN0005034,M0400,187.45,upi,android,IN-DL,233,1191,3,11,49.6,0.457,3,0,0,0,0,0
TXN0005035,M0349,66.14,upi,ios,IN-UP,1059,868,6,18,87.6,0.2308,2,0,0,0,0,0
TXN0005036,M0212,765.79,upi,ios,IN-UP,411,861,4,10,27.9,0.2855,1,0,0,0,0,0
TXN0005037,M0223,72.4,card,web,IN-KA,1226,1142,4,12,93.7,0.3351,1,0,0,0,0,0
TXN0005038,M0057,259.36,card,api,IN-KA,649,901,1,5,18.3,0.3249,1,0,0,0,0,0
TXN0005039,M0066,109.81,upi,ios,IN-UP,878,1016,2,9,76.8,0.4928,1,0,0,0,0,0
TXN0005040,M0103,71.38,upi,android,IN-DL,1515,879,2,5,59.1,0.4433,3,0,0,0,0,0
TXN0005041,M0337,528.62,card,ios,IN-TN,1203,634,4,11,72.2,0.3714,1,0,0,0,0,0
TXN0005042,M0108,106.89,card,ios,IN-KA,524,169,2,4,55.8,0.3421,0,0,0,0,0,0
TXN0005043,M0186,28.89,netbanking,web,IN-MH,8,240,3,10,104.9,0.5137,3,1,0,1,1,1
TXN0005044,M0053,275.14,card,web,IN-KA,1310,1411,2,12,76.0,0.2583,0,0,0,0,0,0
TXN0005045,M0317,88.72,upi,api,IN-DL,590,159,2,4,53.6,0.1481,1,0,0,0,0,0
TXN0005046,M0377,210.73,upi,android,IN-UP,137,391,1,10,13.8,0.3287,3,0,0,0,0,0
TXN0005047,M0390,423.72,upi,android,IN-MH,1097,985,4,17,27.8,0.4222,2,0,0,0,0,0
TXN0005048,M0330,257.13,upi,api,IN-WB,1452,715,4,8,100.2,0.1807,2,0,0,0,0,0
TXN0005049,M0007,437.8,card,api,IN-GJ,1172,1278,1,5,180.0,0.1546,1,0,0,0,1,0
TXN0005050,M0085,49.15,card,android,IN-WB,1486,986,1,9,19.3,0.1669,3,0,0,0,0,0
TXN0005051,M0026,596.7,upi,android,IN-KA,350,1244,3,8,66.3,0.2423,1,0,0,0,0,0
TXN0005052,M0323,133.69,upi,web,IN-UP,1537,1011,4,14,53.7,0.4843,2,0,0,0,0,1
TXN0005053,M0198,43.22,upi,api,IN-MH,598,1310,2,7,61.8,0.3627,0,0,0,0,0,0
TXN0005054,M0189,15.46,netbanking,web,IN-DL,943,1185,7,11,34.5,0.303,2,0,0,0,0,0
TXN0005055,M0118,132.23,upi,ios,IN-WB,408,515,6,12,227.1,0.4633,1,0,0,0,1,0
TXN0005056,M0061,82.0,upi,ios,IN-TN,1107,191,8,18,12.0,0.2368,2,0,0,0,0,0
TXN0005057,M0144,83.28,upi,web,IN-GJ,1617,247,1,4,11.0,0.5911,1,0,0,0,0,0
TXN0005058,M0263,251.47,upi,ios,IN-KA,1754,1499,4,11,64.4,0.3088,2,0,0,0,0,0
TXN0005059,M0351,1005.49,card,api,IN-GJ,533,164,3,8,32.8,0.2527,0,0,0,0,0,1
TXN0005060,M0167,73.06,card,ios,IN-TN,727,552,5,13,21.4,0.4968,0,0,0,0,0,0
TXN0005061,M0376,197.35,wallet,web,IN-UP,1587,429,6,16,103.8,0.4974,2,0,0,0,1,0
TXN0005062,M0134,102.02,upi,android,IN-DL,560,243,2,10,20.5,0.2154,5,0,0,0,0,0
TXN0005063,M0121,67.09,card,ios,IN-MH,1590,754,2,16,49.2,0.2746,2,0,0,0,0,0
TXN0005064,M0176,65.17,netbanking,android,IN-MH,971,1373,1,5,60.5,0.2819,2,0,0,0,0,0
TXN0005065,M0212,930.05,upi,api,IN-DL,946,370,2,8,36.0,0.4159,0,0,0,0,0,1
TXN0005066,M0162,182.4,card,android,IN-KA,1685,1465,5,9,117.3,0.2318,2,0,0,0,0,0
TXN0005067,M0331,148.84,upi,android,IN-KA,1567,1201,2,10,51.1,0.2914,0,0,0,0,0,0
TXN0005068,M0121,90.71,wallet,web,IN-TN,1652,474,1,5,16.0,0.2936,0,0,0,0,1,0
TXN0005069,M0247,192.52,upi,android,IN-TN,138,5,4,9,223.9,0.4703,4,0,1,0,0,0
TXN0005070,M0267,95.1,upi,android,IN-DL,205,1463,2,7,19.4,0.3104,0,1,0,0,1,0
TXN0005071,M0032,1240.16,card,web,IN-KA,227,38,1,8,14.4,0.266,1,0,0,0,0,1
TXN0005072,M0143,231.54,upi,web,IN-KA,963,563,4,10,26.3,0.2414,1,0,0,0,0,0
TXN0005073,M0363,206.94,upi,ios,IN-KA,732,198,2,9,63.7,0.1191,1,0,0,0,0,0
TXN0005074,M0150,202.3,card,android,IN-GJ,396,12,4,10,171.2,0.4352,1,0,0,0,1,0
TXN0005075,M0007,665.65,card,web,IN-KA,1245,421,0,5,38.8,0.2187,1,0,0,0,1,0
TXN0005076,M0125,176.07,card,ios,IN-MH,406,582,1,8,23.3,0.1523,0,0,0,0,1,0
TXN0005077,M0231,111.78,netbanking,ios,IN-UP,1747,1098,2,3,45.6,0.2953,2,0,0,0,1,0
TXN0005078,M0118,211.46,upi,android,IN-TN,644,453,4,10,90.7,0.1745,1,0,0,0,0,0
TXN0005079,M0201,397.14,upi,ios,IN-MH,840,742,0,6,20.2,0.2322,0,0,0,0,0,0
TXN0005080,M0287,587.53,upi,android,IN-UP,106,1314,2,5,57.5,0.1895,1,0,0,0,1,1
TXN0005081,M0112,223.18,upi,ios,IN-KA,14,794,4,14,70.5,0.175,5,0,0,0,0,0
TXN0005082,M0263,226.41,card,web,IN-TN,289,222,3,15,74.8,0.3489,2,0,0,0,0,0
TXN0005083,M0098,485.75,card,ios,IN-TN,327,359,3,11,31.0,0.2315,2,0,0,0,1,0
TXN0005084,M0033,11.69,card,ios,IN-TN,170,1244,1,6,150.6,0.1866,0,0,0,0,1,0
TXN0005085,M0342,196.6,card,ios,IN-UP,788,1240,2,6,30.9,0.4273,3,0,0,0,0,0
TXN0005086,M0217,100.34,upi,ios,IN-TN,1264,236,0,5,27.7,0.2806,0,0,0,0,1,0
TXN0005087,M0267,190.76,card,web,IN-DL,1242,1454,2,6,24.7,0.2402,2,0,0,0,0,0
TXN0005088,M0036,256.89,upi,api,IN-GJ,1440,1445,2,12,23.0,0.4408,4,0,0,0,0,0
TXN0005089,M0130,625.13,upi,web,IN-GJ,1056,1443,1,4,20.4,0.2185,0,0,0,0,1,0
TXN0005090,M0104,45.08,upi,android,IN-UP,252,444,4,5,88.9,0.5235,1,0,0,0,0,1
TXN0005091,M0223,87.68,upi,android,IN-UP,1577,1036,5,12,30.0,0.4825,0,0,0,0,0,0
TXN0005092,M0338,73.96,card,ios,IN-DL,1520,1452,3,9,179.7,0.2687,0,0,0,0,0,0
TXN0005093,M0322,98.11,card,android,IN-UP,478,1345,4,7,14.0,0.2698,2,0,0,0,0,0
TXN0005094,M0066,45.73,card,android,IN-WB,1552,648,2,8,111.4,0.2627,1,0,0,0,1,0
TXN0005095,M0224,1525.99,card,web,IN-MH,972,996,3,10,45.4,0.43,1,0,0,0,0,1
TXN0005096,M0363,429.96,upi,web,IN-UP,694,889,4,11,109.0,0.6263,2,0,0,0,0,0
TXN0005097,M0255,82.89,card,android,IN-KA,260,42,2,9,133.3,0.3315,1,0,0,0,0,0
TXN0005098,M0278,182.81,upi,android,IN-WB,1681,367,2,6,94.3,0.3686,1,0,0,0,0,0
TXN0005099,M0170,116.54,upi,ios,IN-TN,1161,659,1,8,29.8,0.1377,0,0,0,0,0,0
TXN0005100,M0101,210.41,card,android,IN-WB,787,275,4,10,93.3,0.2864,2,0,0,0,1,0
TXN0005101,M0246,83.53,upi,web,IN-GJ,1372,471,2,9,126.2,0.3273,2,1,0,0,0,0
TXN0005102,M0310,39.25,wallet,web,IN-GJ,1394,343,4,13,232.2,0.4884,2,0,0,0,0,0
TXN0005103,M0214,101.57,upi,ios,IN-KA,924,767,3,13,44.6,0.2741,0,0,0,0,0,0
TXN0005104,M0089,716.43,upi,web,IN-KA,390,284,2,5,54.4,0.3553,2,0,0,0,1,0
TXN0005105,M0222,40.77,upi,web,IN-GJ,807,534,2,8,145.4,0.2625,1,0,0,0,0,0
TXN0005106,M0243,539.2,upi,web,IN-MH,1098,822,3,11,59.3,0.301,0,0,0,0,0,0
TXN0005107,M0163,315.1,upi,web,IN-TN,335,1076,4,14,92.0,0.3865,1,0,0,0,0,0
TXN0005108,M0042,120.7,wallet,api,IN-WB,218,469,2,9,56.9,0.4345,2,0,0,0,0,0
TXN0005109,M0140,381.08,upi,web,IN-MH,1681,42,5,15,98.8,0.3752,3,0,0,0,0,1
TXN0005110,M0222,221.75,card,android,IN-WB,1048,1225,2,8,107.6,0.3822,2,0,0,0,1,1
TXN0005111,M0263,21.23,card,ios,IN-MH,1091,128,5,7,108.3,0.2571,1,1,0,0,0,0
TXN0005112,M0010,120.11,card,android,IN-GJ,793,1347,3,5,20.3,0.4439,3,0,0,0,1,1
TXN0005113,M0338,123.68,card,web,IN-DL,1467,424,2,3,131.3,0.226,1,0,0,0,0,0
TXN0005114,M0143,763.53,upi,ios,IN-GJ,666,176,3,13,19.7,0.6466,0,0,0,0,0,1
TXN0005115,M0327,120.56,wallet,api,IN-UP,44,1169,3,10,92.6,0.5821,1,0,0,0,0,0
TXN0005116,M0051,145.78,card,ios,IN-WB,1381,705,1,5,111.4,0.3041,2,1,0,0,0,0
TXN0005117,M0064,56.36,upi,android,IN-UP,453,639,4,10,37.2,0.206,1,0,0,0,0,0
TXN0005118,M0258,168.96,upi,android,IN-WB,1369,703,4,9,41.1,0.2131,0,0,0,0,0,0
TXN0005119,M0377,54.82,upi,ios,IN-GJ,868,817,3,14,37.9,0.77,0,0,0,0,0,1
TXN0005120,M0112,533.25,upi,web,IN-MH,646,549,3,6,114.6,0.3083,2,0,0,0,1,0
TXN0005121,M0078,118.2,upi,android,IN-GJ,965,1412,2,6,27.1,0.2164,0,0,0,0,0,0
TXN0005122,M0204,54.69,upi,ios,IN-TN,790,589,2,11,22.7,0.3715,1,0,0,0,1,0
TXN0005123,M0071,613.06,card,android,IN-KA,729,520,0,6,64.5,0.1487,1,0,0,0,0,0
TXN0005124,M0277,48.76,upi,web,IN-WB,490,165,2,5,37.7,0.2493,1,0,0,0,0,0
TXN0005125,M0154,232.36,card,android,IN-GJ,607,1404,5,16,127.7,0.5804,1,0,0,0,0,0
TXN0005126,M0361,40.68,upi,android,IN-DL,599,697,3,6,36.7,0.4094,1,0,0,0,0,0
TXN0005127,M0236,241.28,upi,web,IN-GJ,811,889,2,10,16.4,0.3794,2,0,0,0,0,0
TXN0005128,M0041,523.49,card,web,IN-KA,1749,684,4,11,54.7,0.2149,0,0,0,0,0,0
TXN0005129,M0149,94.14,card,ios,IN-MH,659,1097,4,6,55.6,0.382,1,0,0,0,0,1
TXN0005130,M0170,55.32,netbanking,web,IN-MH,1121,1087,0,4,4.6,0.1695,1,0,0,0,0,0
TXN0005131,M0127,57.07,upi,android,IN-UP,73,984,3,9,49.5,0.4718,4,0,0,0,0,1
TXN0005132,M0384,170.31,upi,web,IN-DL,7,1460,2,6,117.7,0.1619,2,0,0,1,0,0
TXN0005133,M0062,1237.63,card,web,IN-KA,1247,139,1,4,72.9,0.117,0,0,0,0,0,0
TXN0005134,M0002,523.7,card,web,IN-DL,1201,1218,3,9,146.5,0.2443,0,0,0,0,0,0
TXN0005135,M0150,580.24,card,web,IN-MH,1388,201,2,8,37.9,0.2519,1,0,0,0,0,1
TXN0005136,M0340,61.75,card,web,IN-MH,1007,772,0,3,16.3,0.3286,1,0,0,0,0,0
TXN0005137,M0307,539.09,upi,web,IN-KA,560,738,0,2,25.8,0.3107,1,0,0,0,0,0
TXN0005138,M0139,483.0,card,api,IN-KA,180,438,5,14,92.3,0.7416,4,1,0,0,0,1
TXN0005139,M0219,244.19,card,android,IN-KA,1738,941,2,7,108.7,0.1391,1,0,0,0,0,0
TXN0005140,M0394,95.72,upi,api,IN-KA,330,1226,1,5,59.7,0.1547,0,0,0,0,0,0
TXN0005141,M0373,475.87,card,ios,IN-UP,1776,534,3,15,66.1,0.4045,1,0,0,0,0,0
TXN0005142,M0119,91.39,upi,android,IN-DL,492,973,1,5,71.2,0.118,0,0,0,0,0,0
TXN0005143,M0364,347.3,netbanking,android,IN-KA,1023,1191,3,5,96.1,0.1416,0,0,0,0,0,0
TXN0005144,M0348,123.01,card,web,IN-DL,168,55,0,10,52.6,0.4141,6,0,0,0,0,0
TXN0005145,M0355,67.18,upi,web,IN-MH,1429,41,1,7,34.3,0.2872,1,0,0,0,1,0
TXN0005146,M0113,120.03,card,web,IN-UP,725,635,1,6,72.2,0.5331,2,0,0,0,0,1
TXN0005147,M0352,1288.02,card,web,IN-DL,982,238,3,9,25.5,0.1266,0,0,0,0,0,0
TXN0005148,M0145,56.1,card,ios,IN-UP,235,32,4,8,43.1,0.1278,2,0,0,0,0,0
TXN0005149,M0235,485.16,card,api,IN-TN,470,770,2,4,32.6,0.2387,1,0,0,0,0,0
TXN0005150,M0129,417.06,netbanking,api,IN-UP,729,485,2,10,129.7,0.3675,4,0,0,0,0,0
TXN0005151,M0339,149.69,upi,ios,IN-UP,126,27,2,6,100.9,0.1645,1,0,0,0,0,0
TXN0005152,M0223,103.63,upi,web,IN-MH,1329,44,4,12,9.6,0.3474,2,0,0,0,0,0
TXN0005153,M0126,51.66,wallet,api,IN-MH,620,149,6,12,38.9,0.2149,0,0,0,0,0,0
TXN0005154,M0041,653.0,card,android,IN-DL,1323,180,1,5,78.0,0.1869,1,0,0,0,1,0
TXN0005155,M0372,54.78,card,web,IN-DL,334,765,5,13,56.6,0.4536,4,0,0,0,0,1
TXN0005156,M0212,11.07,card,api,IN-MH,61,60,4,11,80.6,0.3828,2,0,0,0,0,0
TXN0005157,M0359,244.91,upi,android,IN-WB,1660,1352,1,7,37.3,0.1265,1,0,0,0,0,0
TXN0005158,M0033,46.63,upi,api,IN-WB,398,404,1,4,116.2,0.5781,4,0,0,0,1,0
TXN0005159,M0151,161.29,netbanking,android,IN-GJ,1748,216,0,5,115.9,0.2314,1,0,0,0,0,0
TXN0005160,M0238,46.95,netbanking,web,IN-KA,1252,1229,5,12,143.7,0.4607,0,0,0,0,0,0
TXN0005161,M0213,100.65,netbanking,web,IN-GJ,957,68,2,8,79.0,0.6549,1,0,0,0,0,0
TXN0005162,M0341,192.94,upi,android,IN-UP,1141,1034,2,5,24.5,0.2745,1,0,0,0,1,0
TXN0005163,M0208,236.16,upi,ios,IN-GJ,1014,581,7,13,200.3,0.1545,0,0,0,0,0,0
TXN0005164,M0005,686.58,netbanking,web,IN-KA,677,1315,2,11,73.4,0.3873,0,0,0,0,0,0
TXN0005165,M0277,180.25,card,api,IN-WB,1674,1003,1,6,48.0,0.4515,1,0,0,0,0,0
TXN0005166,M0296,200.36,upi,web,IN-WB,109,921,1,6,130.5,0.1045,1,0,0,0,1,0
TXN0005167,M0221,141.62,upi,web,IN-KA,1345,1195,5,8,65.5,0.3599,2,0,0,0,1,0
TXN0005168,M0266,453.46,card,web,IN-KA,1112,422,2,6,56.8,0.5097,3,0,0,0,0,0
TXN0005169,M0036,58.09,card,web,IN-UP,292,444,3,7,170.0,0.1461,1,0,0,0,0,0
TXN0005170,M0215,116.21,upi,web,IN-KA,1196,1180,4,8,157.3,0.1874,0,0,0,0,0,0
TXN0005171,M0177,179.77,card,ios,IN-TN,1713,30,3,9,59.2,0.4556,2,0,0,0,0,0
TXN0005172,M0286,72.73,upi,android,IN-KA,527,580,2,15,120.7,0.4618,2,0,0,0,0,0
TXN0005173,M0139,726.86,upi,web,IN-TN,1028,1438,1,9,48.1,0.5174,1,0,0,0,0,0
TXN0005174,M0326,247.51,card,web,IN-GJ,684,738,4,12,44.4,0.1816,2,0,0,0,0,1
TXN0005175,M0109,52.84,card,ios,IN-DL,38,877,2,5,83.0,0.2875,4,0,0,0,0,0
TXN0005176,M0159,270.78,upi,web,IN-KA,103,126,3,12,103.0,0.2688,1,0,0,0,1,0
TXN0005177,M0365,667.17,netbanking,android,IN-DL,353,942,4,11,86.2,0.1604,0,0,0,0,1,0
TXN0005178,M0091,87.64,netbanking,web,IN-KA,1142,754,1,5,8.0,0.2563,1,0,0,0,0,0
TXN0005179,M0038,702.46,card,ios,IN-UP,1434,815,5,11,29.7,0.3519,3,0,0,0,1,1
TXN0005180,M0104,232.72,card,web,IN-GJ,141,1292,3,6,85.0,0.2492,1,0,0,0,0,1
TXN0005181,M0162,220.22,upi,android,IN-DL,230,981,1,9,21.0,0.4676,0,0,0,0,0,0
TXN0005182,M0210,596.66,wallet,android,IN-UP,1548,944,4,7,45.8,0.6612,1,0,0,0,0,0
TXN0005183,M0036,220.67,netbanking,api,IN-KA,1532,449,4,16,175.0,0.3453,2,0,0,0,1,0
TXN0005184,M0057,265.93,card,api,IN-TN,958,633,1,11,105.8,0.3113,2,0,0,0,0,0
TXN0005185,M0200,197.4,card,web,IN-GJ,1415,1258,0,7,205.7,0.4546,4,0,0,0,0,0
TXN0005186,M0382,31.16,wallet,android,IN-WB,384,1156,1,6,263.2,0.1385,0,0,0,0,1,0
TXN0005187,M0184,271.64,card,android,IN-TN,64,572,2,12,17.5,0.7516,2,1,0,0,0,1
TXN0005188,M0339,231.62,card,android,IN-MH,1634,103,2,3,73.1,0.1069,0,0,0,0,1,0
TXN0005189,M0262,123.09,upi,api,IN-UP,596,273,2,9,32.3,0.7202,3,0,0,0,0,0
TXN0005190,M0202,14.06,upi,api,IN-DL,642,1157,4,12,54.0,0.5088,2,0,0,0,0,0
TXN0005191,M0095,335.3,upi,ios,IN-UP,912,842,2,6,49.0,0.2048,3,0,0,0,1,0
TXN0005192,M0240,76.14,upi,android,IN-MH,1092,1319,1,5,89.4,0.3163,3,0,0,0,0,0
TXN0005193,M0203,58.33,card,api,IN-UP,137,1012,3,14,34.1,0.2368,2,0,0,0,0,0
TXN0005194,M0268,53.04,wallet,ios,IN-WB,1055,623,4,13,65.1,0.2584,1,0,0,0,0,0
TXN0005195,M0099,25.38,upi,web,IN-GJ,1043,535,4,9,82.3,0.1342,1,0,0,0,0,1
TXN0005196,M0039,285.62,card,web,IN-GJ,1338,761,1,3,100.3,0.4049,2,0,0,0,0,0
TXN0005197,M0039,1898.8,upi,android,IN-DL,1764,427,1,4,67.0,0.174,0,0,0,0,0,1
TXN0005198,M0149,100.79,card,api,IN-KA,1290,1215,1,12,28.9,0.5679,4,0,0,0,0,0
TXN0005199,M0090,409.1,card,android,IN-TN,1080,96,2,9,22.6,0.1361,1,0,0,0,0,0
TXN0005200,M0076,163.91,wallet,ios,IN-DL,1597,584,3,9,34.5,0.3118,0,0,0,0,0,0
TXN0005201,M0009,237.15,card,android,IN-MH,889,1085,2,8,15.3,0.2877,1,0,0,0,1,0
TXN0005202,M0114,168.4,netbanking,web,IN-WB,98,1015,3,7,58.2,0.3863,5,0,0,0,0,0
TXN0005203,M0371,393.57,card,android,IN-TN,1560,231,3,6,64.5,0.4181,1,0,0,0,0,0
TXN0005204,M0244,53.77,upi,android,IN-MH,1742,1115,3,4,10.6,0.2555,3,0,0,0,1,0
TXN0005205,M0329,198.84,card,web,IN-MH,1735,209,5,12,61.0,0.2177,3,0,0,0,0,1
TXN0005206,M0110,559.91,card,web,IN-UP,1646,866,3,10,21.0,0.1979,2,0,0,0,0,1
TXN0005207,M0112,362.9,upi,api,IN-GJ,1622,97,4,6,57.2,0.1998,0,0,0,0,0,0
TXN0005208,M0208,249.46,upi,web,IN-DL,1240,664,3,11,27.4,0.4856,2,0,0,0,0,0
TXN0005209,M0271,198.44,card,ios,IN-TN,67,44,0,5,47.0,0.4474,1,0,0,0,0,0
TXN0005210,M0067,125.47,card,api,IN-UP,1345,62,2,8,30.7,0.1087,1,0,0,0,0,0
TXN0005211,M0229,126.5,upi,android,IN-DL,180,658,4,9,128.5,0.2428,3,0,0,0,0,0
TXN0005212,M0273,38.08,card,web,IN-KA,267,1100,4,9,49.9,0.6534,2,0,0,0,1,0
TXN0005213,M0007,297.72,upi,web,IN-WB,1108,454,0,4,96.6,0.2861,2,1,0,0,0,0
TXN0005214,M0264,704.71,upi,ios,IN-KA,1662,1349,3,6,75.5,0.4074,0,0,0,0,0,0
TXN0005215,M0252,241.53,card,web,IN-DL,408,1215,4,8,171.0,0.2336,1,0,0,0,1,0
TXN0005216,M0300,183.02,upi,android,IN-TN,300,302,2,10,95.2,0.2379,0,0,0,0,0,0
TXN0005217,M0136,327.68,upi,web,IN-TN,938,945,2,5,38.7,0.3046,1,0,0,0,0,0
TXN0005218,M0255,21.64,upi,android,IN-DL,638,1476,3,12,64.2,0.4005,2,1,0,0,0,0
TXN0005219,M0044,108.39,upi,android,IN-KA,1509,1106,1,9,41.4,0.261,2,0,0,0,0,0
TXN0005220,M0029,167.19,card,web,IN-GJ,346,960,2,4,15.6,0.2462,2,0,0,0,1,0
TXN0005221,M0259,32.66,netbanking,android,IN-TN,1689,254,1,5,85.0,0.2451,1,0,0,0,0,0
TXN0005222,M0367,211.34,upi,web,IN-KA,472,545,0,10,60.0,0.2948,1,0,0,0,1,0
TXN0005223,M0281,28.28,card,android,IN-MH,601,172,4,11,51.3,0.4081,3,0,0,0,0,1
TXN0005224,M0059,359.27,card,android,IN-TN,1207,1181,5,14,79.3,0.278,0,0,0,0,1,0
TXN0005225,M0396,225.61,card,android,IN-DL,1527,645,1,7,70.9,0.1979,0,0,0,0,1,0
TXN0005226,M0313,148.73,netbanking,api,IN-WB,866,912,2,15,40.2,0.4375,2,0,0,0,0,0
TXN0005227,M0137,385.44,upi,android,IN-TN,907,799,6,9,29.3,0.3457,3,0,0,0,1,0
TXN0005228,M0340,208.51,netbanking,web,IN-TN,1155,49,1,6,61.6,0.4382,3,0,0,0,1,1
TXN0005229,M0294,289.56,card,api,IN-MH,1185,379,1,9,52.9,0.5141,1,0,0,0,1,0
TXN0005230,M0184,239.01,card,ios,IN-MH,1412,150,1,5,31.0,0.7392,2,0,0,0,0,0
TXN0005231,M0266,76.17,card,api,IN-KA,226,1163,0,2,118.9,0.1032,1,0,0,0,0,0
TXN0005232,M0283,863.69,upi,web,IN-WB,1718,444,3,8,36.4,0.3396,3,0,0,0,0,1
TXN0005233,M0325,625.59,upi,web,IN-MH,114,366,2,9,104.2,0.1913,4,0,0,0,1,1
TXN0005234,M0207,276.35,upi,android,IN-WB,426,1386,5,14,41.4,0.6708,2,0,0,0,1,0
TXN0005235,M0327,209.21,netbanking,web,IN-TN,1404,835,2,6,84.4,0.1509,1,1,0,0,0,0
TXN0005236,M0196,381.19,card,ios,IN-TN,507,487,3,10,77.8,0.339,4,0,0,0,0,0
TXN0005237,M0079,634.67,upi,api,IN-GJ,1077,936,0,6,164.8,0.3983,3,0,0,0,0,0
TXN0005238,M0367,1208.35,upi,ios,IN-MH,284,1101,0,6,41.9,0.3079,3,0,0,0,1,1
TXN0005239,M0257,104.74,upi,api,IN-DL,1483,885,5,13,42.5,0.3004,0,0,0,0,0,0
TXN0005240,M0032,512.23,netbanking,web,IN-GJ,541,683,1,4,80.5,0.1309,0,0,0,0,1,0
TXN0005241,M0127,164.97,card,ios,IN-MH,209,1259,2,8,19.3,0.1818,0,0,0,0,0,0
TXN0005242,M0238,36.01,netbanking,web,IN-KA,199,57,2,13,64.4,0.163,0,0,0,0,0,0
TXN0005243,M0157,416.14,upi,web,IN-WB,310,886,4,8,12.6,0.1157,1,0,0,0,0,0
TXN0005244,M0175,780.79,card,android,IN-MH,1318,1232,2,2,106.8,0.1363,0,0,0,0,0,0
TXN0005245,M0150,476.27,netbanking,web,IN-MH,114,1321,3,14,45.1,0.2399,0,0,0,0,0,0
TXN0005246,M0244,152.0,card,android,IN-TN,1075,1492,3,13,89.1,0.2821,1,0,0,0,0,0
TXN0005247,M0202,265.2,netbanking,web,IN-TN,1170,819,4,15,224.2,0.3613,2,0,0,0,1,1
TXN0005248,M0256,362.06,card,ios,IN-GJ,590,155,2,5,16.5,0.2094,0,0,0,0,0,0
TXN0005249,M0069,319.23,upi,web,IN-UP,1108,376,4,11,26.5,0.2164,1,0,0,0,1,0
TXN0005250,M0030,615.87,upi,android,IN-DL,528,261,2,6,170.0,0.224,2,0,0,0,0,0
TXN0005251,M0370,462.17,card,android,IN-GJ,766,1266,0,7,30.9,0.261,0,0,0,0,0,0
TXN0005252,M0326,100.9,upi,android,IN-KA,53,34,1,4,17.4,0.4651,0,1,0,0,0,0
TXN0005253,M0079,184.83,wallet,android,IN-GJ,244,139,5,6,116.1,0.1186,0,0,0,0,0,0
TXN0005254,M0071,108.66,upi,web,IN-DL,186,1374,1,5,25.0,0.5025,1,0,0,0,0,0
TXN0005255,M0047,211.49,wallet,android,IN-DL,43,1381,0,4,51.7,0.1521,0,1,0,0,0,0
TXN0005256,M0058,27.77,upi,android,IN-DL,606,1432,3,7,31.8,0.1145,0,0,0,0,0,0
TXN0005257,M0194,1237.95,card,web,IN-TN,466,241,0,4,47.3,0.0442,3,0,0,0,0,0
TXN0005258,M0146,82.54,wallet,web,IN-DL,462,1033,2,11,73.3,0.329,2,0,0,0,0,0
TXN0005259,M0114,107.75,upi,android,IN-MH,6,1089,3,7,112.4,0.1853,2,0,0,1,0,0
TXN0005260,M0264,195.53,card,android,IN-GJ,1416,1042,3,12,58.4,0.3506,1,0,0,0,0,0
TXN0005261,M0264,45.39,upi,ios,IN-TN,1707,502,2,5,43.4,0.1414,2,0,0,0,0,0
TXN0005262,M0289,128.71,netbanking,android,IN-GJ,1328,992,2,9,54.4,0.5023,2,0,0,0,0,0
TXN0005263,M0120,213.06,upi,web,IN-DL,307,842,3,11,30.8,0.1646,0,0,0,0,0,0
TXN0005264,M0035,936.0,wallet,api,IN-UP,1408,1073,4,6,50.6,0.3852,2,0,0,0,0,1
TXN0005265,M0228,207.48,netbanking,android,IN-KA,478,1160,5,13,78.2,0.3507,6,1,0,0,0,1
TXN0005266,M0372,119.98,card,android,IN-KA,543,943,4,12,22.6,0.343,4,0,0,0,0,1
TXN0005267,M0032,58.4,card,ios,IN-GJ,1437,1183,3,12,142.9,0.5091,2,0,0,0,0,0
TXN0005268,M0097,1527.31,upi,android,IN-MH,379,677,1,7,93.6,0.3693,2,0,0,0,1,0
TXN0005269,M0174,194.35,upi,web,IN-WB,1790,182,0,5,51.9,0.1146,1,0,0,0,0,0
TXN0005270,M0292,195.46,card,android,IN-MH,1542,242,5,8,88.0,0.1129,2,0,0,0,0,0
TXN0005271,M0001,45.67,upi,android,IN-UP,1117,860,4,12,98.1,0.4084,2,0,0,0,1,0
TXN0005272,M0005,304.2,upi,ios,IN-TN,909,1093,1,4,15.4,0.2199,0,0,0,0,0,0
TXN0005273,M0091,99.97,upi,web,IN-DL,456,107,0,5,21.0,0.1127,1,0,0,0,0,1
TXN0005274,M0108,784.17,upi,android,IN-UP,1177,992,3,7,73.4,0.2145,1,0,0,0,0,0
TXN0005275,M0159,286.39,card,web,IN-DL,815,571,3,11,15.6,0.4983,3,0,0,0,1,1
TXN0005276,M0303,203.97,netbanking,ios,IN-TN,1168,1349,4,8,77.2,0.2826,1,0,0,0,1,0
TXN0005277,M0121,47.95,card,web,IN-WB,108,1020,4,10,22.5,0.3828,1,0,0,0,0,0
TXN0005278,M0086,163.17,netbanking,web,IN-MH,666,1263,2,6,227.8,0.1762,0,0,0,0,0,0
TXN0005279,M0105,145.35,upi,android,IN-DL,197,704,3,9,91.9,0.3446,1,0,0,0,0,0
TXN0005280,M0131,203.55,wallet,web,IN-WB,744,942,1,5,66.2,0.147,1,0,0,0,1,0
TXN0005281,M0079,25.1,upi,android,IN-KA,1277,870,2,10,26.7,0.1965,0,0,0,0,0,0
TXN0005282,M0182,72.49,upi,ios,IN-UP,205,846,5,15,44.2,0.3751,0,0,0,0,0,0
TXN0005283,M0060,109.63,card,api,IN-GJ,1493,571,1,3,50.4,0.207,2,0,0,0,0,0
TXN0005284,M0067,296.83,upi,api,IN-TN,1487,1436,5,13,57.8,0.5213,0,0,0,0,0,0
TXN0005285,M0048,26.12,card,web,IN-WB,486,1227,2,10,147.4,0.4509,0,0,0,0,1,0
TXN0005286,M0359,716.71,wallet,android,IN-UP,349,693,2,11,84.3,0.5796,0,0,0,0,1,0
TXN0005287,M0039,623.24,upi,ios,IN-GJ,1329,1284,3,12,104.6,0.1913,3,0,0,0,0,0
TXN0005288,M0006,66.59,card,web,IN-TN,1379,1023,2,8,88.6,0.3578,0,0,0,0,0,0
TXN0005289,M0367,2125.98,card,android,IN-DL,1153,75,4,16,111.2,0.2794,2,0,0,0,0,1
TXN0005290,M0295,228.45,card,web,IN-KA,266,936,4,6,16.2,0.3336,2,0,0,0,0,0
TXN0005291,M0282,161.42,upi,web,IN-MH,917,905,7,18,108.6,0.6387,3,0,0,0,0,1
TXN0005292,M0260,326.05,upi,android,IN-KA,460,431,2,9,54.5,0.1258,1,0,0,0,0,0
TXN0005293,M0334,273.43,upi,web,IN-GJ,521,526,3,11,64.5,0.3949,7,0,0,0,0,0
TXN0005294,M0268,202.38,upi,web,IN-TN,1041,1267,2,7,93.5,0.3959,0,0,0,0,0,0
TXN0005295,M0355,60.85,card,web,IN-TN,1773,1141,3,9,6.3,0.3672,2,0,0,0,0,1
TXN0005296,M0063,116.25,card,android,IN-GJ,357,1474,5,12,36.7,0.2228,1,0,0,0,0,0
TXN0005297,M0237,257.3,upi,web,IN-UP,447,1121,3,18,8.0,0.7353,6,0,0,0,0,0
TXN0005298,M0290,414.5,upi,android,IN-TN,444,1357,3,7,52.3,0.5464,4,0,0,0,0,1
TXN0005299,M0037,759.39,upi,ios,IN-TN,376,294,2,9,114.3,0.067,3,0,0,0,0,0
TXN0005300,M0202,113.95,upi,web,IN-MH,1698,1227,3,15,195.3,0.3962,0,0,0,0,1,0
TXN0005301,M0319,194.84,upi,android,IN-MH,198,537,4,8,5.4,0.4668,1,0,0,0,1,0
TXN0005302,M0222,93.0,upi,ios,IN-WB,351,878,1,4,31.1,0.1538,1,0,0,0,0,0
TXN0005303,M0139,537.43,upi,api,IN-WB,1186,1347,2,6,150.2,0.3103,1,0,0,0,0,0
TXN0005304,M0266,131.84,wallet,api,IN-WB,631,920,7,12,382.5,0.4659,1,0,0,0,0,1
TXN0005305,M0207,99.99,card,android,IN-KA,1622,22,5,11,101.0,0.6001,1,0,0,0,0,0
TXN0005306,M0259,191.5,card,web,IN-TN,1067,802,3,7,81.7,0.1932,1,0,0,0,0,0
TXN0005307,M0128,33.78,netbanking,api,IN-UP,242,177,1,10,31.7,0.2614,1,0,0,0,1,0
TXN0005308,M0239,309.2,upi,web,IN-MH,869,1002,3,8,54.3,0.3742,2,0,0,0,0,1
TXN0005309,M0324,132.05,upi,android,IN-KA,188,199,1,13,35.8,0.2714,1,0,0,0,0,0
TXN0005310,M0328,2865.58,upi,api,IN-DL,768,271,8,15,108.5,0.465,1,0,0,0,0,1
TXN0005311,M0073,97.0,upi,web,IN-WB,1628,1421,3,9,10.0,0.1322,0,0,0,0,0,0
TXN0005312,M0076,137.77,card,web,IN-TN,863,951,3,6,104.8,0.3267,2,1,0,0,1,0
TXN0005313,M0237,497.8,card,android,IN-MH,1189,242,2,6,31.3,0.1865,1,1,0,0,0,1
TXN0005314,M0344,393.45,netbanking,api,IN-MH,697,944,1,9,136.2,0.422,1,0,0,0,0,0
TXN0005315,M0377,507.18,upi,ios,IN-MH,1744,671,3,6,35.2,0.339,2,1,0,0,0,0
TXN0005316,M0148,136.08,card,android,IN-UP,1072,433,2,5,3.2,0.3365,2,0,0,0,0,0
TXN0005317,M0081,57.17,card,ios,IN-GJ,1278,590,0,3,213.2,0.253,0,0,0,0,0,0
TXN0005318,M0111,2594.45,card,api,IN-DL,1434,1366,3,15,74.7,0.4822,2,0,0,0,0,1
TXN0005319,M0298,301.65,wallet,api,IN-DL,1389,964,2,7,184.4,0.3991,0,0,0,0,0,0
TXN0005320,M0375,225.58,upi,ios,IN-GJ,1696,1351,4,11,43.0,0.3467,0,1,0,0,1,0
TXN0005321,M0023,402.94,upi,web,IN-MH,831,1495,1,8,31.5,0.509,1,0,0,0,1,0
TXN0005322,M0003,48.9,card,api,IN-MH,292,996,3,10,39.4,0.2759,2,0,0,0,0,0
TXN0005323,M0265,114.04,card,web,IN-TN,429,321,2,7,24.7,0.2208,1,0,0,0,0,0
TXN0005324,M0082,63.43,card,android,IN-GJ,433,750,1,9,7.2,0.3412,1,0,0,0,0,0
TXN0005325,M0131,212.7,upi,ios,IN-DL,1024,1167,2,7,42.7,0.2392,3,0,0,0,0,0
TXN0005326,M0344,45.37,upi,web,IN-WB,158,128,1,4,44.1,0.1169,0,0,0,0,0,0
TXN0005327,M0155,353.09,netbanking,web,IN-KA,645,989,6,14,62.7,0.2745,2,0,0,0,0,0
TXN0005328,M0169,587.86,wallet,api,IN-MH,1314,692,5,13,26.0,0.4048,2,0,0,0,0,1
TXN0005329,M0025,566.62,netbanking,ios,IN-TN,846,851,1,5,8.8,0.193,0,0,0,0,0,0
TXN0005330,M0222,279.6,card,web,IN-UP,603,1048,3,13,39.1,0.4185,2,0,0,0,0,0
TXN0005331,M0349,218.15,card,web,IN-UP,928,726,5,10,29.6,0.5644,2,0,0,0,0,0
TXN0005332,M0397,118.51,card,ios,IN-GJ,233,8,3,9,76.5,0.5722,2,0,0,0,0,1
TXN0005333,M0361,281.89,card,web,IN-TN,48,53,2,8,13.2,0.2135,4,0,0,0,0,1
TXN0005334,M0308,161.28,netbanking,android,IN-DL,1296,453,3,8,204.7,0.5025,3,0,0,0,0,0
TXN0005335,M0114,27.75,upi,ios,IN-GJ,1095,299,4,12,150.8,0.2621,4,0,0,0,0,0
TXN0005336,M0048,97.15,wallet,android,IN-KA,1237,1185,1,5,31.4,0.0229,0,0,0,0,0,0
TXN0005337,M0142,397.53,netbanking,android,IN-KA,646,1484,1,3,41.7,0.1515,2,0,0,0,1,0
TXN0005338,M0151,58.39,upi,api,IN-MH,400,164,2,8,58.8,0.0953,0,0,0,0,0,0
TXN0005339,M0350,57.26,card,api,IN-MH,1461,945,5,11,41.8,0.2964,2,0,0,0,0,1
TXN0005340,M0030,147.42,card,ios,IN-TN,1319,1485,2,3,30.4,0.3257,1,0,0,0,0,0
TXN0005341,M0016,20.57,upi,ios,IN-DL,102,301,0,5,84.1,0.0776,0,0,0,0,1,0
TXN0005342,M0358,373.36,card,web,IN-KA,1740,621,4,12,41.9,0.3814,2,0,0,0,0,0
TXN0005343,M0307,341.77,card,api,IN-KA,1001,617,3,8,53.0,0.6367,5,0,0,0,1,0
TXN0005344,M0102,464.11,upi,android,IN-UP,530,792,3,12,9.7,0.2943,1,0,0,0,0,1
TXN0005345,M0330,224.57,wallet,android,IN-GJ,648,961,2,7,56.0,0.1785,3,0,0,0,0,0
TXN0005346,M0220,76.71,upi,web,IN-KA,986,858,4,14,44.8,0.4974,0,0,0,0,0,0
TXN0005347,M0219,52.61,card,ios,IN-UP,168,591,7,15,44.0,0.4343,4,0,0,0,0,1
TXN0005348,M0306,312.28,upi,ios,IN-GJ,146,430,4,9,73.5,0.3232,1,0,0,0,0,0
TXN0005349,M0312,368.11,card,web,IN-DL,745,267,2,6,159.2,0.1068,1,0,0,0,0,0
TXN0005350,M0334,58.92,card,web,IN-MH,1721,1040,2,12,30.3,0.3396,2,0,0,0,0,0
TXN0005351,M0225,51.54,card,api,IN-KA,737,663,2,11,33.7,0.2388,1,1,0,0,0,0
TXN0005352,M0222,176.61,card,web,IN-UP,1544,806,1,3,149.3,0.1959,2,0,0,0,0,0
TXN0005353,M0247,206.35,upi,web,IN-KA,1356,1245,3,8,45.2,0.2764,1,0,0,0,0,0
TXN0005354,M0333,458.44,upi,web,IN-GJ,1525,1369,4,13,22.6,0.3225,3,0,0,0,0,1
TXN0005355,M0181,349.09,card,android,IN-GJ,274,1348,2,9,21.3,0.1301,4,0,0,0,0,0
TXN0005356,M0167,166.16,card,android,IN-KA,1795,532,2,13,31.1,0.4369,3,0,0,0,1,1
TXN0005357,M0321,506.98,upi,ios,IN-GJ,1494,1323,2,6,41.0,0.6044,3,0,0,0,1,1
TXN0005358,M0383,126.9,card,android,IN-WB,1545,72,1,9,62.3,0.3821,2,0,0,0,0,0
TXN0005359,M0124,132.21,card,api,IN-KA,87,1146,4,13,30.1,0.2889,2,1,0,0,0,1
TXN0005360,M0286,420.41,card,web,IN-WB,480,812,1,4,13.2,0.1787,1,0,0,0,1,0
TXN0005361,M0026,468.96,card,android,IN-UP,928,291,1,9,92.8,0.1438,2,0,0,0,0,1
TXN0005362,M0002,481.39,card,android,IN-KA,1135,734,3,9,99.4,0.2654,1,0,0,0,0,1
TXN0005363,M0315,150.43,upi,web,IN-TN,1168,0,2,6,34.8,0.1993,2,0,1,0,0,0
TXN0005364,M0133,193.36,card,android,IN-KA,1761,1400,3,8,106.4,0.3716,0,0,0,0,1,0
TXN0005365,M0250,75.69,wallet,android,IN-DL,26,1048,3,8,69.6,0.4991,3,0,0,0,0,1
TXN0005366,M0091,442.71,card,android,IN-UP,451,926,4,17,33.2,0.1187,3,0,0,0,1,0
TXN0005367,M0006,99.65,upi,web,IN-MH,125,1376,4,11,41.4,0.0767,1,0,0,0,0,0
TXN0005368,M0140,24.44,card,android,IN-GJ,960,203,4,6,69.3,0.1057,2,0,0,0,0,0
TXN0005369,M0011,115.8,card,ios,IN-DL,493,53,6,14,124.8,0.3423,1,0,0,0,1,0
TXN0005370,M0319,76.49,card,android,IN-MH,1110,1281,2,5,16.4,0.1309,2,0,0,0,1,0
TXN0005371,M0344,12.01,upi,web,IN-WB,687,246,3,12,32.5,0.4641,1,0,0,0,0,0
TXN0005372,M0102,101.44,upi,ios,IN-MH,459,311,5,14,19.9,0.4193,2,0,0,0,1,1
TXN0005373,M0061,393.63,card,android,IN-UP,624,1185,2,8,138.4,0.1621,2,0,0,0,0,1
TXN0005374,M0290,272.23,netbanking,web,IN-UP,1136,803,3,17,47.2,0.5499,3,0,0,0,1,1
TXN0005375,M0351,271.72,upi,android,IN-KA,1748,1449,3,8,75.6,0.4259,0,0,0,0,0,0
TXN0005376,M0139,748.93,card,web,IN-UP,307,734,2,8,174.9,0.2359,0,0,0,0,0,0
TXN0005377,M0186,100.9,netbanking,api,IN-TN,301,281,2,9,43.1,0.2201,1,0,0,0,0,0
TXN0005378,M0117,57.26,card,web,IN-GJ,1733,728,0,3,80.6,0.3984,1,0,0,0,0,0
TXN0005379,M0191,294.98,upi,ios,IN-KA,1603,410,4,15,83.9,0.4126,0,0,0,0,0,0
TXN0005380,M0098,257.24,netbanking,android,IN-WB,1605,963,1,6,54.6,0.2045,3,0,0,0,0,0
TXN0005381,M0208,50.74,upi,android,IN-UP,1700,735,1,3,176.4,0.1531,1,1,0,0,0,0
TXN0005382,M0242,150.93,upi,api,IN-TN,385,1236,3,7,100.3,0.1967,2,0,0,0,0,0
TXN0005383,M0002,308.42,card,api,IN-MH,316,844,2,5,38.7,0.1445,0,0,0,0,0,0
TXN0005384,M0178,236.93,netbanking,web,IN-TN,1177,216,3,12,14.3,0.5665,1,0,0,0,0,0
TXN0005385,M0088,374.22,wallet,ios,IN-GJ,1365,790,4,11,136.5,0.394,0,0,0,0,0,0
TXN0005386,M0352,91.91,upi,web,IN-TN,1498,1435,1,8,175.7,0.3535,2,0,0,0,1,0
TXN0005387,M0212,43.58,card,web,IN-MH,1796,385,1,7,35.0,0.4705,1,0,0,0,0,0
TXN0005388,M0142,72.21,card,web,IN-WB,1615,603,4,8,82.9,0.2612,2,0,0,0,0,0
TXN0005389,M0363,427.23,card,web,IN-MH,446,368,3,7,24.0,0.1452,1,0,0,0,0,0
TXN0005390,M0021,507.05,upi,android,IN-DL,529,1457,3,9,109.0,0.2251,1,0,0,0,0,0
TXN0005391,M0026,152.23,wallet,ios,IN-MH,905,462,0,3,59.4,0.1394,1,0,0,0,0,0
TXN0005392,M0354,816.94,card,android,IN-WB,537,692,2,6,124.4,0.1287,1,0,0,0,0,0
TXN0005393,M0358,153.06,upi,ios,IN-DL,1366,404,3,10,137.4,0.3255,5,0,0,0,0,1
TXN0005394,M0272,107.82,upi,api,IN-GJ,1481,87,2,5,55.2,0.1321,0,0,0,0,0,0
TXN0005395,M0288,43.91,card,web,IN-GJ,1322,448,3,5,50.1,0.3585,2,0,0,0,0,0
TXN0005396,M0268,166.88,card,web,IN-UP,17,933,2,10,94.7,0.4478,1,0,0,0,0,1
TXN0005397,M0247,519.81,netbanking,web,IN-TN,1499,661,4,9,40.9,0.176,0,0,0,0,1,0
TXN0005398,M0319,640.0,wallet,api,IN-KA,517,49,0,8,72.8,0.3438,3,0,0,0,1,0
TXN0005399,M0018,524.39,card,web,IN-TN,627,435,3,11,28.8,0.4977,2,1,0,0,0,1
TXN0005400,M0245,296.62,upi,web,IN-MH,1007,26,1,4,44.8,0.2829,2,0,0,0,0,0
TXN0005401,M0052,888.64,card,android,IN-WB,218,1041,1,5,15.4,0.5035,1,0,0,0,1,0
TXN0005402,M0132,68.32,card,web,IN-MH,1318,1415,2,6,58.6,0.2359,0,0,0,0,0,0
TXN0005403,M0109,588.73,card,ios,IN-UP,1217,458,5,12,63.6,0.3632,1,0,0,0,0,0
TXN0005404,M0357,238.46,upi,web,IN-TN,806,620,6,14,65.7,0.3218,2,0,0,0,0,0
TXN0005405,M0119,222.19,upi,web,IN-MH,611,891,4,6,107.2,0.2452,1,0,0,0,0,0
TXN0005406,M0178,43.38,card,android,IN-WB,512,706,3,9,114.1,0.331,1,0,0,0,0,0
TXN0005407,M0111,253.23,upi,api,IN-GJ,1163,249,3,8,177.9,0.1423,0,0,0,0,0,0
TXN0005408,M0224,570.77,upi,android,IN-WB,1780,116,3,5,103.5,0.2781,0,0,0,0,0,0
TXN0005409,M0006,21.42,card,android,IN-TN,852,831,1,7,52.8,0.2659,1,0,0,0,0,0
TXN0005410,M0358,398.82,card,android,IN-WB,1754,1345,0,4,29.2,0.3177,1,1,0,0,0,0
TXN0005411,M0286,18.32,upi,api,IN-DL,826,199,4,10,62.2,0.4176,1,1,0,0,0,0
TXN0005412,M0122,43.62,card,ios,IN-DL,8,244,1,7,68.3,0.2158,2,0,0,1,0,0
TXN0005413,M0210,163.8,card,web,IN-WB,1586,1038,2,8,108.3,0.2612,3,0,0,0,1,0
TXN0005414,M0247,876.26,card,ios,IN-WB,633,243,1,4,112.8,0.1514,1,0,0,0,0,0
TXN0005415,M0149,158.36,card,web,IN-GJ,1153,539,6,11,154.9,0.4357,3,0,0,0,0,1
TXN0005416,M0145,287.99,upi,ios,IN-TN,845,232,1,8,62.8,0.3441,1,0,0,0,0,0
TXN0005417,M0034,72.47,upi,web,IN-UP,1124,365,1,8,90.2,0.3298,0,0,0,0,0,0
TXN0005418,M0033,148.22,netbanking,web,IN-GJ,1373,106,4,13,172.8,0.1719,2,0,0,0,0,0
TXN0005419,M0286,170.39,card,android,IN-WB,1747,1121,2,5,48.5,0.3122,2,0,0,0,0,0
TXN0005420,M0391,917.98,wallet,api,IN-TN,1725,1133,6,15,66.3,0.2801,1,0,0,0,1,0
TXN0005421,M0102,85.26,card,android,IN-UP,486,1025,7,14,116.2,0.4301,1,0,0,0,0,1
TXN0005422,M0318,93.11,card,web,IN-MH,40,1106,1,7,22.3,0.5887,0,0,0,0,0,0
TXN0005423,M0010,528.36,card,android,IN-TN,1239,1225,2,10,36.2,0.2872,1,0,0,0,0,1
TXN0005424,M0320,140.63,upi,android,IN-WB,366,787,0,11,67.5,0.2124,3,1,0,0,1,0
TXN0005425,M0218,201.57,card,android,IN-TN,640,1373,2,6,78.7,0.1772,0,0,0,0,1,0
TXN0005426,M0008,278.15,upi,web,IN-DL,1356,1174,2,8,104.0,0.3749,2,0,0,0,0,0
TXN0005427,M0368,95.24,card,web,IN-TN,1078,1083,2,10,13.7,0.2247,1,0,0,0,0,0
TXN0005428,M0102,23.12,upi,web,IN-DL,1078,744,4,11,80.8,0.232,2,0,0,0,0,0
TXN0005429,M0270,527.48,upi,web,IN-WB,1470,289,4,17,47.6,0.5428,1,0,0,0,0,0
TXN0005430,M0342,202.17,card,android,IN-KA,1138,1126,2,8,82.6,0.3493,3,0,0,0,0,0
TXN0005431,M0226,50.2,upi,android,IN-MH,1661,1331,5,10,10.5,0.3076,2,0,0,0,0,0
TXN0005432,M0141,391.92,upi,android,IN-GJ,356,1027,2,5,82.5,0.2109,2,0,0,0,0,0
TXN0005433,M0084,1342.37,wallet,web,IN-UP,769,356,2,11,74.8,0.2036,1,0,0,0,1,0
TXN0005434,M0233,593.22,upi,web,IN-KA,796,806,1,4,43.1,0.1869,1,0,0,0,0,0
TXN0005435,M0184,1442.16,card,android,IN-GJ,1497,948,5,9,101.3,0.2484,1,0,0,0,0,0
TXN0005436,M0192,52.73,netbanking,ios,IN-TN,1503,797,4,7,19.9,0.2724,0,0,0,0,1,0
TXN0005437,M0160,231.02,netbanking,ios,IN-KA,603,670,1,7,109.9,0.6448,1,1,0,0,0,0
TXN0005438,M0118,256.67,wallet,ios,IN-KA,1654,464,1,6,58.4,0.1486,2,0,0,0,0,0
TXN0005439,M0191,160.16,upi,ios,IN-MH,1190,1199,2,6,24.2,0.3122,2,0,0,0,0,0
TXN0005440,M0121,129.7,card,android,IN-KA,424,343,2,10,186.2,0.3836,1,0,0,0,0,0
TXN0005441,M0313,9.33,card,ios,IN-KA,1579,1257,1,7,34.9,0.4081,3,0,0,0,0,0
TXN0005442,M0102,977.94,upi,android,IN-UP,310,1439,3,9,27.4,0.5089,1,0,0,0,1,0
TXN0005443,M0269,35.74,card,api,IN-UP,1234,1048,3,7,30.2,0.2981,2,0,0,0,0,0
TXN0005444,M0156,444.37,upi,web,IN-MH,1678,569,5,12,70.9,0.3295,0,0,0,0,0,0
TXN0005445,M0354,181.98,upi,android,IN-MH,1270,590,9,13,150.5,0.392,3,0,0,0,1,0
TXN0005446,M0274,174.59,card,ios,IN-MH,903,455,5,9,20.0,0.4821,1,0,0,0,0,0
TXN0005447,M0216,146.57,upi,android,IN-WB,1507,1261,2,6,13.3,0.2457,2,0,0,0,1,0
TXN0005448,M0339,219.64,card,api,IN-GJ,341,656,6,18,138.8,0.2766,1,0,0,0,0,0
TXN0005449,M0086,341.63,netbanking,android,IN-TN,455,417,3,8,16.6,0.2463,1,0,0,0,0,0
TXN0005450,M0123,466.22,card,android,IN-KA,1161,1137,1,6,127.0,0.3358,2,0,0,0,0,0
TXN0005451,M0323,158.71,upi,android,IN-DL,1344,592,2,9,155.7,0.1397,1,1,0,0,0,0
TXN0005452,M0302,53.92,card,api,IN-DL,493,1252,2,11,81.8,0.2329,0,0,0,0,0,0
TXN0005453,M0223,52.1,card,web,IN-UP,1148,440,2,5,27.5,0.0493,1,0,0,0,0,0
TXN0005454,M0351,508.72,card,web,IN-GJ,1420,956,1,9,104.9,0.1463,0,0,0,0,0,0
TXN0005455,M0327,137.23,netbanking,android,IN-DL,983,1321,4,12,117.3,0.4545,2,0,0,0,1,0
TXN0005456,M0138,64.6,card,android,IN-WB,294,307,3,9,80.5,0.2474,0,0,0,0,0,0
TXN0005457,M0308,85.73,upi,web,IN-GJ,1755,454,2,7,44.8,0.1982,1,0,0,0,0,0
TXN0005458,M0264,163.87,netbanking,ios,IN-TN,644,220,3,9,171.3,0.2671,2,0,0,0,0,0
TXN0005459,M0026,49.88,card,api,IN-GJ,743,1147,3,7,130.8,0.2657,0,0,0,0,0,0
TXN0005460,M0381,174.48,card,api,IN-TN,1031,154,5,9,101.5,0.3496,2,0,0,0,0,1
TXN0005461,M0130,630.19,upi,web,IN-UP,423,951,0,6,221.7,0.2021,0,0,0,0,1,0
TXN0005462,M0295,159.85,card,android,IN-DL,134,1279,4,12,32.5,0.3172,3,1,0,0,0,0
TXN0005463,M0277,30.73,card,ios,IN-WB,1510,991,4,13,83.0,0.3016,5,1,0,0,0,0
TXN0005464,M0178,428.69,upi,web,IN-TN,1355,1170,1,11,57.6,0.2045,1,0,0,0,0,0
TXN0005465,M0270,546.29,wallet,web,IN-TN,334,944,2,7,29.0,0.3097,1,0,0,0,0,0
TXN0005466,M0390,575.87,card,web,IN-MH,927,932,1,6,12.7,0.2239,1,0,0,0,0,0
TXN0005467,M0014,190.94,card,ios,IN-MH,1341,940,1,6,41.5,0.2511,2,0,0,0,1,0
TXN0005468,M0182,1852.77,upi,android,IN-DL,1770,704,4,8,19.5,0.1407,3,0,0,0,0,1
TXN0005469,M0007,375.75,card,web,IN-UP,1670,218,0,9,64.8,0.2858,1,0,0,0,1,0
TXN0005470,M0312,3578.7,wallet,android,IN-TN,120,967,3,9,149.8,0.0742,0,0,0,0,0,1
TXN0005471,M0065,695.44,upi,ios,IN-GJ,1479,56,3,9,44.8,0.2773,0,0,0,0,0,0
TXN0005472,M0254,596.73,upi,api,IN-GJ,256,1045,5,15,82.4,0.3058,1,0,0,0,0,0
TXN0005473,M0109,96.57,upi,android,IN-UP,1140,613,3,10,155.7,0.2499,1,0,0,0,1,0
TXN0005474,M0058,69.75,card,web,IN-UP,1065,249,2,6,66.5,0.4227,0,0,0,0,0,0
TXN0005475,M0098,202.04,card,ios,IN-UP,1661,907,4,10,20.6,0.5721,4,0,0,0,0,1
TXN0005476,M0047,148.48,upi,android,IN-DL,1049,198,1,4,53.6,0.581,1,0,0,0,0,0
TXN0005477,M0084,105.15,card,api,IN-UP,880,697,1,8,50.4,0.1684,2,0,0,0,0,0
TXN0005478,M0127,158.03,card,android,IN-UP,1091,291,4,11,58.9,0.8531,2,0,0,0,0,0
TXN0005479,M0242,147.66,netbanking,ios,IN-DL,137,392,1,2,17.9,0.2126,1,0,0,0,0,0
TXN0005480,M0038,94.9,card,android,IN-WB,54,837,4,16,28.5,0.6,1,0,0,0,0,0
TXN0005481,M0180,347.29,upi,api,IN-TN,1323,86,1,7,60.8,0.1516,1,0,0,0,0,0
TXN0005482,M0393,84.88,upi,android,IN-GJ,895,481,5,14,47.3,0.4881,1,0,0,0,0,1
TXN0005483,M0162,172.4,card,api,IN-TN,1290,266,4,10,76.0,0.3251,1,1,0,0,0,0
TXN0005484,M0387,53.44,wallet,api,IN-DL,871,1373,5,9,36.1,0.5036,1,0,0,0,0,0
TXN0005485,M0212,198.95,netbanking,api,IN-TN,1557,1208,3,8,48.9,0.3504,2,0,0,0,0,0
TXN0005486,M0222,220.14,upi,android,IN-DL,562,530,4,9,50.0,0.3076,0,0,0,0,1,0
TXN0005487,M0296,68.83,card,android,IN-KA,731,1285,0,6,146.1,0.2165,1,0,0,0,0,0
TXN0005488,M0148,193.14,netbanking,ios,IN-MH,477,526,1,6,51.1,0.1528,1,0,0,0,0,0
TXN0005489,M0386,163.23,card,api,IN-TN,261,85,3,8,17.5,0.3362,2,0,0,0,1,1
TXN0005490,M0093,113.54,upi,api,IN-TN,212,425,2,9,13.9,0.5774,3,0,0,0,0,0
TXN0005491,M0327,114.62,upi,android,IN-WB,185,167,0,1,143.2,0.1747,1,0,0,0,0,0
TXN0005492,M0356,281.67,card,web,IN-DL,180,585,7,13,49.9,0.4199,0,0,0,0,0,1
TXN0005493,M0393,185.17,upi,web,IN-MH,622,1049,2,7,29.1,0.1594,4,0,0,0,0,0
TXN0005494,M0379,469.0,upi,android,IN-UP,802,525,1,2,21.9,0.2657,5,0,0,0,0,0
TXN0005495,M0314,63.85,upi,api,IN-MH,1427,1153,1,5,36.5,0.3722,2,0,0,0,0,0
TXN0005496,M0269,149.22,card,android,IN-WB,1484,1058,4,11,81.5,0.2916,3,0,0,0,0,0
TXN0005497,M0244,97.37,card,android,IN-GJ,938,1476,3,7,6.9,0.2733,0,0,0,0,0,0
TXN0005498,M0201,191.22,card,android,IN-DL,1067,828,2,9,116.1,0.3485,0,0,0,0,0,0
TXN0005499,M0089,235.6,card,ios,IN-WB,307,782,3,10,61.5,0.3918,1,0,0,0,1,0
TXN0005500,M0378,55.2,upi,api,IN-TN,471,1171,2,7,75.3,0.2823,2,1,0,0,1,0
TXN0005501,M0263,325.7,card,android,IN-WB,436,858,1,4,173.6,0.325,1,0,0,0,0,0
TXN0005502,M0054,1565.17,wallet,web,IN-GJ,891,1212,4,5,27.7,0.3647,0,0,0,0,0,0
TXN0005503,M0214,213.49,card,android,IN-TN,627,772,2,5,35.2,0.3155,2,0,0,0,0,0
TXN0005504,M0254,75.58,upi,ios,IN-DL,379,480,5,13,28.7,0.2703,3,0,0,0,0,0
TXN0005505,M0236,134.42,upi,web,IN-MH,865,1167,3,6,115.3,0.316,1,1,0,0,0,0
TXN0005506,M0283,130.16,upi,web,IN-DL,214,1241,1,7,13.8,0.2726,2,0,0,0,0,0
TXN0005507,M0165,92.36,card,web,IN-UP,1511,1344,1,4,57.0,0.2231,2,0,0,0,0,0
TXN0005508,M0274,370.81,card,api,IN-WB,1363,142,4,9,49.6,0.2135,0,0,0,0,0,0
TXN0005509,M0189,29.07,netbanking,android,IN-GJ,1786,584,5,9,52.9,0.2397,0,0,0,0,0,0
TXN0005510,M0319,236.38,card,android,IN-MH,484,1289,1,6,87.9,0.2962,0,0,0,0,0,0
TXN0005511,M0385,654.21,upi,ios,IN-MH,1079,1384,2,4,34.0,0.201,2,0,0,0,0,1
TXN0005512,M0132,613.36,card,api,IN-DL,1461,569,2,7,45.7,0.2975,1,0,0,0,1,0
TXN0005513,M0254,501.43,card,ios,IN-TN,701,595,2,4,86.8,0.0946,0,0,0,0,0,0
TXN0005514,M0089,93.02,upi,ios,IN-KA,1681,1054,2,8,43.7,0.3009,1,0,0,0,0,0
TXN0005515,M0287,773.17,upi,android,IN-MH,330,654,4,9,114.7,0.2163,1,1,0,0,1,1
TXN0005516,M0063,259.71,upi,web,IN-WB,309,787,2,7,79.9,0.3652,2,0,0,0,0,0
TXN0005517,M0048,747.12,card,web,IN-UP,920,470,2,7,24.6,0.2278,3,0,0,0,0,0
TXN0005518,M0372,530.87,card,web,IN-WB,639,303,2,9,62.0,0.4595,3,0,0,0,0,0
TXN0005519,M0337,246.5,netbanking,android,IN-UP,1104,1062,2,5,97.6,0.1455,0,0,0,0,1,0
TXN0005520,M0270,140.93,card,android,IN-DL,1535,175,0,11,54.2,0.3487,6,0,0,0,0,0
TXN0005521,M0012,1914.22,card,web,IN-TN,589,1250,5,13,65.7,0.195,0,0,0,0,0,1
TXN0005522,M0255,30.36,card,ios,IN-GJ,1332,1259,0,8,12.4,0.3775,0,0,0,0,0,0
TXN0005523,M0132,151.33,card,android,IN-GJ,583,1156,1,5,79.4,0.1527,2,0,0,0,0,0
TXN0005524,M0122,44.15,wallet,web,IN-TN,79,235,2,8,52.9,0.3534,4,0,0,0,0,0
TXN0005525,M0197,202.34,card,android,IN-TN,1491,1197,2,12,33.6,0.3422,0,0,0,0,1,0
TXN0005526,M0390,257.15,upi,web,IN-DL,941,940,1,4,69.6,0.1632,0,0,0,0,0,0
TXN0005527,M0150,94.64,netbanking,ios,IN-WB,1188,808,0,1,151.3,0.297,3,0,0,0,0,0
TXN0005528,M0146,102.03,upi,android,IN-KA,672,610,1,3,46.3,0.1366,0,0,0,0,0,0
TXN0005529,M0380,48.06,upi,web,IN-MH,811,1207,4,12,69.2,0.5003,1,0,0,0,0,0
TXN0005530,M0255,282.84,card,android,IN-KA,1474,996,3,7,39.0,0.3334,1,0,0,0,0,0
TXN0005531,M0360,112.91,card,api,IN-DL,1004,332,1,2,140.1,0.1718,0,0,0,0,0,0
TXN0005532,M0328,274.61,upi,web,IN-TN,268,1036,6,13,49.1,0.5593,1,0,0,0,0,0
TXN0005533,M0243,106.61,card,web,IN-WB,909,597,2,7,168.7,0.3139,2,0,0,0,0,0
TXN0005534,M0075,230.47,card,api,IN-UP,243,417,3,5,209.5,0.1348,0,0,0,0,1,0
TXN0005535,M0099,377.11,upi,android,IN-KA,314,570,1,8,102.4,0.7404,2,1,0,0,1,0
TXN0005536,M0292,290.46,upi,web,IN-MH,1773,1496,0,7,23.3,0.2316,2,0,0,0,1,0
TXN0005537,M0231,222.21,upi,web,IN-MH,1566,1201,0,6,21.0,0.4202,4,0,0,0,0,0
TXN0005538,M0400,162.32,upi,android,IN-DL,1560,971,4,7,78.8,0.1916,1,0,0,0,0,0
TXN0005539,M0013,290.08,card,web,IN-TN,164,981,2,6,65.5,0.6794,2,0,0,0,0,0
TXN0005540,M0051,98.52,card,android,IN-MH,1795,581,2,6,40.0,0.2693,2,0,0,0,0,0
TXN0005541,M0326,148.03,upi,android,IN-UP,384,97,0,5,29.8,0.3728,3,0,0,0,0,0
TXN0005542,M0257,254.56,card,android,IN-TN,321,538,5,11,47.7,0.6342,4,0,0,0,1,1
TXN0005543,M0334,837.28,card,web,IN-KA,1011,472,3,8,52.2,0.3476,1,0,0,0,0,0
TXN0005544,M0144,97.61,upi,web,IN-TN,686,1230,3,11,101.9,0.3169,5,0,0,0,0,0
TXN0005545,M0141,74.27,card,android,IN-UP,830,666,4,11,41.7,0.5768,2,0,0,0,0,1
TXN0005546,M0060,239.41,upi,android,IN-GJ,1558,1008,2,9,166.1,0.3629,1,0,0,0,0,0
TXN0005547,M0228,601.89,card,api,IN-UP,1072,23,1,4,33.4,0.1733,1,0,0,0,0,0
TXN0005548,M0145,405.34,card,web,IN-MH,539,620,3,11,50.3,0.6117,3,1,0,0,0,0
TXN0005549,M0303,183.98,wallet,api,IN-DL,1655,692,4,11,29.4,0.2719,1,0,0,0,0,1
TXN0005550,M0311,613.14,card,web,IN-UP,1270,246,0,5,52.3,0.4937,2,0,0,0,0,0
TXN0005551,M0207,29.45,wallet,api,IN-KA,515,755,2,7,15.5,0.1618,0,0,0,0,0,0
TXN0005552,M0226,494.92,card,android,IN-MH,98,1334,1,8,34.2,0.185,2,0,0,0,0,0
TXN0005553,M0043,131.47,upi,web,IN-MH,272,166,1,4,57.1,0.2887,1,0,0,0,0,0
TXN0005554,M0382,337.97,card,web,IN-GJ,367,1156,2,11,31.8,0.2774,1,0,0,0,0,0
TXN0005555,M0138,493.21,upi,web,IN-KA,219,902,4,11,125.1,0.3234,0,0,0,0,0,0
TXN0005556,M0337,218.47,upi,android,IN-MH,1664,218,6,16,80.3,0.5086,2,1,0,0,1,1
TXN0005557,M0181,193.08,card,web,IN-MH,107,999,2,8,60.4,0.2855,3,0,0,0,0,0
TXN0005558,M0134,121.69,upi,ios,IN-MH,1707,1470,2,5,59.9,0.2201,1,0,0,0,0,0
TXN0005559,M0215,976.97,upi,ios,IN-KA,1423,236,1,7,349.7,0.2227,1,0,0,0,0,0
TXN0005560,M0143,254.02,upi,api,IN-UP,137,39,3,13,93.9,0.2799,0,0,0,0,0,0
TXN0005561,M0398,224.82,upi,ios,IN-WB,823,59,5,8,85.2,0.2502,0,0,0,0,1,0
TXN0005562,M0192,814.36,wallet,ios,IN-WB,13,429,9,19,35.9,0.5384,2,0,0,1,0,1
TXN0005563,M0185,108.9,upi,ios,IN-MH,461,1410,2,7,31.8,0.2747,0,0,0,0,0,0
TXN0005564,M0127,140.22,card,api,IN-WB,487,416,3,6,77.7,0.2435,1,0,0,0,0,0
TXN0005565,M0153,459.61,card,api,IN-MH,1213,1314,3,9,75.5,0.3342,0,0,0,0,1,0
TXN0005566,M0354,1061.37,netbanking,ios,IN-UP,344,74,0,6,100.3,0.2484,0,0,0,0,1,0
TXN0005567,M0284,188.2,card,web,IN-MH,1399,527,2,7,77.3,0.2773,2,0,0,0,0,0
TXN0005568,M0105,264.95,card,android,IN-KA,1268,1493,3,5,26.6,0.5084,1,0,0,0,1,0
TXN0005569,M0044,36.76,upi,api,IN-DL,1686,1077,2,7,28.7,0.1968,2,0,0,0,1,0
TXN0005570,M0312,648.83,upi,web,IN-UP,992,522,4,11,2.5,0.4052,1,0,0,0,0,1
TXN0005571,M0009,60.93,upi,web,IN-TN,719,790,1,9,23.9,0.2835,0,0,0,0,0,0
TXN0005572,M0222,104.95,upi,ios,IN-DL,1295,870,0,6,147.6,0.2553,0,0,0,0,1,0
TXN0005573,M0182,217.32,card,web,IN-KA,1241,807,6,11,80.9,0.4937,1,1,0,0,0,1
TXN0005574,M0292,94.06,card,android,IN-TN,378,798,2,5,20.2,0.4264,1,0,0,0,0,0
TXN0005575,M0281,25.88,upi,web,IN-UP,487,906,2,10,81.3,0.1784,2,1,0,0,1,1
TXN0005576,M0066,52.31,netbanking,android,IN-MH,1151,955,0,6,102.2,0.437,1,0,0,0,0,0
TXN0005577,M0220,198.62,card,android,IN-DL,1557,388,2,5,19.6,0.2427,1,0,0,0,0,0
TXN0005578,M0305,803.71,card,web,IN-MH,944,390,0,3,81.0,0.1861,1,0,0,0,1,0
TXN0005579,M0333,741.56,netbanking,web,IN-TN,1635,26,2,10,91.9,0.3119,0,0,0,0,0,1
TXN0005580,M0014,263.74,card,web,IN-UP,983,53,3,9,23.8,0.3383,0,0,0,0,0,1
TXN0005581,M0003,210.54,upi,web,IN-DL,1134,925,3,7,56.8,0.3809,1,0,0,0,0,1
TXN0005582,M0096,399.66,upi,web,IN-UP,657,51,5,10,62.9,0.1494,0,0,0,0,0,0
TXN0005583,M0036,677.64,upi,web,IN-MH,1186,1436,2,6,11.8,0.2045,0,1,0,0,0,0
TXN0005584,M0139,202.35,upi,web,IN-WB,139,336,3,7,89.0,0.582,2,0,0,0,1,0
TXN0005585,M0384,209.43,wallet,web,IN-KA,1187,849,3,5,45.9,0.0883,2,0,0,0,1,0
TXN0005586,M0073,220.63,netbanking,web,IN-GJ,723,909,1,11,55.8,0.2977,2,0,0,0,0,0
TXN0005587,M0280,494.01,upi,web,IN-DL,1065,290,0,7,106.3,0.2376,0,0,0,0,0,0
TXN0005588,M0241,45.81,upi,android,IN-TN,1777,806,4,6,108.8,0.1424,1,1,0,0,1,0
TXN0005589,M0104,182.97,upi,api,IN-MH,790,233,6,12,74.2,0.3291,2,0,0,0,0,1
TXN0005590,M0228,268.69,upi,ios,IN-WB,1219,858,1,7,99.5,0.1822,0,0,0,0,1,0
TXN0005591,M0266,27.1,upi,ios,IN-DL,1332,222,1,7,57.9,0.3548,2,0,0,0,0,0
TXN0005592,M0177,450.38,upi,ios,IN-WB,303,29,2,12,77.4,0.444,2,0,0,0,1,1
TXN0005593,M0289,528.02,upi,ios,IN-KA,1757,435,4,12,22.5,0.3273,3,0,0,0,0,1
TXN0005594,M0180,25.71,upi,ios,IN-UP,1000,151,9,14,44.2,0.5228,3,0,0,0,0,1
TXN0005595,M0283,119.06,upi,web,IN-UP,1342,130,5,16,149.5,0.1941,1,0,0,0,0,0
TXN0005596,M0021,123.09,card,web,IN-TN,229,1046,3,9,217.8,0.128,0,0,0,0,0,0
TXN0005597,M0397,74.0,card,web,IN-WB,557,1409,5,14,90.2,0.2546,2,0,0,0,1,0
TXN0005598,M0356,84.95,card,web,IN-MH,1690,823,0,4,25.1,0.4399,0,0,0,0,0,0
TXN0005599,M0330,106.76,card,android,IN-WB,901,717,2,5,23.0,0.3635,1,0,0,0,0,0
TXN0005600,M0025,331.26,upi,android,IN-GJ,39,1131,2,10,34.0,0.1011,0,0,0,0,0,0
TXN0005601,M0327,626.65,card,android,IN-UP,1075,830,2,7,106.0,0.3526,0,0,0,0,1,0
TXN0005602,M0023,312.55,upi,web,IN-WB,1533,261,2,16,67.4,0.6928,3,0,0,0,1,0
TXN0005603,M0327,72.18,card,android,IN-WB,148,880,8,16,56.9,0.4678,0,0,0,0,1,0
TXN0005604,M0189,397.02,card,web,IN-KA,343,294,3,9,55.0,0.3782,0,0,0,0,0,0
TXN0005605,M0291,329.3,card,web,IN-TN,886,363,1,2,54.3,0.1209,1,0,0,0,0,0
TXN0005606,M0337,9.58,upi,api,IN-WB,721,813,3,7,189.8,0.1825,0,0,0,0,0,0
TXN0005607,M0003,621.95,card,ios,IN-TN,185,983,1,11,62.0,0.1433,0,0,0,0,0,0
TXN0005608,M0210,205.71,upi,web,IN-WB,346,1130,1,8,60.7,0.1971,1,0,0,0,1,0
TXN0005609,M0371,213.5,upi,android,IN-TN,919,438,1,6,59.5,0.246,3,0,0,0,0,0
TXN0005610,M0310,31.5,upi,android,IN-DL,1079,553,2,10,123.6,0.2706,0,0,0,0,0,0
TXN0005611,M0287,904.04,upi,web,IN-MH,157,1196,2,5,130.4,0.2675,1,0,0,0,0,0
TXN0005612,M0002,252.12,upi,android,IN-DL,1292,1431,2,6,75.8,0.2891,3,0,0,0,0,0
TXN0005613,M0271,390.75,netbanking,api,IN-KA,651,701,1,7,68.2,0.2011,2,0,0,0,0,0
TXN0005614,M0012,47.9,wallet,api,IN-TN,1797,579,1,7,69.0,0.2708,1,0,0,0,0,0
TXN0005615,M0161,300.29,upi,web,IN-KA,1718,942,3,7,181.9,0.3785,2,0,0,0,0,1
TXN0005616,M0264,306.33,card,android,IN-UP,1113,611,4,9,42.1,0.2267,1,0,0,0,0,0
TXN0005617,M0368,154.07,card,web,IN-MH,14,871,4,6,50.9,0.1907,0,0,0,0,0,0
TXN0005618,M0325,49.39,card,web,IN-DL,229,1129,3,4,37.9,0.1276,2,0,0,0,1,0
TXN0005619,M0267,169.27,card,android,IN-TN,494,472,1,7,48.5,0.3361,0,0,0,0,1,0
TXN0005620,M0078,69.26,card,android,IN-UP,793,688,2,11,49.2,0.3087,2,0,0,0,0,0
TXN0005621,M0255,89.54,card,android,IN-UP,669,643,3,11,42.3,0.5609,1,0,0,0,0,0
TXN0005622,M0015,574.21,wallet,android,IN-MH,1395,1210,1,5,168.8,0.266,2,0,0,0,0,0
TXN0005623,M0046,196.31,wallet,ios,IN-TN,1062,238,8,13,50.0,0.3554,2,0,0,0,0,0
TXN0005624,M0318,166.02,upi,ios,IN-GJ,534,493,2,6,216.1,0.1952,4,0,0,0,1,0
TXN0005625,M0186,55.56,upi,ios,IN-KA,1737,646,6,11,16.8,0.3008,2,0,0,0,1,0
TXN0005626,M0237,171.94,card,ios,IN-GJ,1611,20,3,9,70.1,0.1399,1,0,0,0,0,0
TXN0005627,M0101,154.9,upi,api,IN-DL,1151,668,1,9,91.8,0.3868,1,0,0,0,1,0
TXN0005628,M0033,67.45,card,api,IN-MH,394,121,2,8,61.6,0.246,2,0,0,0,0,0
TXN0005629,M0047,532.7,upi,android,IN-TN,1608,390,3,6,11.6,0.2379,1,0,0,0,0,0
TXN0005630,M0089,507.8,upi,android,IN-MH,1314,820,2,9,54.7,0.3605,1,0,0,0,0,0
TXN0005631,M0130,82.97,card,web,IN-WB,293,1189,5,12,76.6,0.3059,0,1,0,0,0,0
TXN0005632,M0190,267.41,upi,web,IN-DL,314,1146,5,10,59.7,0.2043,0,0,0,0,0,0
TXN0005633,M0190,28.23,upi,android,IN-MH,520,74,1,3,18.9,0.1925,0,0,0,0,0,0
TXN0005634,M0331,247.45,card,android,IN-GJ,1133,122,4,11,156.4,0.466,4,0,0,0,0,0
TXN0005635,M0279,393.19,card,web,IN-GJ,1596,617,3,8,15.0,0.2379,1,0,0,0,0,0
TXN0005636,M0167,58.57,netbanking,android,IN-KA,250,368,4,7,112.9,0.2122,0,0,0,0,0,0
TXN0005637,M0189,182.72,upi,ios,IN-WB,10,215,1,3,95.5,0.3148,2,0,0,1,0,0
TXN0005638,M0094,204.5,card,android,IN-KA,1229,1462,2,9,16.3,0.3996,4,0,0,0,0,0
TXN0005639,M0374,3235.97,card,ios,IN-KA,817,259,2,6,46.5,0.2282,1,0,0,0,0,0
TXN0005640,M0147,2377.41,upi,ios,IN-KA,141,667,1,12,118.5,0.3808,1,0,0,0,0,0
TXN0005641,M0302,248.36,wallet,ios,IN-UP,815,1405,3,7,30.5,0.2194,3,0,0,0,0,0
TXN0005642,M0039,92.69,upi,ios,IN-DL,72,261,2,11,26.1,0.2859,4,0,0,0,1,0
TXN0005643,M0086,229.85,upi,android,IN-WB,1703,795,1,4,23.2,0.1764,0,0,0,0,0,0
TXN0005644,M0237,555.14,netbanking,android,IN-DL,1552,311,0,3,36.9,0.5719,4,0,0,0,1,0
TXN0005645,M0047,33.75,card,web,IN-DL,809,833,3,6,103.3,0.1179,1,0,0,0,0,0
TXN0005646,M0312,22.23,upi,web,IN-UP,1482,852,3,9,47.9,0.4859,2,0,0,0,0,0
TXN0005647,M0335,57.23,netbanking,ios,IN-KA,1631,1247,1,8,72.0,0.4295,2,0,0,0,0,0
TXN0005648,M0382,385.79,upi,android,IN-UP,55,185,3,10,35.0,0.3688,2,0,0,0,0,1
TXN0005649,M0321,408.95,upi,web,IN-UP,1053,429,0,6,14.1,0.2796,3,0,0,0,0,0
TXN0005650,M0332,280.13,upi,android,IN-UP,400,1393,0,7,6.2,0.3047,2,0,0,0,0,0
TXN0005651,M0219,546.6,card,web,IN-MH,540,899,2,6,105.4,0.2237,1,0,0,0,1,0
TXN0005652,M0093,150.11,card,web,IN-GJ,1143,1023,1,4,5.9,0.4882,1,0,0,0,0,0
TXN0005653,M0058,137.28,upi,web,IN-TN,267,1388,1,7,72.8,0.4306,5,0,0,0,0,0
TXN0005654,M0343,264.56,netbanking,web,IN-UP,1654,401,3,15,29.7,0.239,1,1,0,0,0,0
TXN0005655,M0028,996.49,upi,web,IN-UP,882,1338,1,7,28.5,0.2162,0,0,0,0,1,0
TXN0005656,M0329,271.54,wallet,android,IN-MH,1565,84,1,9,86.5,0.4527,2,0,0,0,0,0
TXN0005657,M0377,163.56,wallet,ios,IN-KA,32,1209,3,11,96.1,0.2241,0,0,0,0,0,0
TXN0005658,M0160,269.29,card,android,IN-DL,1424,266,2,5,56.7,0.3328,0,0,0,0,0,0
TXN0005659,M0227,746.82,card,web,IN-MH,604,370,1,9,83.5,0.3987,3,0,0,0,1,0
TXN0005660,M0190,125.6,upi,web,IN-MH,1271,466,2,7,204.8,0.2055,1,0,0,0,0,0
TXN0005661,M0263,115.01,wallet,android,IN-TN,941,743,1,8,145.2,0.3547,0,0,0,0,0,0
TXN0005662,M0101,112.05,card,ios,IN-TN,1035,837,3,11,36.0,0.2062,0,0,0,0,0,0
TXN0005663,M0001,406.76,card,android,IN-KA,1005,538,1,7,105.2,0.1419,2,0,0,0,0,0
TXN0005664,M0117,82.57,card,api,IN-WB,868,2,1,10,87.1,0.4934,1,0,1,0,0,0
TXN0005665,M0391,341.59,card,api,IN-UP,799,950,2,3,91.4,0.3352,3,0,0,0,1,0
TXN0005666,M0162,41.34,card,android,IN-WB,1751,1158,1,10,16.1,0.1893,1,0,0,0,0,0
TXN0005667,M0101,138.83,card,web,IN-DL,1735,518,2,8,26.8,0.4928,0,0,0,0,1,0
TXN0005668,M0387,169.81,card,web,IN-KA,1058,1497,3,6,27.4,0.1412,1,0,0,0,0,0
TXN0005669,M0102,1075.81,upi,api,IN-WB,267,147,1,6,26.4,0.3611,1,0,0,0,0,0
TXN0005670,M0250,474.97,upi,android,IN-KA,96,830,3,9,2.7,0.4352,3,0,0,0,0,0
TXN0005671,M0156,126.09,card,ios,IN-MH,1795,1454,5,9,98.0,0.6704,3,0,0,0,0,1
TXN0005672,M0358,107.16,upi,web,IN-WB,332,462,3,7,120.3,0.2283,3,0,0,0,0,0
TXN0005673,M0054,91.72,card,api,IN-MH,1244,1019,1,6,155.1,0.1336,3,0,0,0,0,0
TXN0005674,M0284,58.6,card,android,IN-DL,1279,1444,2,16,34.1,0.5988,1,0,0,0,0,0
TXN0005675,M0165,905.68,card,api,IN-KA,1485,750,2,9,81.8,0.2024,1,0,0,0,0,0
TXN0005676,M0325,84.51,card,android,IN-KA,552,316,3,14,35.7,0.2951,3,0,0,0,0,0
TXN0005677,M0394,1006.07,upi,android,IN-GJ,1142,172,3,10,78.5,0.5693,5,0,0,0,1,1
TXN0005678,M0009,198.79,card,ios,IN-MH,821,1169,3,8,21.9,0.2474,3,0,0,0,1,1
TXN0005679,M0054,165.75,card,web,IN-GJ,387,1452,4,7,36.1,0.1418,1,0,0,0,0,0
TXN0005680,M0082,198.45,card,web,IN-WB,1310,1044,4,11,107.9,0.2292,2,0,0,0,0,0
TXN0005681,M0344,603.62,upi,ios,IN-WB,1351,974,0,7,40.4,0.3283,1,1,0,0,0,1
TXN0005682,M0392,76.6,netbanking,ios,IN-MH,932,476,2,3,63.5,0.1234,2,0,0,0,0,0
TXN0005683,M0123,299.21,upi,web,IN-MH,1526,1288,3,7,49.7,0.3889,1,0,0,0,1,0
TXN0005684,M0235,173.15,upi,api,IN-WB,1119,822,2,10,68.1,0.482,1,0,0,0,0,0
TXN0005685,M0041,269.41,card,web,IN-DL,1353,1208,2,3,67.7,0.1495,1,0,0,0,1,0
TXN0005686,M0350,146.72,upi,ios,IN-UP,1350,552,2,11,13.1,0.3868,2,0,0,0,0,0
TXN0005687,M0372,125.46,upi,web,IN-KA,1573,836,2,7,86.5,0.3302,3,0,0,0,0,0
TXN0005688,M0031,304.36,upi,web,IN-TN,1148,721,0,4,83.1,0.3004,2,0,0,0,1,0
TXN0005689,M0301,45.26,netbanking,android,IN-TN,115,68,4,15,74.2,0.2897,2,0,0,0,1,1
TXN0005690,M0068,725.52,card,ios,IN-DL,1730,662,4,10,29.1,0.2749,3,1,0,0,0,0
TXN0005691,M0169,200.52,netbanking,android,IN-MH,1731,737,1,4,61.1,0.0791,0,0,0,0,0,0
TXN0005692,M0007,103.9,card,web,IN-UP,1310,1370,1,9,52.4,0.4013,2,0,0,0,0,0
TXN0005693,M0049,260.23,card,ios,IN-WB,1690,825,4,9,20.9,0.229,1,0,0,0,1,0
TXN0005694,M0019,89.88,card,ios,IN-TN,371,1120,1,7,74.5,0.1124,1,0,0,0,0,0
TXN0005695,M0086,194.77,card,android,IN-KA,1614,1010,3,12,74.4,0.2582,0,0,0,0,0,0
TXN0005696,M0233,195.97,card,android,IN-MH,232,1,5,16,154.4,0.5201,2,0,1,0,0,1
TXN0005697,M0019,633.4,upi,web,IN-KA,1147,651,0,8,168.9,0.237,2,0,0,0,0,0
TXN0005698,M0039,237.89,upi,ios,IN-KA,922,721,0,11,100.1,0.2405,2,0,0,0,0,0
TXN0005699,M0331,58.75,upi,web,IN-MH,1524,671,1,4,89.7,0.2263,4,0,0,0,0,0
TXN0005700,M0351,321.87,card,android,IN-MH,960,780,5,6,18.9,0.1102,0,1,0,0,0,1
TXN0005701,M0070,370.17,upi,android,IN-TN,1089,699,0,10,73.9,0.3341,4,0,0,0,1,0
TXN0005702,M0072,35.9,upi,web,IN-MH,570,1499,2,9,94.4,0.4422,2,0,0,0,0,0
TXN0005703,M0100,54.86,netbanking,android,IN-WB,886,275,5,8,69.6,0.213,1,0,0,0,0,0
TXN0005704,M0253,1343.17,upi,web,IN-GJ,663,885,3,7,107.6,0.3939,2,0,0,0,0,0
TXN0005705,M0016,129.19,card,android,IN-UP,1675,382,1,9,78.0,0.5013,0,0,0,0,0,0
TXN0005706,M0055,132.26,card,android,IN-DL,979,1416,2,10,15.8,0.6082,1,0,0,0,0,0
TXN0005707,M0020,173.82,upi,web,IN-GJ,374,385,4,13,28.4,0.1395,3,0,0,0,0,0
TXN0005708,M0096,94.83,upi,android,IN-DL,82,854,3,9,21.3,0.1532,0,0,0,0,1,0
TXN0005709,M0388,30.58,card,web,IN-UP,1532,498,4,10,56.3,0.2784,0,0,0,0,1,0
TXN0005710,M0141,58.6,upi,ios,IN-UP,1124,1130,3,10,67.3,0.3804,1,0,0,0,0,0
TXN0005711,M0205,95.01,upi,web,IN-KA,793,524,4,9,58.6,0.2489,1,0,0,0,0,0
TXN0005712,M0032,108.85,card,ios,IN-UP,513,1117,1,4,84.9,0.3811,0,0,0,0,0,0
TXN0005713,M0209,83.39,wallet,api,IN-WB,526,1179,4,10,159.7,0.2346,0,0,0,0,0,0
TXN0005714,M0343,40.49,card,api,IN-UP,1119,216,3,11,65.7,0.2141,3,0,0,0,0,0
TXN0005715,M0073,103.48,upi,web,IN-WB,911,25,4,8,42.4,0.0464,0,0,0,0,0,0
TXN0005716,M0122,549.06,netbanking,web,IN-TN,960,1467,1,6,63.6,0.2221,2,0,0,0,0,0
TXN0005717,M0272,91.93,upi,android,IN-UP,1147,840,5,10,18.8,0.1655,0,0,0,0,0,0
TXN0005718,M0307,150.0,card,ios,IN-UP,1669,172,5,10,42.3,0.5172,1,0,0,0,0,0
TXN0005719,M0323,762.65,wallet,ios,IN-KA,329,634,3,13,97.0,0.6071,2,0,0,0,1,1
TXN0005720,M0044,90.52,card,android,IN-GJ,1133,1473,3,6,110.6,0.1173,2,0,0,0,0,0
TXN0005721,M0206,3827.88,card,api,IN-TN,1352,1029,1,6,65.4,0.2056,0,0,0,0,0,0
TXN0005722,M0174,439.18,card,ios,IN-UP,881,1158,2,8,103.5,0.3326,1,0,0,0,0,1
TXN0005723,M0013,194.46,upi,android,IN-WB,710,1024,0,8,109.3,0.144,0,0,0,0,0,0
TXN0005724,M0324,140.46,netbanking,web,IN-DL,948,1010,0,6,103.4,0.2069,3,0,0,0,0,0
TXN0005725,M0054,688.87,card,android,IN-KA,1266,925,3,8,16.7,0.4787,1,0,0,0,0,0
TXN0005726,M0064,90.0,upi,api,IN-DL,617,1087,9,11,142.1,0.4569,0,0,0,0,0,0
TXN0005727,M0175,116.78,upi,android,IN-DL,283,1168,2,12,70.9,0.3592,1,0,0,0,0,0
TXN0005728,M0183,898.06,card,api,IN-DL,151,644,1,2,37.0,0.1623,0,0,0,0,0,1
TXN0005729,M0034,123.65,card,web,IN-MH,101,819,2,12,26.7,0.3827,3,0,0,0,0,0
TXN0005730,M0370,112.87,card,web,IN-GJ,1627,1470,2,11,220.1,0.2694,3,0,0,0,0,0
TXN0005731,M0244,92.81,card,api,IN-MH,291,855,7,11,14.7,0.3533,1,0,0,0,0,0
TXN0005732,M0040,26.06,netbanking,web,IN-WB,1188,590,4,10,65.5,0.157,2,0,0,0,1,0
TXN0005733,M0326,496.6,card,web,IN-MH,325,884,4,7,11.4,0.391,2,0,0,0,0,1
TXN0005734,M0112,172.43,card,web,IN-KA,945,1127,5,8,26.5,0.234,0,0,0,0,1,0
TXN0005735,M0161,524.59,upi,api,IN-MH,1371,1405,1,8,190.8,0.2882,1,0,0,0,0,0
TXN0005736,M0322,152.03,card,android,IN-GJ,264,744,2,9,109.6,0.3244,1,0,0,0,0,0
TXN0005737,M0099,118.02,card,web,IN-MH,887,1052,2,5,101.9,0.2034,1,0,0,0,1,0
TXN0005738,M0215,92.72,upi,android,IN-UP,763,463,1,9,123.4,0.5107,0,1,0,0,0,0
TXN0005739,M0195,356.71,card,android,IN-GJ,1375,54,6,14,97.3,0.2231,1,0,0,0,0,0
TXN0005740,M0108,80.54,card,web,IN-TN,1019,663,1,3,27.4,0.3837,1,0,0,0,0,0
TXN0005741,M0238,264.4,card,android,IN-MH,1344,377,5,13,117.1,0.2139,4,0,0,0,0,0
TXN0005742,M0315,186.99,upi,web,IN-MH,1057,1370,3,10,53.7,0.4442,3,0,0,0,0,0
TXN0005743,M0267,63.46,upi,web,IN-TN,442,503,2,9,73.4,0.2571,0,1,0,0,1,0
TXN0005744,M0271,114.97,card,ios,IN-TN,1020,12,3,7,112.5,0.4524,2,0,0,0,0,0
TXN0005745,M0188,181.82,upi,web,IN-KA,1639,263,4,9,64.8,0.464,3,0,0,0,0,0
TXN0005746,M0182,131.96,wallet,web,IN-TN,730,314,2,6,26.3,0.3198,0,0,0,0,0,0
TXN0005747,M0125,1197.78,upi,api,IN-UP,1384,559,3,10,126.7,0.3445,1,0,0,0,0,1
TXN0005748,M0305,227.69,card,android,IN-TN,1198,837,1,7,81.0,0.1881,0,1,0,0,1,0
TXN0005749,M0064,147.95,upi,web,IN-WB,154,243,0,5,53.5,0.215,0,0,0,0,1,0
TXN0005750,M0393,125.19,wallet,web,IN-UP,156,1178,3,5,61.6,0.3008,0,0,0,0,0,0
TXN0005751,M0081,143.12,wallet,web,IN-TN,1030,671,0,8,27.3,0.649,6,0,0,0,1,0
TXN0005752,M0104,98.02,card,api,IN-WB,350,617,1,6,198.2,0.2686,0,0,0,0,0,0
TXN0005753,M0122,79.03,netbanking,api,IN-MH,743,1341,1,2,154.4,0.0876,0,0,0,0,0,0
TXN0005754,M0182,327.53,upi,ios,IN-KA,803,1089,5,7,119.1,0.4481,5,0,0,0,0,1
TXN0005755,M0271,839.62,upi,web,IN-KA,827,239,3,9,34.0,0.329,1,0,0,0,1,0
TXN0005756,M0107,114.69,card,ios,IN-UP,1306,1304,0,7,40.0,0.312,2,0,0,0,0,0
TXN0005757,M0073,276.54,upi,web,IN-MH,661,1279,0,10,84.0,0.2314,1,0,0,0,0,0
TXN0005758,M0047,92.64,upi,ios,IN-MH,184,397,4,12,51.4,0.4609,3,0,0,0,0,0
TXN0005759,M0132,199.68,card,api,IN-KA,893,370,1,8,45.7,0.2248,1,0,0,0,0,0
TXN0005760,M0141,48.64,upi,web,IN-GJ,1558,57,2,10,86.1,0.1729,1,0,0,0,0,0
TXN0005761,M0164,76.67,upi,android,IN-GJ,640,1359,2,13,9.7,0.3832,1,0,0,0,0,0
TXN0005762,M0092,73.98,card,android,IN-WB,1374,716,5,11,60.1,0.4304,2,0,0,0,0,0
TXN0005763,M0027,155.67,card,android,IN-GJ,833,152,1,8,33.7,0.185,1,0,0,0,0,0
TXN0005764,M0344,55.87,card,web,IN-KA,349,974,3,6,24.0,0.2403,2,0,0,0,0,0
TXN0005765,M0381,19.15,card,web,IN-UP,980,878,0,7,82.4,0.3795,3,0,0,0,0,0
TXN0005766,M0040,45.74,netbanking,web,IN-TN,867,415,1,7,17.0,0.1075,0,0,0,0,1,0
TXN0005767,M0228,151.17,card,api,IN-WB,1315,836,4,13,73.0,0.3602,2,0,0,0,1,0
TXN0005768,M0239,81.49,card,web,IN-DL,1237,1047,2,7,34.3,0.3407,1,0,0,0,1,0
TXN0005769,M0271,100.87,netbanking,api,IN-DL,273,638,2,11,30.7,0.3469,0,0,0,0,1,0
TXN0005770,M0079,234.5,upi,web,IN-UP,103,1314,2,7,73.1,0.2821,1,1,0,0,0,0
TXN0005771,M0311,79.19,upi,android,IN-TN,241,504,5,10,110.3,0.25,1,0,0,0,1,0
TXN0005772,M0345,166.15,card,android,IN-UP,1202,1155,5,10,81.3,0.2356,0,1,0,0,0,0
TXN0005773,M0399,1524.8,card,android,IN-UP,896,806,1,8,64.7,0.4171,6,0,0,0,1,0
TXN0005774,M0159,122.97,upi,android,IN-DL,680,1192,0,10,6.7,0.4011,1,0,0,0,0,0
TXN0005775,M0226,146.56,upi,web,IN-DL,855,625,1,8,14.3,0.1827,2,0,0,0,0,0
TXN0005776,M0252,263.33,card,android,IN-WB,2,601,1,12,10.2,0.5087,1,0,0,1,0,0
TXN0005777,M0015,79.46,card,web,IN-TN,1015,209,4,9,71.6,0.2136,2,0,0,0,0,0
TXN0005778,M0360,99.61,upi,ios,IN-DL,292,386,4,11,71.6,0.1628,1,0,0,0,0,0
TXN0005779,M0068,163.62,upi,android,IN-UP,1104,1118,0,6,27.2,0.2805,0,0,0,0,0,0
TXN0005780,M0055,218.56,upi,web,IN-DL,284,1017,2,8,61.1,0.3448,0,0,0,0,0,0
TXN0005781,M0071,70.99,netbanking,android,IN-KA,494,58,2,9,77.8,0.2918,2,1,0,0,0,0
TXN0005782,M0292,314.54,netbanking,android,IN-GJ,1699,935,1,2,205.5,0.0959,1,0,0,0,0,0
TXN0005783,M0234,845.23,upi,web,IN-MH,1166,1481,6,16,108.2,0.445,0,0,0,0,1,1
TXN0005784,M0336,26.57,upi,ios,IN-TN,1592,219,4,8,51.8,0.2128,0,0,0,0,0,0
TXN0005785,M0115,266.26,upi,web,IN-MH,892,434,3,13,57.6,0.527,0,0,0,0,1,0
TXN0005786,M0253,164.29,netbanking,ios,IN-TN,1303,791,2,8,16.5,0.2452,2,1,0,0,0,0
TXN0005787,M0084,133.74,card,web,IN-DL,893,951,2,8,194.7,0.0543,1,0,0,0,0,0
TXN0005788,M0208,249.44,wallet,android,IN-KA,1134,1124,2,10,74.5,0.3293,2,0,0,0,1,0
TXN0005789,M0045,714.96,upi,ios,IN-KA,1069,1200,0,3,84.4,0.2997,1,0,0,0,0,0
TXN0005790,M0307,232.77,netbanking,android,IN-TN,8,602,6,10,86.6,0.3896,1,0,0,1,0,1
TXN0005791,M0047,469.72,card,android,IN-GJ,1102,1371,1,13,96.0,0.1634,1,0,0,0,0,1
TXN0005792,M0361,173.12,netbanking,web,IN-UP,236,690,3,10,22.3,0.4072,1,0,0,0,0,0
TXN0005793,M0313,259.31,upi,web,IN-TN,1110,135,3,7,58.7,0.2438,0,0,0,0,1,0
TXN0005794,M0384,104.49,upi,android,IN-UP,216,714,3,10,112.2,0.2589,1,0,0,0,0,0
TXN0005795,M0327,186.95,upi,android,IN-KA,1495,151,1,4,182.5,0.1756,1,0,0,0,0,0
TXN0005796,M0293,137.14,upi,web,IN-WB,1054,396,2,9,80.1,0.1419,1,0,0,0,1,1
TXN0005797,M0189,200.29,card,web,IN-TN,899,1445,2,10,56.8,0.3037,0,0,0,0,0,0
TXN0005798,M0048,34.39,card,web,IN-KA,1687,77,4,7,73.8,0.1692,0,0,0,0,0,0
TXN0005799,M0081,59.02,upi,android,IN-KA,1693,868,1,8,18.0,0.489,1,0,0,0,0,0
TXN0005800,M0143,590.56,upi,ios,IN-WB,504,77,3,7,12.5,0.1358,2,0,0,0,0,0
TXN0005801,M0183,725.62,card,android,IN-DL,1703,398,0,5,125.5,0.2463,2,0,0,0,0,0
TXN0005802,M0151,31.86,card,web,IN-MH,762,725,3,7,175.7,0.4429,0,0,0,0,1,0
TXN0005803,M0022,102.1,card,ios,IN-WB,604,301,3,9,185.5,0.4158,0,0,0,0,0,0
TXN0005804,M0355,85.21,upi,api,IN-DL,1695,1196,4,10,67.0,0.3836,2,0,0,0,0,0
TXN0005805,M0354,231.9,card,api,IN-TN,1586,835,2,5,85.9,0.1613,0,0,0,0,0,0
TXN0005806,M0021,165.54,netbanking,web,IN-UP,1537,549,4,12,55.8,0.3412,3,0,0,0,0,0
TXN0005807,M0107,355.38,netbanking,android,IN-DL,758,739,1,6,22.3,0.3943,1,0,0,0,0,0
TXN0005808,M0185,46.6,upi,web,IN-TN,1062,747,4,13,70.5,0.3144,5,0,0,0,0,0
TXN0005809,M0326,255.42,netbanking,web,IN-TN,1753,1168,2,6,101.9,0.502,2,0,0,0,0,0
TXN0005810,M0314,128.91,card,web,IN-TN,74,96,0,3,36.9,0.1022,2,0,0,0,0,0
TXN0005811,M0394,86.12,card,android,IN-WB,1669,626,4,15,56.8,0.2976,2,0,0,0,0,0
TXN0005812,M0311,279.97,card,android,IN-UP,1681,316,4,10,165.1,0.3333,2,0,0,0,0,0
TXN0005813,M0119,140.58,upi,web,IN-DL,791,1279,1,7,78.3,0.1891,3,0,0,0,1,0
TXN0005814,M0010,162.75,card,web,IN-GJ,68,574,1,2,46.6,0.1376,0,0,0,0,1,0
TXN0005815,M0031,684.92,upi,web,IN-UP,629,1025,2,7,139.0,0.1252,0,0,0,0,1,0
TXN0005816,M0221,193.23,card,ios,IN-GJ,191,613,6,14,37.6,0.3439,1,0,0,0,0,1
TXN0005817,M0310,1258.82,card,ios,IN-MH,1235,95,2,16,52.1,0.5305,1,0,0,0,1,1
TXN0005818,M0145,17.52,card,api,IN-KA,640,529,2,11,40.8,0.333,3,0,0,0,0,0
TXN0005819,M0022,178.29,netbanking,android,IN-KA,662,1070,2,5,73.9,0.353,1,0,0,0,0,0
TXN0005820,M0347,59.23,upi,android,IN-DL,1017,1119,0,3,96.2,0.4673,2,0,0,0,0,0
TXN0005821,M0265,71.16,card,web,IN-KA,1189,921,0,4,58.6,0.4206,3,0,0,0,0,0
TXN0005822,M0244,93.45,card,android,IN-GJ,235,541,4,9,34.4,0.5819,0,0,0,0,0,0
TXN0005823,M0218,452.84,upi,android,IN-GJ,758,12,3,5,63.4,0.6922,2,0,0,0,0,1
TXN0005824,M0119,119.86,upi,api,IN-WB,169,609,5,12,12.1,0.3402,0,0,0,0,1,0
TXN0005825,M0079,57.48,card,web,IN-DL,903,853,1,9,128.7,0.7699,1,0,0,0,0,1
TXN0005826,M0022,348.17,netbanking,web,IN-KA,597,1306,1,10,35.6,0.3195,2,0,0,0,0,0
TXN0005827,M0203,55.18,card,android,IN-DL,682,1015,1,8,37.3,0.159,2,0,0,0,1,0
TXN0005828,M0287,958.12,card,android,IN-UP,326,1351,4,16,52.9,0.4615,4,1,0,0,0,1
TXN0005829,M0240,49.5,upi,android,IN-MH,1434,992,2,5,105.3,0.895,2,0,0,0,0,0
TXN0005830,M0052,135.05,upi,api,IN-UP,505,1028,3,5,25.1,0.2322,1,0,0,0,0,0
TXN0005831,M0372,1233.2,card,api,IN-TN,1082,230,2,3,88.0,0.075,0,0,0,0,1,0
TXN0005832,M0064,130.11,upi,android,IN-MH,1161,607,1,10,145.7,0.4112,3,0,0,0,1,0
TXN0005833,M0112,274.95,card,ios,IN-TN,1230,14,5,14,59.1,0.2266,2,0,0,0,0,1
TXN0005834,M0222,161.33,upi,web,IN-DL,13,1478,3,5,58.3,0.2432,1,0,0,1,0,0
TXN0005835,M0042,179.76,card,ios,IN-GJ,1477,1173,2,8,15.4,0.0651,3,0,0,0,0,0
TXN0005836,M0232,79.4,upi,android,IN-KA,1173,65,0,3,93.8,0.1844,3,0,0,0,0,0
TXN0005837,M0376,283.2,upi,web,IN-WB,1433,1133,0,7,88.9,0.4416,2,0,0,0,0,0
TXN0005838,M0361,678.78,card,web,IN-KA,1331,548,0,12,71.1,0.3391,1,0,0,0,0,0
TXN0005839,M0206,25.81,card,android,IN-TN,917,1258,3,9,73.2,0.5769,1,0,0,0,0,0
TXN0005840,M0385,71.42,card,web,IN-DL,1337,1365,1,8,60.9,0.1518,0,0,0,0,0,0
TXN0005841,M0230,103.58,upi,android,IN-TN,458,1313,2,3,41.4,0.2765,1,0,0,0,0,0
TXN0005842,M0066,74.12,upi,android,IN-KA,613,550,0,7,78.5,0.1652,0,0,0,0,0,0
TXN0005843,M0316,342.28,card,web,IN-KA,654,843,0,4,10.9,0.1729,0,0,0,0,0,0
TXN0005844,M0047,98.2,card,ios,IN-WB,701,219,1,9,32.5,0.4302,1,0,0,0,0,0
TXN0005845,M0380,195.18,upi,web,IN-TN,994,724,1,4,53.7,0.0712,0,0,0,0,0,0
TXN0005846,M0164,799.56,upi,android,IN-MH,1324,1386,6,11,90.8,0.3112,1,0,0,0,1,0
TXN0005847,M0111,29.91,card,web,IN-WB,430,576,6,9,37.6,0.4049,2,0,0,0,0,0
TXN0005848,M0314,247.14,upi,web,IN-DL,591,878,4,8,128.5,0.249,1,0,0,0,0,0
TXN0005849,M0262,159.21,card,android,IN-TN,1405,677,4,12,122.6,0.3107,2,0,0,0,1,0
TXN0005850,M0174,159.68,card,android,IN-WB,1406,757,2,10,114.5,0.1046,0,0,0,0,0,0
TXN0005851,M0325,72.81,upi,web,IN-TN,413,208,3,8,45.0,0.2281,1,0,0,0,0,0
TXN0005852,M0199,123.02,netbanking,android,IN-TN,186,1376,3,6,101.2,0.1282,3,0,0,0,0,0
TXN0005853,M0354,178.58,upi,api,IN-GJ,604,964,4,8,76.2,0.161,0,0,0,0,1,0
TXN0005854,M0002,149.74,upi,ios,IN-KA,215,192,2,5,78.7,0.18,1,0,0,0,0,0
TXN0005855,M0281,361.43,card,web,IN-WB,1139,806,0,3,32.2,0.3263,2,0,0,0,0,0
TXN0005856,M0026,60.28,card,android,IN-GJ,1296,951,6,19,98.7,0.6437,2,0,0,0,0,0
TXN0005857,M0248,44.53,card,android,IN-TN,1256,207,3,9,25.6,0.1124,1,0,0,0,1,0
TXN0005858,M0135,24.21,upi,android,IN-DL,612,73,2,9,251.4,0.53,3,0,0,0,1,0
TXN0005859,M0130,207.33,card,api,IN-TN,710,1116,5,13,81.0,0.216,1,0,0,0,0,0
TXN0005860,M0343,383.53,upi,web,IN-WB,873,1451,3,8,25.9,0.4507,1,0,0,0,0,0
TXN0005861,M0308,55.68,netbanking,web,IN-TN,1360,406,0,5,32.7,0.1149,0,0,0,0,0,0
TXN0005862,M0015,50.93,upi,android,IN-UP,1712,854,0,4,85.4,0.3989,2,0,0,0,0,0
TXN0005863,M0326,1189.77,card,api,IN-GJ,1623,1345,0,4,27.7,0.2491,1,0,0,0,1,0
TXN0005864,M0184,645.7,upi,android,IN-WB,610,312,3,8,3.0,0.2784,1,0,0,0,0,0
TXN0005865,M0394,683.15,card,ios,IN-MH,296,1208,4,14,64.0,0.4613,0,0,0,0,0,1
TXN0005866,M0053,255.23,wallet,web,IN-TN,94,254,1,7,102.7,0.3911,1,0,0,0,0,0
TXN0005867,M0166,364.44,netbanking,web,IN-KA,1648,782,4,10,38.4,0.2076,2,0,0,0,0,1
TXN0005868,M0073,135.09,card,android,IN-GJ,1696,948,3,11,44.3,0.2259,2,0,0,0,0,0
TXN0005869,M0142,43.35,upi,android,IN-GJ,968,396,3,8,40.5,0.5045,1,0,0,0,0,0
TXN0005870,M0094,45.59,upi,ios,IN-DL,124,849,1,7,70.3,0.3024,0,0,0,0,0,0
TXN0005871,M0194,180.57,upi,android,IN-WB,808,546,4,15,79.9,0.4145,4,0,0,0,1,0
TXN0005872,M0176,453.94,card,android,IN-GJ,1300,356,1,11,31.5,0.3463,3,0,0,0,0,0
TXN0005873,M0343,152.24,card,android,IN-MH,1432,1377,1,9,79.9,0.2867,1,0,0,0,0,0
TXN0005874,M0256,330.95,card,web,IN-WB,1405,1320,0,3,140.4,0.2373,2,0,0,0,1,0
TXN0005875,M0118,164.56,upi,ios,IN-KA,1411,4,2,6,22.1,0.3005,0,0,1,0,0,0
TXN0005876,M0138,244.04,card,ios,IN-WB,172,1386,1,8,80.0,0.3097,0,0,0,0,0,0
TXN0005877,M0048,389.09,upi,ios,IN-WB,1228,1186,4,6,29.5,0.4303,1,0,0,0,0,1
TXN0005878,M0109,681.17,netbanking,web,IN-KA,1785,1308,2,6,31.4,0.2819,2,0,0,0,0,0
TXN0005879,M0094,239.44,card,android,IN-WB,735,888,2,9,26.3,0.6441,2,0,0,0,1,0
TXN0005880,M0032,1251.8,netbanking,api,IN-TN,923,1448,3,7,127.4,0.1813,0,0,0,0,0,0
TXN0005881,M0170,142.57,card,api,IN-GJ,481,36,3,9,83.0,0.1526,1,0,0,0,1,0
TXN0005882,M0279,676.32,card,android,IN-KA,1442,1216,1,4,95.7,0.2336,1,0,0,0,0,0
TXN0005883,M0243,322.29,upi,android,IN-UP,649,1387,1,8,10.4,0.2118,2,0,0,0,1,0
TXN0005884,M0009,28.86,netbanking,ios,IN-WB,1777,753,4,11,99.3,0.1881,1,0,0,0,0,0
TXN0005885,M0351,739.96,upi,ios,IN-UP,1032,1319,6,10,13.0,0.4913,1,0,0,0,0,0
TXN0005886,M0015,71.86,card,ios,IN-WB,615,970,1,9,72.7,0.3571,4,0,0,0,0,0
TXN0005887,M0209,140.35,card,api,IN-DL,1015,1339,1,7,19.7,0.2653,0,0,0,0,0,0
TXN0005888,M0128,431.0,wallet,web,IN-GJ,72,1036,3,11,60.6,0.2486,0,0,0,0,0,0
TXN0005889,M0188,85.49,card,api,IN-UP,1663,184,0,5,148.4,0.1646,1,0,0,0,1,0
TXN0005890,M0115,167.65,card,web,IN-GJ,824,522,2,6,100.5,0.3771,0,0,0,0,0,0
TXN0005891,M0366,347.29,card,web,IN-TN,822,1333,1,7,67.6,0.2101,1,0,0,0,1,0
TXN0005892,M0057,79.1,card,android,IN-GJ,737,36,3,8,105.9,0.1807,0,0,0,0,0,0
TXN0005893,M0231,142.18,upi,api,IN-TN,1200,30,1,8,19.4,0.2392,1,0,0,0,1,1
TXN0005894,M0220,126.41,card,android,IN-MH,1405,883,0,14,94.9,0.2688,2,0,0,0,0,0
TXN0005895,M0046,471.97,card,api,IN-MH,1188,1323,2,4,35.9,0.2234,2,0,0,0,1,0
TXN0005896,M0245,863.74,card,api,IN-WB,227,944,2,8,117.1,0.1124,2,0,0,0,0,0
TXN0005897,M0186,59.91,card,web,IN-GJ,1317,1259,4,8,69.1,0.3075,3,0,0,0,0,0
TXN0005898,M0364,194.55,upi,ios,IN-KA,1160,1280,2,7,37.5,0.1489,0,0,0,0,0,0
TXN0005899,M0132,106.57,card,web,IN-KA,1784,839,2,4,8.2,0.3603,0,0,0,0,1,0
TXN0005900,M0284,185.67,card,api,IN-GJ,479,427,2,8,39.1,0.2258,1,0,0,0,0,0
TXN0005901,M0153,1053.3,netbanking,ios,IN-MH,1443,931,3,8,97.5,0.1385,0,1,0,0,0,0
TXN0005902,M0382,263.17,upi,web,IN-MH,1577,992,4,11,59.4,0.2638,1,0,0,0,1,0
TXN0005903,M0229,102.51,card,ios,IN-WB,72,460,2,6,52.5,0.4007,1,0,0,0,0,0
TXN0005904,M0006,45.82,card,android,IN-GJ,1649,1494,2,11,91.1,0.3107,1,0,0,0,0,0
TXN0005905,M0391,488.85,card,ios,IN-MH,1461,374,0,2,136.7,0.0964,2,0,0,0,0,0
TXN0005906,M0289,113.72,card,web,IN-DL,1445,1437,3,8,53.9,0.3961,1,0,0,0,0,0
TXN0005907,M0027,82.84,card,android,IN-GJ,1799,466,3,9,116.7,0.3359,1,0,0,0,0,0
TXN0005908,M0088,243.95,card,web,IN-DL,362,237,2,8,43.8,0.221,2,0,0,0,0,0
TXN0005909,M0168,321.17,upi,android,IN-MH,69,1230,1,9,87.7,0.3713,1,0,0,0,0,0
TXN0005910,M0006,124.52,wallet,ios,IN-MH,1105,604,1,6,167.9,0.4587,1,0,0,0,0,0
TXN0005911,M0277,69.9,card,web,IN-DL,1075,371,4,9,68.8,0.3523,1,0,0,0,1,0
TXN0005912,M0312,707.34,card,api,IN-GJ,1541,965,3,10,35.0,0.3118,0,0,0,0,0,0
TXN0005913,M0123,356.56,wallet,ios,IN-UP,1079,527,1,10,22.3,0.4228,1,0,0,0,0,0
TXN0005914,M0390,483.09,netbanking,web,IN-GJ,201,798,0,7,80.1,0.1511,2,0,0,0,0,0
TXN0005915,M0115,125.96,upi,web,IN-KA,945,1443,2,9,8.2,0.2999,0,0,0,0,0,0
TXN0005916,M0010,78.52,netbanking,web,IN-MH,695,508,0,9,3.0,0.4978,1,0,0,0,0,0
TXN0005917,M0013,105.66,card,android,IN-KA,1575,153,1,8,49.4,0.2285,1,0,0,0,0,0
TXN0005918,M0015,39.22,wallet,android,IN-DL,1269,667,4,6,109.3,0.1193,1,0,0,0,0,0
TXN0005919,M0172,128.82,card,web,IN-KA,1465,1377,2,10,58.7,0.4651,0,1,0,0,0,0
TXN0005920,M0206,91.62,card,web,IN-TN,1319,1335,1,6,15.0,0.1333,1,0,0,0,0,0
TXN0005921,M0094,166.54,card,web,IN-GJ,310,1421,2,9,3.8,0.4237,3,0,0,0,0,0
TXN0005922,M0268,189.05,upi,android,IN-UP,1547,1454,1,4,49.4,0.4508,1,0,0,0,1,0
TXN0005923,M0157,197.09,card,ios,IN-DL,186,157,3,14,204.5,0.4213,2,0,0,0,0,0
TXN0005924,M0389,100.24,upi,android,IN-WB,477,277,3,12,25.8,0.0814,0,0,0,0,0,0
TXN0005925,M0188,54.86,netbanking,api,IN-KA,300,683,7,11,19.0,0.3214,1,1,0,0,0,0
TXN0005926,M0261,42.55,card,api,IN-MH,162,35,2,6,51.6,0.4572,2,0,0,0,1,0
TXN0005927,M0231,218.84,card,android,IN-GJ,1596,50,2,11,219.1,0.3828,0,0,0,0,1,0
TXN0005928,M0082,206.09,card,android,IN-UP,241,677,2,9,47.0,0.2417,1,1,0,0,1,0
TXN0005929,M0004,44.74,upi,ios,IN-MH,178,627,1,5,57.4,0.209,2,0,0,0,1,0
TXN0005930,M0052,749.51,card,api,IN-UP,170,1455,0,3,60.3,0.3428,1,0,0,0,0,0
TXN0005931,M0125,414.76,card,android,IN-KA,1163,642,0,4,81.5,0.2578,1,0,0,0,0,0
TXN0005932,M0394,64.81,upi,web,IN-MH,413,271,5,9,127.4,0.2934,3,0,0,0,0,0
TXN0005933,M0334,234.73,upi,web,IN-KA,1230,489,7,10,117.2,0.2072,2,0,0,0,0,0
TXN0005934,M0190,156.98,card,web,IN-WB,477,655,1,4,68.9,0.5263,1,0,0,0,1,0
TXN0005935,M0338,234.29,upi,web,IN-DL,393,398,0,1,190.7,0.2541,0,0,0,0,0,0
TXN0005936,M0276,213.78,card,web,IN-UP,300,369,2,7,42.9,0.3129,1,0,0,0,0,0
TXN0005937,M0025,352.35,upi,android,IN-GJ,414,160,2,5,126.8,0.2308,0,0,0,0,0,0
TXN0005938,M0268,790.09,card,android,IN-TN,425,295,2,10,47.6,0.3935,2,0,0,0,1,1
TXN0005939,M0295,242.78,upi,ios,IN-DL,1504,1299,3,8,81.7,0.2149,4,0,0,0,0,0
TXN0005940,M0162,306.71,upi,ios,IN-DL,958,1053,5,10,29.5,0.2363,0,0,0,0,0,0
TXN0005941,M0342,778.82,card,ios,IN-GJ,756,589,1,9,87.5,0.3339,1,0,0,0,1,0
TXN0005942,M0247,105.12,netbanking,web,IN-KA,1622,1285,1,8,156.0,0.033,1,0,0,0,0,0
TXN0005943,M0340,70.8,upi,web,IN-TN,899,235,3,13,75.9,0.331,1,1,0,0,0,0
TXN0005944,M0285,352.45,card,web,IN-WB,1576,1394,1,5,55.7,0.142,0,0,0,0,0,0
TXN0005945,M0111,52.99,card,android,IN-KA,715,620,1,6,134.3,0.2996,3,0,0,0,0,0
TXN0005946,M0028,80.27,netbanking,api,IN-KA,1766,1259,2,8,115.6,0.1548,1,0,0,0,0,0
TXN0005947,M0190,810.74,netbanking,ios,IN-GJ,330,725,5,13,34.7,0.3653,2,0,0,0,0,1
TXN0005948,M0230,32.3,upi,android,IN-DL,927,854,1,7,8.0,0.2738,0,0,0,0,0,0
TXN0005949,M0389,243.67,wallet,web,IN-WB,791,424,1,6,147.8,0.396,1,0,0,0,0,0
TXN0005950,M0195,42.55,card,web,IN-TN,1600,5,2,6,28.0,0.1699,1,0,1,0,0,0
TXN0005951,M0129,271.37,netbanking,api,IN-UP,485,1041,0,8,2.8,0.314,1,0,0,0,1,0
TXN0005952,M0068,1124.8,upi,ios,IN-DL,618,388,2,6,3.6,0.253,0,0,0,0,1,0
TXN0005953,M0049,65.38,card,web,IN-WB,540,634,5,13,37.6,0.448,0,0,0,0,0,0
TXN0005954,M0109,21.97,upi,android,IN-TN,1117,503,2,12,40.4,0.2211,2,0,0,0,0,0
TXN0005955,M0170,257.12,card,android,IN-DL,363,1329,5,13,86.3,0.368,2,0,0,0,0,0
TXN0005956,M0336,96.1,card,api,IN-MH,859,568,2,9,143.4,0.3874,1,1,0,0,1,0
TXN0005957,M0362,149.74,upi,api,IN-DL,1128,554,2,7,218.4,0.1603,2,0,0,0,0,0
TXN0005958,M0360,259.22,netbanking,android,IN-WB,388,359,2,16,22.9,0.4164,1,0,0,0,0,0
TXN0005959,M0043,316.05,wallet,api,IN-GJ,517,985,3,5,19.5,0.0633,0,0,0,0,0,0
TXN0005960,M0391,319.17,netbanking,android,IN-GJ,253,321,3,9,59.4,0.1795,2,0,0,0,0,0
TXN0005961,M0270,175.12,netbanking,web,IN-MH,299,1074,3,5,63.9,0.3637,0,0,0,0,0,0
TXN0005962,M0375,278.3,card,api,IN-DL,1662,1262,2,5,96.6,0.2828,4,1,0,0,0,0
TXN0005963,M0302,149.15,card,api,IN-GJ,1455,130,2,6,90.1,0.2793,1,0,0,0,0,0
TXN0005964,M0128,129.54,netbanking,android,IN-GJ,349,108,1,6,100.8,0.4041,0,0,0,0,0,0
TXN0005965,M0002,177.09,netbanking,android,IN-DL,1036,1017,1,5,9.1,0.2349,4,0,0,0,1,1
TXN0005966,M0132,320.61,card,web,IN-DL,191,82,2,5,14.5,0.1661,1,0,0,0,1,0
TXN0005967,M0258,94.25,wallet,web,IN-MH,1546,552,1,8,136.8,0.296,0,0,0,0,0,0
TXN0005968,M0058,223.14,card,android,IN-MH,1369,1441,2,4,28.9,0.2918,0,0,0,0,0,0
TXN0005969,M0065,113.74,card,android,IN-GJ,1406,1164,2,9,68.1,0.2145,2,0,0,0,0,0
TXN0005970,M0176,86.23,upi,ios,IN-UP,563,350,2,4,104.5,0.1584,1,0,0,0,0,0
TXN0005971,M0242,515.11,card,android,IN-UP,669,658,3,10,64.5,0.4377,5,0,0,0,0,0
TXN0005972,M0113,260.89,card,android,IN-GJ,1574,538,3,15,202.1,0.3906,5,0,0,0,0,0
TXN0005973,M0261,263.3,netbanking,ios,IN-UP,1011,728,2,8,57.6,0.1684,3,0,0,0,0,0
TXN0005974,M0329,69.94,card,ios,IN-DL,1047,395,4,7,93.0,0.2363,1,0,0,0,1,1
TXN0005975,M0012,140.66,upi,android,IN-TN,1776,945,0,4,29.1,0.4606,2,0,0,0,0,0
TXN0005976,M0153,328.23,upi,web,IN-KA,1479,1181,2,5,120.8,0.4758,0,0,0,0,0,0
TXN0005977,M0069,261.17,card,ios,IN-MH,645,743,3,7,51.6,0.2063,1,0,0,0,0,0
TXN0005978,M0386,2339.19,card,android,IN-DL,91,1026,0,2,38.2,0.1246,3,0,0,0,0,0
TXN0005979,M0326,224.27,upi,android,IN-GJ,431,540,2,13,25.9,0.5252,0,0,0,0,0,0
TXN0005980,M0281,92.57,netbanking,api,IN-KA,1361,448,5,8,6.9,0.1196,1,0,0,0,0,0
TXN0005981,M0182,116.49,upi,ios,IN-MH,294,874,4,7,17.7,0.1326,3,0,0,0,1,0
TXN0005982,M0325,76.44,card,api,IN-WB,548,107,3,13,83.9,0.6598,2,0,0,0,0,0
TXN0005983,M0014,94.31,upi,api,IN-GJ,1691,1425,2,12,19.7,0.2531,1,0,0,0,0,0
TXN0005984,M0073,198.88,wallet,ios,IN-WB,790,1065,1,3,176.1,0.2936,0,0,0,0,1,0
TXN0005985,M0005,113.2,upi,android,IN-GJ,449,1249,1,7,102.8,0.2197,2,0,0,0,0,0
TXN0005986,M0371,684.74,card,web,IN-KA,986,260,0,4,112.7,0.3072,1,0,0,0,0,0
TXN0005987,M0316,434.4,upi,android,IN-DL,1669,502,1,6,77.2,0.1971,1,0,0,0,0,0
TXN0005988,M0165,427.1,card,api,IN-UP,388,486,2,7,66.1,0.2352,2,0,0,0,0,0
TXN0005989,M0085,139.92,card,ios,IN-DL,1065,41,5,13,109.7,0.1085,0,0,0,0,1,0
TXN0005990,M0307,448.89,wallet,web,IN-KA,1430,682,1,3,133.9,0.4378,1,0,0,0,0,0
TXN0005991,M0008,500.74,upi,web,IN-GJ,1062,1113,0,5,10.8,0.5709,1,0,0,0,0,0
TXN0005992,M0393,887.86,upi,ios,IN-KA,1584,1049,3,6,61.1,0.2928,2,0,0,0,0,0
TXN0005993,M0063,104.78,upi,api,IN-TN,721,1477,3,7,93.6,0.378,3,0,0,0,0,0
TXN0005994,M0132,182.1,card,android,IN-UP,1425,1279,3,13,15.0,0.2593,2,0,0,0,0,0
TXN0005995,M0321,84.96,upi,android,IN-MH,713,1488,3,11,96.7,0.4276,0,1,0,0,0,0
TXN0005996,M0196,2520.57,netbanking,web,IN-TN,109,890,2,9,37.2,0.2625,3,0,0,0,0,0
TXN0005997,M0394,147.1,netbanking,ios,IN-UP,578,1395,2,8,61.0,0.1675,1,0,0,0,1,0
TXN0005998,M0130,644.69,upi,api,IN-KA,258,971,2,10,123.5,0.5599,1,0,0,0,0,0
TXN0005999,M0394,210.51,card,web,IN-GJ,1313,550,4,7,39.3,0.2097,4,0,0,0,1,0
TXN0006000,M0204,433.71,upi,android,IN-UP,722,1049,3,13,149.0,0.3827,1,0,0,0,0,0
TXN0006001,M0120,177.41,card,android,IN-UP,1330,64,3,6,43.1,0.1705,0,0,0,0,0,0
TXN0006002,M0366,453.1,upi,ios,IN-GJ,1345,625,2,10,37.5,0.2101,1,0,0,0,0,0
TXN0006003,M0022,237.29,card,ios,IN-UP,956,301,3,6,47.6,0.1277,3,0,0,0,0,0
TXN0006004,M0339,990.41,upi,api,IN-UP,1670,874,3,9,79.7,0.443,1,0,0,0,0,0
TXN0006005,M0011,244.48,upi,android,IN-WB,808,1345,1,6,70.8,0.4531,0,0,0,0,0,0
TXN0006006,M0142,87.4,card,ios,IN-DL,1243,1228,1,6,74.5,0.4105,1,1,0,0,0,0
TXN0006007,M0084,302.19,card,android,IN-DL,1144,941,1,5,49.9,0.4467,3,0,0,0,0,0
TXN0006008,M0162,181.67,card,api,IN-UP,1279,1221,1,9,80.1,0.5338,2,0,0,0,1,0
TXN0006009,M0178,67.11,netbanking,android,IN-WB,885,733,1,7,26.7,0.221,0,0,0,0,1,0
TXN0006010,M0155,263.01,card,api,IN-UP,770,15,2,5,48.3,0.2727,4,0,0,0,1,0
TXN0006011,M0044,97.14,card,web,IN-KA,1483,942,1,10,41.9,0.5134,2,0,0,0,0,0
TXN0006012,M0267,142.19,upi,web,IN-WB,1622,1353,5,24,233.2,0.6314,1,0,0,0,0,1
TXN0006013,M0254,187.55,card,web,IN-UP,118,941,3,13,48.5,0.133,2,0,0,0,0,0
TXN0006014,M0160,23.7,card,web,IN-WB,1760,147,2,5,85.0,0.2437,1,0,0,0,0,0
TXN0006015,M0229,116.94,upi,android,IN-TN,1624,744,4,8,27.2,0.2453,0,0,0,0,0,0
TXN0006016,M0302,453.4,card,web,IN-KA,1052,108,3,8,27.2,0.3146,2,0,0,0,0,0
TXN0006017,M0005,148.51,card,web,IN-DL,944,1037,2,15,178.1,0.4815,2,0,0,0,0,1
TXN0006018,M0222,26.87,netbanking,web,IN-DL,824,318,3,6,55.2,0.1918,0,0,0,0,0,0
TXN0006019,M0026,165.88,netbanking,ios,IN-GJ,917,1026,1,5,94.7,0.1975,0,0,0,0,0,0
TXN0006020,M0070,291.76,card,android,IN-WB,317,70,2,6,21.2,0.3828,2,0,0,0,0,0
TXN0006021,M0385,133.64,card,web,IN-KA,704,444,3,6,44.4,0.248,0,0,0,0,0,0
TXN0006022,M0305,138.03,card,android,IN-UP,1704,1083,2,7,256.3,0.2852,4,0,0,0,0,0
TXN0006023,M0356,115.2,upi,android,IN-WB,958,1046,2,5,51.5,0.22,0,0,0,0,0,0
TXN0006024,M0344,334.81,upi,android,IN-TN,654,1083,1,12,109.3,0.2571,4,0,0,0,0,0
TXN0006025,M0198,79.11,card,ios,IN-UP,397,1049,2,7,56.2,0.2193,1,0,0,0,1,0
TXN0006026,M0066,310.82,netbanking,android,IN-MH,1388,405,6,13,16.7,0.5236,3,0,0,0,0,1
TXN0006027,M0036,137.69,netbanking,ios,IN-TN,895,875,3,4,135.8,0.4725,3,0,0,0,0,0
TXN0006028,M0035,630.24,card,web,IN-GJ,1041,740,8,14,53.5,0.3823,4,0,0,0,0,1
TXN0006029,M0234,110.79,upi,web,IN-GJ,717,910,0,2,24.4,0.1094,2,0,0,0,0,0
TXN0006030,M0205,59.28,upi,api,IN-GJ,63,1018,4,9,4.8,0.1169,1,0,0,0,0,0
TXN0006031,M0180,334.22,card,web,IN-UP,529,1471,1,9,44.7,0.4238,1,0,0,0,0,0
TXN0006032,M0125,294.63,wallet,android,IN-WB,1066,50,1,4,51.7,0.5683,1,0,0,0,1,1
TXN0006033,M0112,271.74,upi,android,IN-TN,382,649,2,16,138.8,0.4641,0,0,0,0,0,0
TXN0006034,M0099,419.66,upi,ios,IN-MH,911,1132,2,12,158.7,0.2399,2,0,0,0,1,0
TXN0006035,M0089,66.1,wallet,android,IN-WB,1548,902,4,7,24.0,0.4425,0,0,0,0,0,0
TXN0006036,M0207,81.82,card,android,IN-GJ,340,990,2,9,111.1,0.4487,1,0,0,0,0,1
TXN0006037,M0342,673.6,upi,web,IN-TN,1530,1198,1,6,41.8,0.248,3,0,0,0,0,0
TXN0006038,M0246,278.24,card,ios,IN-GJ,251,1306,4,7,31.4,0.3317,1,0,0,0,0,0
TXN0006039,M0066,114.13,netbanking,api,IN-TN,873,510,0,5,28.9,0.0765,0,0,0,0,0,1
TXN0006040,M0297,30.86,card,web,IN-UP,1168,837,2,14,41.8,0.0684,0,0,0,0,1,0
TXN0006041,M0282,51.87,card,android,IN-KA,417,866,1,10,109.7,0.3026,1,1,0,0,0,0
TXN0006042,M0079,69.1,wallet,api,IN-UP,415,1185,7,16,94.0,0.7136,2,0,0,0,0,1
TXN0006043,M0050,102.69,upi,ios,IN-MH,811,1239,2,15,131.1,0.3238,3,1,0,0,0,1
TXN0006044,M0212,244.31,upi,android,IN-KA,38,107,3,9,159.2,0.2218,1,0,0,0,0,1
TXN0006045,M0228,45.93,netbanking,web,IN-GJ,1666,218,2,9,10.8,0.2521,1,0,0,0,1,0
TXN0006046,M0129,106.18,upi,web,IN-MH,464,289,5,16,33.9,0.4106,2,0,0,0,0,1
TXN0006047,M0103,50.88,card,ios,IN-DL,1403,1199,3,10,29.3,0.5147,3,0,0,0,0,0
TXN0006048,M0086,118.11,upi,api,IN-DL,519,120,0,5,48.2,0.3242,3,0,0,0,1,0
TXN0006049,M0191,1953.96,upi,ios,IN-KA,1453,937,3,6,89.2,0.1202,1,0,0,0,0,0
TXN0006050,M0002,591.24,wallet,android,IN-UP,331,854,2,10,34.9,0.3581,2,0,0,0,0,1
TXN0006051,M0273,319.42,netbanking,web,IN-DL,1265,1486,1,4,121.4,0.1899,2,0,0,0,0,0
TXN0006052,M0275,106.77,upi,web,IN-DL,1297,727,4,10,161.6,0.4201,2,0,0,0,1,0
TXN0006053,M0288,61.32,netbanking,android,IN-MH,1303,1374,2,6,51.5,0.4298,3,0,0,0,0,0
TXN0006054,M0316,165.05,upi,ios,IN-KA,99,465,3,11,55.4,0.3327,2,0,0,0,0,0
TXN0006055,M0341,38.07,card,api,IN-DL,270,1163,2,10,46.9,0.577,4,1,0,0,0,0
TXN0006056,M0230,344.15,card,api,IN-DL,1566,231,0,4,59.1,0.2827,1,0,0,0,0,0
TXN0006057,M0110,147.63,netbanking,web,IN-GJ,624,630,4,14,157.4,0.5429,4,0,0,0,0,0
TXN0006058,M0146,175.11,upi,web,IN-GJ,1444,1226,4,10,69.3,0.3235,2,0,0,0,0,0
TXN0006059,M0280,34.08,wallet,ios,IN-WB,1497,806,1,7,43.7,0.1616,2,0,0,0,1,0
TXN0006060,M0187,189.19,wallet,web,IN-MH,1248,957,4,8,25.4,0.2696,2,0,0,0,1,0
TXN0006061,M0080,141.73,netbanking,web,IN-TN,319,923,1,5,113.8,0.2294,3,0,0,0,0,0
TXN0006062,M0153,69.15,upi,android,IN-TN,603,262,1,5,38.1,0.1111,0,0,0,0,1,0
TXN0006063,M0297,225.3,upi,android,IN-MH,136,1372,2,10,35.6,0.2477,1,0,0,0,1,0
TXN0006064,M0322,120.84,card,android,IN-WB,11,958,4,10,108.6,0.3574,1,0,0,1,0,0
TXN0006065,M0015,241.69,upi,android,IN-MH,1523,346,4,9,127.4,0.3613,6,0,0,0,0,0
TXN0006066,M0266,334.04,card,web,IN-TN,858,1167,0,5,160.2,0.2369,0,0,0,0,0,0
TXN0006067,M0180,60.83,upi,web,IN-MH,1405,1365,1,5,55.2,0.3445,2,0,0,0,1,0
TXN0006068,M0097,200.33,netbanking,android,IN-UP,282,451,3,8,47.6,0.267,1,0,0,0,0,0
TXN0006069,M0150,196.59,upi,web,IN-WB,285,1466,2,5,7.4,0.6094,3,0,0,0,0,0
TXN0006070,M0184,624.3,upi,api,IN-KA,1014,109,3,6,104.4,0.2572,0,0,0,0,0,0
TXN0006071,M0076,417.36,netbanking,ios,IN-WB,951,326,1,5,43.4,0.2901,1,0,0,0,0,0
TXN0006072,M0092,127.06,upi,ios,IN-GJ,744,1098,2,9,76.4,0.2818,1,1,0,0,1,0
TXN0006073,M0099,117.59,netbanking,api,IN-WB,76,938,2,5,84.1,0.4867,2,0,0,0,0,0
TXN0006074,M0182,209.06,upi,ios,IN-KA,474,1284,3,12,70.2,0.3906,0,0,0,0,0,0
TXN0006075,M0391,58.52,upi,web,IN-GJ,268,287,3,9,30.7,0.1732,0,0,0,0,0,0
TXN0006076,M0309,67.99,card,ios,IN-TN,299,6,2,3,41.6,0.2568,1,0,1,0,0,0
TXN0006077,M0036,112.74,card,ios,IN-MH,463,1233,0,4,37.5,0.1606,1,0,0,0,1,0
TXN0006078,M0377,16.63,card,api,IN-MH,1200,1342,3,6,75.1,0.3478,1,0,0,0,0,0
TXN0006079,M0382,66.91,card,web,IN-GJ,1267,419,4,9,58.9,0.3691,3,0,0,0,0,0
TXN0006080,M0388,129.11,netbanking,api,IN-GJ,1443,807,1,4,74.7,0.2573,1,0,0,0,0,0
TXN0006081,M0222,2832.59,wallet,web,IN-KA,549,780,3,8,47.0,0.2225,2,0,0,0,0,0
TXN0006082,M0147,94.52,upi,web,IN-KA,973,158,4,6,45.2,0.2619,1,0,0,0,0,0
TXN0006083,M0038,348.34,upi,android,IN-UP,1459,889,4,9,49.4,0.4167,0,0,0,0,0,0
TXN0006084,M0076,147.65,netbanking,api,IN-TN,878,1206,4,10,21.3,0.4232,2,0,0,0,0,0
TXN0006085,M0086,279.48,netbanking,ios,IN-KA,43,867,3,9,96.8,0.2298,4,0,0,0,0,1
TXN0006086,M0059,60.97,upi,web,IN-MH,894,459,3,11,152.1,0.3952,2,0,0,0,0,0
TXN0006087,M0399,38.37,card,ios,IN-DL,8,1263,1,6,62.3,0.4399,0,0,0,1,0,1
TXN0006088,M0340,713.59,card,android,IN-DL,697,122,1,8,116.6,0.5556,3,0,0,0,0,0
TXN0006089,M0271,47.6,upi,android,IN-UP,540,1242,4,15,9.1,0.44,2,0,0,0,0,0
TXN0006090,M0285,793.6,card,ios,IN-KA,1647,309,4,11,123.7,0.3671,1,0,0,0,1,0
TXN0006091,M0397,124.21,upi,web,IN-KA,1315,1053,6,18,50.5,0.4418,2,0,0,0,0,1
TXN0006092,M0028,78.72,upi,web,IN-TN,1185,282,0,8,40.3,0.1343,2,0,0,0,1,0
TXN0006093,M0188,107.4,netbanking,android,IN-GJ,1712,631,3,9,50.4,0.1922,2,0,0,0,0,0
TXN0006094,M0150,893.49,card,web,IN-UP,1696,133,3,10,34.1,0.4719,1,0,0,0,1,0
TXN0006095,M0376,89.52,netbanking,android,IN-MH,568,29,2,5,20.4,0.382,0,0,0,0,0,0
TXN0006096,M0099,122.84,upi,web,IN-KA,993,212,2,11,50.8,0.392,2,0,0,0,0,0
TXN0006097,M0281,477.33,card,web,IN-WB,1002,220,3,9,64.1,0.2167,3,0,0,0,1,1
TXN0006098,M0094,289.08,netbanking,api,IN-KA,43,527,7,14,12.0,0.3122,3,0,0,0,0,0
TXN0006099,M0258,1437.18,card,ios,IN-UP,75,463,3,12,135.1,0.4511,1,0,0,0,1,1
TXN0006100,M0164,577.24,card,android,IN-DL,610,385,5,11,14.4,0.3117,2,0,0,0,0,1
TXN0006101,M0078,89.72,card,web,IN-GJ,3,871,3,9,25.1,0.2095,2,0,0,1,0,0
TXN0006102,M0189,662.17,upi,android,IN-KA,1242,1407,2,5,21.1,0.2131,2,0,0,0,0,1
TXN0006103,M0278,26.33,upi,ios,IN-TN,29,1408,1,5,37.2,0.2743,2,0,0,0,1,0
TXN0006104,M0224,388.85,upi,web,IN-KA,410,1062,1,7,131.9,0.2193,0,0,0,0,0,0
TXN0006105,M0193,93.53,card,android,IN-TN,176,1355,2,9,117.9,0.145,2,1,0,0,0,0
TXN0006106,M0059,326.55,netbanking,web,IN-UP,900,12,7,13,57.8,0.2333,1,0,0,0,0,0
TXN0006107,M0273,1282.39,card,android,IN-GJ,1573,1494,0,5,79.2,0.2244,1,0,0,0,0,0
TXN0006108,M0260,33.87,upi,android,IN-UP,98,1004,2,12,19.5,0.2767,3,0,0,0,0,0
TXN0006109,M0061,452.99,upi,android,IN-MH,1154,1262,0,6,42.6,0.1841,2,0,0,0,1,0
TXN0006110,M0350,417.0,wallet,ios,IN-DL,976,1458,2,7,15.3,0.1659,1,0,0,0,0,0
TXN0006111,M0043,348.35,card,api,IN-TN,1617,115,5,13,176.9,0.2957,2,1,0,0,0,0
TXN0006112,M0267,67.54,upi,android,IN-DL,1072,15,2,7,36.2,0.2586,1,0,0,0,1,0
TXN0006113,M0256,164.59,upi,android,IN-WB,1502,1145,0,6,90.7,0.2031,0,0,0,0,0,0
TXN0006114,M0249,68.71,wallet,ios,IN-MH,1244,55,1,5,55.0,0.1964,2,0,0,0,0,0
TXN0006115,M0151,276.71,card,android,IN-DL,1377,864,1,9,31.4,0.2207,0,0,0,0,1,0
TXN0006116,M0212,48.84,card,api,IN-DL,874,204,1,4,219.1,0.1128,4,0,0,0,0,0
TXN0006117,M0321,116.24,card,android,IN-TN,637,1218,2,15,76.2,0.4953,3,1,0,0,1,0
TXN0006118,M0091,338.0,card,web,IN-UP,921,705,4,7,35.4,0.199,0,0,0,0,0,0
TXN0006119,M0064,86.51,card,web,IN-TN,242,453,3,7,53.4,0.184,1,0,0,0,0,0
TXN0006120,M0061,121.11,wallet,web,IN-UP,1282,335,5,12,30.5,0.3078,1,0,0,0,0,0
TXN0006121,M0297,72.71,wallet,web,IN-TN,186,1192,2,9,79.2,0.1992,0,0,0,0,0,0
TXN0006122,M0037,232.68,card,api,IN-UP,1679,1420,3,13,7.2,0.4143,3,0,0,0,0,0
TXN0006123,M0007,156.85,wallet,web,IN-UP,45,285,1,8,30.1,0.261,3,0,0,0,0,0
TXN0006124,M0066,86.51,card,api,IN-WB,203,527,1,4,60.8,0.2809,2,0,0,0,0,0
TXN0006125,M0288,95.8,upi,web,IN-KA,320,694,4,10,126.0,0.3485,1,0,0,0,0,0
TXN0006126,M0036,210.83,upi,android,IN-MH,331,847,2,9,34.1,0.295,1,0,0,0,0,1
TXN0006127,M0286,62.47,netbanking,web,IN-UP,35,247,2,10,100.0,0.4419,1,0,0,0,1,0
TXN0006128,M0282,172.2,card,android,IN-GJ,1772,744,3,12,21.2,0.2993,3,0,0,0,0,1
TXN0006129,M0141,186.07,card,ios,IN-WB,1238,499,3,11,125.4,0.1968,1,0,0,0,0,0
TXN0006130,M0007,210.42,card,ios,IN-TN,541,592,3,7,23.4,0.3793,1,0,0,0,1,0
TXN0006131,M0048,105.92,card,web,IN-TN,700,293,2,9,56.4,0.1612,0,0,0,0,1,0
TXN0006132,M0171,329.65,upi,web,IN-TN,408,1005,5,12,50.1,0.4131,2,0,0,0,1,0
TXN0006133,M0130,470.86,card,ios,IN-WB,951,1214,4,12,86.5,0.7167,4,0,0,0,0,0
TXN0006134,M0099,343.88,upi,android,IN-KA,713,1067,1,11,46.1,0.389,2,0,0,0,1,0
TXN0006135,M0159,222.02,card,web,IN-WB,862,1187,0,5,47.0,0.1736,1,0,0,0,0,0
TXN0006136,M0159,43.23,card,ios,IN-DL,720,946,1,7,15.2,0.5995,1,0,0,0,0,0
TXN0006137,M0083,961.54,card,web,IN-KA,510,650,5,9,116.3,0.3993,4,0,0,0,1,1
TXN0006138,M0349,190.86,card,ios,IN-KA,909,1436,3,11,44.4,0.3126,3,0,0,0,0,0
TXN0006139,M0040,245.87,upi,android,IN-GJ,207,380,1,5,205.1,0.1496,0,0,0,0,0,0
TXN0006140,M0355,88.94,upi,web,IN-DL,1003,1064,5,9,83.5,0.4168,1,0,0,0,0,0
TXN0006141,M0080,145.21,upi,ios,IN-KA,976,225,2,4,123.9,0.187,1,0,0,0,0,0
TXN0006142,M0016,585.43,upi,web,IN-UP,216,181,4,7,124.3,0.3079,0,1,0,0,1,1
TXN0006143,M0104,393.72,upi,android,IN-MH,1554,1492,1,7,87.2,0.324,1,0,0,0,0,0
TXN0006144,M0374,131.85,card,ios,IN-KA,1712,1444,2,6,47.9,0.3449,1,0,0,0,0,0
TXN0006145,M0175,829.34,card,web,IN-UP,1349,946,1,5,104.5,0.2698,0,0,0,0,1,0
TXN0006146,M0076,65.61,card,web,IN-DL,1708,993,4,9,123.3,0.5609,0,0,0,0,0,0
TXN0006147,M0256,33.52,upi,api,IN-UP,1676,857,2,7,186.4,0.0447,4,0,0,0,0,0
TXN0006148,M0146,26.15,wallet,web,IN-UP,1330,1028,3,10,60.3,0.4612,2,0,0,0,0,0
TXN0006149,M0400,398.58,netbanking,web,IN-KA,641,63,4,10,43.5,0.3609,2,0,0,0,0,0
TXN0006150,M0002,89.74,upi,web,IN-MH,376,742,2,11,45.2,0.5506,2,0,0,0,0,0
TXN0006151,M0389,156.43,card,ios,IN-KA,1522,155,2,13,20.6,0.2616,2,0,0,0,0,0
TXN0006152,M0083,537.72,upi,android,IN-GJ,878,291,2,11,52.8,0.3565,2,0,0,0,0,0
TXN0006153,M0116,250.06,card,android,IN-DL,1300,1466,1,9,63.7,0.2087,3,0,0,0,0,0
TXN0006154,M0399,54.97,upi,web,IN-UP,1603,276,3,13,28.7,0.4334,2,0,0,0,0,0
TXN0006155,M0098,913.38,upi,web,IN-UP,1697,542,1,9,33.1,0.2632,1,0,0,0,0,0
TXN0006156,M0309,134.55,upi,android,IN-MH,1229,1106,1,4,84.1,0.183,2,1,0,0,0,1
TXN0006157,M0108,169.02,wallet,web,IN-MH,518,1167,3,6,96.1,0.5615,1,0,0,0,1,0
TXN0006158,M0242,88.25,card,web,IN-GJ,148,1193,5,16,61.5,0.6768,3,0,0,0,0,0
TXN0006159,M0248,58.99,upi,ios,IN-UP,1446,566,1,5,7.3,0.2343,0,0,0,0,0,0
TXN0006160,M0173,226.63,upi,android,IN-KA,44,802,2,11,120.5,0.1367,0,0,0,0,0,0
TXN0006161,M0279,42.59,card,web,IN-DL,915,501,3,8,46.2,0.6728,5,0,0,0,0,0
TXN0006162,M0021,165.65,upi,ios,IN-MH,530,691,1,10,57.4,0.38,0,0,0,0,0,0
TXN0006163,M0284,878.62,card,web,IN-TN,786,844,0,4,154.9,0.2302,0,0,0,0,1,0
TXN0006164,M0184,381.54,netbanking,android,IN-WB,1581,1159,1,7,63.6,0.3516,2,0,0,0,0,0
TXN0006165,M0313,220.51,card,ios,IN-DL,838,192,3,8,84.5,0.3876,0,0,0,0,0,0
TXN0006166,M0110,60.02,netbanking,android,IN-UP,267,684,2,4,66.5,0.0744,0,0,0,0,0,0
TXN0006167,M0002,169.4,card,web,IN-DL,779,1028,5,12,81.2,0.231,3,0,0,0,0,0
TXN0006168,M0030,81.2,card,web,IN-UP,182,303,1,7,27.4,0.2165,1,1,0,0,1,1
TXN0006169,M0126,761.41,card,api,IN-GJ,1578,441,2,10,45.4,0.2047,1,1,0,0,0,0
TXN0006170,M0011,112.06,upi,ios,IN-KA,71,397,4,12,92.9,0.119,0,0,0,0,0,0
TXN0006171,M0392,82.02,card,android,IN-WB,1699,577,5,10,73.2,0.5454,0,0,0,0,0,0
TXN0006172,M0379,144.79,netbanking,android,IN-KA,399,1495,2,8,43.4,0.3572,3,0,0,0,0,0
TXN0006173,M0043,82.37,card,web,IN-WB,1193,426,1,3,93.1,0.2753,2,0,0,0,1,0
TXN0006174,M0116,227.83,card,web,IN-MH,1589,96,0,5,121.7,0.1895,0,0,0,0,0,0
TXN0006175,M0093,1112.35,card,api,IN-KA,347,340,3,5,159.3,0.3716,0,0,0,0,1,0
TXN0006176,M0351,181.29,card,web,IN-TN,1674,356,3,9,18.3,0.3686,3,0,0,0,0,0
TXN0006177,M0309,71.53,card,web,IN-UP,757,1030,3,8,74.2,0.2174,3,0,0,0,1,0
TXN0006178,M0355,153.69,wallet,web,IN-MH,918,696,0,6,76.8,0.5453,4,0,0,0,0,0
TXN0006179,M0317,50.5,upi,web,IN-UP,640,861,6,13,151.7,0.2296,2,0,0,0,0,0
TXN0006180,M0120,3185.77,upi,ios,IN-GJ,1775,1395,4,9,59.0,0.2159,2,0,0,0,0,0
TXN0006181,M0074,1089.9,upi,api,IN-DL,1208,799,2,14,72.8,0.2643,0,0,0,0,0,0
TXN0006182,M0247,626.39,upi,ios,IN-DL,645,397,2,9,4.6,0.2783,2,0,0,0,0,1
TXN0006183,M0025,381.6,card,web,IN-DL,127,392,1,6,158.2,0.383,3,0,0,0,0,0
TXN0006184,M0301,152.55,upi,web,IN-UP,1606,637,0,3,43.8,0.1445,0,0,0,0,0,0
TXN0006185,M0163,155.95,card,web,IN-MH,1177,7,5,9,43.4,0.3477,4,0,0,0,1,0
TXN0006186,M0245,144.4,upi,web,IN-MH,227,277,3,11,40.0,0.2514,1,0,0,0,0,0
TXN0006187,M0284,1938.78,upi,android,IN-UP,840,395,1,5,10.2,0.1857,2,1,0,0,1,1
TXN0006188,M0039,148.53,netbanking,web,IN-GJ,477,916,3,8,21.8,0.2591,2,0,0,0,0,0
TXN0006189,M0357,102.4,card,web,IN-KA,470,1305,2,7,15.1,0.2171,0,0,0,0,0,0
TXN0006190,M0170,162.13,upi,web,IN-MH,862,292,0,1,85.3,0.1618,1,0,0,0,0,0
TXN0006191,M0134,301.85,card,android,IN-WB,115,981,1,3,62.4,0.3005,0,1,0,0,1,0
TXN0006192,M0111,5.53,card,android,IN-MH,443,1456,4,10,79.9,0.4251,0,0,0,0,0,0
TXN0006193,M0160,266.74,card,web,IN-DL,96,827,5,10,60.5,0.3526,3,0,0,0,0,0
TXN0006194,M0275,14.16,upi,web,IN-UP,1691,76,3,6,50.2,0.2113,0,0,0,0,0,0
TXN0006195,M0260,784.49,card,api,IN-DL,1606,886,4,9,14.1,0.3197,2,0,0,0,0,0
TXN0006196,M0277,32.1,netbanking,android,IN-GJ,293,1394,2,5,13.2,0.4423,1,0,0,0,1,0
TXN0006197,M0286,80.62,card,ios,IN-DL,1038,872,1,9,38.3,0.1427,3,0,0,0,0,0
TXN0006198,M0326,26.47,card,web,IN-MH,404,579,2,8,71.5,0.2332,0,0,0,0,0,0
TXN0006199,M0400,1089.83,upi,ios,IN-TN,993,1108,2,7,120.7,0.1164,0,0,0,0,0,0
TXN0006200,M0193,177.8,netbanking,web,IN-WB,822,1271,1,4,66.8,0.352,0,0,0,0,0,0
TXN0006201,M0256,1668.27,card,web,IN-TN,32,1425,2,7,196.9,0.3332,2,0,0,0,1,1
TXN0006202,M0276,1314.04,upi,web,IN-KA,1428,768,3,7,86.1,0.2921,2,0,0,0,1,0
TXN0006203,M0006,627.81,card,ios,IN-TN,1388,1106,4,11,25.2,0.547,1,0,0,0,0,1
TXN0006204,M0396,44.31,upi,android,IN-KA,108,686,5,8,51.5,0.5219,2,0,0,0,1,0
TXN0006205,M0370,212.39,upi,web,IN-WB,379,433,0,7,6.8,0.3483,2,0,0,0,0,0
TXN0006206,M0038,705.68,card,android,IN-KA,207,1201,0,3,7.7,0.5257,2,0,0,0,0,0
TXN0006207,M0160,265.55,card,api,IN-TN,690,1271,2,12,222.5,0.2807,3,0,0,0,0,1
TXN0006208,M0158,124.35,upi,web,IN-DL,806,25,5,12,106.9,0.2809,2,0,0,0,0,0
TXN0006209,M0074,255.82,card,web,IN-KA,1164,949,3,6,25.2,0.1442,2,0,0,0,1,0
TXN0006210,M0239,281.65,upi,android,IN-WB,1139,1266,5,11,151.3,0.2579,0,0,0,0,0,0
TXN0006211,M0191,41.09,card,android,IN-UP,243,613,2,10,61.7,0.5523,0,0,0,0,0,0
TXN0006212,M0135,102.12,upi,web,IN-UP,863,147,3,4,72.0,0.3366,2,0,0,0,1,1
TXN0006213,M0132,345.88,card,api,IN-KA,1434,1170,3,6,64.2,0.0986,2,0,0,0,1,0
TXN0006214,M0279,431.53,netbanking,web,IN-WB,1600,1295,2,4,117.9,0.6358,2,0,0,0,0,0
TXN0006215,M0215,229.6,card,web,IN-GJ,1503,486,1,7,193.5,0.5401,0,0,0,0,1,0
TXN0006216,M0395,119.71,upi,android,IN-TN,539,107,2,7,194.2,0.1887,0,0,0,0,0,0
TXN0006217,M0004,148.56,card,web,IN-DL,935,208,0,2,49.8,0.1936,0,0,0,0,0,0
TXN0006218,M0085,84.66,upi,api,IN-TN,259,160,2,12,36.6,0.2991,2,0,0,0,1,0
TXN0006219,M0316,162.21,upi,web,IN-WB,658,431,0,7,40.4,0.0741,0,0,0,0,0,0
TXN0006220,M0330,421.17,upi,api,IN-TN,506,977,4,10,47.7,0.2648,2,1,0,0,0,0
TXN0006221,M0213,2040.9,card,web,IN-DL,454,963,4,11,38.2,0.5013,3,1,0,0,0,1
TXN0006222,M0257,53.99,upi,web,IN-TN,1580,549,5,9,46.7,0.3017,1,0,0,0,0,0
TXN0006223,M0119,638.88,upi,api,IN-WB,1303,1442,4,10,16.1,0.2083,2,0,0,0,0,1
TXN0006224,M0348,263.95,upi,ios,IN-WB,1530,332,0,1,9.5,0.1627,0,0,0,0,1,0
TXN0006225,M0339,36.3,upi,ios,IN-MH,613,976,4,7,120.2,0.1662,0,0,0,0,0,0
TXN0006226,M0039,163.25,card,web,IN-UP,713,323,3,11,27.9,0.2649,1,0,0,0,0,0
TXN0006227,M0245,150.05,card,web,IN-TN,1457,931,3,11,100.0,0.2009,0,0,0,0,0,0
TXN0006228,M0167,179.71,card,android,IN-DL,76,499,3,10,122.5,0.1667,4,0,0,0,1,0
TXN0006229,M0382,513.24,card,ios,IN-WB,1318,989,0,3,99.7,0.3598,2,0,0,0,0,0
TXN0006230,M0216,1297.03,card,android,IN-GJ,1224,700,3,9,116.7,0.3232,0,0,0,0,0,0
TXN0006231,M0139,657.23,card,ios,IN-KA,635,820,2,8,63.9,0.3769,3,0,0,0,1,0
TXN0006232,M0297,222.69,netbanking,api,IN-TN,1696,151,2,4,54.1,0.1329,1,0,0,0,0,0
TXN0006233,M0190,248.85,card,android,IN-KA,412,295,2,9,50.7,0.3244,2,0,0,0,0,0
TXN0006234,M0323,1439.3,card,ios,IN-GJ,607,133,3,9,125.1,0.3053,2,0,0,0,0,0
TXN0006235,M0244,62.44,card,ios,IN-MH,644,249,3,11,92.9,0.1008,1,1,0,0,0,0
TXN0006236,M0276,623.31,upi,android,IN-KA,662,476,3,7,100.4,0.374,1,0,0,0,1,0
TXN0006237,M0187,57.15,card,web,IN-KA,616,133,4,10,125.0,0.327,1,0,0,0,1,1
TXN0006238,M0110,39.15,upi,ios,IN-UP,857,1141,4,11,12.1,0.3111,1,0,0,0,0,0
TXN0006239,M0016,338.37,wallet,web,IN-DL,1722,879,3,9,63.5,0.3188,0,0,0,0,0,0
TXN0006240,M0199,34.31,upi,android,IN-TN,870,381,1,5,120.3,0.1185,0,0,0,0,0,0
TXN0006241,M0159,121.53,upi,api,IN-MH,1129,1179,1,9,116.5,0.2228,2,0,0,0,0,0
TXN0006242,M0393,711.39,card,web,IN-WB,1202,616,1,6,22.5,0.4007,0,0,0,0,1,0
TXN0006243,M0001,72.17,upi,web,IN-TN,1183,32,0,5,20.6,0.287,0,0,0,0,0,0
TXN0006244,M0105,1085.44,upi,web,IN-KA,597,1281,2,8,62.6,0.4801,0,0,0,0,1,0
TXN0006245,M0073,18.83,card,ios,IN-WB,511,1458,2,7,74.2,0.3536,2,0,0,0,0,1
TXN0006246,M0205,511.44,netbanking,web,IN-TN,657,752,3,13,37.5,0.2516,1,0,0,0,0,0
TXN0006247,M0063,45.1,netbanking,web,IN-MH,656,1324,0,15,57.4,0.472,2,1,0,0,0,0
TXN0006248,M0291,148.21,card,android,IN-GJ,1485,1385,3,8,51.9,0.5584,1,0,0,0,0,0
TXN0006249,M0058,223.34,card,web,IN-KA,839,330,2,9,32.5,0.2398,0,1,0,0,1,0
TXN0006250,M0095,135.73,upi,web,IN-MH,1676,613,1,5,89.6,0.1659,2,1,0,0,0,0
TXN0006251,M0323,139.17,upi,ios,IN-MH,1758,1478,3,10,119.4,0.3372,1,0,0,0,1,0
TXN0006252,M0198,42.19,card,api,IN-GJ,1223,1227,7,19,88.3,0.3978,1,0,0,0,0,1
TXN0006253,M0216,740.95,netbanking,ios,IN-KA,1201,1355,2,8,101.4,0.3887,0,0,0,0,0,0
TXN0006254,M0336,52.62,upi,android,IN-MH,225,1049,0,5,17.2,0.188,0,0,0,0,0,0
TXN0006255,M0310,52.58,card,web,IN-TN,278,393,2,11,69.1,0.3912,2,0,0,0,0,0
TXN0006256,M0369,163.32,upi,android,IN-TN,1279,24,4,13,65.2,0.5787,2,0,0,0,0,0
TXN0006257,M0263,89.67,upi,web,IN-UP,1783,1398,1,10,84.9,0.4049,4,0,0,0,0,0
TXN0006258,M0197,416.36,card,web,IN-DL,1446,878,2,4,27.4,0.2224,2,0,0,0,1,0
TXN0006259,M0076,105.57,upi,android,IN-UP,485,757,4,10,20.5,0.2338,0,0,0,0,0,1
TXN0006260,M0157,179.79,card,web,IN-GJ,1221,1493,5,10,95.1,0.121,1,0,0,0,1,0
TXN0006261,M0171,201.83,upi,web,IN-TN,1119,323,2,9,87.1,0.182,2,1,0,0,0,0
TXN0006262,M0172,476.64,upi,ios,IN-TN,98,877,4,8,65.8,0.4339,0,0,0,0,0,0
TXN0006263,M0099,106.19,card,android,IN-DL,1575,1480,2,8,65.7,0.1965,1,0,0,0,0,0
TXN0006264,M0064,33.82,upi,android,IN-MH,624,214,2,10,47.0,0.3777,2,0,0,0,0,0
TXN0006265,M0273,80.1,card,android,IN-MH,1108,422,3,8,67.1,0.16,1,0,0,0,0,0
TXN0006266,M0135,561.3,card,web,IN-GJ,610,18,1,9,33.9,0.474,1,0,0,0,0,0
TXN0006267,M0347,254.94,wallet,web,IN-KA,1666,1050,5,11,47.4,0.3442,2,0,0,0,0,0
TXN0006268,M0040,124.28,upi,android,IN-KA,843,830,3,12,67.8,0.6008,2,0,0,0,1,0
TXN0006269,M0322,191.34,wallet,ios,IN-UP,1526,1008,2,3,167.8,0.3256,0,0,0,0,0,0
TXN0006270,M0198,138.01,card,ios,IN-WB,1691,1258,2,8,16.7,0.2262,0,0,0,0,0,0
TXN0006271,M0038,395.7,card,android,IN-MH,63,1038,2,10,59.0,0.1978,0,0,0,0,0,0
TXN0006272,M0050,252.25,netbanking,web,IN-UP,759,1230,3,7,40.1,0.2929,0,1,0,0,0,0
TXN0006273,M0132,136.19,upi,web,IN-MH,1236,399,4,8,135.1,0.3126,2,0,0,0,0,1
TXN0006274,M0370,450.62,upi,ios,IN-DL,1517,1032,0,5,72.4,0.4572,1,0,0,0,0,0
TXN0006275,M0165,583.92,upi,web,IN-WB,1297,1476,3,9,56.7,0.2383,0,0,0,0,1,0
TXN0006276,M0343,71.78,card,android,IN-UP,1187,1014,1,4,129.8,0.0551,0,0,0,0,0,0
TXN0006277,M0059,73.11,card,ios,IN-DL,669,391,1,6,26.4,0.318,2,0,0,0,1,0
TXN0006278,M0042,1986.15,upi,android,IN-MH,296,419,2,6,26.1,0.1364,1,0,0,0,0,1
TXN0006279,M0247,336.65,netbanking,api,IN-GJ,1637,552,2,10,211.5,0.1916,0,0,0,0,0,0
TXN0006280,M0044,955.55,upi,web,IN-WB,80,1053,2,11,65.0,0.2816,1,0,0,0,0,0
TXN0006281,M0026,439.36,card,api,IN-DL,1441,1130,2,12,52.6,0.2017,4,0,0,0,0,0
TXN0006282,M0290,284.97,netbanking,android,IN-GJ,64,498,3,10,66.3,0.4402,0,0,0,0,0,0
TXN0006283,M0022,21.25,netbanking,android,IN-DL,661,472,2,7,104.6,0.5529,0,0,0,0,1,0
TXN0006284,M0152,53.08,card,android,IN-UP,1547,1078,2,3,53.1,0.2141,3,0,0,0,0,0
TXN0006285,M0384,344.91,card,android,IN-KA,402,1010,5,12,50.0,0.7459,3,0,0,0,0,1
TXN0006286,M0260,72.82,wallet,web,IN-UP,476,1216,2,10,148.1,0.2977,1,0,0,0,0,0
TXN0006287,M0173,155.2,card,web,IN-KA,383,686,0,7,66.7,0.138,2,0,0,0,0,0
TXN0006288,M0257,447.33,upi,android,IN-MH,1226,1252,1,8,19.3,0.1827,1,0,0,0,1,0
TXN0006289,M0377,206.15,netbanking,ios,IN-UP,397,489,2,8,44.3,0.4899,3,0,0,0,0,1
TXN0006290,M0232,268.2,netbanking,web,IN-KA,1255,51,2,11,73.3,0.3706,3,0,0,0,0,0
TXN0006291,M0101,721.2,upi,web,IN-KA,1061,494,4,9,20.2,0.2757,0,1,0,0,1,1
TXN0006292,M0121,796.27,card,web,IN-WB,1607,514,3,7,97.4,0.3945,2,0,0,0,0,0
TXN0006293,M0012,170.14,netbanking,android,IN-GJ,1157,1483,4,15,29.8,0.4076,1,0,0,0,0,0
TXN0006294,M0308,643.49,upi,android,IN-GJ,725,484,1,3,46.6,0.1958,0,0,0,0,0,0
TXN0006295,M0129,68.86,upi,web,IN-MH,268,110,3,11,186.0,0.2722,4,0,0,0,0,0
TXN0006296,M0256,225.82,card,ios,IN-TN,798,449,2,10,35.1,0.5634,4,0,0,0,0,1
TXN0006297,M0362,317.02,card,ios,IN-UP,987,388,1,4,45.9,0.2314,2,0,0,0,0,0
TXN0006298,M0021,161.99,card,web,IN-UP,1679,1111,1,4,63.5,0.3743,0,1,0,0,0,0
TXN0006299,M0109,144.16,card,web,IN-UP,451,183,2,7,27.4,0.5148,3,0,0,0,1,1
TXN0006300,M0096,58.76,card,web,IN-KA,689,779,1,6,16.0,0.3147,0,0,0,0,0,0
TXN0006301,M0311,173.71,card,ios,IN-WB,1638,653,3,10,29.2,0.2378,2,0,0,0,0,0
TXN0006302,M0264,36.03,card,web,IN-TN,1652,635,2,10,61.2,0.3318,1,0,0,0,0,0
TXN0006303,M0106,157.56,upi,ios,IN-KA,1541,466,3,8,38.0,0.3235,1,0,0,0,0,0
TXN0006304,M0182,191.19,upi,web,IN-TN,323,498,3,7,30.5,0.2179,2,0,0,0,0,0
TXN0006305,M0155,379.25,upi,web,IN-KA,209,618,7,10,30.4,0.2862,1,0,0,0,0,0
TXN0006306,M0388,55.52,card,android,IN-KA,677,969,2,4,64.1,0.1397,2,0,0,0,0,0
TXN0006307,M0251,252.86,upi,ios,IN-MH,454,1237,3,7,144.2,0.0772,0,0,0,0,1,0
TXN0006308,M0160,318.19,card,web,IN-TN,564,793,3,9,23.6,0.4268,0,0,0,0,0,0
TXN0006309,M0199,176.07,card,ios,IN-UP,1700,582,1,7,41.5,0.2594,0,0,0,0,0,0
TXN0006310,M0377,281.57,card,web,IN-UP,968,119,1,3,84.7,0.1768,0,0,0,0,1,0
TXN0006311,M0190,235.77,netbanking,api,IN-DL,538,35,1,9,105.7,0.2137,2,0,0,0,0,0
TXN0006312,M0133,13.36,upi,web,IN-TN,1311,553,3,11,63.1,0.5432,2,0,0,0,0,0
TXN0006313,M0233,71.58,upi,web,IN-DL,1468,243,1,6,237.6,0.2101,1,0,0,0,0,0
TXN0006314,M0041,1534.12,card,web,IN-MH,777,199,6,12,110.1,0.691,4,0,0,0,0,1
TXN0006315,M0154,346.88,upi,android,IN-DL,91,1197,4,11,128.3,0.2565,0,0,0,0,0,0
TXN0006316,M0232,98.63,card,api,IN-DL,840,1142,0,2,60.7,0.1801,0,0,0,0,0,0
TXN0006317,M0318,259.71,upi,api,IN-DL,698,92,4,12,123.0,0.1895,2,0,0,0,0,0
TXN0006318,M0184,366.48,card,android,IN-WB,342,1448,2,6,31.0,0.1995,2,0,0,0,0,0
TXN0006319,M0053,840.57,card,ios,IN-MH,1107,66,3,10,24.7,0.0678,0,0,0,0,0,0
TXN0006320,M0151,121.95,card,ios,IN-TN,1325,16,2,6,55.7,0.2935,2,0,0,0,1,0
TXN0006321,M0379,99.18,upi,android,IN-KA,719,1045,5,11,61.2,0.3897,0,0,0,0,0,1
TXN0006322,M0336,109.42,upi,android,IN-WB,688,756,1,10,154.9,0.5411,1,0,0,0,1,0
TXN0006323,M0103,101.65,card,android,IN-UP,1423,1358,3,6,71.5,0.3566,1,0,0,0,0,0
TXN0006324,M0233,98.29,wallet,api,IN-WB,322,975,3,4,68.9,0.3452,1,0,0,0,0,0
TXN0006325,M0372,217.1,upi,android,IN-UP,1763,532,4,12,28.3,0.438,2,0,0,0,0,1
TXN0006326,M0347,118.14,wallet,web,IN-WB,754,705,2,4,31.9,0.2451,0,0,0,0,0,0
TXN0006327,M0343,169.16,card,api,IN-GJ,924,1043,3,10,107.2,0.0905,0,0,0,0,0,0
TXN0006328,M0026,1170.65,upi,web,IN-MH,1064,286,0,5,95.8,0.2889,0,0,0,0,0,0
TXN0006329,M0330,69.07,upi,api,IN-KA,835,946,4,9,3.6,0.4579,1,0,0,0,0,0
TXN0006330,M0255,252.09,wallet,ios,IN-KA,88,1394,1,7,55.8,0.4496,3,0,0,0,0,0
TXN0006331,M0113,57.82,upi,ios,IN-MH,1268,990,2,8,43.8,0.1621,1,0,0,0,0,0
TXN0006332,M0089,454.85,upi,api,IN-TN,1612,262,1,7,102.7,0.4515,1,0,0,0,1,0
TXN0006333,M0297,551.11,card,android,IN-GJ,1356,1488,1,9,127.0,0.202,3,0,0,0,0,0
TXN0006334,M0058,75.59,upi,ios,IN-UP,1238,562,2,7,124.4,0.147,0,0,0,0,0,0
TXN0006335,M0359,89.76,card,api,IN-GJ,108,1447,3,6,36.2,0.2251,1,0,0,0,1,0
TXN0006336,M0210,350.61,card,android,IN-MH,1414,395,5,10,53.6,0.3712,0,1,0,0,0,1
TXN0006337,M0306,136.79,card,android,IN-WB,788,749,8,15,18.1,0.2951,2,0,0,0,1,0
TXN0006338,M0101,742.57,netbanking,ios,IN-TN,548,1180,3,8,68.2,0.5123,1,0,0,0,1,1
TXN0006339,M0079,54.12,card,ios,IN-TN,900,299,3,9,91.2,0.1929,1,0,0,0,0,1
TXN0006340,M0383,528.48,upi,web,IN-MH,411,1426,3,5,144.3,0.2857,0,0,0,0,0,0
TXN0006341,M0283,1686.62,card,ios,IN-TN,554,870,1,7,10.7,0.369,0,0,0,0,0,0
TXN0006342,M0021,266.41,wallet,android,IN-TN,1459,513,3,5,12.9,0.222,0,0,0,0,0,0
TXN0006343,M0112,95.21,card,api,IN-GJ,1366,1386,0,12,21.3,0.3841,1,0,0,0,0,1
TXN0006344,M0398,82.75,upi,web,IN-GJ,1007,1452,2,7,44.7,0.428,2,0,0,0,0,0
TXN0006345,M0295,153.08,upi,web,IN-GJ,1596,1359,5,8,82.1,0.2447,1,0,0,0,0,0
TXN0006346,M0176,353.9,upi,web,IN-GJ,282,281,2,4,65.9,0.3499,2,0,0,0,0,0
TXN0006347,M0292,40.42,card,android,IN-UP,1521,17,4,8,64.2,0.2749,2,0,0,0,1,0
TXN0006348,M0041,132.05,upi,android,IN-DL,858,1469,3,7,57.8,0.3536,1,1,0,0,0,0
TXN0006349,M0066,205.32,upi,api,IN-KA,1141,949,3,5,110.4,0.3225,1,0,0,0,0,0
TXN0006350,M0069,851.6,upi,android,IN-DL,1506,1477,2,9,58.4,0.3875,2,0,0,0,0,1
TXN0006351,M0079,1158.24,card,android,IN-GJ,1429,12,1,8,57.8,0.2301,3,0,0,0,1,0
TXN0006352,M0110,157.8,netbanking,web,IN-UP,1783,1236,5,15,61.8,0.432,3,0,0,0,1,0
TXN0006353,M0013,59.42,card,android,IN-DL,419,465,4,8,40.5,0.2587,1,0,0,0,1,0
TXN0006354,M0179,207.08,card,android,IN-KA,305,949,2,7,78.5,0.1583,1,0,0,0,0,0
TXN0006355,M0268,214.63,card,web,IN-MH,47,572,3,11,63.5,0.1075,0,0,0,0,0,0
TXN0006356,M0030,589.39,upi,web,IN-KA,1211,363,4,8,107.8,0.4076,2,0,0,0,0,0
TXN0006357,M0092,115.5,card,web,IN-KA,924,263,2,9,75.8,0.2491,1,0,0,0,0,0
TXN0006358,M0398,66.95,netbanking,android,IN-TN,1199,363,4,14,75.7,0.0827,2,0,0,0,0,0
TXN0006359,M0103,177.92,upi,android,IN-WB,738,1383,4,11,34.8,0.1634,2,0,0,0,1,1
TXN0006360,M0369,128.1,wallet,web,IN-MH,629,936,3,10,7.6,0.4239,1,0,0,0,0,0
TXN0006361,M0267,124.75,card,web,IN-DL,1587,300,2,8,16.0,0.3459,1,0,0,0,1,0
TXN0006362,M0092,75.54,card,android,IN-GJ,327,723,1,3,25.9,0.181,1,0,0,0,0,0
TXN0006363,M0231,51.29,card,web,IN-UP,1420,982,3,10,48.5,0.4666,1,0,0,0,0,0
TXN0006364,M0049,331.4,card,api,IN-KA,192,1059,3,9,41.2,0.2582,1,0,0,0,0,0
TXN0006365,M0175,234.39,wallet,android,IN-GJ,687,1487,4,7,70.7,0.6466,1,1,0,0,0,0
TXN0006366,M0057,80.59,netbanking,web,IN-WB,86,539,2,7,97.4,0.1214,1,0,0,0,0,0
TXN0006367,M0223,408.66,card,android,IN-GJ,32,1214,3,10,60.5,0.1685,0,0,0,0,0,0
TXN0006368,M0372,28.51,card,android,IN-UP,65,79,4,11,66.9,0.5654,1,0,0,0,1,0
TXN0006369,M0113,119.7,wallet,android,IN-GJ,495,865,3,6,66.0,0.3488,2,0,0,0,1,0
TXN0006370,M0099,223.25,upi,api,IN-TN,1697,1207,1,7,22.6,0.4697,2,0,0,0,0,0
TXN0006371,M0259,545.01,card,web,IN-WB,649,436,3,7,125.1,0.2409,0,0,0,0,0,0
TXN0006372,M0057,103.28,wallet,web,IN-TN,1105,1453,2,5,47.3,0.3417,2,0,0,0,0,0
TXN0006373,M0399,553.91,card,web,IN-UP,1216,928,5,11,29.7,0.3526,0,0,0,0,0,0
TXN0006374,M0339,93.81,card,api,IN-GJ,1576,47,2,8,18.4,0.2507,0,0,0,0,1,0
TXN0006375,M0264,409.29,upi,api,IN-UP,1625,1224,3,9,38.2,0.4301,1,0,0,0,0,1
TXN0006376,M0175,967.89,card,api,IN-GJ,70,1297,3,10,133.8,0.5949,1,0,0,0,0,1
TXN0006377,M0075,66.22,upi,android,IN-TN,398,417,0,9,59.8,0.1603,3,0,0,0,0,0
TXN0006378,M0145,209.43,card,web,IN-TN,1383,441,3,4,68.1,0.2305,0,1,0,0,0,0
TXN0006379,M0070,309.07,card,api,IN-TN,1414,1307,2,3,73.3,0.1421,2,0,0,0,1,0
TXN0006380,M0134,51.87,netbanking,api,IN-TN,1765,1041,1,5,46.5,0.1062,0,0,0,0,0,0
TXN0006381,M0088,277.4,card,web,IN-TN,1311,1254,0,4,126.3,0.108,0,0,0,0,0,0
TXN0006382,M0320,102.16,netbanking,ios,IN-GJ,965,489,2,9,79.9,0.4993,1,0,0,0,0,0
TXN0006383,M0268,77.48,card,web,IN-WB,636,630,3,12,61.3,0.2253,2,1,0,0,0,1
TXN0006384,M0201,117.88,card,web,IN-WB,848,1496,3,12,57.4,0.2128,0,0,0,0,0,0
TXN0006385,M0127,109.6,netbanking,android,IN-DL,30,154,3,8,66.3,0.2769,2,0,0,0,0,0
TXN0006386,M0354,400.87,upi,android,IN-TN,1233,65,3,8,39.7,0.1928,1,0,0,0,1,0
TXN0006387,M0061,179.84,upi,web,IN-MH,59,1216,3,13,55.4,0.7949,3,0,0,0,0,0
TXN0006388,M0208,1814.71,netbanking,ios,IN-KA,1166,798,2,6,11.8,0.3274,0,0,0,0,0,0
TXN0006389,M0217,105.31,upi,api,IN-UP,1115,577,3,7,27.5,0.3554,3,0,0,0,0,0
TXN0006390,M0272,289.12,card,android,IN-DL,1772,1144,2,7,183.7,0.4627,0,0,0,0,1,0
TXN0006391,M0382,154.82,card,android,IN-DL,1524,1362,1,7,70.0,0.2527,1,0,0,0,1,0
TXN0006392,M0305,50.24,card,ios,IN-GJ,1312,101,4,14,96.9,0.7761,3,0,0,0,0,1
TXN0006393,M0343,883.06,card,api,IN-MH,1137,1242,3,11,138.2,0.3119,1,0,0,0,0,1
TXN0006394,M0154,202.86,upi,web,IN-GJ,535,1330,2,4,119.2,0.0951,2,0,0,0,0,0
TXN0006395,M0329,82.43,wallet,ios,IN-TN,1392,75,2,5,28.8,0.2554,0,0,0,0,0,0
TXN0006396,M0208,268.49,card,api,IN-MH,996,1039,2,11,114.1,0.3912,3,0,0,0,1,0
TXN0006397,M0150,505.91,wallet,android,IN-GJ,905,468,4,7,41.2,0.4479,1,0,0,0,0,1
TXN0006398,M0328,77.02,card,ios,IN-UP,1118,208,3,11,202.1,0.4989,1,0,0,0,0,0
TXN0006399,M0067,189.29,upi,ios,IN-MH,473,1184,4,8,95.2,0.1882,2,0,0,0,0,0
TXN0006400,M0342,509.43,card,web,IN-MH,469,600,4,12,92.9,0.293,3,0,0,0,0,0
TXN0006401,M0018,212.31,card,web,IN-TN,72,5,4,8,20.7,0.2246,0,0,1,0,0,0
TXN0006402,M0122,313.29,card,ios,IN-WB,697,169,2,7,158.5,0.4661,1,0,0,0,0,1
TXN0006403,M0202,138.23,upi,ios,IN-GJ,1471,590,3,9,11.4,0.3818,1,1,0,0,0,0
TXN0006404,M0206,37.34,upi,web,IN-MH,153,805,1,7,216.5,0.1964,1,0,0,0,0,0
TXN0006405,M0014,139.93,wallet,web,IN-GJ,854,1230,2,7,72.0,0.2802,0,0,0,0,0,0
TXN0006406,M0118,102.75,upi,android,IN-WB,1530,251,4,9,18.4,0.3467,4,0,0,0,1,0
TXN0006407,M0366,161.41,upi,web,IN-UP,1577,921,1,11,43.4,0.2374,0,0,0,0,1,0
TXN0006408,M0046,103.88,card,android,IN-WB,1676,745,2,5,63.2,0.1437,2,0,0,0,0,0
TXN0006409,M0115,213.42,card,web,IN-UP,666,62,4,8,37.7,0.4885,2,1,0,0,0,0
TXN0006410,M0254,127.26,card,web,IN-DL,605,953,0,2,86.8,0.1787,1,0,0,0,0,0
TXN0006411,M0308,404.16,card,web,IN-UP,497,676,3,9,46.6,0.1328,0,0,0,0,0,0
TXN0006412,M0132,333.16,upi,web,IN-TN,747,404,5,14,10.8,0.2781,1,0,0,0,1,0
TXN0006413,M0196,71.42,upi,ios,IN-DL,1201,585,3,10,56.4,0.3687,2,0,0,0,0,0
TXN0006414,M0062,632.4,card,api,IN-WB,1222,9,1,4,70.4,0.2433,3,0,0,0,0,0
TXN0006415,M0047,87.33,card,api,IN-KA,1088,649,3,8,38.7,0.4255,0,0,0,0,0,0
TXN0006416,M0346,58.48,upi,web,IN-GJ,834,1195,3,8,133.3,0.5555,4,0,0,0,1,0
TXN0006417,M0241,517.14,card,web,IN-GJ,1267,873,3,9,42.5,0.2966,1,0,0,0,1,0
TXN0006418,M0106,99.55,upi,android,IN-MH,617,37,3,7,27.9,0.1954,0,0,0,0,0,0
TXN0006419,M0172,198.5,upi,ios,IN-TN,164,794,3,10,7.5,0.3908,0,0,0,0,0,0
TXN0006420,M0009,49.66,card,android,IN-UP,1731,580,2,8,88.9,0.2492,2,0,0,0,1,0
TXN0006421,M0330,124.83,upi,ios,IN-MH,150,548,1,6,47.1,0.334,3,0,0,0,1,0
TXN0006422,M0117,160.39,card,android,IN-WB,1531,166,0,2,29.8,0.3593,4,0,0,0,0,0
TXN0006423,M0285,121.56,wallet,ios,IN-UP,1028,397,4,11,55.0,0.3443,3,1,0,0,0,1
TXN0006424,M0011,107.68,card,web,IN-WB,1769,177,3,11,232.8,0.5973,3,0,0,0,1,0
TXN0006425,M0152,187.53,card,ios,IN-GJ,987,490,3,7,17.1,0.3426,3,0,0,0,0,0
TXN0006426,M0298,484.44,wallet,web,IN-UP,95,1403,2,7,23.4,0.4923,0,0,0,0,0,0
TXN0006427,M0070,70.2,netbanking,android,IN-WB,168,73,3,13,47.2,0.4857,4,0,0,0,0,0
TXN0006428,M0314,14.37,card,ios,IN-TN,156,30,3,11,21.7,0.4468,1,0,0,0,1,0
TXN0006429,M0390,621.71,wallet,web,IN-TN,774,1458,3,12,92.9,0.2131,1,0,0,0,0,0
TXN0006430,M0048,93.19,upi,ios,IN-TN,1367,298,1,5,55.0,0.3493,2,0,0,0,0,0
TXN0006431,M0016,101.48,upi,web,IN-KA,1140,1441,1,5,62.3,0.3103,1,0,0,0,0,0
TXN0006432,M0349,104.33,card,android,IN-UP,1465,873,3,10,91.3,0.3169,0,1,0,0,0,0
TXN0006433,M0239,47.68,upi,web,IN-MH,976,563,3,4,58.0,0.1723,2,0,0,0,0,0
TXN0006434,M0310,121.27,card,ios,IN-TN,225,1302,1,8,51.4,0.2157,1,0,0,0,0,0
TXN0006435,M0124,136.07,netbanking,ios,IN-GJ,336,134,3,8,45.6,0.2169,2,0,0,0,0,0
TXN0006436,M0328,278.16,upi,api,IN-MH,289,374,0,4,20.6,0.3074,1,0,0,0,0,0
TXN0006437,M0196,104.09,card,android,IN-GJ,1670,547,3,7,28.1,0.4783,1,0,0,0,0,0
TXN0006438,M0321,15.67,card,web,IN-KA,1443,404,2,6,117.7,0.32,2,0,0,0,1,0
TXN0006439,M0371,47.26,upi,api,IN-MH,62,1299,7,15,39.8,0.2616,1,0,0,0,0,1
TXN0006440,M0375,549.19,upi,api,IN-DL,391,1307,1,8,122.4,0.177,0,0,0,0,0,0
TXN0006441,M0143,77.7,card,ios,IN-DL,491,1317,1,13,30.6,0.3152,1,0,0,0,0,0
TXN0006442,M0328,310.68,card,android,IN-DL,1284,983,3,7,213.4,0.2963,0,0,0,0,1,0
TXN0006443,M0151,88.19,card,android,IN-KA,122,1337,3,10,109.5,0.2888,1,0,0,0,1,0
TXN0006444,M0182,405.77,card,web,IN-MH,1763,441,3,7,67.8,0.1375,1,0,0,0,0,0
TXN0006445,M0013,198.75,wallet,ios,IN-TN,510,291,5,14,45.1,0.2824,3,0,0,0,1,0
TXN0006446,M0316,42.17,upi,android,IN-TN,1535,1288,1,9,77.6,0.3176,5,0,0,0,1,0
TXN0006447,M0226,55.81,netbanking,android,IN-KA,1233,1326,2,6,66.6,0.3618,4,0,0,0,0,0
TXN0006448,M0099,40.58,card,api,IN-WB,685,1366,3,11,39.6,0.1909,3,0,0,0,0,0
TXN0006449,M0176,448.28,upi,web,IN-GJ,43,224,2,11,36.5,0.347,0,0,0,0,0,1
TXN0006450,M0161,51.12,netbanking,android,IN-MH,991,576,4,20,59.0,0.6318,3,0,0,0,0,0
TXN0006451,M0080,124.42,card,android,IN-UP,70,971,2,9,97.2,0.2488,2,1,0,0,1,0
TXN0006452,M0089,166.12,card,web,IN-DL,1292,705,4,14,57.5,0.3686,0,0,0,0,0,0
TXN0006453,M0107,224.74,upi,ios,IN-DL,371,551,5,16,43.8,0.3495,5,0,0,0,0,1
TXN0006454,M0199,113.51,wallet,android,IN-WB,1710,643,2,7,55.3,0.1773,3,0,0,0,0,0
TXN0006455,M0041,37.24,upi,web,IN-UP,50,48,3,6,74.8,0.4262,3,1,0,0,0,1
TXN0006456,M0400,53.85,card,web,IN-TN,628,1208,3,10,208.6,0.4458,3,0,0,0,0,0
TXN0006457,M0089,62.87,upi,android,IN-DL,702,970,1,5,56.6,0.3654,2,0,0,0,0,0
TXN0006458,M0161,12.74,upi,web,IN-GJ,1383,494,2,6,63.5,0.1877,0,0,0,0,0,0
TXN0006459,M0071,277.15,upi,android,IN-GJ,415,271,2,5,161.2,0.4042,1,1,0,0,1,0
TXN0006460,M0368,298.39,wallet,ios,IN-WB,1403,617,4,11,59.1,0.4653,3,0,0,0,1,1
TXN0006461,M0105,61.63,upi,web,IN-MH,580,349,2,5,141.6,0.2432,3,0,0,0,0,0
TXN0006462,M0178,663.47,upi,web,IN-WB,147,1221,1,5,116.8,0.3335,0,0,0,0,0,0
TXN0006463,M0361,161.83,netbanking,web,IN-GJ,1507,677,2,6,39.5,0.3515,0,1,0,0,0,0
TXN0006464,M0050,420.08,card,web,IN-DL,347,526,3,10,26.7,0.2857,1,0,0,0,0,0
TXN0006465,M0074,391.06,upi,api,IN-MH,778,448,3,9,3.9,0.243,0,1,0,0,0,0
TXN0006466,M0100,157.4,upi,android,IN-UP,1090,1380,0,7,10.8,0.2795,2,0,0,0,0,0
TXN0006467,M0035,23.66,upi,web,IN-TN,28,461,5,11,62.5,0.1895,2,0,0,0,0,0
TXN0006468,M0206,219.64,netbanking,android,IN-UP,1165,747,1,9,72.4,0.1457,2,0,0,0,0,1
TXN0006469,M0080,304.71,netbanking,android,IN-DL,984,840,2,7,69.6,0.4324,2,0,0,0,0,0
TXN0006470,M0210,93.73,upi,android,IN-MH,1398,125,4,13,18.6,0.3267,0,0,0,0,1,0
TXN0006471,M0341,211.41,card,ios,IN-TN,197,1420,1,4,52.2,0.3962,0,0,0,0,1,0
TXN0006472,M0351,174.91,card,web,IN-TN,1583,467,3,7,73.8,0.1459,3,0,0,0,0,0
TXN0006473,M0332,69.39,netbanking,ios,IN-UP,107,37,4,10,115.7,0.308,1,0,0,0,0,1
TXN0006474,M0018,162.89,card,api,IN-UP,1689,1173,0,4,107.0,0.2576,0,0,0,0,0,0
TXN0006475,M0200,108.17,upi,web,IN-DL,589,690,4,12,58.1,0.2054,3,0,0,0,0,0
TXN0006476,M0243,261.92,upi,web,IN-DL,131,522,1,2,37.7,0.1435,1,0,0,0,0,0
TXN0006477,M0237,99.78,upi,ios,IN-UP,490,429,0,5,51.8,0.115,0,0,0,0,0,0
TXN0006478,M0047,88.35,wallet,api,IN-KA,892,1040,0,5,50.8,0.1562,0,0,0,0,0,0
TXN0006479,M0391,35.0,upi,web,IN-UP,201,1232,4,14,19.4,0.2155,0,1,0,0,1,0
TXN0006480,M0353,1635.01,card,android,IN-UP,538,382,3,5,42.3,0.0954,2,1,0,0,0,0
TXN0006481,M0388,114.48,upi,web,IN-WB,537,1149,1,6,36.8,0.2369,2,0,0,0,1,0
TXN0006482,M0027,58.12,wallet,web,IN-WB,295,94,0,10,22.3,0.3863,1,0,0,0,0,0
TXN0006483,M0353,329.14,card,android,IN-DL,871,328,1,4,122.3,0.2725,4,0,0,0,0,0
TXN0006484,M0079,217.0,card,api,IN-TN,44,795,1,6,83.5,0.3347,1,0,0,0,0,0
TXN0006485,M0146,311.42,card,android,IN-UP,452,381,1,2,82.6,0.1024,5,0,0,0,0,0
TXN0006486,M0130,346.21,upi,web,IN-TN,259,91,3,7,49.8,0.1962,0,0,0,0,0,1
TXN0006487,M0182,539.17,netbanking,ios,IN-WB,59,1469,2,7,78.6,0.1617,2,0,0,0,0,0
TXN0006488,M0129,62.07,card,api,IN-MH,867,63,1,6,95.0,0.4117,1,0,0,0,0,0
TXN0006489,M0167,208.42,card,ios,IN-MH,1606,1457,1,10,148.3,0.2102,0,0,0,0,0,0
TXN0006490,M0184,37.11,card,ios,IN-TN,630,1499,3,9,33.6,0.5064,0,1,0,0,0,0
TXN0006491,M0249,132.45,card,api,IN-WB,1172,154,2,9,41.9,0.1671,1,0,0,0,0,0
TXN0006492,M0157,351.99,card,web,IN-DL,269,685,4,21,69.8,0.3747,2,0,0,0,0,0
TXN0006493,M0036,73.53,card,api,IN-GJ,1272,315,4,10,83.6,0.4159,2,0,0,0,0,0
TXN0006494,M0197,1675.43,card,android,IN-KA,1225,450,6,11,36.4,0.2456,0,0,0,0,1,1
TXN0006495,M0392,183.27,card,ios,IN-MH,735,1436,1,7,11.7,0.1244,0,0,0,0,0,0
TXN0006496,M0132,29.45,upi,ios,IN-UP,489,943,4,9,104.7,0.4585,1,0,0,0,0,0
TXN0006497,M0233,364.38,upi,web,IN-DL,1032,64,2,10,51.8,0.2732,2,0,0,0,0,0
TXN0006498,M0397,1657.64,upi,ios,IN-WB,1088,303,1,4,31.3,0.1593,1,0,0,0,1,1
TXN0006499,M0086,19.23,upi,android,IN-DL,1265,255,1,7,62.8,0.4166,3,0,0,0,0,0
TXN0006500,M0072,367.75,upi,ios,IN-UP,360,933,2,5,37.4,0.1956,0,0,0,0,0,0
TXN0006501,M0351,66.93,upi,android,IN-UP,642,397,1,7,27.9,0.3914,2,1,0,0,1,0
TXN0006502,M0342,170.53,upi,ios,IN-GJ,1485,82,6,15,84.5,0.3081,1,0,0,0,0,1
TXN0006503,M0348,48.61,upi,android,IN-MH,1496,43,1,5,4.7,0.2403,0,0,0,0,0,0
TXN0006504,M0305,422.61,upi,api,IN-MH,1462,1431,3,7,62.7,0.3264,1,0,0,0,0,0
TXN0006505,M0185,130.91,upi,web,IN-MH,1390,280,4,11,42.6,0.2977,1,0,0,0,0,0
TXN0006506,M0176,574.41,card,web,IN-GJ,150,83,2,8,84.5,0.5068,1,0,0,0,0,0
TXN0006507,M0029,64.29,card,ios,IN-GJ,517,873,5,10,73.6,0.3448,0,0,0,0,0,0
TXN0006508,M0394,146.4,card,api,IN-DL,509,718,1,4,54.3,0.4562,0,0,0,0,0,0
TXN0006509,M0214,17.8,card,api,IN-UP,599,502,2,9,54.2,0.3026,4,1,0,0,0,0
TXN0006510,M0257,2417.93,card,web,IN-TN,878,296,1,7,45.0,0.3383,1,0,0,0,0,1
TXN0006511,M0362,1227.35,upi,web,IN-DL,331,470,2,8,77.9,0.4328,1,1,0,0,0,1
TXN0006512,M0168,1591.17,upi,android,IN-DL,1418,1005,2,8,126.1,0.2978,1,0,0,0,1,1
TXN0006513,M0111,833.86,upi,web,IN-DL,905,1117,2,6,56.5,0.1424,1,0,0,0,0,0
TXN0006514,M0351,99.69,card,web,IN-GJ,150,860,2,8,66.6,0.2556,0,0,0,0,0,0
TXN0006515,M0177,172.23,wallet,web,IN-UP,1460,323,4,7,178.6,0.0476,1,0,0,0,0,0
TXN0006516,M0312,240.9,card,api,IN-MH,562,918,3,6,57.2,0.1627,0,1,0,0,1,0
TXN0006517,M0075,261.76,upi,api,IN-UP,1015,702,0,9,32.3,0.2335,1,0,0,0,1,0
TXN0006518,M0398,60.19,card,ios,IN-WB,754,315,0,4,30.3,0.1602,0,0,0,0,0,0
TXN0006519,M0067,57.23,upi,ios,IN-GJ,639,279,2,7,16.8,0.3352,2,0,0,0,0,0
TXN0006520,M0371,47.27,card,android,IN-UP,597,1274,2,5,47.7,0.2611,2,0,0,0,1,0
TXN0006521,M0366,117.5,netbanking,web,IN-KA,739,845,3,12,32.5,0.3623,1,0,0,0,0,0
TXN0006522,M0249,130.71,card,api,IN-WB,123,716,6,12,68.9,0.2116,0,0,0,0,0,0
TXN0006523,M0196,114.47,wallet,api,IN-TN,1246,1302,5,9,49.6,0.2335,1,0,0,0,0,1
TXN0006524,M0315,231.41,card,android,IN-KA,1166,927,2,9,107.1,0.2755,3,0,0,0,0,1
TXN0006525,M0157,45.15,card,android,IN-UP,926,940,4,9,42.0,0.2685,1,0,0,0,0,0
TXN0006526,M0228,76.6,upi,web,IN-WB,1595,1133,3,12,84.5,0.3912,3,1,0,0,0,1
TXN0006527,M0076,84.15,wallet,ios,IN-DL,995,1172,2,6,122.5,0.3509,0,0,0,0,1,0
TXN0006528,M0299,408.26,upi,ios,IN-GJ,700,1053,3,7,134.1,0.4539,2,0,0,0,0,0
TXN0006529,M0042,219.3,wallet,android,IN-TN,1097,541,0,8,7.0,0.1613,2,0,0,0,0,0
TXN0006530,M0366,252.44,netbanking,android,IN-DL,1438,832,1,3,170.9,0.2589,0,0,0,0,0,0
TXN0006531,M0336,70.74,upi,android,IN-UP,1329,542,2,10,45.9,0.513,1,0,0,0,1,0
TXN0006532,M0094,187.44,upi,web,IN-DL,1030,605,1,10,70.0,0.3714,1,0,0,0,1,0
TXN0006533,M0399,82.98,upi,android,IN-KA,1126,652,2,12,10.0,0.2773,1,0,0,0,1,0
TXN0006534,M0183,85.86,card,ios,IN-GJ,1769,248,1,5,65.8,0.4178,3,0,0,0,1,0
TXN0006535,M0118,260.48,netbanking,ios,IN-WB,1232,274,3,12,58.3,0.572,0,0,0,0,1,0
TXN0006536,M0133,94.26,card,android,IN-MH,1267,969,2,9,106.2,0.4786,4,0,0,0,0,0
TXN0006537,M0041,161.98,card,api,IN-GJ,1199,261,2,7,48.1,0.2883,3,0,0,0,0,0
TXN0006538,M0038,137.42,card,android,IN-UP,1720,867,1,8,18.6,0.1547,1,0,0,0,0,0
TXN0006539,M0393,55.63,card,api,IN-WB,1667,806,3,8,78.9,0.353,0,0,0,0,0,0
TXN0006540,M0333,101.03,card,android,IN-UP,620,187,3,11,37.6,0.3452,1,0,0,0,0,0
TXN0006541,M0331,102.66,upi,android,IN-DL,1325,1026,1,6,81.5,0.1916,2,0,0,0,0,0
TXN0006542,M0384,122.89,netbanking,android,IN-DL,1174,1327,6,17,39.3,0.9632,2,1,0,0,0,1
TXN0006543,M0300,29.67,wallet,ios,IN-DL,984,599,5,8,107.2,0.6509,1,0,0,0,0,0
TXN0006544,M0032,86.81,upi,web,IN-WB,928,349,3,10,28.8,0.3174,1,0,0,0,0,0
TXN0006545,M0156,448.01,upi,web,IN-UP,1616,989,4,13,40.7,0.4321,2,0,0,0,0,0
TXN0006546,M0068,278.76,upi,web,IN-UP,1641,215,3,11,41.7,0.2466,3,0,0,0,0,0
TXN0006547,M0377,120.72,wallet,web,IN-WB,1620,787,2,9,74.8,0.2839,0,0,0,0,0,0
TXN0006548,M0186,55.32,upi,ios,IN-TN,550,794,1,9,7.4,0.334,2,1,0,0,0,0
TXN0006549,M0216,199.01,upi,android,IN-GJ,633,780,3,13,17.7,0.4867,1,0,0,0,0,0
TXN0006550,M0043,473.73,card,ios,IN-GJ,161,808,2,10,11.1,0.3245,5,0,0,0,1,0
TXN0006551,M0153,820.57,card,api,IN-DL,1449,471,1,5,27.8,0.1481,0,0,0,0,0,0
TXN0006552,M0374,106.59,card,android,IN-UP,1237,532,3,8,90.3,0.2081,0,0,0,0,1,0
TXN0006553,M0273,62.36,wallet,api,IN-GJ,1768,1455,3,6,96.0,0.0894,1,0,0,0,0,0
TXN0006554,M0214,291.41,card,api,IN-WB,1325,1067,1,6,26.2,0.3875,3,0,0,0,0,1
TXN0006555,M0024,257.77,card,web,IN-UP,373,1369,3,4,78.4,0.3988,0,0,0,0,0,0
TXN0006556,M0113,181.89,upi,android,IN-TN,531,1210,7,12,57.9,0.3283,2,0,0,0,0,1
TXN0006557,M0140,95.37,upi,android,IN-GJ,715,416,1,4,111.6,0.4823,2,0,0,0,0,0
TXN0006558,M0276,48.62,card,android,IN-DL,1365,862,1,6,111.1,0.3497,1,0,0,0,0,0
TXN0006559,M0337,353.38,card,web,IN-KA,748,780,3,10,33.7,0.634,0,0,0,0,0,0
TXN0006560,M0058,441.2,netbanking,ios,IN-WB,1741,5,1,11,131.5,0.5495,1,1,1,0,0,1
TXN0006561,M0339,125.58,netbanking,api,IN-KA,1099,561,3,13,15.2,0.3966,0,1,0,0,0,0
TXN0006562,M0123,995.75,card,web,IN-TN,661,40,0,5,88.7,0.5456,2,1,0,0,0,1
TXN0006563,M0060,227.96,card,web,IN-UP,1732,666,1,6,102.4,0.3367,1,0,0,0,1,0
TXN0006564,M0312,151.11,upi,android,IN-UP,976,408,1,7,10.4,0.257,2,0,0,0,0,0
TXN0006565,M0155,55.15,card,api,IN-KA,550,1407,0,5,27.3,0.2805,2,0,0,0,0,0
TXN0006566,M0004,32.87,upi,android,IN-UP,704,267,1,11,43.6,0.3301,2,0,0,0,0,0
TXN0006567,M0384,107.88,wallet,android,IN-MH,1356,1088,0,8,20.8,0.4633,2,0,0,0,0,0
TXN0006568,M0159,260.27,netbanking,web,IN-TN,153,614,0,6,79.5,0.2191,0,0,0,0,0,0
TXN0006569,M0333,1856.67,upi,android,IN-DL,1401,1418,3,18,31.8,0.3127,1,0,0,0,0,0
TXN0006570,M0384,192.58,upi,web,IN-UP,197,526,3,9,30.3,0.348,1,0,0,0,0,1
TXN0006571,M0300,325.45,netbanking,ios,IN-GJ,1253,1440,4,12,152.6,0.3429,1,0,0,0,0,0
TXN0006572,M0129,78.7,card,api,IN-KA,1297,195,2,8,9.3,0.2383,2,0,0,0,1,0
TXN0006573,M0176,221.76,upi,android,IN-TN,1059,50,0,8,38.2,0.3578,1,0,0,0,0,0
TXN0006574,M0046,194.6,netbanking,ios,IN-UP,333,329,3,7,143.3,0.2074,0,0,0,0,0,0
TXN0006575,M0017,69.93,upi,android,IN-TN,1029,544,2,8,96.4,0.3672,1,0,0,0,0,0
TXN0006576,M0034,686.18,upi,web,IN-WB,1493,219,3,9,42.9,0.6329,2,0,0,0,0,0
TXN0006577,M0356,157.42,wallet,android,IN-GJ,508,1325,5,8,99.1,0.3999,3,0,0,0,0,0
TXN0006578,M0002,543.66,card,ios,IN-DL,1655,946,5,11,6.6,0.4232,3,0,0,0,0,0
TXN0006579,M0181,181.74,upi,web,IN-TN,247,754,2,8,90.2,0.4669,0,0,0,0,0,0
TXN0006580,M0363,129.23,wallet,ios,IN-GJ,1607,489,5,10,11.9,0.5533,1,0,0,0,0,0
TXN0006581,M0105,82.41,netbanking,web,IN-DL,601,427,3,5,216.4,0.3274,2,0,0,0,0,0
TXN0006582,M0104,126.8,upi,android,IN-TN,1260,1299,1,11,44.0,0.3089,0,0,0,0,0,0
TXN0006583,M0297,778.72,upi,ios,IN-KA,414,492,2,7,65.5,0.3148,0,0,0,0,1,0
TXN0006584,M0100,73.28,card,web,IN-UP,1116,122,3,10,136.7,0.3416,1,0,0,0,0,0
TXN0006585,M0053,350.47,card,ios,IN-KA,1175,257,1,5,207.0,0.1899,0,0,0,0,0,0
TXN0006586,M0179,131.86,upi,web,IN-UP,883,886,2,10,63.5,0.271,2,0,0,0,0,0
TXN0006587,M0337,324.55,netbanking,web,IN-TN,1535,472,5,12,153.2,0.385,2,0,0,0,0,0
TXN0006588,M0028,221.37,upi,android,IN-UP,1634,1361,1,3,50.2,0.3817,3,0,0,0,0,0
TXN0006589,M0301,47.45,upi,web,IN-KA,286,805,3,7,22.2,0.4524,3,1,0,0,0,0
TXN0006590,M0377,212.44,card,android,IN-GJ,1469,152,2,11,53.4,0.3882,3,0,0,0,0,0
TXN0006591,M0055,1569.78,upi,web,IN-GJ,1187,893,2,6,92.8,0.1454,0,0,0,0,0,1
TXN0006592,M0336,244.8,upi,android,IN-DL,943,1435,2,8,98.8,0.4006,1,0,0,0,0,0
TXN0006593,M0181,454.87,card,api,IN-MH,220,862,2,6,175.4,0.3828,0,0,0,0,0,0
TXN0006594,M0342,242.3,upi,web,IN-KA,1090,496,6,11,63.2,0.5082,2,0,0,0,0,0
TXN0006595,M0373,395.91,upi,ios,IN-KA,684,242,3,9,52.5,0.4117,4,0,0,0,0,0
TXN0006596,M0318,87.79,upi,web,IN-GJ,69,897,2,8,66.1,0.2715,4,0,0,0,0,0
TXN0006597,M0397,159.42,netbanking,ios,IN-GJ,312,665,9,12,76.6,0.2318,1,0,0,0,1,0
TXN0006598,M0332,433.99,upi,api,IN-MH,161,471,2,8,42.8,0.2027,1,0,0,0,0,0
TXN0006599,M0034,126.82,upi,android,IN-WB,539,436,1,4,40.4,0.1666,0,0,0,0,1,0
TXN0006600,M0243,525.9,upi,android,IN-UP,316,774,2,10,60.9,0.2716,3,0,0,0,1,0
TXN0006601,M0386,65.98,card,android,IN-GJ,1545,607,1,4,95.3,0.1063,1,1,0,0,0,0
TXN0006602,M0247,190.9,wallet,ios,IN-WB,516,741,3,9,34.0,0.4145,2,0,0,0,1,0
TXN0006603,M0348,138.95,card,web,IN-TN,756,198,5,9,13.4,0.3054,1,0,0,0,0,0
TXN0006604,M0063,2518.03,card,web,IN-WB,1337,1491,1,6,33.8,0.153,0,0,0,0,0,0
TXN0006605,M0113,121.9,upi,web,IN-DL,196,1024,2,5,51.2,0.3824,1,0,0,0,1,0
TXN0006606,M0085,274.01,netbanking,ios,IN-TN,639,257,6,9,45.7,0.3554,1,1,0,0,0,0
TXN0006607,M0361,24.57,upi,android,IN-MH,358,1149,0,4,2.0,0.089,0,0,0,0,1,0
TXN0006608,M0017,55.99,wallet,api,IN-MH,932,278,4,7,180.7,0.218,0,0,0,0,0,0
TXN0006609,M0156,244.38,card,api,IN-KA,1518,355,5,8,77.4,0.2939,0,0,0,0,0,0
TXN0006610,M0374,138.25,card,ios,IN-MH,982,909,1,7,56.0,0.16,0,0,0,0,0,0
TXN0006611,M0044,140.94,card,ios,IN-UP,738,488,2,9,70.1,0.1912,0,0,0,0,0,0
TXN0006612,M0344,130.06,card,api,IN-WB,155,816,5,7,16.6,0.2975,2,0,0,0,0,0
TXN0006613,M0024,149.59,card,ios,IN-GJ,1684,372,2,5,43.8,0.1493,2,0,0,0,0,0
TXN0006614,M0340,32.51,upi,web,IN-UP,834,1196,2,4,53.4,0.5107,0,0,0,0,0,0
TXN0006615,M0154,165.04,card,web,IN-WB,1010,969,2,8,19.1,0.231,1,0,0,0,1,0
TXN0006616,M0187,144.55,card,web,IN-KA,903,1371,4,15,48.3,0.1554,3,0,0,0,0,0
TXN0006617,M0253,522.92,netbanking,android,IN-GJ,913,1054,3,11,100.6,0.1532,1,1,0,0,0,1
TXN0006618,M0384,414.93,upi,android,IN-GJ,181,607,5,7,96.0,0.2344,0,0,0,0,1,1
TXN0006619,M0158,10.64,card,ios,IN-TN,821,1331,2,7,105.2,0.415,2,0,0,0,1,0
TXN0006620,M0191,86.34,netbanking,android,IN-KA,756,607,4,7,22.2,0.1246,0,0,0,0,0,0
TXN0006621,M0039,1091.23,netbanking,android,IN-UP,1392,1054,6,8,60.7,0.1836,0,0,0,0,0,0
TXN0006622,M0366,445.36,upi,web,IN-MH,770,1227,2,10,88.3,0.2575,2,1,0,0,0,0
TXN0006623,M0344,294.07,upi,android,IN-DL,1504,448,0,6,131.8,0.2199,3,0,0,0,0,0
TXN0006624,M0036,108.88,card,ios,IN-DL,1180,769,3,8,173.9,0.3384,0,0,0,0,0,0
TXN0006625,M0234,377.31,wallet,android,IN-UP,229,718,2,6,80.6,0.1527,0,0,0,0,0,0
TXN0006626,M0254,39.55,card,web,IN-GJ,1590,1347,1,4,285.0,0.3853,4,0,0,0,0,1
TXN0006627,M0173,102.21,upi,android,IN-GJ,735,999,6,13,85.2,0.245,3,0,0,0,0,1
TXN0006628,M0187,254.12,upi,api,IN-WB,1270,255,0,8,20.8,0.2399,1,0,0,0,1,0
TXN0006629,M0291,330.49,wallet,api,IN-KA,509,73,4,7,132.8,0.2962,0,0,0,0,0,1
TXN0006630,M0106,223.49,upi,web,IN-GJ,1352,793,3,12,59.3,0.4409,1,0,0,0,0,0
TXN0006631,M0382,266.81,upi,api,IN-KA,1618,415,1,5,88.0,0.1434,1,0,0,0,0,0
TXN0006632,M0286,212.12,upi,android,IN-WB,50,49,4,7,67.1,0.1317,1,0,0,0,1,0
TXN0006633,M0344,131.33,card,android,IN-MH,1322,1364,2,8,68.4,0.261,2,0,0,0,0,0
TXN0006634,M0083,687.91,netbanking,web,IN-MH,1348,1178,2,6,27.4,0.3805,0,0,0,0,0,1
TXN0006635,M0389,1146.31,upi,web,IN-TN,526,323,5,11,21.8,0.4226,2,0,0,0,0,1
TXN0006636,M0218,171.09,upi,web,IN-TN,714,1421,5,8,58.7,0.1749,2,0,0,0,0,0
TXN0006637,M0009,55.57,card,android,IN-WB,735,323,1,3,67.8,0.3098,3,0,0,0,1,0
TXN0006638,M0229,142.31,card,android,IN-DL,805,1329,7,10,36.9,0.4584,1,0,0,0,0,0
TXN0006639,M0354,196.33,card,android,IN-MH,755,855,5,17,18.5,0.2423,1,0,0,0,1,1
TXN0006640,M0063,19.75,wallet,android,IN-WB,1626,1272,2,13,75.4,0.1182,0,0,0,0,0,0
TXN0006641,M0107,686.38,upi,web,IN-UP,1677,1458,2,12,38.4,0.5489,1,0,0,0,0,1
TXN0006642,M0323,95.08,card,android,IN-DL,1699,155,1,5,141.9,0.2171,1,0,0,0,0,0
TXN0006643,M0197,78.74,upi,android,IN-UP,853,851,3,7,33.7,0.1565,0,0,0,0,0,0
TXN0006644,M0214,128.18,card,web,IN-MH,1253,1135,2,5,57.9,0.1975,0,0,0,0,0,0
TXN0006645,M0071,112.19,upi,web,IN-KA,34,1404,3,9,29.9,0.2496,1,1,0,0,0,0
TXN0006646,M0201,190.5,wallet,web,IN-UP,33,1142,0,6,134.4,0.3824,0,0,0,0,0,0
TXN0006647,M0155,396.47,card,ios,IN-GJ,1314,565,3,5,76.9,0.3175,4,0,0,0,0,1
TXN0006648,M0250,644.52,wallet,api,IN-GJ,1195,616,1,6,125.7,0.2521,3,0,0,0,0,0
TXN0006649,M0316,396.82,upi,web,IN-TN,174,1311,2,10,145.6,0.1617,1,0,0,0,1,0
TXN0006650,M0048,70.12,wallet,api,IN-GJ,1194,361,1,6,41.1,0.1125,1,0,0,0,0,0
TXN0006651,M0338,161.41,upi,android,IN-UP,1135,759,0,10,90.7,0.1712,0,0,0,0,0,0
TXN0006652,M0131,199.86,card,api,IN-UP,1343,747,0,1,90.6,0.0975,0,0,0,0,0,0
TXN0006653,M0397,244.73,upi,ios,IN-TN,924,1117,4,7,23.1,0.0898,2,0,0,0,1,0
TXN0006654,M0228,293.6,card,android,IN-MH,1369,1153,2,7,181.8,0.3147,3,0,0,0,1,0
TXN0006655,M0224,194.56,upi,android,IN-MH,1373,1417,3,8,263.3,0.2495,1,0,0,0,0,0
TXN0006656,M0076,165.1,card,web,IN-WB,1070,1013,4,8,95.7,0.1272,1,0,0,0,0,0
TXN0006657,M0319,447.51,card,android,IN-GJ,990,393,2,9,13.9,0.4323,4,0,0,0,0,0
TXN0006658,M0039,157.62,upi,web,IN-DL,1435,710,2,5,51.8,0.3045,0,0,0,0,0,0
TXN0006659,M0137,468.67,upi,web,IN-DL,316,682,1,7,14.9,0.3826,1,0,0,0,1,0
TXN0006660,M0037,406.02,card,web,IN-GJ,1769,1297,5,12,121.5,0.369,3,0,0,0,1,1
TXN0006661,M0372,769.47,card,android,IN-DL,1609,1433,4,10,57.5,0.3307,0,0,0,0,0,1
TXN0006662,M0350,223.79,card,android,IN-KA,961,786,0,5,69.8,0.3221,2,0,0,0,0,0
TXN0006663,M0315,762.53,card,web,IN-TN,1626,575,2,8,174.8,0.2395,0,0,0,0,0,0
TXN0006664,M0359,132.88,card,web,IN-UP,1299,489,2,6,108.8,0.2102,1,0,0,0,0,0
TXN0006665,M0054,254.32,upi,web,IN-WB,757,713,1,11,50.3,0.2283,1,0,0,0,1,0
TXN0006666,M0211,386.82,netbanking,android,IN-UP,777,1442,3,10,19.4,0.4257,1,0,0,0,0,0
TXN0006667,M0220,65.52,card,web,IN-TN,1097,32,4,13,87.8,0.5071,7,0,0,0,1,1
TXN0006668,M0235,121.53,upi,web,IN-WB,451,869,1,4,77.5,0.3437,0,1,0,0,1,0
TXN0006669,M0158,92.3,netbanking,android,IN-TN,994,1103,1,13,38.0,0.4072,0,0,0,0,0,0
TXN0006670,M0142,169.93,card,android,IN-GJ,740,1365,2,10,60.5,0.2613,1,0,0,0,1,0
TXN0006671,M0133,105.66,wallet,web,IN-GJ,962,284,2,10,73.5,0.2278,0,0,0,0,0,0
TXN0006672,M0363,200.24,upi,web,IN-UP,730,538,3,7,9.9,0.2289,1,0,0,0,0,0
TXN0006673,M0248,166.5,card,android,IN-TN,163,1209,4,9,11.5,0.2525,4,0,0,0,1,0
TXN0006674,M0133,136.12,upi,web,IN-DL,1290,278,2,10,15.6,0.2374,0,0,0,0,0,0
TXN0006675,M0159,209.3,card,android,IN-MH,889,180,0,6,253.5,0.3409,1,1,0,0,0,0
TXN0006676,M0141,90.97,wallet,android,IN-WB,353,1168,2,6,46.7,0.4847,0,0,0,0,0,0
TXN0006677,M0354,76.0,card,android,IN-DL,406,1369,1,8,31.0,0.4999,2,0,0,0,1,1
TXN0006678,M0045,54.58,card,web,IN-UP,929,843,0,3,10.5,0.2208,0,0,0,0,0,0
TXN0006679,M0329,30.11,card,android,IN-DL,1436,911,4,10,93.4,0.2958,0,1,0,0,0,0
TXN0006680,M0284,91.22,upi,ios,IN-WB,459,573,3,8,60.4,0.3611,4,0,0,0,0,0
TXN0006681,M0369,308.52,upi,android,IN-GJ,1527,811,3,12,52.9,0.2557,1,0,0,0,0,0
TXN0006682,M0249,147.71,upi,api,IN-WB,1435,784,1,5,114.3,0.1708,1,0,0,0,0,0
TXN0006683,M0265,182.21,wallet,api,IN-GJ,34,226,3,10,130.6,0.4768,0,1,0,0,0,0
TXN0006684,M0110,120.09,netbanking,ios,IN-KA,248,434,1,5,46.8,0.3288,0,0,0,0,1,0
TXN0006685,M0274,1242.87,upi,web,IN-TN,1326,80,2,6,40.8,0.3198,1,0,0,0,0,0
TXN0006686,M0047,212.41,upi,android,IN-GJ,994,1157,2,5,54.6,0.3054,0,0,0,0,0,0
TXN0006687,M0137,101.93,netbanking,api,IN-WB,207,1291,2,5,12.9,0.1597,0,0,0,0,0,0
TXN0006688,M0044,62.56,card,android,IN-UP,1783,775,0,3,80.3,0.1448,0,0,0,0,1,0
TXN0006689,M0019,998.4,card,api,IN-UP,18,1363,6,13,134.3,0.4293,5,0,0,0,0,1
TXN0006690,M0120,44.3,upi,ios,IN-WB,726,1403,2,8,54.9,0.3945,1,0,0,0,1,0
TXN0006691,M0295,81.3,card,ios,IN-TN,25,587,2,8,92.6,0.3513,2,0,0,0,0,0
TXN0006692,M0045,81.35,wallet,web,IN-WB,1632,221,0,2,71.4,0.2893,3,0,0,0,0,0
TXN0006693,M0020,173.86,card,ios,IN-KA,839,1373,5,9,52.3,0.4495,3,0,0,0,1,0
TXN0006694,M0217,256.73,card,web,IN-UP,1118,677,2,4,20.6,0.0383,1,0,0,0,0,0
TXN0006695,M0075,192.75,card,api,IN-WB,1465,592,1,7,46.8,0.257,1,0,0,0,0,0
TXN0006696,M0115,125.0,netbanking,ios,IN-KA,471,392,2,8,77.2,0.2178,3,0,0,0,0,0
TXN0006697,M0009,44.51,upi,android,IN-MH,561,1425,0,7,18.0,0.2912,0,0,0,0,0,0
TXN0006698,M0145,1152.37,upi,web,IN-GJ,1132,1471,1,8,21.3,0.1696,2,1,0,0,0,1
TXN0006699,M0227,234.6,upi,web,IN-MH,1664,1277,0,2,61.5,0.164,0,0,0,0,1,0
TXN0006700,M0028,317.53,upi,android,IN-KA,337,814,4,12,137.3,0.2359,4,0,0,0,0,0
TXN0006701,M0237,91.56,card,android,IN-DL,758,1478,0,3,85.5,0.1521,4,0,0,0,0,0
TXN0006702,M0280,133.73,card,android,IN-GJ,478,495,0,7,57.4,0.1922,0,0,0,0,0,0
TXN0006703,M0226,581.62,card,api,IN-MH,340,904,3,10,29.1,0.2593,1,0,0,0,1,1
TXN0006704,M0149,19.84,upi,android,IN-KA,358,817,4,13,72.1,0.4159,4,0,0,0,0,0
TXN0006705,M0023,386.24,card,android,IN-KA,826,524,0,5,22.3,0.3342,1,0,0,0,0,0
TXN0006706,M0298,140.6,card,android,IN-UP,199,33,2,8,22.1,0.6018,2,0,0,0,0,0
TXN0006707,M0259,272.86,upi,web,IN-TN,1128,912,2,10,29.5,0.3902,0,0,0,0,0,0
TXN0006708,M0371,951.33,card,ios,IN-KA,332,348,2,12,18.4,0.325,1,1,0,0,0,0
TXN0006709,M0004,111.63,netbanking,web,IN-WB,910,1099,5,15,148.3,0.7764,1,0,0,0,0,0
TXN0006710,M0049,12.07,netbanking,android,IN-MH,421,1215,4,11,10.0,0.5243,2,0,0,0,0,0
TXN0006711,M0152,60.44,upi,web,IN-UP,793,1155,6,17,105.8,0.4415,0,1,0,0,0,0
TXN0006712,M0223,182.34,upi,web,IN-KA,265,788,2,6,89.4,0.5167,2,0,0,0,0,0
TXN0006713,M0081,936.41,card,web,IN-DL,340,164,4,12,18.1,0.4472,0,0,0,0,0,0
TXN0006714,M0380,122.09,card,web,IN-DL,592,1335,3,8,62.6,0.5598,3,0,0,0,0,0
TXN0006715,M0065,846.41,wallet,web,IN-KA,1259,921,8,20,13.8,0.4753,4,0,0,0,0,1
TXN0006716,M0005,17.61,card,web,IN-KA,763,482,2,9,69.0,0.2641,0,0,0,0,0,0
TXN0006717,M0277,108.79,upi,web,IN-GJ,631,753,3,14,131.2,0.3929,1,0,0,0,0,1
TXN0006718,M0376,508.19,card,web,IN-TN,1036,536,4,14,29.5,0.4496,5,0,0,0,0,0
TXN0006719,M0398,462.58,netbanking,web,IN-KA,1747,391,1,7,37.1,0.2417,0,0,0,0,0,0
TXN0006720,M0312,25.5,card,android,IN-MH,1457,1175,2,5,36.2,0.3539,0,0,0,0,0,0
TXN0006721,M0108,77.7,card,web,IN-KA,721,424,2,5,92.4,0.2888,5,0,0,0,0,0
TXN0006722,M0176,156.74,upi,ios,IN-UP,918,1094,3,8,151.6,0.0998,2,0,0,0,0,0
TXN0006723,M0064,92.65,card,api,IN-KA,399,966,4,7,33.0,0.2691,0,0,0,0,0,0
TXN0006724,M0268,579.55,netbanking,api,IN-TN,1312,221,2,6,110.4,0.3917,1,0,0,0,0,0
TXN0006725,M0298,182.33,wallet,android,IN-DL,1547,416,5,9,70.8,0.2683,3,0,0,0,0,0
TXN0006726,M0065,42.46,netbanking,web,IN-WB,1549,1461,5,15,142.2,0.2012,5,0,0,0,0,0
TXN0006727,M0034,285.33,card,web,IN-GJ,376,156,3,10,77.9,0.2888,2,0,0,0,1,0
TXN0006728,M0186,300.86,upi,ios,IN-DL,1348,76,2,7,146.0,0.3196,0,0,0,0,1,0
TXN0006729,M0271,57.04,upi,api,IN-TN,303,890,3,5,57.2,0.1747,1,0,0,0,0,0
TXN0006730,M0106,73.84,upi,ios,IN-WB,18,825,4,12,220.4,0.3922,1,0,0,0,0,0
TXN0006731,M0085,88.35,card,android,IN-GJ,1293,741,2,7,85.3,0.3956,0,0,0,0,0,0
TXN0006732,M0371,705.95,upi,api,IN-KA,765,486,1,5,11.2,0.4329,1,0,0,0,0,0
TXN0006733,M0241,164.79,card,web,IN-UP,537,147,3,8,54.9,0.3976,0,0,0,0,0,0
TXN0006734,M0033,19.76,netbanking,ios,IN-UP,909,1090,1,7,14.2,0.3165,0,0,0,0,0,0
TXN0006735,M0346,54.03,card,android,IN-TN,751,898,0,3,7.3,0.2049,0,0,0,0,0,0
TXN0006736,M0342,368.27,upi,ios,IN-WB,438,4,5,15,18.4,0.4439,4,0,1,0,0,1
TXN0006737,M0398,119.67,card,web,IN-DL,812,896,2,10,49.6,0.2141,2,0,0,0,0,0
TXN0006738,M0394,52.75,card,web,IN-UP,64,596,3,13,19.8,0.5234,1,0,0,0,0,0
TXN0006739,M0185,123.29,card,android,IN-KA,1410,305,4,7,44.7,0.2545,0,0,0,0,0,0
TXN0006740,M0267,480.23,card,api,IN-KA,1686,1092,2,7,60.6,0.3451,3,0,0,0,1,0
TXN0006741,M0192,1586.17,upi,ios,IN-UP,1034,1195,3,12,31.9,0.385,5,0,0,0,0,0
TXN0006742,M0321,169.86,card,web,IN-DL,1118,823,0,5,229.5,0.269,0,0,0,0,0,0
TXN0006743,M0212,293.7,upi,web,IN-GJ,1334,253,3,14,77.2,0.2914,3,0,0,0,0,0
TXN0006744,M0197,162.84,card,ios,IN-MH,874,1115,0,5,86.5,0.3591,1,0,0,0,0,0
TXN0006745,M0162,224.06,upi,web,IN-MH,1777,1142,1,11,62.4,0.1442,0,0,0,0,0,0
TXN0006746,M0151,71.38,card,android,IN-MH,520,443,1,9,53.5,0.07,0,0,0,0,0,0
TXN0006747,M0285,763.55,wallet,web,IN-MH,1280,106,2,10,36.9,0.5092,4,0,0,0,0,0
TXN0006748,M0070,113.81,upi,web,IN-GJ,507,386,2,14,31.6,0.7307,3,1,0,0,0,0
TXN0006749,M0180,59.95,card,web,IN-WB,502,933,3,7,25.8,0.2676,2,0,0,0,0,0
TXN0006750,M0133,83.41,upi,ios,IN-GJ,780,640,4,12,68.7,0.3023,4,0,0,0,0,0
TXN0006751,M0353,350.0,card,android,IN-WB,1380,1306,2,7,47.2,0.2216,2,0,0,0,0,0
TXN0006752,M0378,89.48,upi,ios,IN-TN,735,1470,0,4,96.9,0.1529,0,0,0,0,1,0
TXN0006753,M0114,820.28,upi,android,IN-DL,1530,757,2,9,19.9,0.2535,0,0,0,0,0,0
TXN0006754,M0043,341.22,card,api,IN-DL,690,439,5,12,176.4,0.441,1,0,0,0,0,0
TXN0006755,M0159,426.01,upi,android,IN-UP,776,387,7,19,78.8,0.3528,1,0,0,0,0,1
TXN0006756,M0376,118.42,card,android,IN-KA,936,1179,7,19,30.6,0.4873,4,0,0,0,0,1
TXN0006757,M0284,96.69,upi,api,IN-MH,1187,1228,1,7,71.4,0.2937,2,0,0,0,1,0
TXN0006758,M0160,186.03,upi,android,IN-GJ,785,59,1,7,54.7,0.2001,0,0,0,0,0,0
TXN0006759,M0369,54.92,card,api,IN-DL,883,434,2,5,39.2,0.3563,0,0,0,0,1,0
TXN0006760,M0074,288.69,card,ios,IN-WB,111,1361,1,6,84.1,0.3541,2,0,0,0,0,1
TXN0006761,M0318,450.44,card,ios,IN-MH,230,642,2,4,62.8,0.1293,0,0,0,0,0,0
TXN0006762,M0144,90.1,card,ios,IN-GJ,253,527,0,10,20.3,0.3283,1,0,0,0,0,1
TXN0006763,M0220,358.78,card,ios,IN-WB,1312,175,2,7,28.1,0.4021,0,0,0,0,0,0
TXN0006764,M0097,232.2,upi,ios,IN-MH,663,1466,4,12,58.3,0.207,1,0,0,0,0,0
TXN0006765,M0010,549.61,card,android,IN-GJ,799,767,1,4,171.5,0.1535,1,0,0,0,0,0
TXN0006766,M0158,931.28,card,web,IN-KA,968,1001,5,15,15.3,0.2449,0,0,0,0,1,1
TXN0006767,M0088,393.35,netbanking,android,IN-GJ,624,1289,3,10,12.9,0.4578,2,0,0,0,0,0
TXN0006768,M0200,170.15,netbanking,web,IN-MH,225,386,3,8,23.3,0.0811,1,0,0,0,0,0
TXN0006769,M0119,601.08,netbanking,android,IN-KA,842,768,3,13,71.6,0.246,1,0,0,0,0,0
TXN0006770,M0090,188.72,upi,android,IN-WB,620,973,2,10,90.5,0.2549,0,0,0,0,0,1
TXN0006771,M0109,138.02,netbanking,ios,IN-KA,1048,1178,0,2,28.1,0.1412,1,0,0,0,0,0
TXN0006772,M0181,97.83,card,api,IN-MH,1132,369,1,9,27.5,0.6345,0,0,0,0,1,0
TXN0006773,M0018,198.49,upi,web,IN-TN,1362,230,6,12,63.1,0.3071,1,0,0,0,0,0
TXN0006774,M0181,491.82,upi,android,IN-GJ,925,954,2,9,91.1,0.416,1,0,0,0,0,0
TXN0006775,M0377,64.17,upi,ios,IN-UP,1635,1265,3,9,38.9,0.2523,0,0,0,0,0,0
TXN0006776,M0050,52.08,netbanking,web,IN-GJ,1797,518,2,14,48.6,0.4457,3,0,0,0,0,0
TXN0006777,M0285,53.13,card,android,IN-TN,1231,556,2,7,34.5,0.1738,1,0,0,0,0,0
TXN0006778,M0238,500.12,upi,web,IN-TN,1677,1012,4,12,47.5,0.3325,1,0,0,0,0,0
TXN0006779,M0283,268.05,upi,web,IN-DL,1789,664,3,14,82.2,0.5148,3,0,0,0,1,1
TXN0006780,M0388,786.37,netbanking,web,IN-GJ,1503,888,3,6,70.2,0.1918,1,0,0,0,0,0
TXN0006781,M0321,107.12,card,android,IN-TN,284,153,0,2,106.2,0.1667,0,0,0,0,1,0
TXN0006782,M0328,53.0,card,web,IN-WB,1211,1229,2,8,30.8,0.3194,2,0,0,0,1,0
TXN0006783,M0069,854.01,card,web,IN-WB,278,1162,2,8,48.3,0.0919,1,0,0,0,0,0
TXN0006784,M0194,86.27,upi,ios,IN-DL,530,865,0,4,79.2,0.3521,2,0,0,0,0,0
TXN0006785,M0365,353.83,upi,android,IN-MH,1422,885,2,11,89.2,0.1113,3,0,0,0,0,0
TXN0006786,M0394,47.41,upi,android,IN-WB,973,179,5,10,48.2,0.2572,3,0,0,0,1,1
TXN0006787,M0206,215.67,netbanking,web,IN-WB,1140,1063,0,5,133.5,0.501,4,0,0,0,0,0
TXN0006788,M0021,152.91,upi,web,IN-GJ,715,140,2,10,43.2,0.2312,1,0,0,0,1,0
TXN0006789,M0230,43.34,upi,android,IN-UP,1551,1246,2,8,34.8,0.6958,1,0,0,0,0,0
TXN0006790,M0081,1193.8,netbanking,web,IN-DL,626,1392,5,16,145.5,0.3227,1,0,0,0,0,0
TXN0006791,M0101,74.04,upi,api,IN-WB,1222,109,3,11,119.1,0.4101,0,0,0,0,0,0
TXN0006792,M0386,70.65,upi,web,IN-WB,1392,796,2,9,138.5,0.1525,0,0,0,0,0,0
TXN0006793,M0104,93.56,upi,ios,IN-GJ,23,515,2,6,3.7,0.2927,0,0,0,0,0,0
TXN0006794,M0333,20.37,upi,web,IN-UP,1523,796,2,7,21.7,0.1672,0,0,0,0,0,0
TXN0006795,M0342,129.77,card,web,IN-UP,1211,1211,4,11,109.8,0.6366,0,0,0,0,0,0
TXN0006796,M0263,93.58,upi,ios,IN-WB,354,174,1,10,75.5,0.4481,3,0,0,0,0,0
TXN0006797,M0031,485.54,upi,android,IN-MH,381,451,3,10,143.4,0.3185,1,0,0,0,0,0
TXN0006798,M0358,246.88,upi,android,IN-MH,126,1039,2,11,16.5,0.473,3,0,0,0,0,0
TXN0006799,M0089,50.66,wallet,ios,IN-GJ,805,6,4,8,50.3,0.2686,1,0,1,0,0,0
TXN0006800,M0360,93.65,upi,api,IN-UP,102,293,5,16,35.5,0.2974,3,0,0,0,0,0
TXN0006801,M0072,1554.14,card,web,IN-WB,1245,425,6,16,146.5,0.3227,0,0,0,0,0,1
TXN0006802,M0106,72.32,upi,web,IN-KA,132,1062,1,4,32.3,0.3437,0,0,0,0,0,0
TXN0006803,M0339,410.14,upi,api,IN-GJ,1181,1074,1,7,98.8,0.2566,3,0,0,0,0,0
TXN0006804,M0180,91.18,card,api,IN-DL,1318,1047,5,14,140.5,0.1288,2,0,0,0,0,0
TXN0006805,M0269,66.02,netbanking,ios,IN-UP,689,45,1,7,38.3,0.2303,2,0,0,0,1,0
TXN0006806,M0284,104.7,upi,ios,IN-GJ,629,1040,6,15,5.5,0.2029,1,0,0,0,0,0
TXN0006807,M0307,783.17,card,web,IN-KA,1283,1008,1,5,255.9,0.1374,1,0,0,0,0,0
TXN0006808,M0399,41.5,card,web,IN-UP,1624,1389,4,9,102.2,0.1662,1,0,0,0,0,0
TXN0006809,M0052,347.07,card,android,IN-GJ,1699,627,3,7,55.5,0.3273,0,0,0,0,0,0
TXN0006810,M0286,609.35,card,api,IN-TN,1119,1017,1,7,21.4,0.3424,2,0,0,0,1,0
TXN0006811,M0011,103.65,upi,api,IN-TN,416,439,1,3,27.4,0.0823,1,0,0,0,0,0
TXN0006812,M0095,487.84,upi,android,IN-MH,633,743,2,6,50.5,0.2698,2,0,0,0,0,0
TXN0006813,M0332,417.53,netbanking,ios,IN-TN,215,746,1,9,66.3,0.2348,1,0,0,0,0,0
TXN0006814,M0316,80.35,card,web,IN-TN,51,397,3,5,114.3,0.3908,1,0,0,0,0,0
TXN0006815,M0200,69.63,card,api,IN-UP,243,346,2,5,64.8,0.1583,2,0,0,0,0,0
TXN0006816,M0352,154.32,card,ios,IN-KA,1388,751,2,8,112.2,0.4817,0,0,0,0,0,0
TXN0006817,M0167,200.56,card,android,IN-GJ,824,1082,2,7,52.5,0.3715,1,0,0,0,0,0
TXN0006818,M0345,124.36,netbanking,web,IN-WB,1020,143,4,10,5.9,0.4474,5,0,0,0,0,0
TXN0006819,M0078,316.72,card,android,IN-GJ,537,718,2,9,47.7,0.1903,1,0,0,0,0,0
TXN0006820,M0199,83.03,card,android,IN-WB,109,731,1,8,96.1,0.3726,1,0,0,0,0,0
TXN0006821,M0364,72.34,card,ios,IN-MH,841,1105,2,9,42.2,0.4083,1,0,0,0,1,0
TXN0006822,M0348,180.71,card,android,IN-KA,781,1393,1,8,108.5,0.3265,4,0,0,0,0,0
TXN0006823,M0223,226.21,wallet,web,IN-KA,152,1098,3,8,5.7,0.4887,1,0,0,0,0,0
TXN0006824,M0115,668.4,card,web,IN-KA,1194,978,0,4,50.2,0.82,2,0,0,0,0,1
TXN0006825,M0040,283.52,netbanking,api,IN-UP,445,75,1,3,10.9,0.1852,1,0,0,0,1,0
TXN0006826,M0346,365.9,upi,ios,IN-WB,910,1414,1,8,31.0,0.3079,3,0,0,0,1,0
TXN0006827,M0269,127.48,card,android,IN-DL,625,289,4,7,66.7,0.1391,0,0,0,0,1,0
TXN0006828,M0023,128.34,card,android,IN-KA,172,229,2,8,4.1,0.1887,0,0,0,0,0,0
TXN0006829,M0045,95.34,netbanking,android,IN-WB,1680,1478,0,3,134.2,0.4251,4,0,0,0,0,0
TXN0006830,M0205,216.1,upi,ios,IN-GJ,1129,324,2,11,34.3,0.2988,1,1,0,0,0,0
TXN0006831,M0149,208.21,netbanking,api,IN-KA,535,913,3,5,32.1,0.3694,0,0,0,0,1,0
TXN0006832,M0177,198.3,wallet,ios,IN-DL,410,900,1,6,126.1,0.2894,1,0,0,0,0,0
TXN0006833,M0127,146.99,upi,api,IN-TN,87,761,6,23,78.0,0.3349,2,0,0,0,1,0
TXN0006834,M0306,172.49,upi,web,IN-GJ,1397,262,2,9,107.6,0.281,4,0,0,0,1,0
TXN0006835,M0159,943.71,upi,android,IN-DL,560,1058,3,7,35.5,0.3185,4,0,0,0,1,1
TXN0006836,M0206,236.82,upi,web,IN-MH,396,509,2,5,154.4,0.2615,1,0,0,0,0,1
TXN0006837,M0229,322.59,card,web,IN-TN,1686,50,1,6,85.1,0.3097,0,0,0,0,0,0
TXN0006838,M0086,287.67,card,api,IN-MH,1797,655,5,16,38.2,0.243,2,0,0,0,0,0
TXN0006839,M0048,151.22,netbanking,web,IN-WB,769,216,2,3,36.9,0.2031,3,0,0,0,0,0
TXN0006840,M0228,307.92,upi,android,IN-DL,1078,1490,2,7,83.5,0.3009,1,0,0,0,0,0
TXN0006841,M0169,183.79,upi,web,IN-TN,1473,597,3,4,74.6,0.2166,2,0,0,0,0,0
TXN0006842,M0303,51.56,upi,web,IN-GJ,1091,1426,4,10,5.4,0.3361,3,0,0,0,0,1
TXN0006843,M0328,100.72,upi,web,IN-GJ,481,918,1,7,60.6,0.3483,0,0,0,0,0,0
TXN0006844,M0041,1321.41,card,android,IN-MH,1370,820,7,20,36.9,0.5112,2,0,0,0,0,1
TXN0006845,M0063,578.12,card,ios,IN-WB,245,1422,1,8,93.2,0.267,1,0,0,0,1,0
TXN0006846,M0352,133.5,card,web,IN-GJ,985,665,1,5,32.0,0.5347,1,0,0,0,0,0
TXN0006847,M0037,353.5,upi,android,IN-GJ,894,987,4,8,41.1,0.2664,1,0,0,0,0,0
TXN0006848,M0362,224.0,netbanking,android,IN-MH,1069,477,3,11,11.7,0.4453,2,0,0,0,1,0
TXN0006849,M0232,1028.37,card,api,IN-TN,1263,1257,2,8,112.2,0.5508,0,0,0,0,1,0
TXN0006850,M0038,158.12,upi,android,IN-KA,108,1207,1,3,42.6,0.3174,2,0,0,0,0,0
TXN0006851,M0089,225.3,card,api,IN-KA,1521,1370,3,8,121.2,0.2877,2,0,0,0,0,0
TXN0006852,M0392,81.12,wallet,android,IN-DL,547,364,2,8,137.4,0.3816,5,0,0,0,0,0
TXN0006853,M0329,157.36,wallet,android,IN-TN,434,1038,3,7,24.7,0.1991,1,0,0,0,1,0
TXN0006854,M0188,11.61,card,android,IN-GJ,959,734,3,8,43.6,0.1252,0,0,0,0,0,0
TXN0006855,M0327,233.38,card,ios,IN-MH,1775,590,0,9,55.0,0.2214,1,0,0,0,0,0
TXN0006856,M0001,491.02,card,api,IN-UP,1502,1330,2,7,82.8,0.1816,0,0,0,0,1,0
TXN0006857,M0283,977.69,netbanking,ios,IN-GJ,881,1377,5,11,6.7,0.399,2,0,0,0,0,1
TXN0006858,M0054,291.18,upi,api,IN-UP,1058,1030,0,8,450.8,0.457,2,0,0,0,1,0
TXN0006859,M0028,124.91,wallet,ios,IN-GJ,904,818,3,8,126.8,0.3123,1,0,0,0,0,0
TXN0006860,M0332,79.16,upi,android,IN-UP,1231,132,4,14,52.6,0.3646,4,0,0,0,0,1
TXN0006861,M0173,111.9,upi,android,IN-WB,1545,846,2,9,20.6,0.2308,3,0,0,0,0,0
TXN0006862,M0037,36.4,upi,web,IN-WB,254,1201,1,5,173.9,0.2176,1,0,0,0,1,0
TXN0006863,M0106,139.93,card,android,IN-MH,733,1054,2,4,26.7,0.122,1,0,0,0,0,0
TXN0006864,M0281,52.84,upi,android,IN-KA,1022,343,3,11,68.0,0.3821,2,0,0,0,0,0
TXN0006865,M0293,99.06,card,api,IN-MH,1363,576,1,3,26.8,0.2547,1,0,0,0,0,0
TXN0006866,M0310,146.73,upi,web,IN-TN,173,294,4,7,143.6,0.2298,1,0,0,0,1,0
TXN0006867,M0245,250.22,netbanking,ios,IN-MH,1022,326,2,8,61.7,0.5409,1,0,0,0,0,0
TXN0006868,M0164,34.53,upi,api,IN-DL,1394,478,0,6,47.7,0.182,0,0,0,0,0,0
TXN0006869,M0039,127.72,card,web,IN-WB,244,240,1,14,126.1,0.2578,2,0,0,0,0,0
TXN0006870,M0323,357.44,card,web,IN-DL,310,655,4,15,31.5,0.1447,0,0,0,0,0,0
TXN0006871,M0303,729.75,wallet,ios,IN-TN,60,703,0,6,63.5,0.1442,1,0,0,0,0,0
TXN0006872,M0260,167.1,upi,web,IN-UP,1530,950,3,3,56.4,0.359,3,0,0,0,0,0
TXN0006873,M0044,1619.95,netbanking,ios,IN-GJ,1681,755,3,5,73.3,0.2415,2,0,0,0,0,1
TXN0006874,M0112,362.58,card,android,IN-KA,845,20,4,9,37.5,0.2947,2,0,0,0,0,0
TXN0006875,M0302,191.45,upi,ios,IN-DL,1559,1304,4,8,189.3,0.3158,0,0,0,0,1,0
TXN0006876,M0221,624.14,card,android,IN-MH,1070,653,3,9,89.6,0.1035,0,0,0,0,0,0
TXN0006877,M0362,108.4,upi,web,IN-GJ,1770,1364,2,7,163.8,0.0852,0,0,0,0,0,0
TXN0006878,M0387,63.12,card,android,IN-GJ,196,224,3,11,32.3,0.3076,2,0,0,0,0,0
TXN0006879,M0186,455.7,card,ios,IN-WB,1213,560,2,12,27.9,0.3374,2,0,0,0,0,1
TXN0006880,M0187,306.01,card,ios,IN-TN,1304,279,4,8,125.3,0.3745,0,1,0,0,0,0
TXN0006881,M0196,511.42,upi,android,IN-WB,1162,991,2,4,31.8,0.2426,1,0,0,0,0,0
TXN0006882,M0244,499.74,card,ios,IN-WB,890,785,4,9,21.8,0.3399,0,0,0,0,1,0
TXN0006883,M0226,1343.81,wallet,ios,IN-DL,376,837,1,10,6.4,0.2808,3,0,0,0,0,1
TXN0006884,M0202,42.16,card,web,IN-UP,305,1017,2,4,63.6,0.3635,1,0,0,0,0,0
TXN0006885,M0313,126.27,upi,android,IN-KA,1156,24,2,7,39.5,0.1781,1,0,0,0,0,0
TXN0006886,M0373,134.97,card,android,IN-KA,1043,690,1,7,20.8,0.2617,2,0,0,0,0,0
TXN0006887,M0299,578.05,card,api,IN-UP,879,866,2,6,29.1,0.2821,0,0,0,0,0,0
TXN0006888,M0136,261.31,card,api,IN-UP,71,247,5,11,162.1,0.2979,3,0,0,0,0,0
TXN0006889,M0074,580.3,netbanking,web,IN-KA,679,780,0,4,20.5,0.2239,2,0,0,0,0,0
TXN0006890,M0196,238.91,card,api,IN-DL,1561,362,1,14,6.6,0.3587,0,0,0,0,0,0
TXN0006891,M0337,176.7,upi,ios,IN-TN,1228,232,3,12,144.1,0.5155,2,0,0,0,1,0
TXN0006892,M0077,355.55,card,web,IN-DL,1367,579,2,5,64.7,0.2256,3,0,0,0,0,0
TXN0006893,M0253,233.75,upi,api,IN-GJ,153,692,2,7,18.9,0.1476,3,0,0,0,0,0
TXN0006894,M0104,265.79,upi,android,IN-DL,815,79,3,11,15.8,0.384,0,0,0,0,0,0
TXN0006895,M0314,345.45,card,android,IN-KA,907,430,8,13,54.1,0.3584,1,0,0,0,0,0
TXN0006896,M0145,277.75,upi,api,IN-WB,1401,60,3,11,55.7,0.2421,2,0,0,0,0,1
TXN0006897,M0086,480.92,card,web,IN-DL,1364,1105,1,8,60.4,0.2766,1,0,0,0,0,0
TXN0006898,M0267,189.57,upi,web,IN-KA,175,815,0,7,130.0,0.3214,2,0,0,0,0,0
TXN0006899,M0319,213.27,card,api,IN-KA,1494,431,2,11,164.7,0.1408,0,0,0,0,0,0
TXN0006900,M0283,66.16,upi,android,IN-DL,73,1371,3,9,94.9,0.3603,3,0,0,0,0,0
TXN0006901,M0114,481.08,upi,ios,IN-DL,882,535,2,5,51.8,0.2715,1,0,0,0,1,0
TXN0006902,M0074,996.51,card,android,IN-DL,446,338,2,8,62.3,0.2266,3,0,0,0,0,0
TXN0006903,M0328,29.69,card,android,IN-GJ,635,867,4,6,122.8,0.2181,2,0,0,0,0,0
TXN0006904,M0058,341.7,card,android,IN-KA,768,258,3,12,67.7,0.1494,0,0,0,0,0,0
TXN0006905,M0089,155.55,netbanking,web,IN-KA,1030,686,1,14,67.3,0.5688,1,0,0,0,0,0
TXN0006906,M0307,149.7,upi,android,IN-UP,59,445,3,9,10.6,0.2432,4,0,0,0,0,0
TXN0006907,M0188,337.18,card,web,IN-GJ,231,1037,1,9,94.2,0.1733,1,1,0,0,0,0
TXN0006908,M0250,174.73,upi,android,IN-UP,1241,230,4,12,80.5,0.3779,4,0,0,0,1,1
TXN0006909,M0097,266.53,upi,api,IN-UP,165,35,2,6,22.3,0.4841,0,0,0,0,0,0
TXN0006910,M0049,125.62,upi,ios,IN-GJ,440,1189,1,7,75.4,0.314,4,0,0,0,0,0
TXN0006911,M0139,810.57,upi,web,IN-TN,1474,1288,1,5,85.7,0.1312,1,0,0,0,1,0
TXN0006912,M0228,142.59,card,android,IN-WB,383,1250,1,4,46.2,0.5195,1,0,0,0,0,0
TXN0006913,M0178,84.08,card,android,IN-DL,228,120,3,8,44.2,0.4817,2,0,0,0,0,0
TXN0006914,M0125,254.66,netbanking,ios,IN-DL,862,1451,3,9,24.6,0.3195,1,0,0,0,0,0
TXN0006915,M0053,78.1,card,web,IN-KA,751,708,0,8,65.8,0.2519,2,0,0,0,1,0
TXN0006916,M0322,227.64,upi,web,IN-TN,226,457,2,8,57.4,0.2744,3,0,0,0,0,0
TXN0006917,M0335,934.53,card,android,IN-KA,741,1286,3,6,90.8,0.1263,2,0,0,0,0,0
TXN0006918,M0342,172.11,card,web,IN-MH,1527,1168,4,13,20.1,0.1691,1,0,0,0,0,0
TXN0006919,M0083,46.46,card,web,IN-MH,1769,1307,3,10,127.4,0.3395,0,0,0,0,0,0
TXN0006920,M0276,118.85,upi,ios,IN-KA,119,463,4,12,70.8,0.1764,0,0,0,0,0,0
TXN0006921,M0074,405.62,netbanking,web,IN-UP,1269,1208,2,5,54.2,0.0991,1,0,0,0,0,0
TXN0006922,M0331,200.31,wallet,android,IN-GJ,1238,757,2,6,42.4,0.2505,1,0,0,0,0,0
TXN0006923,M0249,362.94,upi,ios,IN-GJ,1380,44,3,9,242.6,0.2524,3,0,0,0,0,1
TXN0006924,M0377,95.61,netbanking,api,IN-UP,1383,391,2,6,61.2,0.2405,2,0,0,0,0,0
TXN0006925,M0374,119.22,netbanking,web,IN-DL,1206,702,5,10,95.1,0.2238,0,0,0,0,0,0
TXN0006926,M0152,339.2,card,ios,IN-KA,1566,1105,6,15,128.3,0.2692,1,0,0,0,1,0
TXN0006927,M0054,901.31,card,api,IN-MH,491,234,3,12,35.8,0.1232,2,0,0,0,1,0
TXN0006928,M0388,122.2,card,web,IN-UP,230,211,2,4,19.1,0.4646,0,0,0,0,0,0
TXN0006929,M0029,186.86,upi,android,IN-MH,650,1422,4,10,48.3,0.2868,4,0,0,0,0,0
TXN0006930,M0060,540.7,card,api,IN-DL,353,1307,1,1,107.3,0.2049,0,0,0,0,0,0
TXN0006931,M0023,205.2,card,ios,IN-UP,330,1132,2,4,29.0,0.3445,2,0,0,0,0,0
TXN0006932,M0041,340.61,card,android,IN-MH,80,54,1,10,153.9,0.147,1,0,0,0,0,0
TXN0006933,M0375,85.87,upi,android,IN-UP,976,144,2,13,58.8,0.3608,2,0,0,0,0,0
TXN0006934,M0119,180.64,upi,api,IN-MH,1483,1297,1,6,55.2,0.2161,1,0,0,0,0,0
TXN0006935,M0332,96.7,card,web,IN-WB,141,661,1,10,57.4,0.4352,0,0,0,0,0,0
TXN0006936,M0070,33.36,upi,android,IN-DL,1189,1289,1,6,92.2,0.1831,4,0,0,0,0,0
TXN0006937,M0215,74.33,card,android,IN-KA,1627,80,5,9,89.3,0.2053,4,0,0,0,0,0
TXN0006938,M0142,281.79,upi,ios,IN-KA,864,1148,1,4,48.9,0.3434,1,0,0,0,1,0
TXN0006939,M0371,312.56,netbanking,android,IN-TN,354,132,1,8,39.4,0.1782,1,0,0,0,1,1
TXN0006940,M0207,388.21,card,android,IN-TN,1211,817,1,7,23.5,0.3817,0,0,0,0,0,0
TXN0006941,M0084,299.44,wallet,web,IN-WB,385,528,0,7,105.9,0.4232,2,0,0,0,0,0
TXN0006942,M0334,144.16,wallet,web,IN-GJ,234,430,4,6,35.2,0.3033,0,0,0,0,0,0
TXN0006943,M0119,28.78,card,api,IN-MH,872,1143,2,6,251.9,0.1708,0,0,0,0,1,0
TXN0006944,M0157,57.33,upi,web,IN-MH,27,1146,1,10,45.2,0.4231,2,0,0,0,0,0
TXN0006945,M0386,543.32,wallet,android,IN-MH,576,434,6,11,122.2,0.4515,4,0,0,0,1,0
TXN0006946,M0349,77.54,upi,android,IN-TN,1411,1314,1,2,61.3,0.2484,2,0,0,0,0,0
TXN0006947,M0344,167.08,card,android,IN-MH,300,320,1,14,117.2,0.4939,1,0,0,0,0,1
TXN0006948,M0349,191.66,netbanking,api,IN-UP,929,106,1,4,91.0,0.5004,0,0,0,0,0,0
TXN0006949,M0223,45.05,card,android,IN-MH,1774,1048,1,6,107.6,0.305,2,0,0,0,0,0
TXN0006950,M0070,250.93,card,ios,IN-MH,393,653,2,7,26.2,0.4714,1,0,0,0,0,0
TXN0006951,M0356,829.43,upi,web,IN-MH,504,892,2,4,12.1,0.205,1,0,0,0,0,0
TXN0006952,M0043,176.66,card,ios,IN-WB,1263,367,0,5,71.8,0.2127,1,0,0,0,0,0
TXN0006953,M0328,137.51,upi,android,IN-TN,1331,1258,2,8,44.6,0.11,4,0,0,0,1,0
TXN0006954,M0153,56.52,card,android,IN-WB,877,1326,4,8,41.2,0.2334,0,0,0,0,0,0
TXN0006955,M0054,136.88,netbanking,api,IN-WB,1307,1367,2,7,52.4,0.2684,1,0,0,0,0,0
TXN0006956,M0170,309.27,card,android,IN-TN,1136,307,4,14,68.8,0.3055,1,0,0,0,0,0
TXN0006957,M0138,178.86,upi,web,IN-KA,440,819,0,4,54.2,0.2132,0,0,0,0,0,0
TXN0006958,M0068,115.96,upi,web,IN-DL,1481,1321,3,8,30.9,0.7113,3,0,0,0,1,0
TXN0006959,M0107,492.19,upi,android,IN-TN,500,234,3,6,50.8,0.1837,1,0,0,0,0,0
TXN0006960,M0233,138.57,card,android,IN-UP,1219,623,2,10,27.7,0.2363,0,0,0,0,0,0
TXN0006961,M0365,117.34,card,android,IN-MH,962,832,1,6,68.0,0.2332,0,0,0,0,0,0
TXN0006962,M0087,207.3,card,api,IN-WB,965,634,0,3,59.1,0.3915,4,0,0,0,0,0
TXN0006963,M0037,665.11,upi,android,IN-DL,1549,863,3,13,149.4,0.4969,3,0,0,0,1,0
TXN0006964,M0373,154.23,card,android,IN-TN,1631,1373,5,10,147.0,0.2689,1,0,0,0,0,0
TXN0006965,M0169,74.25,upi,android,IN-WB,1331,1066,5,8,44.8,0.6256,4,1,0,0,1,1
TXN0006966,M0383,310.68,netbanking,web,IN-WB,1075,997,1,7,45.0,0.6973,1,0,0,0,0,0
TXN0006967,M0174,129.18,card,api,IN-DL,546,851,4,8,114.2,0.2647,0,0,0,0,1,0
TXN0006968,M0016,313.5,wallet,ios,IN-MH,1297,88,4,12,95.0,0.276,1,0,0,0,0,0
TXN0006969,M0365,23.2,card,web,IN-UP,78,605,2,5,83.2,0.1379,1,0,0,0,0,0
TXN0006970,M0049,186.75,card,android,IN-WB,184,760,1,12,41.5,0.3456,0,0,0,0,0,0
TXN0006971,M0306,140.38,card,ios,IN-UP,1093,584,1,4,39.4,0.3079,1,0,0,0,0,0
TXN0006972,M0158,68.95,card,android,IN-UP,492,773,0,6,71.9,0.1074,4,0,0,0,0,0
TXN0006973,M0207,53.52,wallet,web,IN-WB,856,294,3,12,48.8,0.279,0,0,0,0,0,0
TXN0006974,M0149,136.03,upi,ios,IN-DL,1695,925,4,13,293.4,0.1987,0,1,0,0,0,0
TXN0006975,M0259,61.78,card,api,IN-GJ,619,966,2,7,140.7,0.1846,1,0,0,0,0,0
TXN0006976,M0169,9.27,card,ios,IN-GJ,760,1245,2,11,59.5,0.3616,0,0,0,0,1,0
TXN0006977,M0373,55.57,card,android,IN-GJ,1163,1305,1,5,33.4,0.3305,0,0,0,0,0,0
TXN0006978,M0245,53.22,card,ios,IN-WB,1326,425,2,11,39.2,0.4733,3,0,0,0,0,0
TXN0006979,M0238,185.34,upi,api,IN-DL,1713,616,2,6,84.3,0.322,0,0,0,0,1,0
TXN0006980,M0196,54.82,card,ios,IN-MH,573,703,2,5,81.7,0.3528,1,0,0,0,0,0
TXN0006981,M0376,179.88,upi,api,IN-WB,1626,105,2,6,64.6,0.2335,2,0,0,0,0,0
TXN0006982,M0348,69.39,netbanking,ios,IN-TN,396,761,3,6,82.7,0.166,2,0,0,0,1,0
TXN0006983,M0212,393.65,card,ios,IN-TN,1198,856,5,7,30.1,0.4323,0,0,0,0,0,0
TXN0006984,M0106,261.81,upi,ios,IN-TN,144,232,2,6,90.7,0.4774,4,1,0,0,0,1
TXN0006985,M0267,133.33,wallet,android,IN-WB,1726,83,0,3,83.8,0.5692,1,0,0,0,0,0
TXN0006986,M0202,207.86,netbanking,web,IN-DL,1420,1405,3,10,21.4,0.3627,0,0,0,0,1,0
TXN0006987,M0256,319.8,netbanking,android,IN-MH,712,430,5,8,20.8,0.094,0,0,0,0,0,0
TXN0006988,M0219,191.35,netbanking,android,IN-WB,1620,993,7,13,21.4,0.4565,0,0,0,0,1,0
TXN0006989,M0339,207.29,upi,api,IN-WB,182,1301,3,6,53.8,0.2363,0,0,0,0,0,0
TXN0006990,M0100,21.88,card,android,IN-TN,656,771,6,9,136.3,0.2501,3,0,0,0,0,1
TXN0006991,M0275,107.19,netbanking,android,IN-TN,814,156,0,8,42.5,0.2815,2,0,0,0,0,0
TXN0006992,M0298,82.63,card,web,IN-UP,1187,1327,5,9,44.4,0.1327,4,0,0,0,0,0
TXN0006993,M0339,514.81,upi,web,IN-MH,1189,1466,0,8,10.6,0.4596,2,0,0,0,0,0
TXN0006994,M0247,121.82,card,web,IN-WB,95,1325,3,6,11.1,0.4488,0,1,0,0,0,0
TXN0006995,M0020,91.67,upi,web,IN-MH,1442,20,5,13,49.2,0.2043,1,0,0,0,0,0
TXN0006996,M0005,321.78,card,android,IN-TN,259,1027,2,9,72.7,0.1635,0,0,0,0,0,0
TXN0006997,M0221,39.41,upi,ios,IN-MH,1688,64,1,7,99.1,0.3102,2,0,0,0,0,0
TXN0006998,M0041,165.14,upi,api,IN-KA,736,896,3,13,12.3,0.3604,1,0,0,0,0,0
TXN0006999,M0274,24.94,card,web,IN-DL,931,1221,1,4,27.7,0.2326,4,0,0,0,0,0
TXN0007000,M0066,87.59,upi,web,IN-DL,704,843,4,10,95.1,0.3294,1,0,0,0,1,0
TXN0007001,M0217,113.3,card,ios,IN-UP,672,232,2,6,13.6,0.2217,0,0,0,0,0,0
TXN0007002,M0286,772.8,card,api,IN-TN,810,779,2,3,24.3,0.4339,2,0,0,0,1,0
TXN0007003,M0203,155.1,card,android,IN-DL,507,314,0,6,72.1,0.1033,1,0,0,0,0,0
TXN0007004,M0114,73.88,upi,android,IN-KA,1629,959,3,7,47.4,0.3011,2,0,0,0,0,0
TXN0007005,M0308,157.51,wallet,web,IN-MH,1092,1202,2,6,41.9,0.1677,2,0,0,0,0,0
TXN0007006,M0065,760.21,card,android,IN-KA,816,1238,2,6,18.4,0.3258,1,0,0,0,0,0
TXN0007007,M0302,23.07,card,android,IN-UP,1247,1200,5,12,88.4,0.2918,2,0,0,0,0,0
TXN0007008,M0089,389.76,card,web,IN-KA,105,1109,0,4,36.1,0.0946,2,0,0,0,1,0
TXN0007009,M0205,263.03,netbanking,ios,IN-KA,1138,1008,1,12,39.6,0.141,1,0,0,0,0,0
TXN0007010,M0156,160.18,netbanking,web,IN-WB,306,1012,1,6,204.9,0.466,0,0,0,0,0,0
TXN0007011,M0097,131.94,card,web,IN-UP,352,219,2,6,30.7,0.1628,0,0,0,0,0,0
TXN0007012,M0334,757.53,card,web,IN-UP,1186,1053,0,6,151.0,0.437,2,0,0,0,0,1
TXN0007013,M0199,369.21,wallet,android,IN-UP,803,579,4,12,49.5,0.4841,3,0,0,0,0,0
TXN0007014,M0071,63.77,card,android,IN-DL,319,83,0,4,9.8,0.1049,1,0,0,0,0,0
TXN0007015,M0105,184.07,netbanking,ios,IN-MH,134,839,3,13,26.5,0.0823,0,0,0,0,1,0
TXN0007016,M0379,625.27,card,web,IN-KA,1097,1023,2,9,48.9,0.2936,0,0,0,0,0,1
TXN0007017,M0153,308.23,card,android,IN-TN,937,776,2,9,70.2,0.3953,2,0,0,0,0,0
TXN0007018,M0400,234.0,upi,android,IN-DL,428,216,3,7,95.3,0.3897,0,0,0,0,0,0
TXN0007019,M0348,48.9,card,web,IN-UP,386,325,2,9,148.6,0.3818,2,1,0,0,0,0
TXN0007020,M0125,1819.49,netbanking,android,IN-MH,1336,960,4,11,14.1,0.4582,0,0,0,0,0,1
TXN0007021,M0033,370.33,upi,ios,IN-MH,1600,1057,2,10,60.7,0.1596,3,0,0,0,0,0
TXN0007022,M0125,1071.08,netbanking,ios,IN-WB,1686,79,1,6,27.3,0.2746,1,0,0,0,0,0
TXN0007023,M0217,243.29,card,web,IN-MH,1454,589,1,5,26.2,0.2771,2,0,0,0,0,0
TXN0007024,M0261,176.75,upi,android,IN-WB,427,275,1,6,117.8,0.1098,2,0,0,0,0,0
TXN0007025,M0201,94.5,netbanking,web,IN-DL,1316,486,0,5,50.1,0.3661,0,0,0,0,0,0
TXN0007026,M0045,477.32,upi,ios,IN-TN,695,859,2,8,68.6,0.1628,0,0,0,0,0,0
TXN0007027,M0359,804.76,netbanking,api,IN-DL,203,1433,3,10,15.0,0.2599,1,0,0,0,0,1
TXN0007028,M0234,509.93,upi,android,IN-DL,306,1095,4,8,142.9,0.2095,0,1,0,0,0,0
TXN0007029,M0005,1717.5,upi,web,IN-TN,804,174,1,6,91.1,0.4782,2,0,0,0,0,1
TXN0007030,M0363,205.21,netbanking,android,IN-TN,505,269,5,10,21.4,0.1217,0,0,0,0,0,0
TXN0007031,M0264,96.74,card,ios,IN-UP,325,499,3,12,26.9,0.2915,2,0,0,0,0,0
TXN0007032,M0156,232.82,card,android,IN-GJ,1387,1233,2,12,149.4,0.3376,2,1,0,0,1,0
TXN0007033,M0054,402.23,upi,android,IN-WB,79,1309,1,8,80.1,0.4458,2,0,0,0,0,0
TXN0007034,M0218,138.41,card,web,IN-UP,1719,317,4,9,72.0,0.2999,2,0,0,0,0,0
TXN0007035,M0365,172.35,upi,android,IN-MH,725,1089,5,7,66.6,0.3936,2,0,0,0,1,0
TXN0007036,M0275,222.91,upi,web,IN-DL,590,874,0,4,95.7,0.1312,1,0,0,0,0,0
TXN0007037,M0383,294.87,upi,ios,IN-UP,565,1043,1,2,20.7,0.0825,2,0,0,0,0,0
TXN0007038,M0235,205.98,card,api,IN-GJ,1213,358,6,16,57.9,0.3974,0,0,0,0,0,0
TXN0007039,M0151,222.27,card,api,IN-KA,1652,1376,1,6,180.8,0.1757,0,0,0,0,0,0
TXN0007040,M0398,339.97,card,ios,IN-GJ,485,1265,4,8,44.8,0.2625,5,0,0,0,0,1
TXN0007041,M0097,388.23,upi,api,IN-UP,1667,489,1,2,74.8,0.155,1,0,0,0,0,0
TXN0007042,M0092,109.72,card,api,IN-KA,1635,120,3,13,78.5,0.2463,1,0,0,0,0,0
TXN0007043,M0147,28.69,upi,api,IN-DL,1682,577,2,6,49.6,0.3517,2,0,0,0,0,0
TXN0007044,M0106,63.73,card,api,IN-UP,1112,188,1,5,94.3,0.1794,1,0,0,0,0,0
TXN0007045,M0253,285.43,upi,android,IN-MH,26,339,3,7,43.1,0.3998,0,0,0,0,0,0
TXN0007046,M0044,86.67,wallet,web,IN-UP,559,1371,2,5,65.6,0.3638,1,0,0,0,0,0
TXN0007047,M0074,234.75,netbanking,api,IN-KA,934,452,1,6,53.9,0.3033,2,0,0,0,1,0
TXN0007048,M0371,169.99,upi,android,IN-UP,1433,739,2,14,53.1,0.4122,3,0,0,0,0,0
TXN0007049,M0306,192.46,netbanking,android,IN-DL,33,1076,3,13,69.9,0.2043,2,0,0,0,0,0
TXN0007050,M0336,294.22,upi,ios,IN-UP,1048,547,3,8,68.2,0.2266,2,0,0,0,0,0
TXN0007051,M0397,591.67,netbanking,web,IN-TN,1088,1281,3,7,69.8,0.3322,3,0,0,0,0,0
TXN0007052,M0311,177.03,card,android,IN-UP,75,291,0,5,136.0,0.3629,0,0,0,0,0,0
TXN0007053,M0076,63.49,wallet,web,IN-UP,915,1345,2,12,125.8,0.7545,1,0,0,0,1,1
TXN0007054,M0104,245.66,netbanking,android,IN-GJ,751,1430,5,10,31.5,0.2225,0,0,0,0,1,0
TXN0007055,M0189,367.2,card,ios,IN-UP,775,1078,1,7,123.0,0.5458,0,0,0,0,0,0
TXN0007056,M0226,18.9,upi,web,IN-UP,1342,25,1,4,31.0,0.1984,2,0,0,0,0,0
TXN0007057,M0325,87.41,card,api,IN-MH,95,304,3,8,15.2,0.5448,0,0,0,0,0,0
TXN0007058,M0062,185.34,upi,android,IN-TN,1351,1383,3,14,12.6,0.3758,0,0,0,0,0,0
TXN0007059,M0119,111.35,upi,android,IN-GJ,189,7,4,10,57.3,0.252,1,0,0,0,0,0
TXN0007060,M0243,205.91,wallet,web,IN-MH,1277,697,1,9,18.8,0.4106,4,0,0,0,0,0
TXN0007061,M0077,96.44,card,web,IN-GJ,564,516,6,11,12.2,0.3434,1,0,0,0,1,1
TXN0007062,M0148,459.45,upi,android,IN-UP,937,1064,4,9,29.0,0.3491,0,0,0,0,0,0
TXN0007063,M0032,189.49,upi,web,IN-TN,436,405,2,8,74.9,0.3137,0,0,0,0,1,1
TXN0007064,M0072,29.76,card,android,IN-GJ,1770,360,4,8,36.9,0.4223,1,0,0,0,0,0
TXN0007065,M0174,374.03,upi,web,IN-UP,322,853,5,10,17.7,0.2202,0,0,0,0,1,0
TXN0007066,M0161,398.56,upi,web,IN-GJ,739,1320,1,6,77.0,0.3021,2,0,0,0,1,0
TXN0007067,M0350,173.4,wallet,android,IN-MH,1532,756,1,6,44.7,0.2284,2,0,0,0,0,0
TXN0007068,M0304,28.61,upi,ios,IN-MH,683,806,3,9,43.9,0.3583,2,0,0,0,0,0
TXN0007069,M0001,443.6,card,android,IN-TN,52,993,2,6,5.7,0.3757,1,0,0,0,1,0
TXN0007070,M0154,64.78,card,android,IN-UP,362,741,1,5,151.2,0.1925,0,0,0,0,1,0
TXN0007071,M0228,125.42,card,ios,IN-DL,392,791,5,10,75.8,0.3565,2,0,0,0,0,0
TXN0007072,M0040,101.37,card,android,IN-MH,145,96,1,11,89.2,0.2224,0,0,0,0,0,0
TXN0007073,M0371,42.67,card,android,IN-TN,1650,1465,2,12,45.1,0.1351,1,0,0,0,0,1
TXN0007074,M0311,181.11,upi,android,IN-MH,1490,581,2,8,109.0,0.2007,1,0,0,0,0,0
TXN0007075,M0379,220.46,upi,api,IN-GJ,1569,530,1,5,40.2,0.3211,0,0,0,0,1,1
TXN0007076,M0263,201.61,upi,web,IN-MH,991,1383,2,5,31.9,0.2932,2,0,0,0,0,0
TXN0007077,M0191,146.0,card,ios,IN-DL,640,1015,5,7,199.8,0.3666,1,0,0,0,0,0
TXN0007078,M0356,85.45,wallet,android,IN-UP,1540,564,1,4,58.3,0.1223,0,0,0,0,1,0
TXN0007079,M0195,782.16,upi,web,IN-UP,1448,560,1,2,84.1,0.1976,4,0,0,0,0,0
TXN0007080,M0244,216.65,upi,ios,IN-KA,1308,1328,5,18,13.5,0.5726,6,0,0,0,0,1
TXN0007081,M0176,70.63,netbanking,api,IN-GJ,274,552,1,6,43.3,0.1365,2,0,0,0,0,0
TXN0007082,M0073,279.61,upi,android,IN-KA,1517,168,3,7,59.8,0.2597,4,0,0,0,0,0
TXN0007083,M0291,259.14,upi,ios,IN-UP,1153,944,3,10,87.2,0.5147,1,0,0,0,0,0
TXN0007084,M0169,333.05,card,ios,IN-WB,1259,1400,1,2,131.3,0.2125,0,0,0,0,0,0
TXN0007085,M0378,174.29,card,web,IN-MH,1589,36,2,11,81.6,0.399,0,0,0,0,1,1
TXN0007086,M0334,96.58,upi,web,IN-KA,481,468,2,6,67.1,0.1277,0,0,0,0,0,0
TXN0007087,M0287,45.76,wallet,api,IN-UP,850,407,4,9,15.1,0.2266,1,0,0,0,1,0
TXN0007088,M0255,105.92,upi,android,IN-UP,611,770,2,5,45.8,0.3091,2,0,0,0,0,0
TXN0007089,M0269,34.35,upi,api,IN-MH,301,276,3,7,57.4,0.3155,1,0,0,0,0,0
TXN0007090,M0209,243.17,card,ios,IN-GJ,917,685,3,7,26.4,0.2262,1,0,0,0,0,1
TXN0007091,M0085,36.12,upi,api,IN-DL,1042,1133,2,13,258.7,0.3984,2,1,0,0,0,0
TXN0007092,M0285,126.15,netbanking,web,IN-WB,484,1221,4,10,55.1,0.2001,2,0,0,0,1,0
TXN0007093,M0274,373.13,card,android,IN-DL,1346,68,0,8,16.6,0.2501,2,0,0,0,0,0
TXN0007094,M0361,141.3,netbanking,android,IN-WB,544,1369,1,4,84.9,0.2401,1,0,0,0,0,0
TXN0007095,M0005,169.67,card,web,IN-KA,1558,1405,3,10,53.6,0.617,4,0,0,0,0,0
TXN0007096,M0187,280.46,upi,api,IN-WB,1326,1101,3,5,42.0,0.1566,1,0,0,0,0,0
TXN0007097,M0051,300.75,card,web,IN-WB,683,1456,1,5,41.0,0.2673,0,0,0,0,0,0
TXN0007098,M0129,508.19,upi,web,IN-KA,1323,747,3,11,295.0,0.3225,5,0,0,0,1,1
TXN0007099,M0382,316.17,card,web,IN-KA,512,1099,6,12,41.8,0.633,3,0,0,0,1,1
TXN0007100,M0040,257.44,card,android,IN-WB,1075,95,2,5,17.9,0.174,1,0,0,0,1,0
TXN0007101,M0154,25.32,upi,web,IN-TN,1234,817,1,9,27.0,0.2161,0,1,0,0,1,0
TXN0007102,M0284,229.2,netbanking,web,IN-MH,363,231,4,5,44.6,0.3476,1,0,0,0,0,1
TXN0007103,M0308,945.32,upi,web,IN-UP,450,1463,1,1,45.3,0.1279,1,0,0,0,0,0
TXN0007104,M0382,343.9,upi,ios,IN-KA,225,1043,3,7,37.1,0.335,0,0,0,0,0,0
TXN0007105,M0385,474.66,card,android,IN-DL,437,273,2,7,81.0,0.3245,3,0,0,0,1,0
TXN0007106,M0387,91.71,upi,api,IN-TN,1258,1262,2,12,47.1,0.2265,2,0,0,0,0,0
TXN0007107,M0130,168.02,upi,web,IN-UP,329,1295,1,13,67.0,0.2804,2,0,0,0,0,0
TXN0007108,M0201,316.56,upi,web,IN-GJ,1594,586,7,15,7.6,0.7069,2,0,0,0,1,0
TXN0007109,M0294,280.33,card,api,IN-WB,662,414,3,11,24.9,0.1894,2,0,0,0,1,0
TXN0007110,M0065,396.65,card,ios,IN-WB,541,241,3,7,93.5,0.1939,2,0,0,0,0,1
TXN0007111,M0153,57.9,upi,ios,IN-WB,791,879,2,8,15.0,0.4458,1,0,0,0,0,0
TXN0007112,M0116,81.44,upi,web,IN-WB,1142,983,3,7,128.9,0.2783,1,0,0,0,0,0
TXN0007113,M0129,49.36,card,web,IN-TN,1305,788,4,13,115.4,0.4234,1,0,0,0,1,1
TXN0007114,M0311,233.13,card,android,IN-GJ,1215,1477,4,11,44.3,0.1051,0,0,0,0,0,0
TXN0007115,M0370,149.26,netbanking,android,IN-WB,194,888,3,10,30.0,0.3395,0,0,0,0,0,0
TXN0007116,M0274,148.17,card,ios,IN-GJ,1571,1103,1,8,12.1,0.1298,0,0,0,0,0,0
TXN0007117,M0306,91.13,card,android,IN-UP,767,629,2,16,18.0,0.2868,1,0,0,0,0,0
TXN0007118,M0250,77.44,upi,ios,IN-WB,1549,866,5,11,76.4,0.3189,2,0,0,0,1,0
TXN0007119,M0378,180.33,card,ios,IN-TN,1184,1336,1,10,114.6,0.4188,1,0,0,0,0,0
TXN0007120,M0166,544.74,card,ios,IN-TN,130,136,8,14,50.6,0.4216,1,0,0,0,0,0
TXN0007121,M0343,862.95,card,web,IN-DL,981,101,5,17,143.3,0.402,2,0,0,0,0,1
TXN0007122,M0342,865.99,upi,android,IN-WB,1497,208,5,13,87.1,0.3223,2,1,0,0,1,1
TXN0007123,M0088,112.68,card,web,IN-KA,1418,259,3,13,60.2,0.3294,1,1,0,0,0,0
TXN0007124,M0304,55.14,netbanking,web,IN-TN,1306,514,3,15,20.8,0.3611,1,0,0,0,0,0
TXN0007125,M0160,435.57,upi,api,IN-MH,1606,495,1,3,10.3,0.169,1,0,0,0,1,0
TXN0007126,M0268,643.92,card,web,IN-TN,1014,247,6,10,45.6,0.266,2,0,0,0,1,1
TXN0007127,M0362,273.3,card,web,IN-WB,383,305,2,7,48.5,0.3316,2,0,0,0,0,1
TXN0007128,M0206,175.91,netbanking,android,IN-UP,6,1089,4,9,29.1,0.1479,1,0,0,1,0,0
TXN0007129,M0155,96.17,card,ios,IN-DL,1635,581,2,8,92.1,0.1164,2,0,0,0,0,1
TXN0007130,M0206,329.81,upi,api,IN-GJ,1166,500,1,9,101.1,0.3018,3,0,0,0,0,0
TXN0007131,M0287,320.11,card,web,IN-UP,1593,1145,1,6,26.6,0.6243,1,0,0,0,1,0
TXN0007132,M0071,238.88,card,web,IN-MH,1428,1212,3,11,77.9,0.2511,1,0,0,0,0,0
TXN0007133,M0347,59.53,card,ios,IN-GJ,655,1142,0,3,24.2,0.3226,2,0,0,0,0,0
TXN0007134,M0126,66.64,upi,ios,IN-GJ,303,659,1,4,38.3,0.268,0,0,0,0,0,0
TXN0007135,M0163,163.87,card,ios,IN-MH,1464,361,2,5,46.3,0.2842,0,1,0,0,1,0
TXN0007136,M0210,510.22,upi,web,IN-GJ,1540,675,2,7,48.2,0.3902,1,0,0,0,1,0
TXN0007137,M0355,447.03,netbanking,android,IN-UP,927,1253,1,3,27.2,0.3022,0,0,0,0,1,0
TXN0007138,M0126,120.77,upi,api,IN-UP,447,666,3,5,69.8,0.2017,3,0,0,0,0,0
TXN0007139,M0041,28.96,card,android,IN-DL,1459,700,0,1,37.4,0.115,1,0,0,0,1,0
TXN0007140,M0342,684.17,card,android,IN-KA,1511,258,2,8,20.5,0.3101,1,0,0,0,0,0
TXN0007141,M0002,622.57,wallet,android,IN-KA,1346,78,3,12,114.9,0.577,1,1,0,0,1,1
TXN0007142,M0358,203.75,card,web,IN-UP,948,193,1,7,44.4,0.3715,1,0,0,0,0,0
TXN0007143,M0116,117.09,upi,web,IN-MH,1732,955,3,7,45.3,0.2229,1,0,0,0,1,0
TXN0007144,M0009,132.39,wallet,web,IN-GJ,1702,380,3,7,65.9,0.4503,3,0,0,0,1,0
TXN0007145,M0271,456.73,upi,api,IN-MH,398,1145,5,13,120.8,0.3664,2,0,0,0,0,0
TXN0007146,M0358,307.92,upi,ios,IN-TN,563,1273,3,8,33.2,0.098,1,0,0,0,1,0
TXN0007147,M0048,117.32,wallet,android,IN-UP,1325,560,4,7,100.4,0.3777,1,0,0,0,0,0
TXN0007148,M0192,1627.13,card,ios,IN-UP,278,986,1,4,52.5,0.2365,1,0,0,0,0,0
TXN0007149,M0194,38.98,card,web,IN-DL,25,533,2,12,1.7,0.3164,0,0,0,0,0,0
TXN0007150,M0007,98.63,card,web,IN-MH,928,70,4,10,119.7,0.3698,1,0,0,0,1,0
TXN0007151,M0011,100.86,card,ios,IN-WB,1659,139,3,12,18.2,0.418,1,0,0,0,0,0
TXN0007152,M0098,200.14,card,web,IN-DL,1581,850,1,13,84.9,0.5819,1,0,0,0,0,0
TXN0007153,M0045,558.54,upi,ios,IN-WB,358,478,2,6,169.1,0.1997,2,0,0,0,1,1
TXN0007154,M0310,412.25,upi,android,IN-MH,408,276,2,8,145.8,0.3093,0,0,0,0,0,0
TXN0007155,M0395,204.31,card,web,IN-KA,672,1439,2,10,125.1,0.2319,2,0,0,0,0,0
TXN0007156,M0163,47.74,card,api,IN-UP,1667,838,2,11,33.8,0.2762,1,0,0,0,0,0
TXN0007157,M0213,467.83,upi,web,IN-MH,1517,2,0,7,96.0,0.4819,1,0,1,0,0,0
TXN0007158,M0008,57.84,upi,ios,IN-GJ,1632,1498,3,11,7.1,0.1998,0,0,0,0,0,0
TXN0007159,M0011,120.44,upi,web,IN-UP,860,425,5,12,41.4,0.259,3,0,0,0,0,0
TXN0007160,M0301,166.9,card,web,IN-DL,141,219,2,8,42.0,0.4521,5,0,0,0,1,0
TXN0007161,M0250,80.28,card,web,IN-KA,1195,1377,2,9,119.0,0.4303,5,0,0,0,0,0
TXN0007162,M0005,78.73,upi,android,IN-TN,1622,176,3,6,88.4,0.3706,2,0,0,0,0,1
TXN0007163,M0292,436.92,upi,api,IN-KA,651,109,2,11,151.8,0.4201,4,0,0,0,0,0
TXN0007164,M0339,770.59,upi,ios,IN-GJ,432,247,2,12,17.7,0.2827,1,1,0,0,0,1
TXN0007165,M0370,167.16,card,api,IN-KA,1000,47,0,4,31.2,0.4341,1,0,0,0,0,0
TXN0007166,M0254,30.38,upi,web,IN-WB,433,610,1,4,167.0,0.2341,1,0,0,0,1,0
TXN0007167,M0180,238.29,card,ios,IN-WB,1521,1215,2,8,20.0,0.2188,1,0,0,0,1,0
TXN0007168,M0232,89.73,card,web,IN-MH,723,934,1,7,80.3,0.557,6,0,0,0,0,0
TXN0007169,M0346,258.15,netbanking,ios,IN-GJ,1606,1098,3,7,11.0,0.1565,0,0,0,0,1,0
TXN0007170,M0050,241.88,card,web,IN-WB,1086,1067,3,10,89.0,0.2853,3,0,0,0,0,1
TXN0007171,M0267,27.42,card,android,IN-GJ,821,234,6,10,288.2,0.1756,1,0,0,0,1,0
TXN0007172,M0130,121.82,upi,android,IN-KA,818,1170,3,8,60.1,0.44,4,0,0,0,1,1
TXN0007173,M0346,333.39,card,ios,IN-TN,1296,445,2,7,61.9,0.3751,0,0,0,0,0,0
TXN0007174,M0044,163.98,upi,android,IN-KA,441,1099,5,8,83.3,0.2425,1,0,0,0,0,0
TXN0007175,M0362,60.13,netbanking,web,IN-DL,841,269,2,9,82.0,0.848,0,0,0,0,0,1
TXN0007176,M0383,346.98,upi,api,IN-KA,1555,571,2,3,89.9,0.2212,0,0,0,0,0,0
TXN0007177,M0397,34.04,upi,web,IN-MH,1691,970,1,5,66.7,0.0613,2,0,0,0,0,0
TXN0007178,M0350,227.46,upi,api,IN-WB,78,1384,1,5,10.7,0.495,3,0,0,0,0,0
TXN0007179,M0054,104.99,wallet,android,IN-KA,1309,861,2,5,47.2,0.2077,0,0,0,0,0,0
TXN0007180,M0210,277.83,upi,api,IN-GJ,1514,1435,3,8,54.9,0.2994,0,0,0,0,0,0
TXN0007181,M0089,143.28,netbanking,ios,IN-KA,776,1315,1,4,46.7,0.1536,0,0,0,0,0,0
TXN0007182,M0265,292.7,card,api,IN-MH,420,840,3,9,77.2,0.1286,0,0,0,0,0,0
TXN0007183,M0267,702.1,card,ios,IN-WB,897,564,4,11,15.0,0.1641,1,0,0,0,1,1
TXN0007184,M0349,360.38,upi,web,IN-UP,1622,841,5,12,66.8,0.1468,2,0,0,0,0,0
TXN0007185,M0101,353.91,card,ios,IN-DL,330,925,2,7,100.0,0.5058,1,0,0,0,0,0
TXN0007186,M0320,322.43,upi,ios,IN-MH,570,1337,0,4,42.1,0.2218,2,0,0,0,0,0
TXN0007187,M0175,32.34,card,android,IN-MH,1693,1414,6,10,47.7,0.2895,3,0,0,0,0,0
TXN0007188,M0159,195.09,card,android,IN-DL,1191,1414,5,12,117.6,0.2098,2,0,0,0,0,0
TXN0007189,M0211,235.73,card,api,IN-WB,459,1011,0,5,51.0,0.2689,3,0,0,0,0,0
TXN0007190,M0292,312.88,card,android,IN-WB,1221,297,1,8,38.3,0.3238,1,0,0,0,1,0
TXN0007191,M0118,165.41,card,web,IN-UP,327,1390,1,8,155.2,0.4501,0,0,0,0,0,0
TXN0007192,M0050,368.16,upi,web,IN-UP,1296,1068,1,8,120.8,0.1822,1,0,0,0,0,0
TXN0007193,M0052,69.0,card,android,IN-GJ,814,362,3,12,66.1,0.4132,1,0,0,0,0,0
TXN0007194,M0310,1320.49,upi,android,IN-KA,1590,792,3,7,43.8,0.4325,1,0,0,0,0,0
TXN0007195,M0011,314.57,wallet,ios,IN-DL,1307,912,3,13,195.2,0.6011,2,0,0,0,1,0
TXN0007196,M0375,71.71,upi,android,IN-WB,218,202,3,9,11.0,0.1346,3,0,0,0,0,0
TXN0007197,M0394,698.14,upi,android,IN-TN,1229,1336,1,8,43.8,0.3515,0,0,0,0,1,0
TXN0007198,M0230,58.97,upi,api,IN-MH,1188,596,2,6,44.1,0.2973,4,0,0,0,0,0
TXN0007199,M0354,181.71,card,ios,IN-MH,458,293,1,10,25.7,0.355,3,0,0,0,0,0
TXN0007200,M0271,202.01,card,api,IN-GJ,930,41,0,6,66.3,0.3668,2,0,0,0,0,0
TXN0007201,M0036,119.47,card,web,IN-GJ,477,751,1,11,70.4,0.1985,2,0,0,0,1,0
TXN0007202,M0314,159.31,card,web,IN-DL,1330,742,1,10,17.7,0.2554,3,0,0,0,0,0
TXN0007203,M0188,191.75,netbanking,android,IN-KA,424,434,3,7,174.6,0.2223,3,0,0,0,0,0
TXN0007204,M0090,61.54,upi,api,IN-MH,735,1307,2,15,90.0,0.5009,3,0,0,0,0,0
TXN0007205,M0265,236.59,card,ios,IN-UP,1086,742,4,12,54.6,0.3958,3,1,0,0,0,1
TXN0007206,M0237,180.54,upi,android,IN-MH,86,783,3,6,52.1,0.4226,1,0,0,0,0,0
TXN0007207,M0139,1257.51,netbanking,web,IN-TN,1722,1280,4,10,306.4,0.1941,0,0,0,0,0,0
TXN0007208,M0231,793.82,netbanking,web,IN-TN,76,407,1,3,57.5,0.1494,2,0,0,0,1,1
TXN0007209,M0338,86.47,upi,android,IN-KA,1601,426,1,8,42.2,0.3242,1,0,0,0,0,0
TXN0007210,M0188,156.32,netbanking,android,IN-GJ,1172,197,2,9,15.5,0.5598,3,0,0,0,0,0
TXN0007211,M0123,89.96,upi,android,IN-DL,908,244,2,5,73.8,0.043,1,0,0,0,0,0
TXN0007212,M0095,139.48,card,api,IN-UP,880,395,4,14,136.3,0.4158,1,0,0,0,0,1
TXN0007213,M0305,425.15,upi,web,IN-DL,680,426,3,9,127.9,0.4361,0,0,0,0,0,0
TXN0007214,M0021,162.45,card,api,IN-WB,1296,804,2,7,18.2,0.6293,1,1,0,0,0,0
TXN0007215,M0346,109.29,card,web,IN-KA,712,998,1,4,54.9,0.1795,0,0,0,0,0,0
TXN0007216,M0163,329.76,upi,web,IN-MH,947,972,4,6,70.8,0.1877,1,0,0,0,1,0
TXN0007217,M0295,25.95,upi,android,IN-MH,1451,825,1,7,25.1,0.254,2,0,0,0,0,0
TXN0007218,M0027,122.31,card,api,IN-GJ,1172,730,3,7,10.0,0.2741,3,0,0,0,0,0
TXN0007219,M0119,708.35,upi,web,IN-UP,1171,1150,2,5,17.6,0.6261,0,0,0,0,0,0
TXN0007220,M0102,742.89,wallet,android,IN-GJ,1024,1257,5,14,53.3,0.5239,3,0,0,0,1,1
TXN0007221,M0268,664.01,upi,ios,IN-GJ,75,1028,3,11,43.6,0.2212,1,1,0,0,0,1
TXN0007222,M0038,52.55,card,api,IN-DL,123,1050,3,11,56.9,0.4928,0,0,0,0,0,0
TXN0007223,M0346,52.15,upi,web,IN-GJ,137,636,2,6,93.7,0.2207,1,0,0,0,0,0
TXN0007224,M0220,109.86,netbanking,web,IN-MH,489,455,3,10,123.2,0.2437,2,0,0,0,0,0
TXN0007225,M0233,182.27,upi,ios,IN-MH,866,1494,2,7,69.7,0.2402,2,0,0,0,1,0
TXN0007226,M0259,86.48,upi,ios,IN-DL,432,1142,3,9,80.5,0.3518,1,0,0,0,1,0
TXN0007227,M0271,33.53,upi,web,IN-TN,958,785,3,10,94.0,0.3289,2,0,0,0,0,0
TXN0007228,M0164,455.23,card,api,IN-MH,1576,1123,1,11,35.8,0.1866,2,0,0,0,0,0
TXN0007229,M0031,385.34,card,api,IN-WB,1729,1413,5,12,100.3,0.4058,0,0,0,0,0,0
TXN0007230,M0209,99.71,upi,android,IN-UP,1183,797,2,7,34.6,0.5632,2,0,0,0,0,0
TXN0007231,M0061,366.84,card,android,IN-KA,254,548,5,13,78.2,0.2183,1,0,0,0,0,0
TXN0007232,M0213,462.4,wallet,web,IN-GJ,1340,12,1,6,106.8,0.3747,1,0,0,0,0,1
TXN0007233,M0144,16.66,upi,ios,IN-DL,1454,1179,2,7,48.8,0.2491,0,0,0,0,0,0
TXN0007234,M0099,342.55,card,ios,IN-TN,1412,345,7,14,74.1,0.3431,1,0,0,0,0,0
TXN0007235,M0150,169.37,card,api,IN-WB,1611,391,3,5,7.0,0.4214,0,0,0,0,0,0
TXN0007236,M0056,14.58,netbanking,api,IN-GJ,9,1389,0,6,78.9,0.3567,2,0,0,1,0,0
TXN0007237,M0244,498.26,upi,web,IN-TN,680,1040,5,8,105.5,0.5994,1,0,0,0,0,1
TXN0007238,M0332,194.88,card,android,IN-MH,1062,1176,3,11,69.1,0.5543,4,0,0,0,0,0
TXN0007239,M0106,36.48,card,ios,IN-DL,292,1186,1,4,57.6,0.1126,1,0,0,0,0,0
TXN0007240,M0228,267.86,card,web,IN-MH,716,760,3,10,67.4,0.2189,1,0,0,0,0,0
TXN0007241,M0247,215.72,upi,ios,IN-DL,444,815,1,6,101.7,0.2149,0,0,0,0,0,0
TXN0007242,M0351,309.14,card,android,IN-GJ,391,1341,1,7,98.1,0.7295,2,0,0,0,0,1
TXN0007243,M0161,26.02,card,android,IN-WB,1193,649,2,7,115.0,0.2066,0,0,0,0,0,0
TXN0007244,M0113,133.28,wallet,web,IN-WB,1199,770,1,5,21.6,0.3658,3,0,0,0,1,0
TXN0007245,M0259,67.5,netbanking,android,IN-WB,126,1014,3,4,65.0,0.1018,1,0,0,0,0,0
TXN0007246,M0238,152.93,card,android,IN-WB,1229,637,4,11,72.4,0.235,1,0,0,0,1,0
TXN0007247,M0299,32.94,card,ios,IN-UP,1594,1171,2,7,243.0,0.2971,1,0,0,0,0,0
TXN0007248,M0017,58.9,card,android,IN-KA,73,627,1,14,1.5,0.2327,0,0,0,0,0,0
TXN0007249,M0135,839.21,card,android,IN-WB,1362,1397,0,2,59.4,0.1522,0,0,0,0,0,0
TXN0007250,M0351,575.06,netbanking,web,IN-TN,1265,840,5,11,75.7,0.4653,2,0,0,0,0,1
TXN0007251,M0043,475.6,upi,web,IN-DL,1430,1125,0,6,67.5,0.4988,2,0,0,0,1,0
TXN0007252,M0182,783.43,card,android,IN-DL,1734,744,2,3,29.8,0.2576,2,0,0,0,0,0
TXN0007253,M0316,27.75,upi,android,IN-WB,1332,1195,4,12,47.0,0.2864,1,0,0,0,1,0
TXN0007254,M0030,170.09,netbanking,android,IN-TN,646,366,0,3,92.4,0.2339,1,0,0,0,0,0
TXN0007255,M0371,229.73,upi,web,IN-WB,232,1415,3,7,65.7,0.2293,3,0,0,0,0,0
TXN0007256,M0333,122.19,card,web,IN-DL,1628,81,3,5,10.6,0.322,1,0,0,0,1,0
TXN0007257,M0278,28.0,wallet,web,IN-GJ,1315,337,5,10,48.6,0.2558,0,0,0,0,0,0
TXN0007258,M0334,435.54,upi,web,IN-TN,803,210,2,7,52.6,0.2641,1,0,0,0,0,0
TXN0007259,M0359,333.88,card,api,IN-TN,1078,1060,1,5,25.0,0.4196,2,0,0,0,0,0
TXN0007260,M0326,96.77,netbanking,android,IN-DL,959,26,5,11,72.9,0.235,3,0,0,0,0,0
TXN0007261,M0015,419.28,card,android,IN-UP,92,1315,2,14,47.0,0.5729,1,0,0,0,0,1
TXN0007262,M0161,203.83,card,android,IN-DL,457,1154,0,9,95.5,0.4496,2,0,0,0,0,0
TXN0007263,M0370,339.26,upi,api,IN-DL,513,211,2,8,103.3,0.3226,0,0,0,0,0,0
TXN0007264,M0366,72.14,upi,api,IN-KA,1116,1346,2,14,52.8,0.3803,1,0,0,0,0,0
TXN0007265,M0182,228.52,upi,android,IN-TN,762,31,1,5,166.9,0.4206,4,0,0,0,0,0
TXN0007266,M0095,230.95,card,ios,IN-WB,761,22,4,10,46.1,0.313,0,0,0,0,0,0
TXN0007267,M0108,142.8,netbanking,web,IN-WB,977,1193,3,6,7.3,0.3953,2,0,0,0,1,0
TXN0007268,M0303,12.42,card,api,IN-TN,1602,1444,1,6,34.9,0.2797,2,0,0,0,1,0
TXN0007269,M0337,213.73,card,web,IN-DL,325,965,4,13,133.0,0.3901,3,0,0,0,1,0
TXN0007270,M0061,228.79,upi,web,IN-DL,205,1396,4,8,81.0,0.2968,3,0,0,0,0,0
TXN0007271,M0150,69.92,card,web,IN-TN,949,1213,0,4,40.4,0.2222,0,0,0,0,0,0
TXN0007272,M0107,319.01,card,web,IN-UP,1541,1333,3,8,102.4,0.3283,0,0,0,0,0,0
TXN0007273,M0179,229.89,card,ios,IN-DL,1723,333,5,8,81.1,0.301,2,0,0,0,0,0
TXN0007274,M0032,271.09,card,web,IN-TN,599,1141,2,10,36.3,0.3491,0,0,0,0,0,0
TXN0007275,M0029,123.41,card,web,IN-KA,638,199,1,6,66.4,0.1658,1,0,0,0,0,0
TXN0007276,M0017,32.6,upi,ios,IN-UP,1498,246,3,9,40.1,0.4197,1,0,0,0,0,0
TXN0007277,M0336,33.33,upi,android,IN-KA,273,677,0,5,130.8,0.3589,2,0,0,0,1,0
TXN0007278,M0269,357.97,upi,web,IN-DL,652,1179,3,8,42.7,0.2439,2,0,0,0,0,0
TXN0007279,M0299,60.28,upi,api,IN-WB,844,1396,4,11,105.0,0.5717,3,0,0,0,1,0
TXN0007280,M0198,81.04,card,web,IN-GJ,533,1408,2,9,23.9,0.3727,4,1,0,0,0,1
TXN0007281,M0243,416.79,upi,web,IN-UP,811,402,2,7,18.1,0.3638,2,0,0,0,0,0
TXN0007282,M0104,21.25,card,api,IN-MH,1779,713,3,10,148.3,0.383,2,0,0,0,1,0
TXN0007283,M0378,36.1,card,web,IN-DL,1651,1175,1,5,69.7,0.3469,1,0,0,0,0,0
TXN0007284,M0027,396.26,upi,web,IN-GJ,689,1473,2,8,119.5,0.2885,3,0,0,0,0,0
TXN0007285,M0315,195.83,card,ios,IN-MH,832,394,5,13,32.9,0.3452,1,0,0,0,0,1
TXN0007286,M0163,24.52,upi,api,IN-UP,1664,665,5,11,110.7,0.4706,4,0,0,0,0,1
TXN0007287,M0364,115.97,card,web,IN-DL,438,973,2,12,70.7,0.2537,3,1,0,0,0,0
TXN0007288,M0239,214.64,netbanking,android,IN-GJ,1026,1339,1,4,9.7,0.1961,2,0,0,0,1,0
TXN0007289,M0210,59.8,upi,web,IN-KA,404,1416,0,7,28.9,0.1103,6,0,0,0,1,1
TXN0007290,M0298,42.39,upi,ios,IN-WB,1141,152,1,2,16.3,0.2801,4,0,0,0,1,0
TXN0007291,M0296,33.26,netbanking,android,IN-WB,63,1344,4,13,46.3,0.3646,1,0,0,0,0,0
TXN0007292,M0232,419.61,upi,api,IN-DL,384,960,4,7,111.6,0.2441,1,0,0,0,1,0
TXN0007293,M0216,510.94,card,api,IN-WB,1334,1028,7,16,66.6,0.4101,3,0,0,0,0,1
TXN0007294,M0008,382.85,card,ios,IN-UP,1249,1354,3,11,76.5,0.3219,0,0,0,0,1,0
TXN0007295,M0135,617.24,card,ios,IN-DL,482,558,1,5,79.4,0.1414,2,0,0,0,0,0
TXN0007296,M0251,647.67,upi,web,IN-GJ,367,193,2,7,25.0,0.2025,0,0,0,0,1,0
TXN0007297,M0397,39.52,upi,android,IN-WB,1418,375,2,7,118.5,0.1339,0,0,0,0,0,0
TXN0007298,M0138,489.92,upi,web,IN-UP,1764,618,3,5,115.7,0.3405,0,0,0,0,0,0
TXN0007299,M0150,201.37,upi,web,IN-TN,991,233,1,11,23.2,0.374,1,0,0,0,0,0
TXN0007300,M0373,1202.92,card,android,IN-MH,1298,1030,2,9,58.4,0.3551,0,0,0,0,0,0
TXN0007301,M0087,5318.13,upi,web,IN-MH,1281,231,5,12,48.7,0.4454,4,0,0,0,0,0
TXN0007302,M0138,148.02,netbanking,api,IN-GJ,1622,780,5,12,84.7,0.2461,0,0,0,0,0,1
TXN0007303,M0225,132.68,netbanking,web,IN-GJ,366,895,1,5,12.0,0.3838,0,1,0,0,0,0
TXN0007304,M0292,122.64,wallet,web,IN-MH,1023,84,2,8,156.6,0.3729,2,0,0,0,0,0
TXN0007305,M0187,193.42,upi,ios,IN-DL,279,522,3,5,60.5,0.0907,2,1,0,0,0,0
TXN0007306,M0076,226.99,card,android,IN-MH,599,14,0,2,55.7,0.0624,0,0,0,0,0,0
TXN0007307,M0108,2517.54,card,web,IN-UP,753,256,0,7,54.7,0.3463,0,0,0,0,1,1
TXN0007308,M0081,207.71,netbanking,ios,IN-DL,1678,1035,1,13,59.6,0.1923,0,0,0,0,0,0
TXN0007309,M0046,117.13,card,android,IN-KA,642,1433,1,8,95.9,0.2651,2,0,0,0,0,0
TXN0007310,M0288,182.37,upi,web,IN-UP,47,1293,3,8,198.2,0.2996,0,0,0,0,0,0
TXN0007311,M0167,78.89,card,android,IN-TN,911,759,5,15,19.5,0.4134,2,0,0,0,0,0
TXN0007312,M0060,33.61,upi,android,IN-UP,765,990,3,11,16.1,0.1883,0,0,0,0,0,0
TXN0007313,M0324,155.24,wallet,ios,IN-DL,1347,1203,3,5,152.4,0.0811,0,0,0,0,0,0
TXN0007314,M0237,1856.35,card,android,IN-WB,6,636,1,6,19.6,0.233,2,0,0,1,1,1
TXN0007315,M0342,437.61,upi,api,IN-DL,1636,571,2,9,58.3,0.1593,1,0,0,0,1,0
TXN0007316,M0108,111.42,card,android,IN-GJ,1332,470,1,3,2.9,0.5019,3,0,0,0,0,0
TXN0007317,M0252,255.66,upi,ios,IN-DL,1070,1445,1,8,2.9,0.2286,0,0,0,0,0,0
TXN0007318,M0106,2224.14,card,android,IN-WB,1547,603,3,7,68.4,0.5631,1,0,0,0,0,1
TXN0007319,M0323,219.61,upi,android,IN-TN,407,1210,3,9,47.1,0.2671,2,0,0,0,0,0
TXN0007320,M0364,73.91,card,web,IN-UP,720,986,4,9,16.5,0.1432,0,0,0,0,0,0
TXN0007321,M0077,192.76,upi,web,IN-WB,532,1313,2,9,49.3,0.1773,1,0,0,0,0,0
TXN0007322,M0349,342.01,card,ios,IN-TN,496,139,1,6,38.5,0.3053,2,0,0,0,0,0
TXN0007323,M0144,273.03,wallet,android,IN-TN,1630,388,0,10,6.4,0.3572,1,0,0,0,0,0
TXN0007324,M0091,769.48,card,web,IN-TN,1627,1312,1,9,112.5,0.4555,4,0,0,0,0,0
TXN0007325,M0295,198.89,card,android,IN-MH,378,942,3,9,18.8,0.0983,1,0,0,0,0,0
TXN0007326,M0388,17.29,card,ios,IN-UP,449,1145,0,10,35.1,0.3735,2,0,0,0,1,0
TXN0007327,M0035,288.51,upi,ios,IN-KA,171,1212,1,8,50.1,0.4158,2,0,0,0,0,0
TXN0007328,M0053,269.55,card,android,IN-MH,278,180,6,12,28.3,0.1785,1,0,0,0,0,0
TXN0007329,M0150,252.56,upi,android,IN-DL,1658,542,3,7,105.5,0.13,0,0,0,0,1,0
TXN0007330,M0100,77.05,upi,ios,IN-UP,346,1186,0,5,48.7,0.1738,1,0,0,0,1,0
TXN0007331,M0125,1321.15,card,api,IN-DL,48,1341,5,13,78.3,0.3622,2,1,0,0,1,1
TXN0007332,M0278,60.67,upi,api,IN-MH,1574,96,2,8,41.9,0.1876,0,0,0,0,1,0
TXN0007333,M0332,67.47,card,ios,IN-MH,1348,1059,4,15,154.1,0.1889,0,1,0,0,1,0
TXN0007334,M0308,143.18,card,web,IN-DL,1282,1249,4,8,39.1,0.3997,1,0,0,0,1,0
TXN0007335,M0157,678.13,card,api,IN-UP,262,873,5,12,97.5,0.3201,2,0,0,0,0,0
TXN0007336,M0382,708.17,upi,web,IN-GJ,35,41,8,11,80.8,0.1567,0,0,0,0,0,1
TXN0007337,M0061,341.43,card,web,IN-TN,1199,840,3,8,95.1,0.3505,1,0,0,0,0,0
TXN0007338,M0214,439.8,wallet,web,IN-KA,1000,847,1,6,41.4,0.3051,1,0,0,0,0,0
TXN0007339,M0319,48.93,upi,api,IN-WB,336,272,3,8,39.6,0.2543,1,0,0,0,0,0
TXN0007340,M0262,32.89,card,web,IN-KA,817,557,3,11,49.9,0.2302,3,0,0,0,1,0
TXN0007341,M0286,124.08,netbanking,api,IN-WB,1614,939,3,11,56.9,0.1758,3,0,0,0,1,0
TXN0007342,M0128,436.42,card,web,IN-UP,1628,764,3,10,8.7,0.477,2,0,0,0,0,1
TXN0007343,M0050,447.92,card,ios,IN-GJ,90,713,5,7,120.9,0.2882,1,0,0,0,0,1
TXN0007344,M0222,75.48,card,web,IN-GJ,61,579,3,9,12.2,0.3104,1,0,0,0,0,0
TXN0007345,M0355,67.75,card,ios,IN-GJ,548,1068,2,17,45.9,0.4563,3,0,0,0,0,0
TXN0007346,M0399,579.17,upi,web,IN-WB,1350,1006,3,11,42.6,0.4595,1,0,0,0,1,1
TXN0007347,M0193,217.71,upi,android,IN-GJ,1409,460,0,6,51.4,0.2469,1,0,0,0,0,0
TXN0007348,M0146,22.68,card,android,IN-KA,942,95,2,3,96.0,0.187,1,0,0,0,0,0
TXN0007349,M0135,58.49,upi,ios,IN-GJ,1021,4,4,12,31.9,0.302,4,0,1,0,0,0
TXN0007350,M0136,292.39,card,ios,IN-WB,848,1057,2,5,75.6,0.3083,0,0,0,0,0,0
TXN0007351,M0135,54.96,upi,web,IN-UP,759,1079,3,8,85.1,0.545,0,0,0,0,0,0
TXN0007352,M0071,67.26,card,api,IN-KA,226,39,1,5,21.3,0.2206,2,0,0,0,0,0
TXN0007353,M0207,69.76,card,ios,IN-MH,784,1166,3,12,25.1,0.2528,2,1,0,0,1,0
TXN0007354,M0378,431.77,netbanking,android,IN-DL,1772,379,8,14,71.6,0.1555,2,0,0,0,0,0
TXN0007355,M0303,178.29,card,ios,IN-DL,904,525,4,12,1.1,0.342,2,0,0,0,1,0
TXN0007356,M0198,962.29,card,web,IN-TN,1070,1291,1,7,137.7,0.201,1,0,0,0,0,0
TXN0007357,M0106,117.21,card,android,IN-GJ,1790,403,4,10,121.7,0.223,1,0,0,0,1,0
TXN0007358,M0285,145.77,card,ios,IN-WB,52,779,1,6,48.9,0.2445,1,0,0,0,0,1
TXN0007359,M0033,251.52,card,android,IN-KA,1212,175,3,8,84.6,0.3656,1,1,0,0,0,0
TXN0007360,M0284,96.38,card,ios,IN-KA,458,545,4,10,56.6,0.2969,0,0,0,0,0,0
TXN0007361,M0270,36.4,wallet,ios,IN-KA,877,1114,2,11,17.1,0.3578,1,0,0,0,0,0
TXN0007362,M0046,126.52,card,api,IN-MH,21,539,3,7,21.9,0.2752,0,0,0,0,0,0
TXN0007363,M0158,85.14,netbanking,api,IN-MH,580,1327,5,7,125.3,0.3601,2,0,0,0,0,0
TXN0007364,M0229,158.57,card,web,IN-DL,977,1462,2,5,65.8,0.3544,0,0,0,0,1,0
TXN0007365,M0222,98.97,upi,web,IN-DL,907,964,2,6,2.5,0.1865,0,0,0,0,1,0
TXN0007366,M0126,282.5,upi,android,IN-WB,710,42,3,5,41.3,0.3328,2,0,0,0,0,0
TXN0007367,M0029,126.6,card,android,IN-DL,1660,632,4,13,120.4,0.2626,3,0,0,0,0,0
TXN0007368,M0078,35.77,netbanking,web,IN-UP,392,92,3,7,64.0,0.2198,4,0,0,0,1,0
TXN0007369,M0140,96.58,card,api,IN-TN,394,794,5,15,99.7,0.5317,2,0,0,0,0,0
TXN0007370,M0367,54.09,upi,web,IN-TN,1029,528,3,10,53.8,0.2072,1,0,0,0,0,0
TXN0007371,M0089,1229.78,netbanking,android,IN-UP,622,1060,3,11,120.1,0.434,3,0,0,0,0,0
TXN0007372,M0193,188.48,upi,ios,IN-DL,506,1020,5,6,18.7,0.2379,2,0,0,0,0,0
TXN0007373,M0331,350.77,upi,web,IN-DL,117,549,4,10,106.8,0.1815,1,0,0,0,0,0
TXN0007374,M0190,163.54,upi,android,IN-DL,939,1250,1,5,45.7,0.233,1,0,0,0,0,0
TXN0007375,M0052,1126.46,upi,web,IN-KA,1132,1270,5,12,106.1,0.5761,2,0,0,0,0,1
TXN0007376,M0159,51.01,upi,web,IN-UP,1024,104,3,12,41.4,0.2139,2,0,0,0,1,0
TXN0007377,M0162,81.56,card,api,IN-DL,1380,1414,3,12,94.1,0.2733,1,0,0,0,0,0
TXN0007378,M0226,547.76,upi,web,IN-UP,1193,1006,4,16,76.5,0.411,1,0,0,0,0,1
TXN0007379,M0269,107.26,netbanking,api,IN-KA,1138,500,2,6,35.9,0.1778,0,0,0,0,0,0
TXN0007380,M0235,85.18,upi,ios,IN-DL,566,281,1,8,54.2,0.3527,1,0,0,0,1,0
TXN0007381,M0387,102.67,netbanking,ios,IN-TN,1461,305,0,3,100.3,0.1538,1,0,0,0,0,0
TXN0007382,M0171,1242.38,card,api,IN-DL,1602,1080,3,9,185.0,0.1222,2,0,0,0,0,1
TXN0007383,M0119,1390.64,upi,web,IN-MH,1387,226,4,10,79.6,0.1128,2,0,0,0,1,1
TXN0007384,M0001,271.15,upi,ios,IN-MH,189,779,1,8,101.2,0.3237,1,0,0,0,0,0
TXN0007385,M0024,219.13,upi,ios,IN-MH,1750,680,2,6,38.3,0.2728,1,0,0,0,1,0
TXN0007386,M0303,394.02,card,android,IN-MH,995,705,1,5,41.5,0.5394,1,0,0,0,0,0
TXN0007387,M0051,266.52,card,web,IN-WB,814,1174,0,5,162.7,0.1685,2,0,0,0,0,1
TXN0007388,M0379,214.58,card,android,IN-MH,409,776,4,9,66.4,0.3478,1,0,0,0,0,0
TXN0007389,M0280,114.7,upi,android,IN-UP,152,1399,1,8,77.3,0.3066,0,0,0,0,0,0
TXN0007390,M0056,97.25,card,ios,IN-GJ,1507,364,1,8,129.2,0.1998,1,0,0,0,0,0
TXN0007391,M0273,295.63,wallet,ios,IN-MH,964,1215,3,9,239.6,0.2672,0,1,0,0,1,0
TXN0007392,M0032,206.87,upi,web,IN-WB,1646,52,3,10,9.7,0.2044,0,0,0,0,1,0
TXN0007393,M0344,781.69,wallet,android,IN-WB,1388,960,2,6,47.8,0.1593,2,0,0,0,0,0
TXN0007394,M0035,138.93,card,web,IN-WB,1457,1393,4,8,17.1,0.057,1,0,0,0,0,0
TXN0007395,M0221,71.36,upi,web,IN-MH,733,226,1,5,43.3,0.1265,3,0,0,0,0,0
TXN0007396,M0009,41.76,upi,android,IN-UP,674,1054,2,7,131.6,0.2827,1,0,0,0,0,0
TXN0007397,M0257,83.5,card,api,IN-KA,809,1480,2,7,63.4,0.4132,1,0,0,0,1,1
TXN0007398,M0107,42.73,upi,ios,IN-WB,10,1093,1,4,31.2,0.1884,0,0,0,1,0,0
TXN0007399,M0368,567.11,card,api,IN-WB,1327,1252,4,10,17.7,0.3646,0,0,0,0,0,0
TXN0007400,M0054,117.66,wallet,android,IN-DL,1616,751,1,4,32.5,0.3201,4,0,0,0,1,0
TXN0007401,M0282,83.52,upi,android,IN-KA,31,1470,5,12,71.6,0.3951,4,0,0,0,0,1
TXN0007402,M0333,290.83,upi,android,IN-GJ,1606,1270,5,12,74.4,0.3283,0,0,0,0,1,0
TXN0007403,M0313,1263.98,card,api,IN-MH,1183,1261,0,2,61.6,0.3512,2,0,0,0,0,0
TXN0007404,M0144,117.47,upi,android,IN-WB,996,636,2,7,20.4,0.1478,3,0,0,0,0,0
TXN0007405,M0033,57.91,card,api,IN-GJ,1273,474,2,9,80.4,0.3033,2,0,0,0,1,0
TXN0007406,M0107,121.19,upi,web,IN-KA,39,744,4,9,17.2,0.2225,0,0,0,0,0,0
TXN0007407,M0129,28.06,upi,web,IN-DL,1747,183,2,6,108.5,0.3569,3,0,0,0,0,0
TXN0007408,M0280,301.16,upi,ios,IN-KA,1566,1162,7,10,164.5,0.4128,0,0,0,0,0,0
TXN0007409,M0051,320.5,upi,api,IN-WB,1314,1157,6,13,2.8,0.464,6,0,0,0,0,1
TXN0007410,M0220,115.99,card,web,IN-DL,597,697,1,11,105.0,0.4319,0,1,0,0,0,1
TXN0007411,M0147,58.71,card,web,IN-GJ,236,1074,0,1,87.2,0.362,0,0,0,0,0,0
TXN0007412,M0163,1984.77,card,ios,IN-DL,547,1151,2,12,119.5,0.6558,1,0,0,0,0,0
TXN0007413,M0174,52.65,upi,android,IN-WB,897,13,1,7,44.2,0.186,2,0,0,0,0,0
TXN0007414,M0180,85.01,card,android,IN-WB,1776,237,1,2,25.9,0.0635,2,0,0,0,0,0
TXN0007415,M0093,186.25,upi,api,IN-WB,731,1074,1,4,63.1,0.4386,2,0,0,0,0,1
TXN0007416,M0130,425.71,card,android,IN-TN,1313,1025,3,13,55.6,0.2071,1,0,0,0,1,0
TXN0007417,M0122,154.82,netbanking,web,IN-WB,722,1120,7,15,145.7,0.3178,2,0,0,0,0,0
TXN0007418,M0289,186.48,netbanking,api,IN-DL,113,772,3,8,24.5,0.3616,1,0,0,0,1,0
TXN0007419,M0305,331.94,card,android,IN-WB,1413,339,2,4,60.0,0.0853,0,0,0,0,0,0
TXN0007420,M0215,4441.07,card,android,IN-UP,609,130,2,12,89.5,0.1458,1,0,0,0,0,1
TXN0007421,M0119,100.86,card,android,IN-DL,1046,301,1,3,32.3,0.0647,2,0,0,0,0,0
TXN0007422,M0241,108.1,upi,ios,IN-MH,600,884,2,6,68.0,0.3991,1,0,0,0,0,0
TXN0007423,M0070,161.63,upi,web,IN-GJ,1315,1492,2,11,118.3,0.2438,2,0,0,0,0,0
TXN0007424,M0148,354.94,netbanking,ios,IN-DL,1468,909,3,7,96.1,0.1322,0,0,0,0,0,0
TXN0007425,M0283,2248.78,card,api,IN-TN,1342,476,1,7,18.2,0.484,2,0,0,0,0,0
TXN0007426,M0072,161.14,upi,web,IN-KA,1616,66,3,7,148.7,0.1704,2,0,0,0,1,0
TXN0007427,M0394,313.45,upi,ios,IN-TN,1239,522,4,19,95.4,0.3269,2,0,0,0,0,0
TXN0007428,M0367,20.78,upi,api,IN-GJ,951,1346,6,11,118.6,0.4832,2,0,0,0,0,0
TXN0007429,M0247,192.01,upi,ios,IN-GJ,1364,1224,4,12,97.0,0.5173,3,0,0,0,0,0
TXN0007430,M0046,177.48,wallet,ios,IN-UP,1230,1316,2,7,83.5,0.1956,1,0,0,0,0,0
TXN0007431,M0329,498.74,card,web,IN-KA,394,861,1,3,101.6,0.1868,0,0,0,0,0,0
TXN0007432,M0035,107.3,card,api,IN-GJ,529,73,3,6,54.7,0.3639,1,0,0,0,0,0
TXN0007433,M0106,53.01,card,android,IN-TN,178,363,3,10,74.8,0.2372,0,0,0,0,0,0
TXN0007434,M0306,226.48,wallet,android,IN-MH,1375,338,0,10,72.4,0.2718,4,0,0,0,0,0
TXN0007435,M0111,37.86,card,android,IN-WB,291,371,4,8,17.3,0.461,0,0,0,0,0,0
TXN0007436,M0365,80.58,upi,api,IN-DL,155,434,3,14,17.8,0.5423,1,0,0,0,0,0
TXN0007437,M0390,190.18,netbanking,web,IN-MH,1455,959,2,3,24.0,0.096,2,0,0,0,0,0
TXN0007438,M0109,16.38,card,android,IN-GJ,90,41,1,8,26.1,0.5039,1,0,0,0,0,0
TXN0007439,M0347,139.39,upi,android,IN-DL,1720,5,3,8,115.6,0.1543,2,0,1,0,0,0
TXN0007440,M0366,874.32,card,android,IN-WB,398,1351,2,6,77.2,0.2517,1,0,0,0,0,0
TXN0007441,M0212,35.95,wallet,web,IN-MH,1686,613,4,12,20.1,0.2802,2,0,0,0,0,1
TXN0007442,M0295,90.88,card,web,IN-KA,1182,423,1,3,89.1,0.055,0,0,0,0,0,0
TXN0007443,M0360,324.22,card,web,IN-UP,24,741,6,12,81.0,0.4408,5,0,0,0,0,0
TXN0007444,M0131,406.83,card,android,IN-WB,1404,1486,3,9,102.9,0.2924,2,0,0,0,0,0
TXN0007445,M0270,190.74,wallet,api,IN-DL,1791,1269,4,10,45.7,0.213,0,1,0,0,0,0
TXN0007446,M0367,149.41,card,web,IN-DL,1663,420,3,12,24.9,0.3018,2,0,0,0,0,0
TXN0007447,M0117,940.5,upi,ios,IN-MH,1595,577,5,11,93.6,0.3735,2,0,0,0,0,1
TXN0007448,M0146,222.67,upi,ios,IN-GJ,435,17,3,3,60.3,0.1657,1,0,0,0,0,0
TXN0007449,M0334,62.51,netbanking,ios,IN-GJ,358,643,2,4,26.3,0.1752,1,0,0,0,0,0
TXN0007450,M0041,202.98,upi,android,IN-TN,561,1255,5,14,187.9,0.2186,1,0,0,0,1,0
TXN0007451,M0110,157.28,upi,web,IN-WB,1003,559,3,16,39.7,0.4192,0,0,0,0,0,1
TXN0007452,M0010,116.08,card,ios,IN-DL,1399,491,1,5,75.6,0.2118,1,1,0,0,0,0
TXN0007453,M0017,33.51,card,web,IN-GJ,1772,1130,2,12,87.4,0.3344,1,0,0,0,0,0
TXN0007454,M0371,178.73,upi,web,IN-DL,867,686,3,10,44.1,0.3854,0,0,0,0,0,0
TXN0007455,M0266,322.3,wallet,web,IN-MH,848,724,4,11,175.1,0.4022,2,0,0,0,1,0
TXN0007456,M0343,381.24,card,api,IN-KA,1529,656,2,8,50.1,0.3335,2,0,0,0,0,0
TXN0007457,M0382,182.01,card,api,IN-UP,1716,1242,2,5,68.8,0.3423,0,0,0,0,0,0
TXN0007458,M0158,186.51,upi,ios,IN-TN,772,1032,0,6,41.7,0.178,1,0,0,0,0,0
TXN0007459,M0011,102.82,card,api,IN-DL,979,1436,4,10,75.3,0.1717,4,0,0,0,0,0
TXN0007460,M0107,473.87,card,api,IN-GJ,468,495,4,9,70.8,0.4635,2,0,0,0,0,0
TXN0007461,M0010,54.81,wallet,web,IN-DL,620,1312,4,10,77.1,0.2557,1,0,0,0,0,0
TXN0007462,M0029,106.9,card,web,IN-DL,1370,1082,2,10,44.5,0.4092,1,1,0,0,0,0
TXN0007463,M0182,80.41,card,ios,IN-UP,289,1363,3,11,50.7,0.6285,3,0,0,0,0,0
TXN0007464,M0305,160.98,wallet,ios,IN-KA,517,1340,5,8,18.9,0.3434,1,0,0,0,0,0
TXN0007465,M0385,668.97,upi,android,IN-WB,188,360,2,11,23.3,0.348,1,0,0,0,1,1
TXN0007466,M0076,54.89,upi,android,IN-GJ,456,900,6,11,11.5,0.2959,0,0,0,0,0,0
TXN0007467,M0265,237.99,card,api,IN-UP,1272,621,2,6,105.5,0.4618,3,0,0,0,0,0
TXN0007468,M0399,243.35,card,ios,IN-TN,1544,1424,1,6,129.4,0.2257,1,0,0,0,1,0
TXN0007469,M0215,68.64,card,android,IN-UP,590,995,1,6,33.9,0.1248,1,0,0,0,1,0
TXN0007470,M0357,148.47,upi,android,IN-UP,1616,276,1,4,22.0,0.2424,0,0,0,0,0,0
TXN0007471,M0172,73.42,netbanking,ios,IN-GJ,734,276,2,9,38.5,0.0595,1,1,0,0,0,0
TXN0007472,M0372,199.07,card,web,IN-UP,479,1279,0,4,260.7,0.1536,3,0,0,0,0,0
TXN0007473,M0156,159.93,upi,web,IN-KA,1687,1151,3,10,186.1,0.4619,2,0,0,0,0,0
TXN0007474,M0180,810.6,upi,ios,IN-KA,925,1457,3,10,34.3,0.4228,2,0,0,0,0,1
TXN0007475,M0018,83.73,wallet,api,IN-WB,360,972,0,6,115.5,0.4527,3,0,0,0,0,0
TXN0007476,M0273,151.56,upi,ios,IN-UP,399,520,3,9,37.0,0.4326,1,0,0,0,0,0
TXN0007477,M0054,123.88,netbanking,api,IN-WB,672,663,5,18,40.7,0.4288,2,0,0,0,0,0
TXN0007478,M0379,699.02,upi,web,IN-GJ,196,258,2,10,182.5,0.2924,2,0,0,0,1,0
TXN0007479,M0130,110.02,upi,ios,IN-DL,1637,1403,1,4,44.5,0.3131,1,0,0,0,0,0
TXN0007480,M0098,73.83,card,android,IN-UP,1113,643,3,18,20.6,0.3795,2,1,0,0,0,0
TXN0007481,M0073,82.85,upi,api,IN-MH,1693,300,1,9,60.0,0.2747,0,1,0,0,0,0
TXN0007482,M0114,81.49,card,ios,IN-WB,432,1439,1,8,21.4,0.2011,2,0,0,0,0,0
TXN0007483,M0228,100.66,card,web,IN-KA,1445,340,5,13,27.5,0.206,0,0,0,0,1,0
TXN0007484,M0089,76.49,upi,web,IN-KA,1217,119,2,5,63.7,0.3388,2,0,0,0,0,1
TXN0007485,M0235,182.81,upi,web,IN-UP,690,618,3,8,18.3,0.226,3,0,0,0,1,0
TXN0007486,M0389,49.12,upi,api,IN-TN,630,1212,5,11,41.6,0.2674,2,0,0,0,0,0
TXN0007487,M0353,320.39,upi,android,IN-GJ,226,973,1,8,185.5,0.3171,1,1,0,0,0,0
TXN0007488,M0038,187.57,card,android,IN-MH,1438,812,2,8,108.3,0.0925,2,0,0,0,1,0
TXN0007489,M0154,911.17,netbanking,api,IN-DL,1421,964,5,9,95.1,0.2872,2,0,0,0,0,1
TXN0007490,M0159,287.1,upi,ios,IN-KA,1009,332,3,10,101.7,0.642,1,0,0,0,0,0
TXN0007491,M0298,259.52,wallet,api,IN-DL,1510,1215,8,23,47.6,0.4219,1,0,0,0,0,1
TXN0007492,M0146,1342.8,netbanking,web,IN-UP,1116,1486,3,5,42.1,0.1357,1,0,0,0,0,0
TXN0007493,M0393,277.94,card,web,IN-KA,1287,383,3,11,77.4,0.2857,3,0,0,0,0,1
TXN0007494,M0037,145.21,card,web,IN-KA,1794,1179,3,8,48.7,0.1281,1,0,0,0,1,0
TXN0007495,M0221,75.47,netbanking,android,IN-MH,607,1488,1,4,32.9,0.0971,1,0,0,0,0,0
TXN0007496,M0329,769.58,wallet,web,IN-MH,1176,764,1,4,35.0,0.1625,0,0,0,0,0,0
TXN0007497,M0192,65.67,card,web,IN-TN,1174,366,1,8,32.5,0.2517,0,0,0,0,0,0
TXN0007498,M0252,57.59,wallet,android,IN-KA,1634,1408,1,11,77.3,0.2755,1,0,0,0,0,0
TXN0007499,M0053,57.85,card,web,IN-MH,1264,1388,3,10,138.9,0.2014,2,0,0,0,0,0
TXN0007500,M0400,84.82,upi,android,IN-GJ,480,254,3,10,39.2,0.2532,1,0,0,0,0,0
TXN0007501,M0095,187.99,upi,api,IN-WB,1597,1029,1,5,97.4,0.4794,2,0,0,0,0,0
TXN0007502,M0271,138.5,upi,android,IN-TN,1464,502,1,6,23.7,0.3229,0,0,0,0,0,0
TXN0007503,M0383,304.4,upi,web,IN-WB,251,1300,3,9,96.8,0.5313,0,0,0,0,1,0
TXN0007504,M0109,60.52,wallet,android,IN-MH,1327,1485,4,17,8.7,0.3265,2,1,0,0,0,0
TXN0007505,M0252,75.28,card,android,IN-TN,475,542,6,14,24.6,0.314,4,0,0,0,0,0
TXN0007506,M0104,209.87,wallet,web,IN-DL,489,1394,3,13,32.1,0.6341,0,0,0,0,0,0
TXN0007507,M0385,68.63,wallet,android,IN-WB,727,33,2,8,55.6,0.2116,1,0,0,0,0,0
TXN0007508,M0101,46.1,card,web,IN-KA,566,55,3,9,55.5,0.355,1,0,0,0,1,0
TXN0007509,M0290,38.98,wallet,web,IN-MH,1461,507,1,7,86.0,0.2904,1,0,0,0,0,0
TXN0007510,M0391,171.47,upi,android,IN-UP,351,312,2,5,213.2,0.2976,3,0,0,0,0,0
TXN0007511,M0399,168.03,upi,ios,IN-GJ,1608,1092,2,6,125.0,0.3812,3,0,0,0,0,0
TXN0007512,M0237,160.29,wallet,web,IN-DL,100,1408,3,4,129.1,0.3181,1,0,0,0,0,0
TXN0007513,M0114,607.84,upi,android,IN-GJ,501,1124,0,4,52.6,0.4552,1,0,0,0,0,0
TXN0007514,M0400,243.51,card,web,IN-KA,815,88,3,7,95.4,0.4106,1,0,0,0,1,0
TXN0007515,M0380,180.06,upi,android,IN-KA,907,1093,2,4,49.6,0.2379,1,0,0,0,0,0
TXN0007516,M0117,692.96,upi,android,IN-TN,1592,416,3,13,17.0,0.4725,4,1,0,0,1,0
TXN0007517,M0137,477.22,upi,android,IN-WB,1094,1177,1,7,43.0,0.2782,2,0,0,0,0,0
TXN0007518,M0354,86.75,netbanking,android,IN-TN,952,1258,0,7,2.0,0.5259,0,0,0,0,0,0
TXN0007519,M0187,414.68,upi,android,IN-DL,298,447,1,10,41.2,0.1158,0,0,0,0,0,0
TXN0007520,M0021,1059.88,upi,api,IN-TN,77,78,1,5,35.9,0.1335,1,0,0,0,0,0
TXN0007521,M0192,1063.81,wallet,web,IN-KA,1426,1423,5,9,21.1,0.4186,1,1,0,0,0,0
TXN0007522,M0276,478.04,upi,web,IN-WB,1036,765,2,10,37.8,0.4254,2,0,0,0,0,0
TXN0007523,M0385,265.32,netbanking,web,IN-UP,848,753,1,5,37.7,0.5338,2,0,0,0,0,0
TXN0007524,M0359,240.61,upi,android,IN-WB,907,26,3,11,31.1,0.4791,2,0,0,0,0,0
TXN0007525,M0127,772.9,card,api,IN-DL,1610,1000,4,14,23.2,0.1933,0,0,0,0,0,0
TXN0007526,M0198,47.24,netbanking,api,IN-DL,823,1118,0,5,226.2,0.3386,1,0,0,0,0,0
TXN0007527,M0305,639.43,card,api,IN-TN,987,882,2,7,122.3,0.1146,2,0,0,0,1,1
TXN0007528,M0287,205.07,upi,api,IN-DL,928,1192,4,6,49.0,0.5313,2,0,0,0,0,0
TXN0007529,M0084,71.54,upi,android,IN-UP,1499,1401,4,11,80.9,0.4029,1,0,0,0,0,0
TXN0007530,M0045,55.2,upi,android,IN-MH,404,332,3,13,87.6,0.3366,0,0,0,0,0,0
TXN0007531,M0299,32.7,card,android,IN-DL,89,399,5,10,23.7,0.2725,1,0,0,0,0,0
TXN0007532,M0393,316.54,card,api,IN-MH,1724,194,2,8,38.9,0.423,1,0,0,0,0,0
TXN0007533,M0089,1230.79,upi,api,IN-GJ,790,758,2,9,48.5,0.2641,4,0,0,0,0,1
TXN0007534,M0089,109.26,card,android,IN-MH,1038,1461,2,7,27.2,0.1706,0,0,0,0,1,0
TXN0007535,M0038,76.63,upi,android,IN-GJ,755,360,2,8,109.8,0.3448,2,0,0,0,0,0
TXN0007536,M0397,602.7,card,android,IN-TN,530,956,3,10,209.2,0.2775,2,0,0,0,0,1
TXN0007537,M0017,201.63,netbanking,web,IN-GJ,349,1461,5,8,56.6,0.2566,1,0,0,0,0,0
TXN0007538,M0155,631.01,upi,api,IN-MH,1220,955,3,7,27.2,0.6124,1,0,0,0,0,1
TXN0007539,M0182,67.84,card,web,IN-TN,1011,587,1,4,82.1,0.2391,0,0,0,0,0,0
TXN0007540,M0055,345.69,upi,ios,IN-TN,1125,1353,3,4,139.4,0.4372,0,0,0,0,0,0
TXN0007541,M0259,1105.59,upi,ios,IN-WB,1351,1327,3,12,35.9,0.2834,2,0,0,0,0,0
TXN0007542,M0349,62.99,card,web,IN-UP,540,536,2,9,36.5,0.3298,1,0,0,0,0,0
TXN0007543,M0268,130.61,card,android,IN-DL,888,27,5,11,84.3,0.3577,2,0,0,0,0,0
TXN0007544,M0016,125.38,upi,android,IN-MH,1080,544,2,11,21.2,0.163,1,0,0,0,0,0
TXN0007545,M0105,380.88,card,android,IN-WB,1497,899,2,7,67.2,0.4058,2,0,0,0,0,0
TXN0007546,M0269,634.99,upi,ios,IN-KA,176,455,3,9,34.1,0.5177,2,1,0,0,0,0
TXN0007547,M0018,91.03,netbanking,api,IN-UP,528,1277,5,9,197.0,0.3714,5,1,0,0,0,1
TXN0007548,M0182,2188.58,wallet,web,IN-MH,355,1428,1,5,27.2,0.4094,1,0,0,0,0,0
TXN0007549,M0375,190.46,card,android,IN-MH,537,214,1,8,75.2,0.1284,1,0,0,0,0,0
TXN0007550,M0389,102.03,card,ios,IN-TN,1682,1090,5,9,61.6,0.3755,2,0,0,0,1,1
TXN0007551,M0373,750.42,upi,web,IN-TN,301,516,4,11,147.7,0.3655,2,0,0,0,0,0
TXN0007552,M0247,207.06,wallet,web,IN-WB,1350,429,4,8,81.6,0.3624,5,0,0,0,0,1
TXN0007553,M0345,123.56,wallet,web,IN-GJ,1411,1030,4,9,33.8,0.2837,1,0,0,0,0,0
TXN0007554,M0265,104.65,card,web,IN-WB,1340,114,1,5,39.8,0.2237,2,0,0,0,1,0
TXN0007555,M0339,1473.16,card,web,IN-MH,267,98,3,6,87.1,0.2363,1,0,0,0,1,0
TXN0007556,M0173,66.62,card,ios,IN-KA,150,7,6,15,93.1,0.3347,0,0,0,0,0,0
TXN0007557,M0321,554.9,card,android,IN-KA,270,1195,2,6,19.7,0.1387,0,0,0,0,1,0
TXN0007558,M0181,79.94,upi,android,IN-KA,1505,606,1,7,31.0,0.3479,3,0,0,0,1,0
TXN0007559,M0296,96.57,card,api,IN-TN,13,113,6,16,114.5,0.4652,0,0,0,1,0,0
TXN0007560,M0102,165.84,card,android,IN-KA,1297,1185,2,10,117.9,0.3159,3,0,0,0,0,0
TXN0007561,M0053,286.68,card,web,IN-KA,699,862,3,11,149.0,0.3141,2,0,0,0,0,0
TXN0007562,M0202,34.75,card,api,IN-TN,1706,25,4,9,86.4,0.4231,4,1,0,0,0,1
TXN0007563,M0210,104.43,wallet,ios,IN-GJ,786,348,1,6,83.8,0.1655,0,0,0,0,0,0
TXN0007564,M0092,503.73,card,api,IN-DL,829,1455,5,11,121.1,0.3497,3,0,0,0,1,1
TXN0007565,M0057,501.45,card,api,IN-KA,812,836,4,13,109.8,0.4637,2,0,0,0,0,0
TXN0007566,M0022,134.64,upi,web,IN-KA,1453,522,0,4,42.5,0.2748,1,0,0,0,0,0
TXN0007567,M0274,55.57,card,api,IN-GJ,1379,618,3,15,102.1,0.1831,4,0,0,0,1,0
TXN0007568,M0190,223.29,card,android,IN-KA,1725,1009,1,4,117.5,0.2345,2,0,0,0,1,0
TXN0007569,M0192,414.26,netbanking,web,IN-DL,747,1464,4,13,36.3,0.3539,2,0,0,0,0,0
TXN0007570,M0364,215.83,upi,ios,IN-GJ,1513,76,0,3,30.3,0.1791,0,0,0,0,0,0
TXN0007571,M0239,733.87,upi,web,IN-KA,8,1358,0,2,120.0,0.1119,0,0,0,1,0,0
TXN0007572,M0182,137.44,upi,web,IN-UP,1115,56,7,14,33.0,0.3025,1,0,0,0,0,0
TXN0007573,M0048,48.18,card,android,IN-TN,1097,442,4,12,101.6,0.6295,1,0,0,0,0,1
TXN0007574,M0295,99.3,upi,android,IN-TN,92,675,5,10,45.3,0.4282,0,0,0,0,1,0
TXN0007575,M0017,180.28,card,web,IN-DL,309,355,2,5,57.8,0.1828,0,0,0,0,0,0
TXN0007576,M0080,89.08,card,web,IN-MH,1754,1087,3,12,112.3,0.32,0,0,0,0,0,0
TXN0007577,M0317,107.06,card,api,IN-UP,46,390,1,7,66.7,0.1951,1,0,0,0,1,0
TXN0007578,M0133,470.91,upi,android,IN-UP,911,734,0,3,34.7,0.4098,2,0,0,0,0,0
TXN0007579,M0248,79.89,wallet,android,IN-WB,1399,1445,3,9,29.9,0.378,0,0,0,0,1,0
TXN0007580,M0175,47.46,upi,ios,IN-MH,1769,181,1,4,90.3,0.1307,0,0,0,0,0,0
TXN0007581,M0099,404.61,card,web,IN-GJ,443,754,6,11,36.6,0.2567,2,0,0,0,0,0
TXN0007582,M0255,343.21,card,android,IN-UP,1125,1358,4,8,26.0,0.2167,1,0,0,0,0,0
TXN0007583,M0282,63.8,upi,android,IN-UP,1359,1084,2,6,57.9,0.1393,0,1,0,0,0,0
TXN0007584,M0067,365.18,netbanking,web,IN-UP,1627,1266,2,10,53.6,0.1808,0,0,0,0,0,0
TXN0007585,M0183,58.11,upi,android,IN-TN,1155,41,0,2,30.4,0.2531,1,0,0,0,0,0
TXN0007586,M0363,87.31,card,android,IN-WB,420,1234,3,4,61.6,0.4172,1,0,0,0,0,0
TXN0007587,M0226,59.65,netbanking,ios,IN-TN,1590,1357,4,10,150.6,0.1948,0,0,0,0,0,0
TXN0007588,M0309,113.81,upi,ios,IN-MH,1699,675,1,5,17.0,0.2487,4,0,0,0,0,0
TXN0007589,M0338,316.4,card,ios,IN-WB,645,1163,4,17,16.8,0.5753,4,0,0,0,0,1
TXN0007590,M0041,235.76,card,web,IN-GJ,893,1349,0,5,137.8,0.4055,0,0,0,0,0,0
TXN0007591,M0104,79.78,netbanking,web,IN-MH,1170,562,3,11,30.9,0.2211,4,0,0,0,0,0
TXN0007592,M0387,217.55,wallet,ios,IN-DL,1496,182,0,10,66.5,0.2062,1,0,0,0,0,0
TXN0007593,M0305,263.76,wallet,android,IN-TN,1023,55,1,5,60.7,0.2221,1,0,0,0,0,0
TXN0007594,M0026,467.97,upi,android,IN-GJ,1348,1421,2,12,13.1,0.3159,2,0,0,0,0,1
TXN0007595,M0393,257.81,upi,android,IN-MH,1409,328,3,9,175.3,0.2069,1,0,0,0,0,0
TXN0007596,M0032,376.4,upi,ios,IN-GJ,374,1434,2,10,41.7,0.1921,1,0,0,0,0,0
TXN0007597,M0042,192.05,card,web,IN-GJ,593,652,1,9,196.6,0.5361,2,0,0,0,0,0
TXN0007598,M0168,79.69,netbanking,web,IN-UP,1520,181,2,8,14.1,0.386,0,0,0,0,0,0
TXN0007599,M0095,211.62,card,android,IN-GJ,1079,1479,3,12,36.1,0.4663,0,0,0,0,0,0
TXN0007600,M0361,607.02,netbanking,android,IN-TN,360,1319,2,10,61.8,0.2938,2,0,0,0,0,0
TXN0007601,M0185,639.56,card,ios,IN-KA,974,674,3,11,66.4,0.552,1,0,0,0,0,0
TXN0007602,M0093,13.62,netbanking,web,IN-KA,381,816,1,12,31.0,0.4741,1,0,0,0,1,0
TXN0007603,M0216,337.61,upi,web,IN-KA,79,321,1,9,26.8,0.5248,5,0,0,0,0,0
TXN0007604,M0024,109.81,upi,web,IN-TN,827,1243,1,1,25.2,0.1953,2,0,0,0,0,0
TXN0007605,M0126,268.69,card,api,IN-UP,62,1111,1,4,92.5,0.2179,0,0,0,0,0,0
TXN0007606,M0076,45.93,wallet,android,IN-TN,1717,36,1,5,68.9,0.2538,2,0,0,0,0,0
TXN0007607,M0299,117.07,card,web,IN-WB,1625,1068,2,6,71.8,0.2178,1,0,0,0,0,1
TXN0007608,M0100,36.19,upi,android,IN-MH,392,97,2,8,134.1,0.1613,0,0,0,0,0,0
TXN0007609,M0169,116.78,wallet,api,IN-GJ,1153,499,0,4,45.8,0.1595,1,0,0,0,0,0
TXN0007610,M0342,330.48,card,android,IN-TN,696,239,3,7,18.9,0.2514,2,0,0,0,1,0
TXN0007611,M0076,280.9,card,ios,IN-WB,1104,1373,4,8,65.9,0.1911,3,0,0,0,0,0
TXN0007612,M0256,1538.98,card,web,IN-MH,940,1331,3,10,113.6,0.3247,1,0,0,0,0,1
TXN0007613,M0053,107.55,wallet,ios,IN-KA,1337,926,3,9,115.9,0.3033,1,0,0,0,0,0
TXN0007614,M0028,74.79,upi,web,IN-WB,1363,1267,6,11,138.4,0.2228,4,0,0,0,0,0
TXN0007615,M0158,719.73,card,web,IN-MH,29,1348,3,7,25.4,0.1897,0,0,0,0,0,0
TXN0007616,M0313,32.35,upi,web,IN-KA,1522,1308,2,9,51.1,0.1942,3,0,0,0,0,0
TXN0007617,M0382,218.36,card,ios,IN-DL,418,69,2,10,78.6,0.2276,0,0,0,0,0,0
TXN0007618,M0254,297.62,upi,android,IN-TN,1144,1218,3,9,40.3,0.3499,1,0,0,0,0,0
TXN0007619,M0314,17.86,netbanking,android,IN-TN,1170,44,2,11,38.6,0.2704,3,1,0,0,1,0
TXN0007620,M0029,60.5,card,ios,IN-KA,1141,540,1,6,45.3,0.1897,0,0,0,0,0,0
TXN0007621,M0267,45.96,upi,android,IN-DL,1293,1074,3,11,39.1,0.2497,1,0,0,0,0,0
TXN0007622,M0355,414.11,card,android,IN-TN,235,1153,1,8,87.5,0.3813,2,0,0,0,1,0
TXN0007623,M0265,94.68,upi,web,IN-WB,1133,1209,3,5,22.3,0.2564,0,0,0,0,1,0
TXN0007624,M0280,138.74,netbanking,web,IN-UP,676,1309,6,12,33.3,0.309,4,0,0,0,1,0
TXN0007625,M0304,35.85,netbanking,android,IN-KA,740,435,1,9,87.2,0.3048,1,0,0,0,0,0
TXN0007626,M0281,80.08,upi,ios,IN-UP,266,896,5,8,113.8,0.3867,3,0,0,0,0,0
TXN0007627,M0148,81.68,netbanking,api,IN-WB,1060,503,3,13,43.6,0.3358,4,0,0,0,0,0
TXN0007628,M0142,144.72,netbanking,web,IN-GJ,582,748,1,8,25.2,0.4083,0,0,0,0,1,0
TXN0007629,M0113,132.56,card,ios,IN-MH,1260,1244,4,7,73.4,0.0741,2,0,0,0,1,0
TXN0007630,M0148,783.02,card,android,IN-TN,857,335,3,8,210.2,0.2886,3,0,0,0,0,1
TXN0007631,M0072,359.47,wallet,web,IN-WB,732,1055,1,10,17.4,0.3139,1,0,0,0,1,0
TXN0007632,M0058,30.46,netbanking,web,IN-GJ,917,1144,4,9,110.0,0.3345,2,0,0,0,0,0
TXN0007633,M0395,497.95,upi,ios,IN-MH,1015,691,0,4,41.4,0.0873,2,0,0,0,1,0
TXN0007634,M0046,433.99,wallet,api,IN-DL,1219,722,3,7,85.2,0.1844,2,0,0,0,1,0
TXN0007635,M0240,192.69,card,web,IN-MH,143,955,1,7,27.2,0.4476,3,0,0,0,0,0
TXN0007636,M0157,482.36,card,web,IN-UP,1442,1052,3,13,122.2,0.454,1,0,0,0,0,0
TXN0007637,M0239,599.15,upi,ios,IN-DL,306,523,3,5,94.8,0.3587,3,0,0,0,0,1
TXN0007638,M0316,110.74,card,ios,IN-TN,418,133,1,7,174.8,0.2974,0,0,0,0,0,0
TXN0007639,M0363,53.15,card,android,IN-KA,1390,257,2,7,87.8,0.3912,1,0,0,0,0,0
TXN0007640,M0159,316.65,upi,web,IN-UP,7,678,1,6,85.0,0.1319,2,0,0,1,0,0
TXN0007641,M0178,79.64,netbanking,ios,IN-MH,684,1325,4,10,94.2,0.4237,1,0,0,0,1,0
TXN0007642,M0222,234.46,card,api,IN-GJ,1195,978,2,7,85.7,0.5098,1,0,0,0,0,0
TXN0007643,M0339,63.75,upi,ios,IN-TN,1400,8,2,7,43.9,0.0946,1,0,0,0,0,0
TXN0007644,M0146,476.75,card,web,IN-KA,1607,717,2,8,44.7,0.2649,2,0,0,0,0,0
TXN0007645,M0097,84.23,card,ios,IN-TN,1214,973,1,8,99.1,0.6846,3,0,0,0,0,0
TXN0007646,M0215,145.77,card,android,IN-TN,421,657,3,9,65.0,0.5269,4,0,0,0,0,1
TXN0007647,M0312,136.7,wallet,web,IN-MH,653,1330,2,7,24.8,0.5642,0,0,0,0,0,0
TXN0007648,M0309,43.67,upi,android,IN-DL,42,1153,1,6,71.5,0.1705,2,0,0,0,0,0
TXN0007649,M0321,529.79,card,ios,IN-DL,1387,1456,1,5,43.0,0.648,2,0,0,0,0,0
TXN0007650,M0336,650.71,upi,android,IN-KA,13,53,1,8,44.8,0.3616,1,0,0,1,0,0
TXN0007651,M0286,155.95,upi,web,IN-WB,228,259,3,9,15.3,0.2991,1,0,0,0,0,0
TXN0007652,M0001,84.22,upi,ios,IN-DL,1750,980,3,9,52.0,0.1702,0,0,0,0,0,0
TXN0007653,M0119,142.44,upi,ios,IN-KA,289,1127,6,10,54.7,0.4129,3,0,0,0,1,0
TXN0007654,M0299,108.52,card,api,IN-WB,512,41,3,6,79.3,0.425,1,0,0,0,0,0
TXN0007655,M0302,175.95,upi,web,IN-KA,737,326,1,11,46.1,0.4378,3,0,0,0,0,0
TXN0007656,M0313,131.79,netbanking,web,IN-GJ,248,1283,2,7,13.3,0.2355,1,0,0,0,0,0
TXN0007657,M0070,72.66,upi,android,IN-KA,1180,1430,2,12,20.1,0.2365,0,0,0,0,1,0
TXN0007658,M0151,558.0,upi,android,IN-UP,560,1470,0,6,44.2,0.3006,0,0,0,0,0,0
TXN0007659,M0331,145.31,card,api,IN-UP,536,199,0,3,25.2,0.1005,0,0,0,0,0,0
TXN0007660,M0040,1242.16,card,web,IN-KA,1032,606,2,7,146.8,0.2581,0,0,0,0,0,1
TXN0007661,M0327,199.78,upi,web,IN-TN,582,1497,1,2,114.8,0.36,3,0,0,0,0,0
TXN0007662,M0172,120.08,card,ios,IN-GJ,392,1037,2,6,70.4,0.1275,0,0,0,0,0,0
TXN0007663,M0347,135.75,upi,web,IN-DL,1551,218,1,6,32.0,0.2303,0,0,0,0,0,0
TXN0007664,M0116,124.67,upi,android,IN-MH,1044,679,2,11,29.1,0.2525,2,0,0,0,0,0
TXN0007665,M0058,161.87,card,android,IN-GJ,1619,1157,2,8,136.2,0.3606,0,0,0,0,0,0
TXN0007666,M0197,225.19,card,ios,IN-TN,645,437,2,12,31.3,0.358,2,0,0,0,0,0
TXN0007667,M0309,58.62,card,android,IN-MH,1642,14,2,5,82.0,0.2062,2,0,0,0,0,0
TXN0007668,M0272,64.82,upi,ios,IN-KA,1599,964,2,9,104.5,0.2383,2,0,0,0,1,0
TXN0007669,M0393,392.73,upi,web,IN-DL,40,1180,1,4,60.8,0.0762,1,0,0,0,1,0
TXN0007670,M0043,300.55,upi,android,IN-UP,227,1362,3,12,37.5,0.3588,0,0,0,0,0,0
TXN0007671,M0045,37.26,card,ios,IN-MH,1437,1165,3,11,151.8,0.6893,3,0,0,0,0,1
TXN0007672,M0194,303.55,card,web,IN-WB,533,786,1,3,37.3,0.3109,1,0,0,0,1,0
TXN0007673,M0376,417.11,upi,api,IN-WB,1371,18,2,4,11.2,0.2816,1,0,0,0,1,0
TXN0007674,M0052,231.69,card,android,IN-MH,781,1189,2,8,106.5,0.1957,1,1,0,0,1,0
TXN0007675,M0025,34.43,upi,android,IN-MH,465,350,4,8,38.6,0.3208,1,0,0,0,0,0
TXN0007676,M0167,47.27,upi,android,IN-MH,394,829,3,9,50.6,0.1609,1,0,0,0,0,0
TXN0007677,M0074,171.73,upi,ios,IN-WB,408,1231,2,9,50.3,0.2792,3,0,0,0,0,0
TXN0007678,M0079,1182.41,upi,ios,IN-DL,1195,645,2,6,99.0,0.1556,1,0,0,0,0,0
TXN0007679,M0287,105.06,card,ios,IN-WB,63,1382,2,7,87.6,0.1051,0,0,0,0,0,0
TXN0007680,M0370,329.78,upi,api,IN-KA,340,413,3,6,59.9,0.2563,1,0,0,0,0,0
TXN0007681,M0012,94.54,card,ios,IN-GJ,1479,149,4,13,51.9,0.4014,1,0,0,0,0,0
TXN0007682,M0361,985.25,card,android,IN-TN,575,494,1,8,57.5,0.4974,0,0,0,0,1,0
TXN0007683,M0158,187.62,wallet,ios,IN-GJ,1093,688,4,9,50.6,0.4761,1,0,0,0,0,0
TXN0007684,M0110,53.53,card,ios,IN-MH,539,20,6,12,58.5,0.303,4,0,0,0,1,1
TXN0007685,M0343,79.63,upi,web,IN-KA,29,958,0,12,125.7,0.482,2,0,0,0,0,0
TXN0007686,M0037,73.45,upi,android,IN-WB,806,291,2,9,17.1,0.1838,0,0,0,0,0,0
TXN0007687,M0139,202.21,upi,api,IN-TN,406,1382,3,11,97.1,0.389,1,0,0,0,0,0
TXN0007688,M0284,89.71,card,web,IN-MH,1325,860,3,4,31.4,0.5581,2,0,0,0,0,1
TXN0007689,M0140,109.7,wallet,android,IN-DL,1495,59,3,7,14.1,0.3637,2,1,0,0,0,0
TXN0007690,M0266,1260.49,card,ios,IN-DL,1587,1159,3,8,28.6,0.1146,2,0,0,0,0,1
TXN0007691,M0258,100.14,card,android,IN-TN,1084,729,4,15,27.7,0.4307,5,0,0,0,0,0
TXN0007692,M0305,214.74,upi,android,IN-TN,146,405,2,5,13.2,0.2528,2,0,0,0,0,0
TXN0007693,M0186,137.0,upi,android,IN-UP,1540,106,1,5,94.6,0.1913,0,0,0,0,0,0
TXN0007694,M0232,171.36,card,web,IN-KA,1520,130,0,9,28.1,0.1945,2,0,0,0,0,0
TXN0007695,M0367,350.66,upi,web,IN-WB,264,107,2,7,101.7,0.6834,3,1,0,0,1,0
TXN0007696,M0032,19.98,upi,ios,IN-TN,734,962,1,9,56.1,0.1623,0,0,0,0,1,0
TXN0007697,M0275,209.2,upi,web,IN-TN,1714,1016,3,8,89.6,0.2078,1,0,0,0,0,0
TXN0007698,M0253,123.57,netbanking,ios,IN-TN,1453,1369,4,11,111.4,0.5117,2,0,0,0,1,0
TXN0007699,M0113,214.54,card,web,IN-WB,374,1167,2,9,22.1,0.3043,2,0,0,0,0,0
TXN0007700,M0109,146.87,card,web,IN-KA,1129,1031,3,9,48.6,0.3128,3,0,0,0,0,0
TXN0007701,M0313,148.2,netbanking,ios,IN-TN,547,918,3,9,92.2,0.1047,0,0,0,0,1,0
TXN0007702,M0110,241.9,upi,android,IN-GJ,1562,1283,4,11,101.8,0.6545,2,1,0,0,0,1
TXN0007703,M0262,103.83,upi,web,IN-TN,1667,326,2,4,40.6,0.459,2,0,0,0,0,0
TXN0007704,M0384,1286.97,card,ios,IN-GJ,1408,994,3,12,6.8,0.3379,1,0,0,0,0,0
TXN0007705,M0304,68.78,wallet,api,IN-KA,563,139,1,4,39.2,0.3368,1,1,0,0,0,0
TXN0007706,M0040,759.08,wallet,android,IN-KA,710,10,3,7,32.2,0.4764,2,0,0,0,0,1
TXN0007707,M0018,52.02,card,web,IN-UP,1071,510,4,13,59.9,0.3126,1,0,0,0,0,0
TXN0007708,M0236,138.29,netbanking,android,IN-GJ,1706,1058,4,12,81.4,0.2588,0,0,0,0,0,0
TXN0007709,M0141,245.6,card,web,IN-WB,620,901,2,5,44.3,0.0994,2,0,0,0,1,0
TXN0007710,M0237,70.82,upi,web,IN-UP,1000,212,3,4,21.1,0.2428,1,0,0,0,1,0
TXN0007711,M0049,66.1,card,android,IN-TN,1331,1026,5,15,143.9,0.462,1,0,0,0,1,0
TXN0007712,M0183,135.92,upi,web,IN-MH,670,900,2,8,75.8,0.2371,1,0,0,0,0,0
TXN0007713,M0024,440.86,wallet,android,IN-MH,561,389,2,10,71.1,0.3612,2,0,0,0,0,0
TXN0007714,M0006,195.37,upi,web,IN-TN,704,708,1,7,31.8,0.4288,2,0,0,0,0,0
TXN0007715,M0031,1197.16,card,android,IN-UP,794,329,2,6,108.2,0.5168,1,0,0,0,0,0
TXN0007716,M0329,316.6,card,android,IN-WB,168,806,3,6,45.9,0.0931,0,0,0,0,0,0
TXN0007717,M0343,113.94,upi,web,IN-GJ,151,188,4,12,64.5,0.592,2,0,0,0,1,0
TXN0007718,M0180,12.17,card,ios,IN-WB,1258,1404,1,8,111.6,0.2681,2,0,0,0,0,0
TXN0007719,M0092,38.17,card,web,IN-KA,1657,652,3,10,121.2,0.3882,1,1,0,0,0,0
TXN0007720,M0101,138.05,card,api,IN-GJ,1450,1236,0,5,100.7,0.219,0,0,0,0,0,0
TXN0007721,M0023,37.64,card,ios,IN-UP,1630,650,3,6,51.4,0.1231,0,0,0,0,0,0
TXN0007722,M0010,148.46,card,api,IN-UP,1508,854,2,7,189.8,0.2504,3,0,0,0,0,0
TXN0007723,M0199,225.04,upi,web,IN-MH,1447,1425,3,7,135.3,0.2289,2,0,0,0,0,0
TXN0007724,M0319,134.33,card,android,IN-TN,105,221,4,13,39.0,0.2487,1,0,0,0,0,1
TXN0007725,M0388,137.23,netbanking,web,IN-KA,1571,272,3,9,30.7,0.1174,0,0,0,0,1,0
TXN0007726,M0287,1274.86,wallet,android,IN-MH,805,38,5,8,34.0,0.3713,1,0,0,0,1,0
TXN0007727,M0351,192.23,card,android,IN-GJ,1085,77,8,19,44.0,0.4544,1,0,0,0,0,0
TXN0007728,M0349,156.84,netbanking,android,IN-WB,1601,32,4,9,45.2,0.6469,3,0,0,0,0,0
TXN0007729,M0288,66.6,upi,web,IN-MH,154,1112,1,4,7.1,0.4261,1,0,0,0,0,0
TXN0007730,M0384,179.42,upi,web,IN-TN,457,1122,2,7,187.2,0.2249,0,0,0,0,0,0
TXN0007731,M0123,111.55,upi,android,IN-GJ,127,1386,2,7,147.7,0.2313,0,0,0,0,1,0
TXN0007732,M0242,1090.81,upi,ios,IN-GJ,756,1267,1,6,41.2,0.2283,0,0,0,0,0,0
TXN0007733,M0229,318.09,upi,ios,IN-UP,1415,181,4,12,17.7,0.3353,2,0,0,0,0,1
TXN0007734,M0201,744.98,upi,ios,IN-DL,885,984,3,10,16.4,0.2434,0,0,0,0,0,0
TXN0007735,M0351,221.72,card,android,IN-GJ,931,690,2,5,47.9,0.3386,0,1,0,0,1,0
TXN0007736,M0360,625.67,upi,api,IN-WB,422,42,3,11,50.2,0.1249,1,0,0,0,0,0
TXN0007737,M0129,66.17,upi,web,IN-KA,499,1461,1,8,36.1,0.1436,0,0,0,0,1,0
TXN0007738,M0086,231.03,upi,android,IN-KA,1003,237,1,5,139.6,0.2778,1,0,0,0,0,0
TXN0007739,M0302,75.47,upi,web,IN-KA,68,365,2,10,61.3,0.4421,3,0,0,0,0,0
TXN0007740,M0062,115.97,card,android,IN-UP,799,706,5,13,233.1,0.4284,1,0,0,0,1,0
TXN0007741,M0387,187.65,card,android,IN-TN,1771,922,0,4,36.4,0.2321,2,0,0,0,1,0
TXN0007742,M0085,69.12,card,api,IN-TN,1026,1356,3,9,66.2,0.2423,1,1,0,0,0,0
TXN0007743,M0364,41.71,card,ios,IN-TN,174,1151,3,8,125.7,0.0916,1,0,0,0,0,0
TXN0007744,M0172,481.37,card,web,IN-MH,754,768,6,12,31.9,0.1658,1,0,0,0,1,0
TXN0007745,M0195,33.53,upi,android,IN-MH,656,1234,3,6,29.9,0.3477,0,0,0,0,0,0
TXN0007746,M0265,975.59,upi,android,IN-MH,1259,1258,4,11,132.6,0.4334,1,0,0,0,0,1
TXN0007747,M0006,79.62,wallet,ios,IN-DL,1224,54,2,7,131.0,0.1588,2,0,0,0,0,0
TXN0007748,M0091,317.18,wallet,ios,IN-TN,1762,498,3,9,10.7,0.1937,1,0,0,0,0,0
TXN0007749,M0029,336.31,card,android,IN-UP,1121,1321,3,7,192.8,0.3462,0,0,0,0,1,0
TXN0007750,M0101,59.58,upi,web,IN-GJ,426,828,1,3,38.6,0.2397,3,0,0,0,0,0
TXN0007751,M0335,285.16,card,ios,IN-GJ,228,1468,2,4,51.0,0.1564,1,0,0,0,0,0
TXN0007752,M0330,213.71,netbanking,android,IN-UP,284,1435,2,4,79.4,0.352,1,0,0,0,0,0
TXN0007753,M0242,338.4,card,android,IN-GJ,1117,1143,0,6,39.1,0.2485,3,0,0,0,0,0
TXN0007754,M0143,603.37,netbanking,web,IN-KA,1075,253,1,3,81.1,0.3616,0,0,0,0,0,1
TXN0007755,M0352,406.12,upi,android,IN-TN,606,397,0,9,37.8,0.2686,0,0,0,0,1,0
TXN0007756,M0019,75.53,card,ios,IN-UP,1326,841,1,5,98.0,0.4746,0,0,0,0,0,0
TXN0007757,M0107,157.11,wallet,web,IN-KA,307,250,1,8,69.1,0.313,2,0,0,0,0,0
TXN0007758,M0262,78.96,card,android,IN-KA,1286,1230,1,6,37.5,0.1526,1,0,0,0,1,0
TXN0007759,M0254,101.2,card,web,IN-MH,1111,1149,6,10,62.5,0.3955,0,0,0,0,1,0
TXN0007760,M0369,293.22,card,android,IN-MH,316,885,1,4,91.0,0.1708,2,0,0,0,0,0
TXN0007761,M0128,329.65,upi,ios,IN-TN,1620,730,2,5,69.4,0.1374,0,1,0,0,0,1
TXN0007762,M0351,322.14,card,web,IN-DL,1564,888,2,3,27.0,0.1043,0,1,0,0,1,0
TXN0007763,M0128,240.03,card,web,IN-WB,1352,749,1,12,54.5,0.3171,2,0,0,0,1,0
TXN0007764,M0255,279.66,netbanking,android,IN-GJ,1196,1468,2,7,62.7,0.4025,7,0,0,0,0,0
TXN0007765,M0315,114.23,netbanking,android,IN-TN,293,333,1,7,12.9,0.7691,6,0,0,0,0,1
TXN0007766,M0195,695.13,wallet,api,IN-UP,1741,1143,2,8,40.4,0.1565,3,0,0,0,1,0
TXN0007767,M0325,351.08,card,android,IN-UP,314,97,4,12,39.8,0.2625,2,0,0,0,0,0
TXN0007768,M0335,176.25,upi,ios,IN-DL,1452,107,2,9,95.1,0.4003,3,0,0,0,0,0
TXN0007769,M0108,555.14,card,ios,IN-KA,845,357,2,4,172.2,0.2656,0,0,0,0,0,0
TXN0007770,M0172,107.53,wallet,ios,IN-WB,1204,759,3,8,100.0,0.1588,2,0,0,0,0,0
TXN0007771,M0235,202.86,card,web,IN-GJ,39,189,6,12,42.3,0.4285,3,0,0,0,1,0
TXN0007772,M0384,440.47,netbanking,android,IN-DL,570,491,2,7,205.5,0.2787,2,0,0,0,0,0
TXN0007773,M0097,53.24,card,android,IN-MH,38,1108,5,11,53.5,0.5748,0,0,0,0,0,0
TXN0007774,M0340,1661.77,upi,web,IN-GJ,1310,973,1,7,44.6,0.2264,2,0,0,0,0,0
TXN0007775,M0238,99.89,upi,web,IN-DL,454,1389,0,5,38.2,0.2315,2,0,0,0,1,0
TXN0007776,M0258,114.48,card,web,IN-MH,567,165,0,8,139.0,0.3105,4,0,0,0,0,0
TXN0007777,M0198,183.66,card,web,IN-DL,192,162,2,7,183.1,0.5187,3,0,0,0,0,0
TXN0007778,M0050,377.28,upi,android,IN-KA,238,1152,2,8,43.5,0.3415,1,0,0,0,0,0
TXN0007779,M0049,415.12,wallet,web,IN-DL,984,471,2,6,111.7,0.1698,2,0,0,0,0,0
TXN0007780,M0100,806.02,card,web,IN-DL,617,292,4,11,31.1,0.4228,1,0,0,0,0,0
TXN0007781,M0006,168.87,upi,api,IN-KA,79,74,8,18,68.8,0.2471,3,0,0,0,0,0
TXN0007782,M0099,250.39,card,android,IN-GJ,1510,87,3,8,159.2,0.2078,3,0,0,0,1,0
TXN0007783,M0343,38.66,card,web,IN-KA,439,981,3,8,57.4,0.2615,1,0,0,0,0,1
TXN0007784,M0351,61.69,upi,web,IN-DL,77,342,3,8,98.8,0.3664,0,0,0,0,1,0
TXN0007785,M0308,164.29,card,web,IN-UP,105,272,1,2,50.3,0.1566,1,0,0,0,1,0
TXN0007786,M0297,257.45,netbanking,android,IN-UP,731,577,2,9,80.7,0.1777,0,0,0,0,1,0
TXN0007787,M0207,171.88,upi,web,IN-TN,955,394,3,9,145.6,0.4063,0,1,0,0,0,0
TXN0007788,M0113,304.06,card,android,IN-DL,231,1462,8,15,69.7,0.371,0,0,0,0,1,0
TXN0007789,M0313,170.07,card,ios,IN-TN,635,523,3,11,33.2,0.4204,5,0,0,0,1,0
TXN0007790,M0338,142.45,wallet,android,IN-WB,626,1081,1,10,146.2,0.458,1,0,0,0,0,0
TXN0007791,M0338,1984.66,card,ios,IN-TN,150,856,5,10,14.9,0.0989,0,0,0,0,1,0
TXN0007792,M0322,138.35,card,web,IN-UP,1170,1114,3,7,206.5,0.2673,3,0,0,0,0,0
TXN0007793,M0096,495.42,card,web,IN-KA,638,859,3,8,49.7,0.2642,2,0,0,0,1,0
TXN0007794,M0091,48.78,card,api,IN-UP,1262,1457,2,7,62.9,0.624,1,0,0,0,0,0
TXN0007795,M0007,203.61,card,android,IN-KA,2,1335,1,8,103.0,0.3657,5,0,0,1,0,0
TXN0007796,M0158,91.69,card,api,IN-MH,61,784,1,6,70.9,0.1246,0,0,0,0,0,0
TXN0007797,M0021,1303.71,card,web,IN-GJ,1485,1123,3,7,62.7,0.1906,3,0,0,0,0,1
TXN0007798,M0093,103.06,netbanking,web,IN-TN,587,980,1,5,63.9,0.0746,0,0,0,0,0,0
TXN0007799,M0329,174.52,card,ios,IN-GJ,655,583,3,6,134.2,0.2587,2,1,0,0,0,0
TXN0007800,M0081,79.0,card,web,IN-KA,753,101,3,11,245.3,0.0913,0,0,0,0,1,0
TXN0007801,M0238,74.39,upi,web,IN-DL,1198,1175,2,10,90.5,0.0846,1,0,0,0,0,0
TXN0007802,M0051,166.8,upi,web,IN-GJ,1281,415,4,7,63.1,0.0798,0,0,0,0,1,0
TXN0007803,M0043,258.66,wallet,api,IN-KA,1276,79,2,6,40.7,0.0693,2,0,0,0,0,0
TXN0007804,M0185,518.31,netbanking,ios,IN-GJ,1571,283,0,3,34.3,0.4007,0,0,0,0,0,0
TXN0007805,M0372,100.88,upi,ios,IN-DL,999,507,2,8,41.9,0.4317,2,0,0,0,0,0
TXN0007806,M0112,99.2,card,android,IN-TN,453,1433,2,7,145.9,0.1147,0,0,0,0,1,0
TXN0007807,M0005,650.72,card,android,IN-TN,1060,585,3,7,83.5,0.153,1,0,0,0,0,0
TXN0007808,M0210,886.12,wallet,android,IN-MH,525,1167,4,12,64.3,0.2872,4,0,0,0,0,1
TXN0007809,M0081,165.47,upi,web,IN-TN,772,852,2,12,21.7,0.1875,0,0,0,0,0,0
TXN0007810,M0343,286.76,card,android,IN-MH,51,549,2,7,92.1,0.4221,1,0,0,0,0,0
TXN0007811,M0247,955.78,card,web,IN-TN,733,844,0,3,37.5,0.1659,1,0,0,0,0,0
TXN0007812,M0232,2544.74,card,web,IN-GJ,1079,535,3,10,73.0,0.1993,2,0,0,0,0,0
TXN0007813,M0200,273.64,card,web,IN-GJ,551,166,4,19,180.3,0.3157,0,0,0,0,1,0
TXN0007814,M0390,382.33,card,android,IN-KA,197,6,1,5,80.1,0.3091,2,0,1,0,0,0
TXN0007815,M0069,205.58,card,api,IN-WB,129,1381,1,15,118.6,0.404,2,0,0,0,1,0
TXN0007816,M0027,40.97,card,web,IN-WB,214,623,2,11,83.7,0.1852,4,0,0,0,0,0
TXN0007817,M0190,254.54,card,api,IN-TN,629,406,1,7,133.2,0.4139,3,0,0,0,1,0
TXN0007818,M0110,709.2,upi,web,IN-UP,1791,173,2,10,49.5,0.5075,3,0,0,0,0,1
TXN0007819,M0330,84.76,upi,android,IN-GJ,833,758,0,11,38.9,0.5678,0,0,0,0,1,0
TXN0007820,M0287,28.18,netbanking,web,IN-UP,1636,874,5,9,144.8,0.2965,1,0,0,0,0,0
TXN0007821,M0172,324.99,upi,web,IN-GJ,241,1323,2,5,60.0,0.5021,0,0,0,0,1,0
TXN0007822,M0229,31.08,card,web,IN-KA,1748,361,2,9,54.3,0.3047,3,1,0,0,0,0
TXN0007823,M0256,37.37,card,web,IN-KA,1634,176,2,4,139.8,0.0516,0,0,0,0,0,0
TXN0007824,M0132,35.11,upi,api,IN-GJ,158,280,0,6,30.5,0.3745,1,0,0,0,0,0
TXN0007825,M0200,24.29,card,android,IN-WB,16,1075,3,8,95.8,0.4525,0,0,0,0,0,0
TXN0007826,M0033,518.18,card,web,IN-WB,1158,1219,1,8,73.7,0.3079,1,0,0,0,1,0
TXN0007827,M0122,206.7,upi,api,IN-WB,403,490,2,6,32.5,0.2274,0,1,0,0,0,0
TXN0007828,M0260,1407.6,upi,web,IN-MH,1154,839,3,11,64.8,0.4836,1,0,0,0,0,0
TXN0007829,M0205,375.27,upi,android,IN-GJ,1223,203,4,11,40.3,0.3872,2,0,0,0,0,0
TXN0007830,M0194,1414.31,card,web,IN-DL,115,304,1,7,16.3,0.0964,2,0,0,0,0,0
TXN0007831,M0155,94.54,card,web,IN-KA,1482,1338,1,3,16.4,0.3467,0,0,0,0,0,0
TXN0007832,M0372,258.62,card,web,IN-MH,1559,210,4,14,59.3,0.5988,3,0,0,0,0,0
TXN0007833,M0087,50.34,wallet,ios,IN-GJ,853,619,2,10,34.7,0.269,0,0,0,0,0,0
TXN0007834,M0104,136.41,upi,web,IN-TN,1675,655,1,6,7.7,0.3089,4,0,0,0,0,0
TXN0007835,M0233,755.62,upi,android,IN-KA,1059,953,3,11,93.9,0.3296,1,0,0,0,0,1
TXN0007836,M0358,172.85,upi,android,IN-TN,1315,233,1,3,45.8,0.3895,0,0,0,0,0,1
TXN0007837,M0212,142.33,upi,ios,IN-WB,492,842,5,11,131.9,0.5721,1,0,0,0,0,1
TXN0007838,M0035,176.05,wallet,api,IN-TN,1139,579,3,7,252.9,0.2557,1,0,0,0,0,0
TXN0007839,M0022,207.79,wallet,android,IN-DL,1717,1116,2,6,41.9,0.3007,3,0,0,0,0,0
TXN0007840,M0054,208.05,upi,web,IN-GJ,1396,236,2,8,29.7,0.3253,1,0,0,0,0,0
TXN0007841,M0087,682.67,card,web,IN-UP,1159,270,3,12,21.1,0.2901,0,0,0,0,1,0
TXN0007842,M0397,87.52,wallet,android,IN-MH,731,291,2,9,42.6,0.5972,4,0,0,0,0,0
TXN0007843,M0318,146.39,upi,api,IN-WB,237,280,2,9,42.1,0.2116,1,0,0,0,0,0
TXN0007844,M0148,198.52,upi,android,IN-WB,617,329,2,7,29.4,0.3999,2,0,0,0,0,0
TXN0007845,M0201,72.93,card,web,IN-WB,1325,974,5,10,39.9,0.2391,1,0,0,0,0,0
TXN0007846,M0313,115.15,netbanking,android,IN-WB,948,485,4,7,71.5,0.1494,0,0,0,0,0,0
TXN0007847,M0154,387.37,upi,android,IN-TN,230,90,4,8,176.1,0.2184,2,0,0,0,0,0
TXN0007848,M0048,78.95,card,android,IN-WB,424,1468,4,10,137.0,0.3059,0,0,0,0,1,0
TXN0007849,M0359,2883.4,card,web,IN-MH,726,1448,1,5,34.8,0.1901,1,0,0,0,0,0
TXN0007850,M0377,924.79,card,android,IN-WB,83,739,3,7,61.4,0.4909,2,0,0,0,1,0
TXN0007851,M0310,214.84,card,ios,IN-WB,884,125,8,16,21.3,0.3913,3,0,0,0,0,1
TXN0007852,M0104,320.08,upi,web,IN-MH,1644,490,0,5,122.0,0.4077,1,0,0,0,0,0
TXN0007853,M0135,388.97,upi,android,IN-GJ,1300,482,1,6,32.4,0.231,1,0,0,0,0,0
TXN0007854,M0398,315.13,upi,android,IN-DL,1684,884,0,4,59.6,0.3651,2,0,0,0,0,0
TXN0007855,M0013,198.02,upi,android,IN-DL,1793,1002,2,4,11.5,0.1826,1,1,0,0,0,0
TXN0007856,M0081,2820.91,upi,web,IN-KA,98,628,9,16,70.6,0.3838,1,0,0,0,0,1
TXN0007857,M0352,87.76,card,android,IN-UP,669,360,0,7,42.4,0.1048,1,0,0,0,0,0
TXN0007858,M0396,122.24,card,android,IN-DL,364,634,1,5,28.7,0.2417,2,0,0,0,0,0
TXN0007859,M0027,193.57,card,web,IN-TN,1216,1288,4,12,130.8,0.3716,3,0,0,0,1,0
TXN0007860,M0324,343.09,card,web,IN-TN,63,845,0,6,3.2,0.8222,1,0,0,0,1,1
TXN0007861,M0344,1345.8,upi,web,IN-UP,1210,303,4,7,64.9,0.3644,4,0,0,0,0,1
TXN0007862,M0259,179.7,card,android,IN-GJ,696,1098,3,9,180.2,0.4251,0,0,0,0,0,0
TXN0007863,M0129,321.02,upi,ios,IN-GJ,332,124,5,11,22.0,0.3402,1,0,0,0,0,0
TXN0007864,M0217,264.69,upi,ios,IN-DL,376,807,0,13,176.8,0.3484,2,0,0,0,0,0
TXN0007865,M0363,165.72,card,android,IN-MH,1157,1147,1,4,64.2,0.3218,0,0,0,0,0,0
TXN0007866,M0067,623.1,upi,web,IN-TN,854,828,2,9,57.1,0.3058,0,0,0,0,1,0
TXN0007867,M0037,276.27,upi,android,IN-DL,1583,29,4,13,56.3,0.6816,4,0,0,0,0,1
TXN0007868,M0252,483.76,upi,android,IN-DL,1760,1376,3,13,133.0,0.2861,2,0,0,0,0,0
TXN0007869,M0356,134.27,card,android,IN-TN,1000,280,0,8,141.3,0.2116,2,0,0,0,0,0
TXN0007870,M0136,104.82,card,api,IN-TN,1240,53,4,14,28.9,0.4221,0,0,0,0,0,0
TXN0007871,M0040,127.71,wallet,ios,IN-DL,864,304,7,14,115.4,0.1071,1,0,0,0,0,1
TXN0007872,M0325,242.72,upi,web,IN-KA,706,783,0,1,46.9,0.4064,0,0,0,0,0,0
TXN0007873,M0172,550.4,wallet,android,IN-UP,1165,1479,4,9,105.1,0.5518,2,0,0,0,0,1
TXN0007874,M0389,1465.07,card,ios,IN-GJ,24,843,3,13,71.1,0.3722,1,0,0,0,1,1
TXN0007875,M0206,214.42,netbanking,ios,IN-GJ,1452,84,2,5,37.0,0.3056,2,0,0,0,0,0
TXN0007876,M0377,1160.08,card,web,IN-TN,1232,116,0,4,32.8,0.312,3,0,0,0,1,1
TXN0007877,M0315,336.69,card,android,IN-KA,406,84,1,6,45.8,0.3873,3,0,0,0,0,0
TXN0007878,M0382,92.25,card,android,IN-MH,7,1000,3,5,57.8,0.2461,0,0,0,1,0,0
TXN0007879,M0388,202.73,card,ios,IN-KA,294,361,1,6,21.4,0.1491,0,0,0,0,1,0
TXN0007880,M0107,388.47,upi,api,IN-DL,1263,1098,3,10,145.1,0.3625,2,0,0,0,0,0
TXN0007881,M0230,419.72,upi,android,IN-MH,1172,1165,0,8,76.1,0.3471,1,0,0,0,0,0
TXN0007882,M0030,111.42,card,android,IN-TN,1197,569,3,8,17.9,0.2568,1,1,0,0,0,0
TXN0007883,M0079,126.08,card,web,IN-WB,63,111,4,5,107.9,0.5176,3,0,0,0,0,0
TXN0007884,M0138,128.74,netbanking,web,IN-WB,30,755,1,2,171.2,0.3343,2,0,0,0,0,0
TXN0007885,M0253,147.72,wallet,ios,IN-KA,1485,525,4,11,127.9,0.4429,1,0,0,0,0,0
TXN0007886,M0106,244.28,wallet,api,IN-KA,819,550,2,6,11.9,0.0877,1,0,0,0,0,0
TXN0007887,M0271,1189.19,card,android,IN-MH,544,1309,3,10,202.6,0.328,1,0,0,0,0,1
TXN0007888,M0235,118.13,upi,android,IN-TN,143,961,2,5,9.9,0.2473,2,0,0,0,0,0
TXN0007889,M0215,34.93,upi,web,IN-DL,200,1061,4,8,49.8,0.2484,0,0,0,0,0,0
TXN0007890,M0228,32.75,upi,android,IN-WB,1332,811,3,6,97.6,0.4394,2,0,0,0,0,0
TXN0007891,M0099,407.39,netbanking,web,IN-KA,1376,351,1,9,133.9,0.3164,1,0,0,0,0,0
TXN0007892,M0235,104.36,upi,android,IN-KA,507,1262,1,9,124.7,0.2988,1,0,0,0,0,0
TXN0007893,M0399,235.7,netbanking,web,IN-WB,401,878,3,11,18.6,0.1975,0,0,0,0,0,0
TXN0007894,M0174,88.71,upi,android,IN-DL,541,202,3,8,116.9,0.3642,2,0,0,0,0,0
TXN0007895,M0030,155.2,card,api,IN-UP,723,453,3,3,99.4,0.4573,1,1,0,0,1,0
TXN0007896,M0262,130.05,netbanking,android,IN-DL,1527,700,3,6,10.7,0.3585,1,1,0,0,0,0
TXN0007897,M0149,90.57,upi,ios,IN-KA,745,1170,1,6,110.4,0.1001,0,0,0,0,0,0
TXN0007898,M0116,619.75,upi,android,IN-MH,1389,580,3,10,54.4,0.3277,2,0,0,0,0,0
TXN0007899,M0084,667.04,netbanking,android,IN-TN,1476,225,5,12,32.3,0.2342,2,0,0,0,0,0
TXN0007900,M0005,341.3,netbanking,android,IN-TN,1074,1343,1,5,54.5,0.2911,1,0,0,0,0,1
TXN0007901,M0299,1389.66,upi,web,IN-MH,476,1213,0,6,62.2,0.2519,1,0,0,0,0,1
TXN0007902,M0085,48.3,card,web,IN-DL,1775,20,1,6,45.6,0.405,1,0,0,0,0,0
TXN0007903,M0193,145.76,wallet,web,IN-WB,1140,568,2,11,44.8,0.0921,2,0,0,0,0,0
TXN0007904,M0324,126.95,card,web,IN-GJ,1249,907,0,7,100.8,0.1703,4,0,0,0,0,0
TXN0007905,M0143,365.89,upi,web,IN-WB,1797,889,1,3,6.7,0.224,2,0,0,0,1,0
TXN0007906,M0384,51.03,netbanking,ios,IN-DL,1100,836,0,5,140.8,0.2847,0,0,0,0,0,0
TXN0007907,M0361,350.86,card,web,IN-DL,1079,826,6,15,65.1,0.6594,2,0,0,0,0,0
TXN0007908,M0210,42.52,upi,android,IN-UP,1492,1184,2,6,98.9,0.2818,0,0,0,0,0,0
TXN0007909,M0245,380.25,netbanking,web,IN-DL,254,748,1,6,29.3,0.1343,1,0,0,0,0,0
TXN0007910,M0196,571.27,upi,web,IN-KA,1733,442,1,5,39.8,0.4284,1,0,0,0,0,0
TXN0007911,M0091,58.03,netbanking,android,IN-GJ,510,540,1,8,47.4,0.2006,0,0,0,0,1,0
TXN0007912,M0098,124.69,upi,web,IN-GJ,1745,150,2,5,138.8,0.3535,1,0,0,0,1,0
TXN0007913,M0132,591.81,upi,android,IN-KA,963,1154,1,7,61.5,0.3729,0,0,0,0,1,0
TXN0007914,M0358,724.03,wallet,android,IN-DL,1584,1016,0,6,130.5,0.0961,0,0,0,0,1,0
TXN0007915,M0369,43.18,upi,web,IN-DL,580,955,2,4,25.5,0.2326,1,0,0,0,0,0
TXN0007916,M0257,262.32,card,android,IN-TN,1366,979,2,8,14.5,0.3124,2,0,0,0,0,0
TXN0007917,M0091,346.05,upi,web,IN-WB,930,787,5,12,55.9,0.3354,1,0,0,0,0,0
TXN0007918,M0309,178.34,upi,web,IN-GJ,1164,424,2,7,54.5,0.321,2,0,0,0,1,0
TXN0007919,M0283,756.75,wallet,web,IN-KA,978,822,0,3,46.4,0.241,0,0,0,0,0,0
TXN0007920,M0332,104.17,card,android,IN-GJ,1775,920,1,5,25.0,0.5821,2,0,0,0,0,0
TXN0007921,M0220,118.87,card,web,IN-GJ,1324,93,2,6,15.0,0.289,2,0,0,0,0,0
TXN0007922,M0377,93.11,card,ios,IN-DL,454,388,2,6,7.6,0.5278,1,0,0,0,0,0
TXN0007923,M0313,230.1,upi,ios,IN-UP,1121,56,3,8,101.8,0.3274,3,0,0,0,1,0
TXN0007924,M0026,137.6,netbanking,ios,IN-MH,659,1186,2,13,102.6,0.2788,2,0,0,0,0,1
TXN0007925,M0210,430.63,card,web,IN-GJ,1256,42,1,2,76.0,0.2951,1,0,0,0,0,0
TXN0007926,M0224,127.16,card,ios,IN-UP,863,418,4,10,109.4,0.2474,0,0,0,0,0,0
TXN0007927,M0133,152.5,upi,ios,IN-TN,393,968,1,9,55.3,0.2615,0,0,0,0,0,0
TXN0007928,M0233,231.79,card,android,IN-GJ,403,387,1,8,70.9,0.6084,0,0,0,0,0,0
TXN0007929,M0306,82.72,card,ios,IN-UP,762,179,4,9,86.2,0.2549,0,0,0,0,0,1
TXN0007930,M0273,524.51,upi,android,IN-WB,869,419,0,3,75.3,0.103,0,0,0,0,0,0
TXN0007931,M0353,376.88,upi,ios,IN-GJ,1485,888,1,5,96.5,0.2227,0,0,0,0,1,0
TXN0007932,M0049,364.79,netbanking,web,IN-UP,1149,631,1,12,76.4,0.4836,2,0,0,0,1,0
TXN0007933,M0075,68.43,card,web,IN-GJ,1354,176,5,12,45.7,0.5222,3,0,0,0,0,0
TXN0007934,M0382,890.84,upi,android,IN-UP,268,1114,2,5,26.2,0.113,1,0,0,0,0,0
TXN0007935,M0046,29.81,upi,android,IN-KA,328,490,7,12,107.4,0.5058,2,0,0,0,0,0
TXN0007936,M0221,398.28,upi,web,IN-TN,67,1252,2,11,42.6,0.2699,0,0,0,0,1,0
TXN0007937,M0052,218.56,card,ios,IN-KA,116,646,1,10,123.6,0.3241,0,0,0,0,0,0
TXN0007938,M0129,370.54,card,web,IN-UP,263,1073,4,7,33.1,0.2417,1,0,0,0,0,0
TXN0007939,M0085,153.32,netbanking,api,IN-KA,1176,1420,6,10,38.1,0.2942,3,0,0,0,0,0
TXN0007940,M0093,206.98,card,api,IN-DL,823,533,4,8,42.7,0.3903,1,0,0,0,0,0
TXN0007941,M0001,383.01,upi,android,IN-TN,799,1075,1,7,85.8,0.229,0,0,0,0,0,0
TXN0007942,M0211,190.09,card,android,IN-WB,1331,1042,2,14,67.2,0.3672,0,1,0,0,0,0
TXN0007943,M0385,236.07,card,android,IN-GJ,739,317,2,5,73.5,0.1063,1,0,0,0,1,0
TXN0007944,M0124,243.87,card,android,IN-WB,12,373,3,7,37.5,0.3316,0,0,0,1,0,0
TXN0007945,M0342,1708.01,upi,android,IN-DL,46,514,3,9,27.0,0.5872,0,0,0,0,0,0
TXN0007946,M0025,38.53,upi,api,IN-DL,323,720,3,7,108.9,0.2842,1,0,0,0,0,0
TXN0007947,M0252,696.09,netbanking,android,IN-UP,687,1175,3,8,97.7,0.348,3,1,0,0,0,0
TXN0007948,M0355,299.42,upi,api,IN-DL,1589,752,3,10,8.4,0.3311,1,0,0,0,0,1
TXN0007949,M0349,264.47,upi,ios,IN-KA,322,940,6,11,28.1,0.2493,2,0,0,0,1,0
TXN0007950,M0181,53.37,card,api,IN-MH,1323,608,2,6,125.9,0.304,3,0,0,0,1,0
TXN0007951,M0285,602.94,upi,api,IN-WB,62,336,4,12,63.2,0.4418,1,0,0,0,0,0
TXN0007952,M0145,61.29,upi,web,IN-MH,196,951,0,10,69.0,0.2891,2,0,0,0,0,0
TXN0007953,M0135,830.27,upi,android,IN-UP,718,390,2,7,38.4,0.2642,1,0,0,0,0,0
TXN0007954,M0131,110.53,card,android,IN-DL,1146,1219,3,9,44.0,0.4098,3,0,0,0,1,0
TXN0007955,M0262,830.23,upi,android,IN-MH,1484,1333,4,12,8.9,0.3056,2,0,0,0,0,0
TXN0007956,M0207,93.64,card,web,IN-MH,1333,996,4,6,42.0,0.3466,2,0,0,0,0,0
TXN0007957,M0244,74.83,upi,android,IN-WB,1604,906,4,6,28.1,0.205,0,0,0,0,0,0
TXN0007958,M0222,172.52,card,web,IN-TN,780,565,2,13,72.5,0.4972,4,0,0,0,1,1
TXN0007959,M0273,90.44,card,ios,IN-WB,429,399,3,9,33.5,0.2055,0,1,0,0,0,1
TXN0007960,M0240,149.96,card,ios,IN-KA,757,746,3,8,96.6,0.503,1,0,0,0,0,0
TXN0007961,M0138,1025.49,upi,android,IN-WB,495,1275,1,1,7.2,0.2895,1,0,0,0,0,0
TXN0007962,M0382,109.17,upi,web,IN-KA,640,1431,1,7,77.8,0.4364,1,0,0,0,1,0
TXN0007963,M0331,225.97,card,web,IN-DL,178,264,1,13,24.9,0.1786,1,0,0,0,0,0
TXN0007964,M0159,932.6,card,api,IN-WB,1381,632,2,7,31.4,0.2391,0,0,0,0,0,0
TXN0007965,M0053,240.96,netbanking,android,IN-KA,1636,954,4,8,43.2,0.1145,2,0,0,0,0,0
TXN0007966,M0052,585.23,upi,web,IN-TN,173,470,2,4,161.1,0.1431,2,0,0,0,0,0
TXN0007967,M0268,331.15,netbanking,web,IN-MH,118,549,4,10,64.0,0.1773,1,0,0,0,1,0
TXN0007968,M0322,515.49,upi,web,IN-UP,1445,523,1,8,51.9,0.4082,2,0,0,0,0,0
TXN0007969,M0203,177.47,card,android,IN-TN,1687,124,1,5,31.2,0.3028,2,0,0,0,0,0
TXN0007970,M0111,339.58,upi,android,IN-WB,30,356,3,9,87.0,0.1933,2,0,0,0,1,0
TXN0007971,M0170,1157.43,card,web,IN-DL,1154,496,2,12,30.1,0.5324,5,0,0,0,1,1
TXN0007972,M0384,136.31,netbanking,ios,IN-UP,747,415,1,6,23.9,0.2488,2,0,0,0,1,0
TXN0007973,M0260,288.31,card,web,IN-DL,1415,566,4,14,21.9,0.3492,0,0,0,0,0,0
TXN0007974,M0356,96.25,card,ios,IN-KA,929,986,3,5,71.1,0.3244,2,0,0,0,0,0
TXN0007975,M0122,535.02,upi,web,IN-WB,396,1030,5,8,80.7,0.4997,2,0,0,0,0,0
TXN0007976,M0042,35.69,wallet,android,IN-DL,523,132,3,13,36.2,0.2923,2,0,0,0,0,0
TXN0007977,M0006,141.01,wallet,android,IN-WB,1093,410,0,3,51.3,0.1833,1,0,0,0,0,0
TXN0007978,M0242,518.68,upi,web,IN-UP,466,475,0,2,29.2,0.0532,1,0,0,0,0,0
TXN0007979,M0105,162.76,upi,android,IN-GJ,196,346,2,9,73.8,0.4316,1,0,0,0,1,0
TXN0007980,M0233,31.62,card,web,IN-UP,958,853,1,5,24.8,0.2951,1,0,0,0,0,0
TXN0007981,M0147,87.7,card,ios,IN-MH,1185,1066,4,12,172.0,0.2222,1,0,0,0,0,0
TXN0007982,M0150,95.58,upi,ios,IN-DL,1437,857,3,5,87.4,0.1638,0,0,0,0,1,0
TXN0007983,M0206,913.8,card,web,IN-DL,1081,556,1,8,29.3,0.2956,1,0,0,0,0,0
TXN0007984,M0249,417.47,netbanking,web,IN-UP,724,649,6,10,63.4,0.1991,0,0,0,0,0,0
TXN0007985,M0279,462.34,card,web,IN-KA,1483,1002,1,10,71.1,0.3949,3,0,0,0,0,0
TXN0007986,M0092,55.25,upi,web,IN-WB,823,476,3,7,189.3,0.3652,1,0,0,0,1,0
TXN0007987,M0196,189.94,card,ios,IN-GJ,1161,1213,5,10,114.6,0.2326,3,0,0,0,0,0
TXN0007988,M0090,896.63,wallet,web,IN-GJ,1623,40,4,12,34.5,0.3032,0,0,0,0,0,0
TXN0007989,M0314,463.3,upi,android,IN-KA,1748,1475,0,5,302.4,0.1824,2,0,0,0,1,0
TXN0007990,M0289,113.79,card,android,IN-TN,799,292,1,6,20.8,0.3826,1,0,0,0,1,0
TXN0007991,M0099,414.87,card,android,IN-KA,883,236,1,7,15.1,0.2458,1,0,0,0,0,0
TXN0007992,M0237,52.34,card,web,IN-GJ,1565,267,2,10,63.0,0.368,1,0,0,0,1,0
TXN0007993,M0076,80.22,card,ios,IN-TN,993,831,1,6,51.8,0.3686,0,0,0,0,0,0
TXN0007994,M0145,28.76,netbanking,android,IN-GJ,1357,991,5,12,74.0,0.41,3,0,0,0,0,0
TXN0007995,M0175,168.97,upi,web,IN-GJ,137,203,1,6,39.5,0.5188,1,0,0,0,0,0
TXN0007996,M0140,356.16,upi,ios,IN-GJ,1483,90,3,12,23.8,0.1118,0,0,0,0,0,0
TXN0007997,M0342,72.11,wallet,api,IN-KA,195,715,6,14,59.8,0.435,2,0,0,0,0,1
TXN0007998,M0335,172.44,upi,web,IN-WB,700,974,1,5,267.6,0.1815,1,0,0,0,0,0
TXN0007999,M0312,81.65,upi,android,IN-UP,313,152,1,4,85.2,0.176,0,0,0,0,0,0
TXN0008000,M0380,104.64,card,api,IN-WB,1671,1287,0,5,43.3,0.4049,1,0,0,0,0,0
TXN0008001,M0270,66.39,upi,api,IN-DL,213,1408,2,8,64.3,0.3884,3,0,0,0,1,0
TXN0008002,M0213,653.91,upi,web,IN-MH,982,1337,3,8,149.3,0.4011,3,0,0,0,0,0
TXN0008003,M0149,94.69,upi,web,IN-KA,248,693,1,8,67.3,0.4365,4,0,0,0,0,0
TXN0008004,M0288,147.29,upi,api,IN-GJ,34,1245,0,2,15.6,0.1513,0,0,0,0,0,0
TXN0008005,M0066,111.77,upi,android,IN-UP,469,127,3,9,1.3,0.5621,1,0,0,0,0,0
TXN0008006,M0211,259.02,netbanking,ios,IN-TN,141,1470,3,10,142.2,0.1754,2,0,0,0,0,0
TXN0008007,M0322,2280.55,netbanking,web,IN-WB,501,479,2,6,102.3,0.1412,1,0,0,0,1,1
TXN0008008,M0232,3065.36,upi,api,IN-KA,290,953,3,12,52.2,0.2011,2,0,0,0,0,0
TXN0008009,M0096,151.86,upi,web,IN-GJ,1252,1374,2,10,63.3,0.4723,0,0,0,0,1,0
TXN0008010,M0009,287.11,upi,web,IN-DL,309,1473,2,5,7.7,0.3317,1,0,0,0,0,0
TXN0008011,M0125,495.08,wallet,api,IN-TN,876,738,1,3,111.9,0.2155,0,0,0,0,0,0
TXN0008012,M0161,664.47,upi,android,IN-GJ,1,583,2,12,23.6,0.4547,3,0,0,1,0,1
TXN0008013,M0363,357.65,wallet,web,IN-GJ,1668,1463,0,4,65.9,0.4066,1,0,0,0,1,0
TXN0008014,M0099,572.5,card,web,IN-TN,796,761,2,10,26.6,0.1911,2,0,0,0,0,0
TXN0008015,M0189,286.18,wallet,api,IN-GJ,617,340,0,7,58.4,0.1345,0,0,0,0,0,0
TXN0008016,M0148,100.96,upi,web,IN-TN,584,1254,4,7,232.0,0.3625,1,0,0,0,0,0
TXN0008017,M0234,568.95,card,web,IN-DL,115,113,6,16,176.3,0.3625,1,0,0,0,0,1
TXN0008018,M0280,217.71,upi,android,IN-KA,466,483,3,11,15.8,0.4106,1,0,0,0,0,1
TXN0008019,M0118,264.91,card,android,IN-UP,1519,461,2,10,36.6,0.4995,0,0,0,0,0,0
TXN0008020,M0004,48.92,card,ios,IN-TN,695,573,4,6,98.7,0.1648,0,0,0,0,0,0
TXN0008021,M0247,87.89,card,android,IN-DL,1516,1048,2,7,75.3,0.109,1,0,0,0,1,0
TXN0008022,M0206,129.15,card,ios,IN-DL,322,1078,2,9,103.9,0.4567,1,0,0,0,0,0
TXN0008023,M0010,321.47,upi,ios,IN-KA,654,55,1,4,155.7,0.1298,2,0,0,0,0,0
TXN0008024,M0079,1142.97,card,api,IN-UP,1137,1365,1,11,101.8,0.3972,1,0,0,0,1,0
TXN0008025,M0365,413.53,card,ios,IN-UP,127,1133,5,10,39.5,0.0868,0,0,0,0,0,0
TXN0008026,M0212,158.06,wallet,android,IN-WB,636,64,2,10,15.7,0.1434,1,0,0,0,0,0
TXN0008027,M0093,70.62,card,web,IN-TN,1585,1461,4,8,46.1,0.2034,0,0,0,0,0,0
TXN0008028,M0026,660.41,netbanking,web,IN-WB,890,1352,2,11,66.6,0.3991,0,0,0,0,0,0
TXN0008029,M0238,260.89,card,web,IN-UP,1680,507,4,11,138.2,0.3546,2,0,0,0,0,0
TXN0008030,M0270,7.73,upi,android,IN-TN,257,690,2,5,16.9,0.332,0,0,0,0,0,0
TXN0008031,M0340,537.8,card,android,IN-MH,1794,288,2,7,98.6,0.1381,0,0,0,0,1,0
TXN0008032,M0397,275.57,card,web,IN-KA,1581,1253,4,11,123.7,0.49,2,1,0,0,0,0
TXN0008033,M0083,22.1,card,web,IN-TN,704,404,1,4,160.1,0.3471,2,0,0,0,0,0
TXN0008034,M0073,353.21,upi,ios,IN-UP,1012,918,1,4,150.3,0.0862,2,0,0,0,0,0
TXN0008035,M0217,206.32,card,android,IN-GJ,229,536,3,6,39.4,0.3968,3,0,0,0,0,0
TXN0008036,M0286,50.84,upi,web,IN-GJ,283,460,3,7,66.4,0.0902,0,0,0,0,0,0
TXN0008037,M0302,1455.97,card,web,IN-UP,680,111,1,5,81.8,0.0786,0,0,0,0,0,0
TXN0008038,M0043,293.87,upi,ios,IN-GJ,590,882,0,8,46.6,0.3449,2,0,0,0,0,0
TXN0008039,M0397,116.71,netbanking,web,IN-KA,1054,534,3,9,14.5,0.106,0,0,0,0,0,0
TXN0008040,M0208,86.53,upi,android,IN-DL,1627,441,0,10,35.1,0.1073,2,0,0,0,0,0
TXN0008041,M0274,156.32,upi,web,IN-DL,78,1342,2,4,52.7,0.3212,0,0,0,0,0,0
TXN0008042,M0226,161.5,netbanking,web,IN-KA,1507,1190,4,12,48.9,0.4641,2,0,0,0,0,0
TXN0008043,M0105,336.74,upi,web,IN-TN,494,1484,1,7,15.8,0.1979,2,0,0,0,0,0
TXN0008044,M0056,148.93,upi,android,IN-KA,1172,1162,4,11,129.9,0.2491,2,0,0,0,0,0
TXN0008045,M0309,125.1,card,web,IN-KA,1695,80,2,6,75.8,0.297,1,0,0,0,0,0
TXN0008046,M0139,221.58,upi,web,IN-GJ,1320,1287,2,6,26.1,0.0933,2,0,0,0,1,0
TXN0008047,M0370,122.22,netbanking,android,IN-DL,80,831,4,9,34.8,0.2025,2,0,0,0,1,0
TXN0008048,M0161,168.4,netbanking,android,IN-KA,1067,420,4,12,238.8,0.506,1,0,0,0,1,0
TXN0008049,M0294,752.79,upi,web,IN-GJ,272,720,3,13,121.9,0.3597,2,0,0,0,0,0
TXN0008050,M0030,116.54,card,android,IN-DL,457,396,1,6,32.7,0.3634,0,0,0,0,0,1
TXN0008051,M0052,158.64,netbanking,web,IN-DL,1046,1369,4,12,3.4,0.161,0,0,0,0,0,0
TXN0008052,M0348,83.88,card,web,IN-TN,1049,429,1,7,65.9,0.2561,2,0,0,0,0,0
TXN0008053,M0119,543.56,card,ios,IN-GJ,1723,251,4,7,16.8,0.3074,2,0,0,0,1,0
TXN0008054,M0043,33.23,upi,web,IN-UP,511,460,2,10,60.4,0.3595,2,0,0,0,1,0
TXN0008055,M0364,78.45,upi,web,IN-WB,1692,1170,2,7,25.5,0.3009,3,0,0,0,0,0
TXN0008056,M0307,367.51,upi,ios,IN-UP,784,992,5,14,162.6,0.3158,2,0,0,0,0,1
TXN0008057,M0001,154.87,upi,ios,IN-MH,464,812,2,5,34.4,0.432,2,0,0,0,1,0
TXN0008058,M0157,435.18,netbanking,web,IN-MH,1121,267,3,6,108.9,0.2369,0,0,0,0,0,0
TXN0008059,M0271,148.39,upi,android,IN-WB,1105,67,3,9,43.9,0.2955,3,0,0,0,0,0
TXN0008060,M0098,91.91,wallet,android,IN-TN,1617,835,4,12,22.6,0.2968,1,0,0,0,0,0
TXN0008061,M0292,159.28,card,web,IN-TN,1737,967,4,8,25.2,0.2055,1,0,0,0,0,0
TXN0008062,M0107,49.47,upi,android,IN-TN,1196,24,1,4,69.1,0.2822,0,0,0,0,0,0
TXN0008063,M0039,78.82,card,ios,IN-KA,1133,336,3,6,84.0,0.3313,1,0,0,0,0,0
TXN0008064,M0135,448.32,card,api,IN-MH,517,1026,0,7,151.7,0.1002,1,0,0,0,0,0
TXN0008065,M0172,138.96,upi,android,IN-UP,399,884,5,10,150.3,0.381,0,1,0,0,0,0
TXN0008066,M0189,174.64,upi,web,IN-UP,1069,881,2,9,120.5,0.3369,1,0,0,0,0,0
TXN0008067,M0114,203.89,wallet,web,IN-WB,1248,182,1,12,25.6,0.3168,2,0,0,0,0,0
TXN0008068,M0400,37.51,wallet,web,IN-WB,662,725,4,13,64.2,0.347,4,0,0,0,0,0
TXN0008069,M0014,37.87,card,android,IN-MH,920,91,8,16,62.8,0.3194,0,0,0,0,0,1
TXN0008070,M0001,263.63,upi,ios,IN-UP,1034,1305,2,12,28.6,0.3516,2,0,0,0,0,1
TXN0008071,M0009,119.41,card,web,IN-WB,889,648,5,14,18.2,0.4899,2,0,0,0,0,0
TXN0008072,M0184,144.43,upi,web,IN-GJ,83,548,3,5,67.9,0.3126,0,0,0,0,0,0
TXN0008073,M0308,333.03,upi,ios,IN-KA,879,61,4,9,18.0,0.3294,3,0,0,0,1,0
TXN0008074,M0173,70.69,wallet,ios,IN-TN,385,206,0,4,67.5,0.1264,0,0,0,0,0,0
TXN0008075,M0195,102.12,netbanking,web,IN-DL,203,834,0,7,42.1,0.3582,2,0,0,0,0,0
TXN0008076,M0265,126.51,card,ios,IN-DL,843,1201,0,6,108.4,0.3544,4,0,0,0,1,0
TXN0008077,M0191,252.03,upi,web,IN-DL,1421,990,2,7,110.1,0.3515,2,0,0,0,1,0
TXN0008078,M0003,125.65,upi,ios,IN-KA,1434,607,1,5,65.9,0.3471,1,0,0,0,0,0
TXN0008079,M0125,95.59,upi,web,IN-WB,625,637,4,8,58.2,0.1356,4,0,0,0,0,0
TXN0008080,M0090,978.99,upi,android,IN-MH,1023,568,0,3,110.9,0.4223,3,0,0,0,0,0
TXN0008081,M0251,187.33,upi,web,IN-WB,333,1483,1,6,166.3,0.2344,0,0,0,0,1,0
TXN0008082,M0330,346.44,card,android,IN-GJ,505,953,2,6,108.0,0.4113,0,0,0,0,0,0
TXN0008083,M0144,29.48,card,ios,IN-DL,794,416,1,7,91.9,0.274,0,0,0,0,0,0
TXN0008084,M0212,49.64,card,web,IN-WB,702,1081,1,10,150.5,0.1825,3,0,0,0,1,0
TXN0008085,M0295,323.33,upi,ios,IN-MH,1157,1341,3,14,17.3,0.5266,0,1,0,0,0,0
TXN0008086,M0101,141.46,card,web,IN-KA,1341,1245,1,5,8.3,0.1355,1,0,0,0,0,0
TXN0008087,M0370,122.32,upi,android,IN-TN,996,1247,4,13,44.5,0.2793,1,0,0,0,0,0
TXN0008088,M0146,69.58,netbanking,api,IN-GJ,52,144,1,6,145.8,0.5907,3,0,0,0,1,0
TXN0008089,M0189,476.86,netbanking,android,IN-UP,1474,172,3,6,152.3,0.1069,0,1,0,0,0,0
TXN0008090,M0102,346.32,upi,api,IN-UP,819,1091,2,7,56.2,0.3672,1,0,0,0,1,0
TXN0008091,M0132,168.64,card,api,IN-GJ,1518,234,2,9,133.0,0.2646,4,0,0,0,0,0
TXN0008092,M0322,230.16,card,ios,IN-TN,493,686,4,10,229.0,0.2453,0,0,0,0,0,0
TXN0008093,M0119,132.69,card,android,IN-DL,1117,967,0,3,43.7,0.5803,2,0,0,0,0,0
TXN0008094,M0098,90.84,netbanking,api,IN-WB,441,213,4,9,72.2,0.4268,2,1,0,0,0,0
TXN0008095,M0378,107.14,upi,android,IN-KA,993,670,3,11,117.4,0.4065,1,0,0,0,0,0
TXN0008096,M0116,386.59,netbanking,ios,IN-WB,1506,655,5,16,94.2,0.4309,1,0,0,0,1,0
TXN0008097,M0113,121.31,card,android,IN-KA,1020,306,1,5,94.6,0.2417,1,0,0,0,0,0
TXN0008098,M0136,190.64,upi,ios,IN-DL,1796,521,1,7,151.7,0.1476,1,0,0,0,0,0
TXN0008099,M0058,117.15,netbanking,android,IN-GJ,708,628,1,5,129.6,0.4267,1,0,0,0,0,0
TXN0008100,M0242,460.65,upi,web,IN-KA,229,390,2,11,24.4,0.5141,4,0,0,0,0,0
TXN0008101,M0022,93.95,upi,web,IN-TN,845,199,1,7,72.4,0.2558,1,0,0,0,0,0
TXN0008102,M0254,828.86,card,android,IN-UP,1499,369,1,6,100.0,0.2589,4,0,0,0,0,0
TXN0008103,M0115,101.44,card,api,IN-TN,948,637,1,6,19.4,0.0761,0,0,0,0,1,0
TXN0008104,M0036,101.56,netbanking,web,IN-KA,1100,1091,0,4,76.3,0.3412,1,0,0,0,0,0
TXN0008105,M0326,1334.57,upi,api,IN-TN,1441,523,2,9,70.1,0.1669,3,0,0,0,0,1
TXN0008106,M0377,61.96,card,android,IN-DL,473,763,2,9,121.7,0.2962,3,0,0,0,0,0
TXN0008107,M0144,173.4,upi,web,IN-DL,1342,182,4,14,26.3,0.3718,0,0,0,0,1,0
TXN0008108,M0235,495.03,card,web,IN-KA,1716,123,2,5,65.1,0.285,1,0,0,0,0,0
TXN0008109,M0120,38.46,card,api,IN-UP,352,331,4,14,143.1,0.3511,2,0,0,0,1,0
TXN0008110,M0199,233.03,wallet,android,IN-KA,334,1488,4,14,81.8,0.5505,0,0,0,0,0,1
TXN0008111,M0282,38.63,upi,web,IN-WB,1760,901,0,9,87.1,0.3633,2,0,0,0,0,1
TXN0008112,M0283,186.72,wallet,api,IN-DL,1749,421,2,8,40.4,0.3766,1,0,0,0,0,0
TXN0008113,M0359,1378.66,card,ios,IN-KA,1737,386,2,6,16.1,0.3261,2,0,0,0,0,1
TXN0008114,M0247,17.15,upi,android,IN-UP,1543,341,5,9,39.7,0.186,0,0,0,0,0,0
TXN0008115,M0253,166.9,card,android,IN-WB,503,620,0,9,116.8,0.4105,0,0,0,0,0,0
TXN0008116,M0370,114.22,wallet,web,IN-GJ,1009,508,3,13,17.1,0.3289,1,0,0,0,0,0
TXN0008117,M0309,65.74,wallet,android,IN-GJ,1797,844,3,10,38.6,0.2628,5,0,0,0,0,0
TXN0008118,M0202,38.98,card,android,IN-DL,1264,557,6,15,52.0,0.5683,0,0,0,0,0,0
TXN0008119,M0013,540.21,card,ios,IN-KA,945,1041,2,9,106.6,0.2552,2,0,0,0,0,0
TXN0008120,M0174,219.36,card,web,IN-UP,1094,448,2,11,22.3,0.1338,1,0,0,0,1,0
TXN0008121,M0347,28.05,upi,android,IN-KA,408,631,2,7,50.1,0.1074,0,0,0,0,0,0
TXN0008122,M0314,70.21,card,web,IN-DL,632,118,5,7,55.8,0.2316,4,0,0,0,1,1
TXN0008123,M0289,103.97,upi,web,IN-KA,1297,773,0,4,66.8,0.3058,4,1,0,0,0,0
TXN0008124,M0382,37.4,netbanking,api,IN-MH,1735,1313,2,9,138.9,0.2582,2,0,0,0,1,0
TXN0008125,M0271,196.49,upi,web,IN-GJ,87,758,2,6,35.4,0.2871,0,0,0,0,1,0
TXN0008126,M0345,232.3,card,web,IN-UP,746,1325,3,9,41.3,0.2794,1,0,0,0,0,0
TXN0008127,M0225,229.02,upi,android,IN-GJ,1238,1305,7,13,37.0,0.2599,2,0,0,0,1,0
TXN0008128,M0165,1357.9,card,android,IN-MH,837,825,3,8,45.5,0.1963,3,0,0,0,1,1
TXN0008129,M0397,70.26,upi,web,IN-KA,1503,45,4,10,108.9,0.2479,2,0,0,0,1,0
TXN0008130,M0291,112.17,netbanking,web,IN-UP,1162,1350,1,4,5.8,0.3798,0,0,0,0,0,0
TXN0008131,M0057,106.26,card,android,IN-WB,631,334,5,12,6.0,0.3523,1,0,0,0,0,1
TXN0008132,M0225,423.09,card,ios,IN-TN,1377,162,2,11,80.4,0.4593,5,0,0,0,0,1
TXN0008133,M0177,379.22,wallet,android,IN-KA,602,808,2,5,107.4,0.3572,1,0,0,0,0,0
TXN0008134,M0296,58.1,upi,api,IN-DL,743,1388,3,13,61.3,0.3929,3,0,0,0,0,0
TXN0008135,M0228,763.66,card,android,IN-DL,491,774,1,6,108.9,0.34,2,0,0,0,0,0
TXN0008136,M0046,72.6,card,android,IN-UP,1797,530,3,10,105.8,0.2584,1,0,0,0,0,0
TXN0008137,M0162,422.78,card,web,IN-UP,734,1107,1,5,25.2,0.157,0,0,0,0,0,0
TXN0008138,M0070,398.03,netbanking,web,IN-DL,1716,2,6,10,42.4,0.5175,0,0,1,0,0,0
TXN0008139,M0186,267.99,upi,web,IN-DL,1032,1193,2,8,79.7,0.4533,3,0,0,0,0,0
TXN0008140,M0142,129.49,card,android,IN-GJ,226,1138,2,8,13.8,0.4928,2,0,0,0,0,0
TXN0008141,M0331,131.9,netbanking,android,IN-KA,1371,1045,6,12,25.2,0.4463,0,1,0,0,0,0
TXN0008142,M0045,291.26,upi,api,IN-GJ,352,1330,3,17,48.9,0.6205,3,0,0,0,1,0
TXN0008143,M0389,304.69,card,api,IN-KA,1596,1490,2,6,79.4,0.5991,4,0,0,0,0,1
TXN0008144,M0047,365.95,wallet,android,IN-KA,1736,324,3,8,19.5,0.3588,1,0,0,0,1,1
TXN0008145,M0240,366.09,upi,android,IN-GJ,987,643,3,8,72.8,0.2084,3,0,0,0,0,0
TXN0008146,M0021,253.51,netbanking,android,IN-KA,718,437,6,10,22.0,0.165,2,0,0,0,0,1
TXN0008147,M0116,739.75,netbanking,api,IN-UP,855,1044,1,5,67.8,0.4336,1,1,0,0,1,0
TXN0008148,M0285,98.76,upi,web,IN-WB,1396,1083,1,6,40.9,0.0887,1,1,0,0,0,0
TXN0008149,M0239,187.81,netbanking,api,IN-WB,675,963,0,6,42.4,0.2949,2,0,0,0,0,0
TXN0008150,M0300,103.0,upi,android,IN-UP,91,752,2,12,14.7,0.4224,4,0,0,0,0,0
TXN0008151,M0360,2072.62,card,ios,IN-MH,1072,239,1,4,107.6,0.2122,1,0,0,0,0,1
TXN0008152,M0199,386.55,card,web,IN-GJ,1331,541,2,9,130.6,0.146,2,1,0,0,0,0
TXN0008153,M0115,495.87,wallet,ios,IN-WB,261,744,3,12,146.8,0.2254,1,0,0,0,0,0
TXN0008154,M0076,281.27,card,android,IN-GJ,647,285,5,12,14.2,0.3394,2,0,0,0,1,0
TXN0008155,M0221,170.12,upi,web,IN-MH,841,1229,1,6,175.8,0.0615,0,0,0,0,0,0
TXN0008156,M0117,2601.15,upi,android,IN-GJ,1103,778,2,5,49.6,0.2702,1,0,0,0,1,0
TXN0008157,M0309,606.96,netbanking,android,IN-DL,916,34,1,4,86.9,0.3301,2,0,0,0,0,0
TXN0008158,M0041,130.61,card,ios,IN-WB,1359,47,4,7,31.1,0.389,0,0,0,0,0,0
TXN0008159,M0274,137.13,card,web,IN-DL,1133,1288,0,8,131.9,0.2048,2,0,0,0,0,0
TXN0008160,M0061,224.74,upi,android,IN-UP,1284,507,1,9,14.6,0.2584,1,0,0,0,0,0
TXN0008161,M0356,104.81,card,api,IN-GJ,124,252,4,9,78.4,0.3992,2,1,0,0,0,1
TXN0008162,M0052,127.15,upi,android,IN-KA,1655,1335,1,2,76.6,0.3916,3,0,0,0,0,0
TXN0008163,M0194,39.38,wallet,web,IN-KA,773,732,4,7,64.3,0.2906,1,1,0,0,0,0
TXN0008164,M0120,16.4,card,web,IN-GJ,763,948,5,11,59.8,0.1564,1,0,0,0,1,0
TXN0008165,M0121,1299.69,card,api,IN-TN,1371,853,1,6,26.8,0.2926,2,0,0,0,0,0
TXN0008166,M0213,108.49,card,android,IN-DL,748,242,3,9,74.5,0.4041,1,0,0,0,0,0
TXN0008167,M0052,132.81,wallet,android,IN-UP,1411,635,4,11,56.0,0.1862,1,0,0,0,0,0
TXN0008168,M0370,192.87,card,ios,IN-KA,1484,1210,1,6,155.5,0.173,1,0,0,0,1,0
TXN0008169,M0325,361.03,upi,web,IN-KA,978,974,5,14,125.7,0.4415,1,1,0,0,1,0
TXN0008170,M0266,391.06,netbanking,ios,IN-MH,1018,678,0,2,61.6,0.2511,0,0,0,0,0,0
TXN0008171,M0071,503.75,card,web,IN-WB,1569,67,4,5,36.8,0.3552,1,0,0,0,0,0
TXN0008172,M0229,319.85,wallet,android,IN-MH,1345,843,4,8,10.8,0.2245,0,0,0,0,0,0
TXN0008173,M0155,137.69,wallet,web,IN-DL,1358,878,2,6,76.1,0.1826,1,0,0,0,0,0
TXN0008174,M0065,637.51,card,android,IN-TN,1259,1402,1,3,201.4,0.2932,0,0,0,0,0,0
TXN0008175,M0329,150.56,wallet,web,IN-UP,1435,632,5,13,60.6,0.3722,0,0,0,0,0,1
TXN0008176,M0097,505.02,card,web,IN-TN,1385,719,3,9,54.4,0.2863,4,0,0,0,1,0
TXN0008177,M0349,38.6,upi,web,IN-MH,1427,537,2,12,66.2,0.362,0,0,0,0,0,0
TXN0008178,M0194,661.39,upi,ios,IN-WB,730,864,1,9,53.8,0.1695,0,1,0,0,0,0
TXN0008179,M0152,73.8,upi,android,IN-DL,1311,1140,2,8,43.7,0.4868,5,0,0,0,0,1
TXN0008180,M0099,42.22,upi,api,IN-KA,928,101,4,9,110.7,0.2982,0,0,0,0,0,0
TXN0008181,M0316,49.1,netbanking,ios,IN-UP,1541,1084,2,6,97.6,0.1935,1,0,0,0,0,0
TXN0008182,M0129,220.48,card,android,IN-MH,888,1409,3,10,127.3,0.4167,0,0,0,0,0,0
TXN0008183,M0011,1770.27,netbanking,api,IN-MH,175,62,0,9,67.6,0.3498,0,0,0,0,0,0
TXN0008184,M0143,147.95,upi,web,IN-GJ,1466,117,0,12,124.6,0.3096,0,0,0,0,0,0
TXN0008185,M0290,160.88,card,android,IN-TN,907,82,4,6,56.9,0.0899,2,0,0,0,0,0
TXN0008186,M0081,388.14,card,ios,IN-GJ,75,28,3,11,83.1,0.0449,2,0,0,0,0,0
TXN0008187,M0139,101.21,upi,api,IN-UP,1485,78,4,15,17.6,0.5208,5,0,0,0,0,0
TXN0008188,M0181,154.99,upi,android,IN-GJ,91,147,3,7,115.1,0.0814,2,1,0,0,0,0
TXN0008189,M0135,127.03,wallet,ios,IN-TN,197,164,2,8,52.5,0.2118,1,0,0,0,0,0
TXN0008190,M0201,1287.2,card,web,IN-TN,1279,1488,2,12,5.9,0.1378,0,0,0,0,0,0
TXN0008191,M0003,194.14,card,web,IN-UP,280,442,2,8,108.3,0.5952,2,0,0,0,0,0
TXN0008192,M0333,380.54,card,web,IN-TN,485,1166,2,8,155.1,0.3824,0,0,0,0,1,0
TXN0008193,M0289,88.3,upi,web,IN-KA,723,912,7,13,26.2,0.1796,1,0,0,0,0,0
TXN0008194,M0183,57.63,upi,android,IN-KA,1754,1470,4,11,75.3,0.4607,2,0,0,0,0,0
TXN0008195,M0322,349.62,card,ios,IN-WB,1015,487,6,11,184.3,0.3421,4,0,0,0,1,0
TXN0008196,M0323,231.78,wallet,ios,IN-KA,1747,261,1,10,150.0,0.1369,2,0,0,0,0,0
TXN0008197,M0355,504.23,netbanking,android,IN-DL,1303,550,3,7,50.3,0.2987,3,0,0,0,0,0
TXN0008198,M0259,74.16,card,android,IN-KA,519,1318,0,2,127.4,0.1606,2,0,0,0,0,0
TXN0008199,M0060,164.11,card,android,IN-MH,1009,1458,2,4,157.4,0.0684,0,0,0,0,0,0
TXN0008200,M0021,49.63,netbanking,web,IN-KA,604,781,6,15,81.3,0.4816,2,0,0,0,0,0
TXN0008201,M0042,109.79,card,android,IN-KA,390,1451,4,7,75.4,0.2351,3,0,0,0,0,0
TXN0008202,M0312,42.42,wallet,web,IN-MH,961,1361,2,9,68.6,0.2414,4,0,0,0,0,0
TXN0008203,M0034,135.45,card,ios,IN-TN,1526,1366,1,2,107.7,0.399,1,0,0,0,1,0
TXN0008204,M0208,665.67,netbanking,ios,IN-WB,1421,919,1,5,19.6,0.2391,2,1,0,0,0,0
TXN0008205,M0368,76.31,upi,web,IN-MH,477,1151,3,12,63.1,0.4036,0,0,0,0,0,0
TXN0008206,M0085,75.36,card,api,IN-KA,466,167,1,4,31.4,0.2592,1,0,0,0,0,0
TXN0008207,M0036,152.32,upi,web,IN-GJ,1544,1004,1,8,70.8,0.2791,1,0,0,0,1,1
TXN0008208,M0244,149.73,card,web,IN-MH,1138,1390,2,6,133.2,0.0871,0,1,0,0,0,0
TXN0008209,M0369,388.79,card,android,IN-TN,891,1174,5,9,42.6,0.1654,4,0,0,0,0,1
TXN0008210,M0247,49.1,upi,ios,IN-WB,1481,616,3,6,108.1,0.1001,1,0,0,0,0,0
TXN0008211,M0143,14.72,card,ios,IN-MH,73,1167,3,15,93.4,0.2665,3,0,0,0,0,0
TXN0008212,M0341,191.8,upi,android,IN-WB,1356,74,0,8,40.6,0.1487,1,0,0,0,0,0
TXN0008213,M0057,976.16,upi,ios,IN-KA,863,730,1,4,44.0,0.1326,0,1,0,0,0,0
TXN0008214,M0225,148.28,wallet,android,IN-MH,874,1019,5,15,72.8,0.6844,0,0,0,0,0,0
TXN0008215,M0045,267.45,upi,android,IN-KA,1177,1308,4,14,21.1,0.2975,2,0,0,0,0,1
TXN0008216,M0306,166.24,card,api,IN-GJ,405,1257,4,13,95.2,0.2182,2,0,0,0,0,0
TXN0008217,M0150,379.36,card,android,IN-TN,1584,1404,3,8,84.1,0.274,0,0,0,0,0,0
TXN0008218,M0103,134.1,card,api,IN-UP,152,1115,5,8,79.0,0.4968,0,1,0,0,1,0
TXN0008219,M0321,167.21,upi,web,IN-GJ,1048,828,5,14,46.6,0.4972,0,1,0,0,0,1
TXN0008220,M0144,926.22,card,ios,IN-GJ,857,1168,3,7,12.5,0.271,1,0,0,0,0,1
TXN0008221,M0161,565.11,netbanking,api,IN-MH,1784,1104,0,5,117.0,0.2558,3,0,0,0,0,0
TXN0008222,M0165,90.13,upi,android,IN-TN,1170,441,1,5,75.9,0.1982,0,0,0,0,1,0
TXN0008223,M0056,92.51,wallet,ios,IN-GJ,685,1132,2,4,2.9,0.1747,0,0,0,0,1,0
TXN0008224,M0249,99.18,upi,api,IN-UP,758,1319,3,7,96.3,0.325,3,0,0,0,0,0
TXN0008225,M0382,58.5,card,android,IN-GJ,443,810,2,8,82.1,0.4627,2,0,0,0,0,0
TXN0008226,M0288,103.61,card,android,IN-KA,92,9,0,4,38.4,0.3531,0,0,0,0,0,0
TXN0008227,M0194,159.41,card,web,IN-DL,798,674,0,3,21.7,0.3405,0,0,0,0,0,0
TXN0008228,M0309,83.06,upi,api,IN-TN,39,1310,11,22,155.6,0.3874,3,0,0,0,0,1
TXN0008229,M0358,300.19,netbanking,api,IN-WB,1185,1441,0,6,94.0,0.2133,0,0,0,0,0,0
TXN0008230,M0369,33.76,wallet,web,IN-WB,1623,552,4,11,52.5,0.42,3,0,0,0,0,0
TXN0008231,M0084,55.32,upi,web,IN-KA,171,1311,5,13,2.1,0.6027,5,0,0,0,0,1
TXN0008232,M0082,347.96,upi,ios,IN-GJ,1748,592,2,4,64.3,0.2615,1,0,0,0,0,0
TXN0008233,M0165,1204.57,card,api,IN-TN,162,1082,5,17,21.4,0.5184,0,0,0,0,0,1
TXN0008234,M0116,231.79,card,web,IN-TN,856,740,2,3,51.3,0.1316,2,0,0,0,0,0
TXN0008235,M0005,78.16,upi,web,IN-GJ,1124,254,3,9,202.9,0.4468,3,0,0,0,0,0
TXN0008236,M0189,59.14,upi,web,IN-KA,1153,869,1,5,60.9,0.3632,1,0,0,0,0,0
TXN0008237,M0229,123.68,upi,android,IN-UP,691,152,1,4,35.5,0.1785,2,0,0,0,0,0
TXN0008238,M0263,638.76,card,web,IN-DL,81,1143,2,6,10.2,0.1761,1,0,0,0,0,0
TXN0008239,M0194,301.02,card,android,IN-TN,1410,621,3,19,19.4,0.2547,1,0,0,0,0,0
TXN0008240,M0122,52.24,card,android,IN-GJ,833,360,1,7,122.0,0.6249,1,0,0,0,0,1
TXN0008241,M0255,258.61,upi,api,IN-GJ,475,1140,2,8,21.0,0.187,2,0,0,0,0,0
TXN0008242,M0073,755.72,card,ios,IN-TN,812,1406,2,10,92.4,0.3542,3,0,0,0,0,1
TXN0008243,M0301,586.27,upi,android,IN-GJ,780,143,5,12,177.5,0.4104,2,0,0,0,0,0
TXN0008244,M0159,680.96,upi,web,IN-UP,1073,1262,1,3,49.0,0.2048,1,0,0,0,0,0
TXN0008245,M0010,400.71,card,ios,IN-MH,927,68,1,7,96.5,0.1968,1,0,0,0,0,0
TXN0008246,M0024,49.94,upi,android,IN-GJ,1079,350,3,8,56.7,0.4778,1,0,0,0,0,0
TXN0008247,M0250,80.28,card,api,IN-MH,1696,685,1,7,29.5,0.2868,3,0,0,0,0,0
TXN0008248,M0217,1025.06,netbanking,android,IN-KA,1660,1237,1,13,87.5,0.2262,1,0,0,0,1,0
TXN0008249,M0173,128.11,upi,android,IN-KA,14,1085,1,2,36.4,0.2444,1,0,0,0,0,0
TXN0008250,M0058,27.02,card,api,IN-GJ,1159,242,1,3,22.0,0.1539,0,0,0,0,0,0
TXN0008251,M0244,330.08,upi,web,IN-UP,391,1298,7,14,85.1,0.3282,1,0,0,0,1,0
TXN0008252,M0100,520.62,upi,android,IN-TN,123,1215,5,10,60.4,0.3978,3,0,0,0,1,0
TXN0008253,M0343,166.09,card,ios,IN-DL,166,753,3,10,25.5,0.4642,1,0,0,0,0,1
TXN0008254,M0054,311.91,card,ios,IN-WB,1149,142,3,6,47.0,0.1369,0,0,0,0,0,0
TXN0008255,M0399,78.63,upi,web,IN-WB,1784,1040,1,6,37.8,0.3532,2,0,0,0,0,0
TXN0008256,M0270,113.14,card,web,IN-UP,1405,948,1,6,28.2,0.5412,1,0,0,0,0,0
TXN0008257,M0181,29.49,card,android,IN-MH,238,1083,1,6,85.2,0.2709,0,0,0,0,1,0
TXN0008258,M0028,61.52,card,api,IN-KA,379,344,3,9,66.0,0.2431,2,0,0,0,0,0
TXN0008259,M0088,757.23,upi,api,IN-UP,1481,320,3,16,30.5,0.381,2,0,0,0,0,0
TXN0008260,M0203,6.54,upi,android,IN-WB,1092,973,1,5,52.7,0.0439,1,0,0,0,0,0
TXN0008261,M0191,122.19,netbanking,web,IN-DL,936,1270,2,6,151.9,0.2043,1,0,0,0,0,0
TXN0008262,M0216,105.55,upi,web,IN-TN,330,454,0,2,24.0,0.2818,2,0,0,0,1,1
TXN0008263,M0059,326.18,card,android,IN-GJ,1408,21,1,7,51.0,0.3833,0,0,0,0,1,0
TXN0008264,M0366,21.32,upi,android,IN-MH,1501,861,7,10,44.5,0.3666,1,0,0,0,0,1
TXN0008265,M0392,83.89,upi,api,IN-TN,543,122,5,11,23.3,0.2499,1,0,0,0,1,0
TXN0008266,M0041,99.94,netbanking,web,IN-GJ,1796,1446,2,10,165.3,0.2689,0,0,0,0,0,0
TXN0008267,M0296,269.94,upi,api,IN-UP,856,909,1,8,38.7,0.2853,0,0,0,0,0,0
TXN0008268,M0210,178.27,upi,web,IN-KA,70,1153,2,8,71.5,0.3679,1,0,0,0,0,1
TXN0008269,M0152,34.36,upi,web,IN-WB,1760,1071,1,7,22.4,0.2881,2,0,0,0,0,0
TXN0008270,M0367,128.28,card,ios,IN-UP,350,610,2,5,127.2,0.2771,2,0,0,0,1,0
TXN0008271,M0269,82.73,netbanking,ios,IN-UP,172,207,2,15,33.9,0.4956,2,0,0,0,0,0
TXN0008272,M0310,286.13,card,ios,IN-DL,816,1471,7,17,74.4,0.3813,1,1,0,0,0,1
TXN0008273,M0008,140.73,netbanking,android,IN-TN,1117,358,2,12,61.5,0.6105,2,1,0,0,0,1
TXN0008274,M0043,1034.36,wallet,api,IN-UP,1132,1467,3,13,254.3,0.588,3,0,0,0,0,1
TXN0008275,M0141,92.67,upi,android,IN-DL,1725,1096,7,11,94.1,0.4637,2,0,0,0,0,0
TXN0008276,M0302,102.01,card,api,IN-GJ,832,636,4,11,20.1,0.6452,2,0,0,0,0,1
TXN0008277,M0360,105.73,upi,web,IN-WB,228,1311,2,7,32.6,0.1316,1,0,0,0,0,0
TXN0008278,M0218,148.41,card,ios,IN-DL,817,1384,4,8,135.0,0.1321,0,0,0,0,1,0
TXN0008279,M0110,417.69,netbanking,web,IN-UP,1512,235,3,6,10.4,0.2711,1,0,0,0,0,0
TXN0008280,M0255,115.67,upi,web,IN-MH,21,1349,4,10,12.0,0.3559,2,0,0,0,1,0
TXN0008281,M0330,121.21,netbanking,web,IN-UP,497,587,2,8,168.9,0.4436,1,0,0,0,0,0
TXN0008282,M0268,257.23,netbanking,android,IN-GJ,1217,153,2,8,64.3,0.1812,0,0,0,0,0,0
TXN0008283,M0242,69.87,card,android,IN-MH,361,324,1,7,62.7,0.199,0,0,0,0,0,0
TXN0008284,M0090,338.21,card,android,IN-UP,876,1227,1,6,53.9,0.1868,1,0,0,0,1,0
TXN0008285,M0354,123.35,netbanking,ios,IN-KA,300,185,2,7,30.9,0.543,1,0,0,0,1,0
TXN0008286,M0373,72.98,netbanking,web,IN-TN,228,1266,1,5,185.8,0.2102,0,0,0,0,0,0
TXN0008287,M0008,28.61,netbanking,android,IN-UP,1324,1185,4,11,77.0,0.2001,3,0,0,0,0,0
TXN0008288,M0146,59.79,upi,web,IN-TN,1401,636,2,7,10.7,0.3175,2,0,0,0,0,0
TXN0008289,M0160,146.4,card,android,IN-TN,65,1464,5,14,28.1,0.2307,2,0,0,0,0,0
TXN0008290,M0208,164.12,upi,android,IN-GJ,965,300,1,4,46.6,0.3832,2,0,0,0,0,0
TXN0008291,M0088,135.47,netbanking,ios,IN-KA,757,766,2,8,42.0,0.2217,3,0,0,0,0,0
TXN0008292,M0384,40.98,card,api,IN-UP,662,1009,2,9,51.3,0.3709,2,0,0,0,0,0
TXN0008293,M0205,145.64,netbanking,web,IN-MH,1254,469,6,10,25.8,0.2528,1,0,0,0,0,0
TXN0008294,M0027,38.09,card,ios,IN-WB,1148,960,1,6,26.5,0.5029,3,0,0,0,0,0
TXN0008295,M0222,50.55,card,web,IN-UP,252,244,1,2,5.8,0.1185,1,0,0,0,0,0
TXN0008296,M0270,532.76,card,web,IN-KA,1749,1281,4,6,88.7,0.3579,1,1,0,0,0,0
TXN0008297,M0133,157.25,upi,web,IN-DL,404,389,1,11,78.3,0.1816,2,0,0,0,0,0
TXN0008298,M0095,274.5,upi,web,IN-KA,985,842,1,9,63.3,0.2357,3,0,0,0,1,0
TXN0008299,M0380,730.11,upi,api,IN-KA,275,427,3,7,193.1,0.3516,3,0,0,0,1,0
TXN0008300,M0354,164.6,card,android,IN-DL,1082,826,0,9,39.0,0.2279,2,0,0,0,0,0
TXN0008301,M0056,455.6,card,android,IN-GJ,47,457,2,9,19.5,0.1858,2,0,0,0,1,0
TXN0008302,M0156,256.75,wallet,ios,IN-DL,485,1303,3,11,57.7,0.3421,0,0,0,0,0,0
TXN0008303,M0031,84.89,upi,api,IN-KA,822,395,2,11,56.1,0.1457,2,0,0,0,0,0
TXN0008304,M0071,150.82,upi,ios,IN-TN,178,1475,2,11,142.6,0.0956,0,0,0,0,0,0
TXN0008305,M0173,82.19,card,ios,IN-GJ,894,210,3,6,53.6,0.2424,0,0,0,0,0,0
TXN0008306,M0373,321.06,card,android,IN-KA,1046,760,2,5,45.9,0.3668,1,0,0,0,0,0
TXN0008307,M0101,472.14,card,android,IN-MH,1702,515,3,7,42.5,0.2265,2,1,0,0,0,1
TXN0008308,M0147,44.38,card,web,IN-DL,675,243,3,10,122.1,0.3736,2,0,0,0,0,0
TXN0008309,M0200,72.29,upi,ios,IN-TN,1310,134,7,12,57.1,0.2826,0,0,0,0,0,0
TXN0008310,M0066,121.77,card,ios,IN-WB,476,972,2,10,39.2,0.2227,1,0,0,0,0,0
TXN0008311,M0241,77.05,card,android,IN-GJ,1746,906,3,7,24.9,0.2446,1,0,0,0,1,0
TXN0008312,M0252,137.73,upi,android,IN-GJ,1736,226,3,8,56.0,0.3098,3,0,0,0,0,0
TXN0008313,M0077,250.29,netbanking,ios,IN-KA,1362,1157,1,6,141.0,0.4666,3,0,0,0,0,0
TXN0008314,M0024,630.0,upi,web,IN-UP,384,644,2,7,91.9,0.3886,2,0,0,0,0,0
TXN0008315,M0146,105.01,card,web,IN-WB,1761,127,0,6,16.5,0.405,0,0,0,0,0,0
TXN0008316,M0333,100.22,card,android,IN-WB,719,497,2,7,64.0,0.1406,1,0,0,0,0,1
TXN0008317,M0003,252.53,card,web,IN-TN,447,721,7,18,30.0,0.4747,0,0,0,0,0,1
TXN0008318,M0271,165.28,upi,api,IN-MH,724,1031,1,5,132.3,0.2765,0,0,0,0,1,0
TXN0008319,M0344,36.6,card,android,IN-KA,302,1383,5,13,40.3,0.2445,0,1,0,0,1,1
TXN0008320,M0384,73.42,netbanking,web,IN-KA,646,893,2,8,23.6,0.3191,5,0,0,0,0,1
TXN0008321,M0234,122.47,upi,web,IN-UP,704,687,2,8,70.1,0.2756,2,0,0,0,0,0
TXN0008322,M0066,377.87,upi,android,IN-UP,1794,1340,1,10,5.1,0.4106,3,0,0,0,0,0
TXN0008323,M0148,526.58,upi,android,IN-GJ,885,920,4,9,54.9,0.2694,1,0,0,0,0,0
TXN0008324,M0028,60.03,upi,api,IN-DL,1334,226,3,11,69.1,0.3249,4,0,0,0,0,0
TXN0008325,M0231,80.25,upi,ios,IN-GJ,1484,89,4,9,49.7,0.1725,0,0,0,0,0,0
TXN0008326,M0072,410.67,upi,android,IN-DL,1700,1498,1,8,51.7,0.514,1,0,0,0,0,0
TXN0008327,M0192,109.14,upi,web,IN-WB,975,1074,2,5,88.1,0.0874,0,0,0,0,0,0
TXN0008328,M0213,247.52,upi,api,IN-KA,1053,1353,0,5,109.9,0.1947,1,1,0,0,0,0
TXN0008329,M0145,143.01,card,ios,IN-MH,1714,418,3,7,21.8,0.1579,2,0,0,0,1,0
TXN0008330,M0209,178.62,card,android,IN-UP,1225,259,2,8,81.8,0.4124,5,1,0,0,0,1
TXN0008331,M0176,114.3,upi,android,IN-KA,520,776,2,10,42.0,0.3137,0,1,0,0,0,0
TXN0008332,M0091,528.21,card,api,IN-MH,1070,698,2,6,27.2,0.2426,2,0,0,0,1,0
TXN0008333,M0238,36.64,card,web,IN-GJ,1042,514,4,15,162.4,0.2625,4,0,0,0,0,0
TXN0008334,M0221,116.28,netbanking,ios,IN-MH,1055,55,3,5,41.2,0.0852,0,0,0,0,1,0
TXN0008335,M0093,481.26,card,ios,IN-UP,1173,1119,2,6,3.8,0.1112,1,1,0,0,0,0
TXN0008336,M0215,139.64,upi,ios,IN-TN,777,1305,4,6,58.2,0.4445,0,0,0,0,0,0
TXN0008337,M0307,153.85,card,android,IN-TN,281,771,1,7,66.1,0.1975,1,0,0,0,0,0
TXN0008338,M0155,447.9,netbanking,web,IN-DL,657,1136,3,11,21.0,0.3345,2,0,0,0,1,0
TXN0008339,M0055,272.49,netbanking,web,IN-TN,1414,476,1,8,18.4,0.1552,0,1,0,0,0,0
TXN0008340,M0331,398.94,wallet,android,IN-WB,1799,669,4,9,63.4,0.5819,2,0,0,0,0,0
TXN0008341,M0147,566.58,card,web,IN-WB,1151,1163,2,11,27.8,0.1725,0,0,0,0,0,0
TXN0008342,M0081,40.4,wallet,android,IN-KA,1400,729,3,10,53.4,0.6142,1,0,0,0,0,0
TXN0008343,M0351,108.19,card,api,IN-WB,346,117,1,12,166.3,0.2621,0,0,0,0,1,0
TXN0008344,M0325,74.94,card,api,IN-UP,1412,906,1,6,76.6,0.1891,3,1,0,0,0,0
TXN0008345,M0365,235.75,wallet,ios,IN-TN,744,1212,3,5,37.7,0.2274,0,0,0,0,0,0
TXN0008346,M0021,481.65,upi,android,IN-DL,1265,90,2,8,112.3,0.227,1,0,0,0,1,0
TXN0008347,M0060,13.96,upi,ios,IN-KA,1153,397,3,8,16.9,0.1992,1,0,0,0,0,0
TXN0008348,M0123,34.91,card,ios,IN-KA,1369,943,0,4,37.7,0.3898,0,0,0,0,0,0
TXN0008349,M0388,21.37,wallet,web,IN-UP,1320,1206,2,9,69.6,0.2484,3,0,0,0,0,0
TXN0008350,M0286,71.45,upi,ios,IN-KA,1163,1364,2,12,85.9,0.3419,1,0,0,0,0,0
TXN0008351,M0233,174.14,card,ios,IN-KA,751,1148,5,10,65.9,0.4193,2,0,0,0,0,0
TXN0008352,M0270,839.16,wallet,web,IN-MH,1464,194,1,5,38.9,0.2032,2,0,0,0,0,1
TXN0008353,M0209,44.81,card,android,IN-MH,1300,151,1,9,19.7,0.3712,4,0,0,0,0,0
TXN0008354,M0362,1811.18,card,api,IN-TN,249,206,4,10,51.6,0.3779,2,0,0,0,0,1
TXN0008355,M0003,278.75,upi,ios,IN-TN,469,115,2,9,100.2,0.2292,2,0,0,0,0,0
TXN0008356,M0375,289.12,upi,ios,IN-WB,484,1197,2,8,121.1,0.2027,1,0,0,0,0,0
TXN0008357,M0335,336.54,card,android,IN-GJ,549,333,4,12,154.0,0.2542,2,0,0,0,1,0
TXN0008358,M0154,40.01,card,android,IN-KA,1265,1185,3,7,42.6,0.4379,2,0,0,0,1,0
TXN0008359,M0336,90.98,card,web,IN-KA,22,1280,2,13,18.3,0.2695,2,0,0,0,1,0
TXN0008360,M0274,59.05,netbanking,android,IN-WB,469,622,2,6,69.9,0.1881,0,0,0,0,1,0
TXN0008361,M0292,312.36,card,android,IN-KA,878,205,1,4,30.2,0.2048,1,0,0,0,0,0
TXN0008362,M0059,66.08,upi,web,IN-UP,321,72,1,7,52.0,0.4,2,0,0,0,1,0
TXN0008363,M0280,131.72,upi,ios,IN-DL,339,548,1,5,77.7,0.0855,1,0,0,0,0,0
TXN0008364,M0395,83.73,card,api,IN-DL,776,1147,2,6,88.7,0.1691,1,0,0,0,0,0
TXN0008365,M0377,679.86,upi,api,IN-GJ,1084,42,4,14,140.9,0.7287,4,1,0,0,1,1
TXN0008366,M0141,88.57,netbanking,android,IN-TN,603,183,1,10,52.1,0.2941,4,0,0,0,0,0
TXN0008367,M0113,54.15,card,android,IN-GJ,1738,1437,4,13,120.8,0.3893,0,1,0,0,0,1
TXN0008368,M0026,263.3,card,api,IN-TN,754,338,3,10,25.0,0.1795,1,0,0,0,0,1
TXN0008369,M0008,152.84,wallet,android,IN-WB,1799,1357,2,6,23.3,0.2325,2,0,0,0,0,0
TXN0008370,M0400,662.32,wallet,ios,IN-DL,1014,52,1,2,194.7,0.0418,0,0,0,0,1,0
TXN0008371,M0359,221.25,wallet,api,IN-TN,674,589,5,15,45.4,0.3012,1,0,0,0,0,0
TXN0008372,M0309,213.99,card,web,IN-KA,206,429,1,9,28.1,0.2648,0,0,0,0,0,0
TXN0008373,M0052,391.89,card,api,IN-KA,1320,564,1,5,35.5,0.1043,1,0,0,0,0,0
TXN0008374,M0311,257.95,upi,ios,IN-UP,969,609,4,12,77.3,0.2954,1,0,0,0,0,1
TXN0008375,M0083,359.58,card,android,IN-WB,1729,1498,2,10,35.0,0.2906,1,0,0,0,0,0
TXN0008376,M0021,330.67,upi,ios,IN-WB,1741,256,2,6,73.3,0.3215,0,0,0,0,0,0
TXN0008377,M0366,117.34,card,web,IN-MH,942,1072,1,8,14.4,0.2722,3,0,0,0,0,0
TXN0008378,M0340,49.01,upi,ios,IN-WB,443,787,2,5,72.9,0.2298,1,0,0,0,0,0
TXN0008379,M0110,136.47,upi,ios,IN-GJ,601,1274,3,7,27.9,0.1734,0,0,0,0,0,0
TXN0008380,M0157,21.9,card,ios,IN-UP,129,694,3,12,39.2,0.3872,4,0,0,0,0,0
TXN0008381,M0275,77.96,wallet,android,IN-GJ,281,605,3,9,66.9,0.4694,2,0,0,0,0,0
TXN0008382,M0353,109.77,card,android,IN-KA,743,1283,0,12,91.0,0.222,2,0,0,0,0,0
TXN0008383,M0327,596.61,card,ios,IN-UP,317,410,3,5,30.2,0.5981,2,0,0,0,1,0
TXN0008384,M0343,140.05,card,ios,IN-GJ,1542,175,4,7,164.9,0.4266,1,0,0,0,0,0
TXN0008385,M0363,941.61,card,web,IN-MH,1537,1049,4,16,96.5,0.5047,3,0,0,0,0,1
TXN0008386,M0326,261.18,upi,android,IN-KA,316,1217,4,13,140.6,0.4304,1,0,0,0,0,0
TXN0008387,M0219,31.95,wallet,web,IN-TN,466,1212,3,12,34.8,0.1403,2,0,0,0,1,0
TXN0008388,M0341,513.55,card,android,IN-MH,1489,485,5,14,41.0,0.2844,1,0,0,0,1,0
TXN0008389,M0215,462.87,card,ios,IN-DL,487,210,5,11,13.9,0.3562,0,0,0,0,0,0
TXN0008390,M0326,30.49,upi,android,IN-DL,469,769,1,6,49.0,0.5392,2,0,0,0,0,0
TXN0008391,M0349,337.21,card,ios,IN-TN,1344,292,3,6,59.8,0.3913,1,0,0,0,1,0
TXN0008392,M0257,691.85,netbanking,web,IN-KA,723,771,3,7,65.6,0.3098,0,0,0,0,0,0
TXN0008393,M0148,19.15,netbanking,api,IN-UP,1506,1392,3,9,30.3,0.5578,3,0,0,0,0,0
TXN0008394,M0092,55.59,card,android,IN-UP,952,733,3,5,7.8,0.1699,1,0,0,0,0,0
TXN0008395,M0063,422.45,card,web,IN-UP,375,1417,3,5,58.1,0.182,1,0,0,0,0,0
TXN0008396,M0371,136.96,netbanking,web,IN-WB,276,758,1,9,23.6,0.3284,2,0,0,0,0,0
TXN0008397,M0107,720.81,card,web,IN-TN,1239,1410,3,5,168.7,0.1842,2,0,0,0,0,0
TXN0008398,M0164,424.18,card,web,IN-UP,806,352,3,10,4.2,0.191,2,0,0,0,0,1
TXN0008399,M0345,379.24,card,android,IN-WB,804,502,0,3,36.6,0.3853,1,0,0,0,0,0
TXN0008400,M0324,532.22,card,ios,IN-KA,1224,1333,2,5,2.9,0.1235,1,0,0,0,0,0
TXN0008401,M0360,73.01,card,web,IN-KA,498,582,0,7,127.4,0.1522,2,0,0,0,0,0
TXN0008402,M0029,121.5,upi,web,IN-KA,1798,332,1,9,13.7,0.314,1,0,0,0,0,0
TXN0008403,M0287,1159.78,card,android,IN-DL,936,28,2,9,43.3,0.5512,0,1,0,0,0,1
TXN0008404,M0189,116.7,card,android,IN-WB,1548,340,1,8,87.4,0.2437,2,0,0,0,0,0
TXN0008405,M0090,494.85,netbanking,web,IN-GJ,1399,1344,6,14,102.1,0.6457,4,0,0,0,0,1
TXN0008406,M0273,135.93,card,web,IN-WB,1094,958,4,16,44.0,0.3729,1,0,0,0,0,0
TXN0008407,M0052,77.0,upi,api,IN-WB,179,100,4,9,25.8,0.2129,1,0,0,0,1,0
TXN0008408,M0392,61.75,card,android,IN-UP,1326,551,2,7,30.3,0.0955,3,0,0,0,0,0
TXN0008409,M0383,288.07,card,web,IN-MH,128,1074,3,6,65.6,0.368,0,0,0,0,1,0
TXN0008410,M0304,610.57,card,api,IN-GJ,1327,516,4,13,38.8,0.4028,3,0,0,0,0,1
TXN0008411,M0254,270.34,upi,web,IN-DL,1641,83,6,16,44.1,0.3589,0,0,0,0,0,0
TXN0008412,M0138,213.77,wallet,ios,IN-GJ,959,277,2,15,18.5,0.5814,1,0,0,0,0,0
TXN0008413,M0187,52.58,netbanking,ios,IN-TN,1734,1429,2,6,9.9,0.3668,2,0,0,0,0,0
TXN0008414,M0024,165.97,card,ios,IN-MH,1129,173,1,5,133.8,0.1022,0,0,0,0,0,0
TXN0008415,M0097,198.62,upi,ios,IN-MH,951,736,3,6,120.9,0.2067,2,1,0,0,0,0
TXN0008416,M0350,68.79,netbanking,web,IN-TN,958,445,2,8,9.3,0.1177,0,0,0,0,1,0
TXN0008417,M0022,256.02,upi,web,IN-TN,259,1287,2,5,50.1,0.2738,1,0,0,0,0,0
TXN0008418,M0032,83.28,card,web,IN-UP,120,1137,4,11,58.6,0.5669,5,0,0,0,0,1
TXN0008419,M0390,112.04,card,android,IN-WB,142,407,3,6,56.3,0.2409,3,0,0,0,0,0
TXN0008420,M0201,359.63,wallet,android,IN-UP,1611,929,3,7,37.0,0.2968,4,0,0,0,0,0
TXN0008421,M0143,821.2,card,android,IN-GJ,281,1269,3,5,15.1,0.313,1,0,0,0,0,0
TXN0008422,M0285,752.68,netbanking,ios,IN-WB,1146,373,4,9,12.3,0.2744,1,0,0,0,0,0
TXN0008423,M0152,144.16,card,web,IN-KA,509,1220,6,14,60.9,0.2352,0,0,0,0,0,0
TXN0008424,M0310,287.69,card,android,IN-TN,690,58,1,5,65.1,0.1776,1,0,0,0,0,0
TXN0008425,M0311,313.7,card,android,IN-GJ,1231,284,5,9,75.1,0.3202,1,0,0,0,0,1
TXN0008426,M0206,311.86,upi,ios,IN-DL,1569,1080,3,13,73.8,0.4879,1,0,0,0,0,0
TXN0008427,M0367,189.08,upi,web,IN-WB,199,887,0,0,48.5,0.1643,0,0,0,0,0,0
TXN0008428,M0224,608.81,upi,android,IN-MH,944,236,3,7,184.9,0.2957,3,1,0,0,0,1
TXN0008429,M0286,90.27,upi,web,IN-KA,247,1263,2,12,101.1,0.3034,1,0,0,0,0,0
TXN0008430,M0336,53.26,wallet,ios,IN-MH,363,116,6,14,81.7,0.4281,2,0,0,0,0,1
TXN0008431,M0017,237.56,card,android,IN-TN,1283,354,5,10,137.9,0.2643,1,0,0,0,1,0
TXN0008432,M0120,122.16,card,android,IN-WB,54,946,0,0,49.7,0.2695,0,0,0,0,0,0
TXN0008433,M0225,1134.54,card,ios,IN-KA,464,270,3,16,66.9,0.525,1,0,0,0,0,1
TXN0008434,M0243,104.77,card,android,IN-WB,1004,475,3,7,66.5,0.1566,1,0,0,0,0,0
TXN0008435,M0324,469.32,upi,android,IN-TN,389,820,0,3,51.0,0.1445,0,0,0,0,0,0
TXN0008436,M0004,268.0,upi,android,IN-WB,694,872,1,5,15.9,0.2683,1,0,0,0,0,0
TXN0008437,M0325,41.2,upi,api,IN-MH,1049,16,3,7,88.6,0.2218,2,1,0,0,0,0
TXN0008438,M0214,302.3,netbanking,web,IN-GJ,1622,625,5,11,28.3,0.2487,0,0,0,0,0,1
TXN0008439,M0312,87.04,card,web,IN-DL,142,1075,2,8,66.6,0.121,1,0,0,0,0,0
TXN0008440,M0075,1846.16,card,web,IN-GJ,914,819,6,10,120.9,0.3496,1,0,0,0,0,1
TXN0008441,M0012,75.87,wallet,android,IN-DL,1132,366,0,8,10.5,0.3474,3,0,0,0,0,0
TXN0008442,M0061,66.41,netbanking,ios,IN-TN,862,363,1,9,30.6,0.2752,1,0,0,0,0,0
TXN0008443,M0314,18.85,upi,web,IN-KA,35,1495,0,9,99.4,0.2262,2,0,0,0,1,0
TXN0008444,M0186,77.7,wallet,android,IN-UP,1370,1179,4,11,74.4,0.4184,1,0,0,0,0,0
TXN0008445,M0380,345.54,wallet,android,IN-WB,420,1090,1,6,14.7,0.3618,0,0,0,0,1,0
TXN0008446,M0202,59.58,upi,api,IN-WB,178,813,3,10,8.5,0.2382,0,0,0,0,1,0
TXN0008447,M0078,279.69,upi,android,IN-MH,811,1317,0,10,57.8,0.2839,1,0,0,0,1,0
TXN0008448,M0052,216.36,upi,api,IN-MH,344,162,0,5,39.0,0.3124,3,0,0,0,0,0
TXN0008449,M0083,63.01,card,api,IN-DL,1136,361,3,7,72.2,0.3335,0,0,0,0,0,0
TXN0008450,M0348,148.41,upi,ios,IN-UP,971,950,1,8,68.0,0.1555,1,0,0,0,0,0
TXN0008451,M0076,65.2,upi,web,IN-WB,367,49,1,7,118.2,0.2484,2,0,0,0,0,0
TXN0008452,M0239,394.61,card,android,IN-WB,1653,1142,0,6,89.8,0.3645,0,0,0,0,0,0
TXN0008453,M0223,27.03,upi,ios,IN-UP,1582,123,3,10,115.2,0.2312,0,0,0,0,0,0
TXN0008454,M0184,349.36,netbanking,ios,IN-DL,566,769,6,12,60.7,0.4755,1,0,0,0,0,0
TXN0008455,M0183,81.21,wallet,web,IN-MH,1654,775,2,7,64.8,0.4869,4,0,0,0,0,0
TXN0008456,M0300,187.83,upi,android,IN-MH,587,289,6,11,61.3,0.5478,4,0,0,0,0,0
TXN0008457,M0051,266.35,wallet,web,IN-TN,865,306,0,5,20.7,0.2698,3,0,0,0,0,0
TXN0008458,M0094,192.5,netbanking,api,IN-GJ,1018,1426,2,5,23.9,0.1663,1,0,0,0,0,0
TXN0008459,M0242,1313.85,upi,android,IN-WB,491,398,1,6,78.9,0.4081,1,0,0,0,1,0
TXN0008460,M0303,110.08,upi,web,IN-KA,1081,373,3,7,136.8,0.3991,1,0,0,0,1,1
TXN0008461,M0040,42.54,upi,ios,IN-MH,199,898,4,10,57.5,0.3347,0,0,0,0,0,0
TXN0008462,M0375,1468.2,netbanking,android,IN-UP,1089,1136,2,8,69.4,0.5279,1,0,0,0,0,0
TXN0008463,M0380,242.35,upi,web,IN-GJ,1689,199,1,8,41.0,0.1137,0,0,0,0,0,0
TXN0008464,M0152,195.04,card,web,IN-MH,583,97,3,10,30.7,0.2805,0,0,0,0,0,0
TXN0008465,M0074,1575.76,card,web,IN-TN,241,1362,2,11,1.7,0.2692,0,0,0,0,0,0
TXN0008466,M0111,45.35,card,ios,IN-GJ,1042,693,4,8,66.6,0.5691,2,0,0,0,0,0
TXN0008467,M0046,154.58,card,web,IN-WB,538,1053,2,10,79.9,0.4456,1,0,0,0,0,0
TXN0008468,M0379,56.8,card,ios,IN-TN,1337,825,3,8,13.4,0.5001,1,0,0,0,0,0
TXN0008469,M0148,150.93,card,android,IN-WB,592,194,3,6,11.1,0.3442,0,0,0,0,0,0
TXN0008470,M0267,40.26,upi,android,IN-WB,113,36,2,8,69.3,0.2303,1,0,0,0,0,0
TXN0008471,M0022,184.61,card,android,IN-GJ,483,292,2,7,112.5,0.131,0,0,0,0,0,0
TXN0008472,M0172,171.78,card,android,IN-WB,1489,205,3,12,144.4,0.3495,0,0,0,0,1,0
TXN0008473,M0288,163.28,card,android,IN-MH,4,764,1,7,48.8,0.3784,1,1,0,1,0,0
TXN0008474,M0115,17.49,card,ios,IN-KA,1594,1176,4,4,69.6,0.4187,3,0,0,0,0,1
TXN0008475,M0250,364.8,upi,android,IN-MH,373,879,3,6,28.7,0.2418,2,0,0,0,0,0
TXN0008476,M0109,134.51,card,android,IN-KA,492,28,1,3,112.8,0.3254,1,0,0,0,0,0
TXN0008477,M0043,2348.0,netbanking,api,IN-UP,1347,396,1,7,94.0,0.3713,1,1,0,0,0,1
TXN0008478,M0337,106.04,card,ios,IN-TN,1679,1123,3,8,84.1,0.3607,0,0,0,0,0,1
TXN0008479,M0206,89.94,upi,web,IN-KA,370,1484,4,6,85.0,0.2292,1,1,0,0,0,0
TXN0008480,M0154,199.78,card,ios,IN-GJ,1642,226,2,10,49.3,0.2818,0,1,0,0,0,0
TXN0008481,M0081,49.53,upi,api,IN-WB,1375,788,3,4,126.3,0.427,3,0,0,0,0,0
TXN0008482,M0026,579.81,upi,android,IN-DL,49,456,1,4,24.9,0.2335,1,0,0,0,0,0
TXN0008483,M0210,66.95,card,web,IN-WB,749,1316,7,13,30.3,0.3351,1,0,0,0,0,0
TXN0008484,M0140,74.59,upi,android,IN-MH,456,1423,2,8,26.4,0.4528,1,0,0,0,0,0
TXN0008485,M0255,396.39,card,web,IN-WB,146,946,2,6,54.4,0.2961,1,0,0,0,0,0
TXN0008486,M0046,222.47,upi,ios,IN-WB,1662,824,2,10,56.5,0.3951,2,0,0,0,0,0
TXN0008487,M0190,218.26,upi,android,IN-TN,1488,1404,5,9,49.2,0.3224,1,0,0,0,0,0
TXN0008488,M0332,46.21,card,web,IN-GJ,1573,214,6,15,11.4,0.1847,0,0,0,0,0,0
TXN0008489,M0201,475.45,wallet,web,IN-GJ,1143,326,3,7,18.9,0.2148,4,0,0,0,0,0
TXN0008490,M0184,64.18,netbanking,api,IN-MH,1312,1356,2,5,74.7,0.3565,1,0,0,0,0,0
TXN0008491,M0170,32.07,upi,ios,IN-DL,1102,1395,2,7,128.8,0.4588,2,0,0,0,0,1
TXN0008492,M0145,260.51,netbanking,web,IN-WB,84,596,0,9,48.0,0.1055,3,0,0,0,0,0
TXN0008493,M0171,145.19,card,ios,IN-TN,271,873,2,6,76.8,0.4797,1,0,0,0,0,0
TXN0008494,M0173,141.71,card,ios,IN-TN,1598,1438,5,15,87.5,0.3908,1,0,0,0,0,0
TXN0008495,M0384,351.46,card,web,IN-UP,1122,506,4,12,59.7,0.5353,3,0,0,0,0,1
TXN0008496,M0156,130.75,upi,android,IN-MH,583,507,3,7,24.2,0.262,1,0,0,0,1,0
TXN0008497,M0087,31.3,upi,android,IN-WB,1433,84,5,12,77.9,0.2766,5,0,0,0,1,0
TXN0008498,M0228,128.16,upi,ios,IN-MH,951,180,2,7,34.8,0.1402,0,0,0,0,0,0
TXN0008499,M0004,240.04,upi,web,IN-KA,1793,1002,5,13,53.5,0.4364,0,0,0,0,1,0
TXN0008500,M0050,215.12,upi,web,IN-UP,896,216,1,5,12.7,0.1694,0,0,0,0,0,0
TXN0008501,M0117,150.49,netbanking,web,IN-GJ,1207,922,5,10,97.9,0.224,0,0,0,0,0,0
TXN0008502,M0145,2006.21,card,web,IN-WB,1769,956,5,11,96.2,0.5225,1,1,0,0,1,1
TXN0008503,M0354,946.35,upi,ios,IN-GJ,778,7,2,5,59.4,0.3225,0,0,0,0,1,0
TXN0008504,M0043,54.17,card,ios,IN-TN,1670,1480,1,9,46.3,0.2613,1,0,0,0,0,0
TXN0008505,M0182,45.77,upi,web,IN-TN,1474,577,2,6,87.6,0.2573,2,0,0,0,1,0
TXN0008506,M0035,677.89,wallet,web,IN-TN,65,584,3,7,148.3,0.3888,1,1,0,0,0,0
TXN0008507,M0397,522.35,card,android,IN-WB,91,1247,1,9,34.9,0.3463,1,0,0,0,1,1
TXN0008508,M0223,790.36,card,api,IN-TN,166,609,3,8,18.0,0.3167,2,0,0,0,0,1
TXN0008509,M0143,115.44,card,web,IN-GJ,755,846,1,6,162.6,0.1479,1,0,0,0,0,0
TXN0008510,M0050,153.33,upi,api,IN-WB,1460,767,4,9,41.0,0.2047,0,0,0,0,0,0
TXN0008511,M0262,30.41,card,api,IN-UP,1318,306,3,8,15.9,0.3489,3,1,0,0,0,0
TXN0008512,M0008,207.86,card,ios,IN-TN,1328,412,2,10,81.6,0.2652,0,0,0,0,1,0
TXN0008513,M0397,95.03,upi,android,IN-UP,647,1461,3,8,194.7,0.2389,0,0,0,0,0,0
TXN0008514,M0291,82.46,upi,android,IN-GJ,81,1273,2,7,55.8,0.285,3,0,0,0,1,0
TXN0008515,M0382,453.37,upi,api,IN-GJ,106,1284,1,8,31.2,0.2195,0,0,0,0,0,0
TXN0008516,M0353,154.01,card,ios,IN-TN,249,5,5,16,39.0,0.3266,1,0,1,0,0,0
TXN0008517,M0287,410.66,upi,android,IN-GJ,200,1372,2,10,22.6,0.1913,1,0,0,0,1,0
TXN0008518,M0224,161.59,card,api,IN-MH,1703,743,1,5,98.7,0.3189,0,0,0,0,0,0
TXN0008519,M0016,311.41,upi,android,IN-GJ,301,219,5,14,38.2,0.3134,1,0,0,0,0,1
TXN0008520,M0165,48.45,card,web,IN-MH,576,499,0,3,50.8,0.1826,1,0,0,0,0,0
TXN0008521,M0117,67.09,card,web,IN-WB,1496,1159,3,6,23.9,0.301,1,0,0,0,0,0
TXN0008522,M0049,283.25,card,web,IN-GJ,374,1216,6,11,77.1,0.2295,0,0,0,0,0,0
TXN0008523,M0041,977.93,upi,android,IN-DL,1297,954,2,3,229.4,0.2312,0,0,0,0,1,0
TXN0008524,M0014,286.94,upi,android,IN-UP,838,1288,2,9,37.9,0.4732,1,0,0,0,0,0
TXN0008525,M0008,182.8,upi,web,IN-KA,1375,1064,1,10,21.0,0.2053,0,0,0,0,0,0
TXN0008526,M0376,808.56,card,android,IN-GJ,542,652,2,10,96.3,0.2399,3,0,0,0,0,1
TXN0008527,M0124,144.73,card,android,IN-MH,1636,54,3,10,91.6,0.059,2,0,0,0,0,0
TXN0008528,M0146,81.16,wallet,web,IN-KA,1316,1062,3,6,30.7,0.3427,0,0,0,0,0,0
TXN0008529,M0141,181.24,card,web,IN-TN,545,669,1,9,55.8,0.2534,3,0,0,0,0,0
TXN0008530,M0247,261.31,netbanking,web,IN-KA,1198,711,2,7,163.7,0.1921,2,0,0,0,0,0
TXN0008531,M0166,50.74,upi,api,IN-KA,1337,500,2,6,57.6,0.2469,1,0,0,0,0,0
TXN0008532,M0326,204.8,netbanking,android,IN-KA,1775,806,2,5,48.4,0.3162,0,0,0,0,0,0
TXN0008533,M0215,32.09,upi,web,IN-UP,656,361,4,10,45.5,0.2395,5,0,0,0,0,0
TXN0008534,M0336,133.28,upi,web,IN-UP,1758,1388,2,8,2.6,0.1089,1,0,0,0,0,0
TXN0008535,M0238,153.91,card,ios,IN-WB,1414,578,4,8,14.0,0.2057,0,0,0,0,0,0
TXN0008536,M0296,174.29,netbanking,api,IN-DL,787,161,3,9,32.1,0.4465,2,0,0,0,0,0
TXN0008537,M0218,25.4,upi,ios,IN-WB,1252,740,4,15,19.1,0.4505,2,0,0,0,0,1
TXN0008538,M0111,199.03,card,api,IN-MH,1017,889,0,9,36.5,0.3301,2,0,0,0,0,0
TXN0008539,M0246,431.33,netbanking,android,IN-DL,1781,1154,4,7,113.5,0.4641,2,0,0,0,0,0
TXN0008540,M0053,735.85,card,api,IN-KA,111,727,1,9,121.2,0.3604,2,0,0,0,0,0
TXN0008541,M0009,769.62,upi,web,IN-DL,1362,852,6,15,171.3,0.359,3,0,0,0,0,1
TXN0008542,M0075,184.63,card,android,IN-WB,1499,918,1,7,18.0,0.6644,5,0,0,0,0,0
TXN0008543,M0115,2146.31,card,web,IN-WB,11,592,3,7,153.4,0.3246,1,0,0,1,0,0
TXN0008544,M0067,84.17,upi,web,IN-MH,917,1379,2,5,43.1,0.0805,0,0,0,0,0,0
TXN0008545,M0278,86.88,upi,android,IN-MH,1259,1170,1,6,68.5,0.1758,0,0,0,0,0,0
TXN0008546,M0268,183.29,upi,api,IN-GJ,1529,911,3,11,35.4,0.2579,0,0,0,0,0,0
TXN0008547,M0358,411.64,upi,web,IN-MH,183,1221,0,6,49.9,0.2219,1,0,0,0,0,0
TXN0008548,M0304,342.49,upi,web,IN-MH,500,1207,6,8,58.2,0.4854,0,0,0,0,0,1
TXN0008549,M0121,16.85,card,api,IN-WB,983,556,1,5,35.5,0.1738,2,0,0,0,1,0
TXN0008550,M0139,68.63,upi,android,IN-GJ,1157,1338,3,8,30.2,0.2726,0,0,0,0,0,0
TXN0008551,M0182,387.67,upi,android,IN-MH,284,453,0,6,13.9,0.1683,0,0,0,0,0,0
TXN0008552,M0364,74.02,wallet,android,IN-MH,1483,1008,3,7,61.3,0.2273,3,0,0,0,0,0
TXN0008553,M0110,158.26,card,api,IN-MH,891,1262,1,5,171.5,0.5758,1,0,0,0,0,0
TXN0008554,M0223,257.77,upi,ios,IN-UP,723,1302,4,9,90.6,0.3337,1,0,0,0,1,1
TXN0008555,M0263,291.96,upi,ios,IN-MH,1426,135,0,5,39.8,0.2701,0,0,0,0,0,0
TXN0008556,M0124,425.66,card,ios,IN-TN,923,418,2,5,39.0,0.3405,2,0,0,0,1,0
TXN0008557,M0346,641.67,card,web,IN-GJ,521,906,5,16,51.4,0.4265,3,0,0,0,0,1
TXN0008558,M0185,338.84,wallet,ios,IN-DL,785,1089,1,8,131.4,0.2606,2,0,0,0,1,0
TXN0008559,M0224,52.75,upi,ios,IN-WB,275,867,4,11,336.0,0.5667,0,0,0,0,0,0
TXN0008560,M0254,323.56,card,android,IN-KA,1517,1153,1,7,121.6,0.4591,1,0,0,0,0,0
TXN0008561,M0025,530.97,netbanking,android,IN-MH,566,761,1,9,78.9,0.3367,0,0,0,0,0,0
TXN0008562,M0306,283.28,card,web,IN-DL,630,299,3,8,16.2,0.3152,1,0,0,0,0,1
TXN0008563,M0105,653.72,netbanking,android,IN-MH,313,218,1,6,6.6,0.303,2,0,0,0,0,0
TXN0008564,M0111,228.27,card,web,IN-KA,672,810,3,9,34.7,0.3792,2,0,0,0,0,0
TXN0008565,M0027,158.53,upi,ios,IN-DL,331,498,3,7,131.3,0.3358,1,0,0,0,0,0
TXN0008566,M0007,77.16,upi,api,IN-GJ,84,1403,1,7,37.1,0.3497,2,0,0,0,0,0
TXN0008567,M0065,1376.5,card,ios,IN-MH,1255,508,4,18,91.2,0.4158,3,0,0,0,0,1
TXN0008568,M0177,63.29,wallet,ios,IN-GJ,678,1258,3,10,35.2,0.3844,1,0,0,0,1,0
TXN0008569,M0160,179.14,card,api,IN-WB,1268,485,2,11,21.4,0.1565,0,0,0,0,1,1
TXN0008570,M0310,126.05,card,android,IN-MH,402,701,1,7,119.0,0.1187,2,0,0,0,0,0
TXN0008571,M0299,47.41,card,web,IN-KA,952,1101,5,8,104.9,0.1849,1,0,0,0,1,0
TXN0008572,M0378,437.52,card,ios,IN-DL,378,923,1,7,68.2,0.6601,2,0,0,0,1,0
TXN0008573,M0197,296.46,card,android,IN-UP,454,38,3,7,53.6,0.1953,0,0,0,0,0,0
TXN0008574,M0158,229.74,upi,android,IN-MH,1744,212,2,6,7.8,0.3203,2,0,0,0,1,0
TXN0008575,M0221,96.12,upi,android,IN-UP,953,74,1,5,67.6,0.2825,0,0,0,0,0,0
TXN0008576,M0142,316.19,card,android,IN-WB,11,116,5,8,15.0,0.1667,2,0,0,1,0,0
TXN0008577,M0323,138.63,upi,android,IN-KA,1707,664,3,7,239.8,0.0667,0,0,0,0,0,0
TXN0008578,M0371,291.19,wallet,android,IN-MH,1480,761,0,5,80.5,0.2043,0,0,0,0,0,0
TXN0008579,M0137,756.8,upi,ios,IN-KA,691,149,4,7,193.4,0.3511,1,0,0,0,0,0
TXN0008580,M0304,15.63,netbanking,web,IN-MH,433,582,4,8,101.3,0.4121,1,0,0,0,0,0
TXN0008581,M0226,490.33,card,android,IN-DL,762,1222,2,7,49.5,0.2153,5,0,0,0,0,0
TXN0008582,M0248,1932.22,upi,android,IN-DL,1392,1378,2,8,96.6,0.2388,0,0,0,0,1,0
TXN0008583,M0324,1006.06,upi,web,IN-WB,890,965,1,3,77.6,0.4387,0,0,0,0,0,0
TXN0008584,M0243,389.92,upi,ios,IN-DL,314,302,3,9,11.2,0.2442,3,0,0,0,0,0
TXN0008585,M0147,611.79,card,web,IN-TN,321,474,5,11,50.5,0.2469,2,1,0,0,0,0
TXN0008586,M0155,76.97,upi,android,IN-MH,1787,620,2,9,43.8,0.4916,2,0,0,0,0,0
TXN0008587,M0110,228.9,upi,web,IN-TN,441,1085,4,16,44.3,0.3165,2,1,0,0,0,0
TXN0008588,M0287,154.93,upi,android,IN-KA,1042,77,2,14,24.4,0.482,3,0,0,0,0,0
TXN0008589,M0323,112.82,upi,web,IN-WB,1244,1403,2,9,136.0,0.2457,0,0,0,0,0,0
TXN0008590,M0341,483.6,card,web,IN-TN,279,113,1,7,103.5,0.3249,1,0,0,0,0,0
TXN0008591,M0361,147.74,upi,android,IN-UP,291,296,7,15,88.0,0.2351,1,0,0,0,0,0
TXN0008592,M0139,28.18,upi,ios,IN-GJ,562,1209,4,10,48.2,0.4912,1,0,0,0,0,0
TXN0008593,M0079,279.06,card,ios,IN-WB,1088,150,2,8,8.8,0.1445,2,1,0,0,0,0
TXN0008594,M0191,175.08,card,android,IN-UP,1522,452,3,7,29.3,0.1549,4,1,0,0,0,0
TXN0008595,M0169,359.99,upi,web,IN-GJ,695,130,2,8,78.3,0.2254,3,0,0,0,0,0
TXN0008596,M0396,119.49,upi,android,IN-KA,513,1197,1,4,186.9,0.108,1,0,0,0,0,0
TXN0008597,M0142,32.14,card,web,IN-MH,552,1240,0,13,15.3,0.4169,1,1,0,0,1,0
TXN0008598,M0221,67.94,card,android,IN-WB,1392,461,0,6,105.9,0.344,1,0,0,0,0,0
TXN0008599,M0194,72.07,upi,ios,IN-MH,990,33,0,2,109.8,0.2688,1,0,0,0,0,0
TXN0008600,M0122,64.41,card,android,IN-GJ,1115,81,3,10,13.6,0.1606,3,0,0,0,0,0
TXN0008601,M0061,102.54,card,web,IN-GJ,407,400,4,13,51.5,0.5728,4,1,0,0,0,0
TXN0008602,M0184,372.49,card,web,IN-KA,1155,522,4,12,23.9,0.3744,1,0,0,0,0,0
TXN0008603,M0216,45.23,card,ios,IN-KA,558,624,1,3,69.3,0.2452,0,0,0,0,0,0
TXN0008604,M0225,435.28,upi,android,IN-UP,1594,1498,3,12,86.9,0.6791,6,0,0,0,0,0
TXN0008605,M0389,50.56,netbanking,android,IN-MH,944,464,3,12,72.2,0.4273,3,0,0,0,0,0
TXN0008606,M0111,122.96,netbanking,ios,IN-GJ,281,1044,6,8,16.6,0.1886,0,0,0,0,0,0
TXN0008607,M0193,173.7,netbanking,web,IN-KA,1183,1068,0,0,53.7,0.1134,2,0,0,0,0,0
TXN0008608,M0218,133.39,upi,android,IN-UP,50,284,0,6,80.7,0.4534,0,0,0,0,0,0
TXN0008609,M0200,335.23,wallet,ios,IN-WB,1505,1050,3,10,50.2,0.2932,0,0,0,0,1,0
TXN0008610,M0336,161.51,netbanking,web,IN-MH,732,49,5,12,17.6,0.2652,4,0,0,0,1,0
TXN0008611,M0130,153.86,upi,web,IN-GJ,1484,693,4,8,158.9,0.2376,3,0,0,0,1,0
TXN0008612,M0203,16.72,netbanking,api,IN-DL,1691,1400,1,5,58.9,0.3647,3,0,0,0,1,0
TXN0008613,M0161,268.73,card,android,IN-DL,896,1243,4,8,185.4,0.2704,2,0,0,0,0,0
TXN0008614,M0370,1178.05,card,ios,IN-GJ,200,1222,4,12,25.1,0.1469,2,0,0,0,0,0
TXN0008615,M0115,110.06,card,web,IN-GJ,134,712,3,9,84.3,0.1895,1,0,0,0,1,0
TXN0008616,M0117,348.43,card,web,IN-GJ,574,390,4,7,90.9,0.2613,3,1,0,0,0,1
TXN0008617,M0365,78.98,upi,api,IN-GJ,339,186,0,4,191.9,0.2297,1,0,0,0,0,0
TXN0008618,M0278,482.2,card,android,IN-KA,1285,124,4,12,61.8,0.3455,1,0,0,0,0,0
TXN0008619,M0039,302.45,upi,web,IN-TN,1,953,3,6,19.0,0.1832,1,1,0,1,0,1
TXN0008620,M0109,124.76,wallet,android,IN-WB,1285,47,1,3,65.4,0.1767,3,0,0,0,1,0
TXN0008621,M0313,116.8,upi,ios,IN-TN,334,659,3,8,26.2,0.5973,4,1,0,0,0,0
TXN0008622,M0207,343.2,card,android,IN-GJ,226,985,5,11,103.8,0.2788,0,0,0,0,1,0
TXN0008623,M0070,187.52,upi,web,IN-GJ,56,594,0,4,81.7,0.172,1,0,0,0,1,0
TXN0008624,M0118,52.54,wallet,api,IN-TN,1452,764,0,3,46.1,0.3564,0,0,0,0,0,0
TXN0008625,M0249,39.05,netbanking,android,IN-KA,1286,1303,2,14,126.9,0.2086,0,0,0,0,1,0
TXN0008626,M0205,324.15,upi,ios,IN-GJ,1613,1187,0,3,33.0,0.1395,0,0,0,0,0,0
TXN0008627,M0237,83.92,upi,web,IN-WB,983,1110,3,9,77.6,0.1858,0,0,0,0,0,0
TXN0008628,M0073,186.46,upi,api,IN-UP,1072,1177,1,7,42.2,0.2431,0,0,0,0,0,0
TXN0008629,M0071,324.1,card,ios,IN-DL,65,96,4,14,38.3,0.8513,3,0,0,0,0,1
TXN0008630,M0294,54.08,upi,web,IN-GJ,39,1236,2,6,40.7,0.3679,1,0,0,0,0,0
TXN0008631,M0248,65.28,card,android,IN-UP,1112,141,1,5,29.9,0.5252,1,0,0,0,0,0
TXN0008632,M0370,911.96,card,ios,IN-MH,921,199,0,5,33.1,0.2731,2,0,0,0,1,0
TXN0008633,M0302,119.18,upi,web,IN-TN,1465,1252,1,4,12.0,0.0849,2,0,0,0,0,0
TXN0008634,M0185,498.68,card,web,IN-KA,992,1024,1,7,61.2,0.331,1,0,0,0,0,0
TXN0008635,M0260,2208.85,upi,web,IN-UP,52,655,3,7,29.5,0.3062,1,0,0,0,0,0
TXN0008636,M0217,228.64,netbanking,web,IN-UP,1161,803,4,11,51.7,0.5065,1,0,0,0,0,0
TXN0008637,M0191,76.01,upi,android,IN-DL,229,1042,0,3,63.9,0.1213,0,0,0,0,0,0
TXN0008638,M0134,204.38,card,ios,IN-KA,1595,174,3,5,27.5,0.4041,2,0,0,0,1,0
TXN0008639,M0054,149.03,card,android,IN-KA,848,51,3,6,76.6,0.3706,2,0,0,0,0,0
TXN0008640,M0106,192.5,upi,ios,IN-TN,796,1046,6,8,35.3,0.3556,0,0,0,0,0,0
TXN0008641,M0308,368.72,card,ios,IN-GJ,77,749,1,5,123.7,0.5496,1,0,0,0,0,0
TXN0008642,M0321,413.46,netbanking,web,IN-DL,550,774,3,7,9.0,0.2866,0,0,0,0,0,0
TXN0008643,M0100,24.24,card,android,IN-UP,39,1252,2,3,13.2,0.3052,1,1,0,0,0,0
TXN0008644,M0099,591.65,netbanking,android,IN-TN,196,825,6,8,75.5,0.2964,0,0,0,0,0,0
TXN0008645,M0147,236.65,card,api,IN-UP,1048,1039,0,8,80.9,0.1592,0,0,0,0,0,0
TXN0008646,M0082,101.43,netbanking,android,IN-MH,874,66,1,7,55.8,0.3578,3,0,0,0,0,0
TXN0008647,M0200,375.07,card,android,IN-WB,1013,1064,3,4,216.4,0.3715,1,0,0,0,1,0
TXN0008648,M0244,62.96,upi,ios,IN-DL,1452,325,3,6,70.6,0.1731,2,0,0,0,0,0
TXN0008649,M0300,65.96,wallet,ios,IN-TN,1452,633,3,7,51.9,0.2609,0,0,0,0,0,0
TXN0008650,M0119,519.02,netbanking,android,IN-DL,1587,461,4,8,28.8,0.1619,2,0,0,0,1,0
TXN0008651,M0063,192.48,upi,web,IN-GJ,141,1247,3,5,150.5,0.1127,4,0,0,0,0,0
TXN0008652,M0021,863.2,netbanking,android,IN-MH,135,580,7,10,35.7,0.1911,2,1,0,0,0,0
TXN0008653,M0266,90.63,wallet,api,IN-UP,1615,208,3,13,14.0,0.2344,4,0,0,0,0,0
TXN0008654,M0205,240.88,netbanking,ios,IN-UP,1566,1374,1,6,63.5,0.5302,2,0,0,0,0,0
TXN0008655,M0334,265.17,upi,ios,IN-WB,34,299,4,8,98.6,0.1296,0,0,0,0,0,0
TXN0008656,M0112,270.11,card,android,IN-DL,54,0,1,3,92.3,0.2088,1,0,1,0,1,0
TXN0008657,M0091,334.86,netbanking,ios,IN-MH,543,984,0,6,52.7,0.3789,2,0,0,0,0,0
TXN0008658,M0191,285.02,card,api,IN-WB,988,208,3,11,71.2,0.2729,1,0,0,0,0,0
TXN0008659,M0059,183.49,upi,api,IN-KA,88,1372,2,12,34.9,0.4355,3,0,0,0,0,0
TXN0008660,M0210,25.83,upi,api,IN-MH,807,597,1,10,32.7,0.3515,3,0,0,0,0,0
TXN0008661,M0326,427.15,upi,web,IN-KA,440,193,5,17,16.3,0.3283,2,0,0,0,0,1
TXN0008662,M0336,16.76,upi,ios,IN-KA,1657,272,1,7,27.9,0.206,1,0,0,0,0,0
TXN0008663,M0095,52.42,netbanking,android,IN-GJ,1467,381,1,6,16.4,0.5145,1,0,0,0,0,0
TXN0008664,M0349,88.97,upi,api,IN-UP,943,277,3,11,119.8,0.4941,2,0,0,0,0,0
TXN0008665,M0173,444.14,wallet,api,IN-GJ,226,1351,2,6,120.2,0.2865,1,0,0,0,1,1
TXN0008666,M0281,144.13,wallet,web,IN-KA,476,842,3,10,157.3,0.2338,2,0,0,0,0,0
TXN0008667,M0291,1173.69,card,ios,IN-DL,364,123,0,3,32.7,0.2534,1,0,0,0,0,1
TXN0008668,M0041,44.98,card,android,IN-UP,1546,1471,7,17,11.6,0.4766,2,0,0,0,0,0
TXN0008669,M0344,59.94,card,api,IN-WB,1100,596,1,8,60.0,0.5416,2,0,0,0,0,0
TXN0008670,M0225,18.96,card,android,IN-DL,620,436,3,8,84.8,0.2969,0,0,0,0,0,0
TXN0008671,M0252,57.18,card,web,IN-DL,39,137,3,17,143.9,0.6333,3,0,0,0,0,1
TXN0008672,M0266,95.61,card,api,IN-GJ,1495,546,0,10,99.4,0.2964,0,0,0,0,0,0
TXN0008673,M0272,778.91,card,android,IN-GJ,1084,1324,4,12,75.2,0.3484,2,0,0,0,1,1
TXN0008674,M0068,512.21,upi,android,IN-KA,434,729,1,5,370.6,0.2029,1,0,0,0,0,0
TXN0008675,M0387,228.47,netbanking,web,IN-KA,1609,568,2,10,117.8,0.4844,1,0,0,0,0,0
TXN0008676,M0240,131.86,upi,android,IN-GJ,1360,1184,6,12,36.4,0.3171,1,0,0,0,1,1
TXN0008677,M0088,386.71,upi,api,IN-TN,126,592,2,8,12.7,0.4734,3,0,0,0,0,1
TXN0008678,M0087,642.72,card,android,IN-UP,14,511,4,8,54.2,0.3839,2,1,0,0,0,1
TXN0008679,M0090,94.27,upi,ios,IN-WB,11,132,2,7,4.6,0.2284,3,0,0,1,0,0
TXN0008680,M0165,104.14,upi,android,IN-TN,487,779,4,12,38.6,0.5135,3,0,0,0,1,0
TXN0008681,M0130,116.92,wallet,android,IN-TN,731,528,1,7,59.2,0.4254,3,0,0,0,0,0
TXN0008682,M0040,31.77,card,android,IN-UP,1672,727,2,7,24.7,0.0642,1,0,0,0,0,0
TXN0008683,M0241,604.19,wallet,web,IN-WB,1528,436,1,15,153.0,0.4551,1,0,0,0,0,1
TXN0008684,M0189,100.44,wallet,android,IN-WB,1796,1490,2,11,97.6,0.2785,1,0,0,0,0,0
TXN0008685,M0060,134.78,upi,web,IN-MH,1683,316,3,8,67.8,0.4216,0,0,0,0,0,0
TXN0008686,M0317,771.96,upi,android,IN-GJ,8,317,2,4,78.9,0.1193,0,0,0,1,0,0
TXN0008687,M0133,104.94,wallet,web,IN-MH,1442,940,6,14,57.9,0.3288,1,1,0,0,0,0
TXN0008688,M0239,638.44,card,api,IN-UP,1662,115,4,13,65.1,0.2256,2,0,0,0,1,0
TXN0008689,M0059,31.34,netbanking,web,IN-UP,1169,933,1,3,74.9,0.1856,4,0,0,0,0,0
TXN0008690,M0083,315.58,upi,android,IN-DL,1733,603,6,11,92.2,0.3302,1,0,0,0,0,0
TXN0008691,M0291,115.29,card,android,IN-WB,768,464,3,8,53.7,0.2494,1,0,0,0,0,0
TXN0008692,M0243,37.1,card,web,IN-WB,1419,415,2,6,85.1,0.2608,0,0,0,0,0,0
TXN0008693,M0013,57.83,upi,web,IN-KA,1420,757,2,8,11.9,0.29,1,0,0,0,0,0
TXN0008694,M0229,207.13,upi,api,IN-MH,409,1110,1,10,39.7,0.185,0,0,0,0,0,0
TXN0008695,M0128,68.92,upi,web,IN-DL,1362,1494,1,4,17.3,0.2163,0,0,0,0,1,0
TXN0008696,M0285,264.0,card,android,IN-MH,855,394,2,5,57.0,0.1844,2,1,0,0,0,1
TXN0008697,M0340,85.42,netbanking,web,IN-GJ,331,421,4,9,141.0,0.5914,2,0,0,0,0,0
TXN0008698,M0236,35.64,card,android,IN-MH,194,1286,3,9,74.4,0.1467,1,0,0,0,0,0
TXN0008699,M0101,474.74,card,web,IN-DL,1288,695,3,12,13.8,0.5111,3,0,0,0,0,0
TXN0008700,M0322,241.62,netbanking,web,IN-UP,1462,1106,0,8,97.8,0.4864,2,0,0,0,0,0
TXN0008701,M0102,29.66,netbanking,api,IN-TN,1426,1354,1,9,39.1,0.169,4,0,0,0,0,0
TXN0008702,M0229,345.85,upi,ios,IN-DL,1746,214,1,11,15.2,0.3539,3,0,0,0,0,0
TXN0008703,M0118,203.4,card,web,IN-UP,1621,933,5,12,57.9,0.5607,4,0,0,0,0,0
TXN0008704,M0300,116.91,card,android,IN-GJ,334,327,2,8,60.0,0.4947,1,0,0,0,0,0
TXN0008705,M0262,121.64,card,web,IN-UP,1313,106,1,11,144.9,0.7057,2,0,0,0,0,0
TXN0008706,M0398,687.72,upi,ios,IN-WB,399,6,4,10,102.1,0.6247,1,0,1,0,0,1
TXN0008707,M0224,247.66,card,android,IN-MH,1318,403,4,10,57.3,0.1764,1,0,0,0,0,0
TXN0008708,M0131,722.07,upi,android,IN-GJ,776,355,3,10,155.5,0.2284,2,0,0,0,1,0
TXN0008709,M0369,289.67,card,web,IN-MH,1623,50,0,6,104.2,0.2394,1,0,0,0,0,0
TXN0008710,M0243,227.65,upi,web,IN-WB,224,324,4,4,41.3,0.2767,0,0,0,0,0,0
TXN0008711,M0210,84.41,upi,web,IN-UP,350,639,3,7,81.3,0.4209,6,0,0,0,1,0
TXN0008712,M0355,210.77,card,ios,IN-UP,1117,998,7,14,14.1,0.514,3,0,0,0,1,1
TXN0008713,M0113,499.67,card,web,IN-DL,990,812,1,4,99.1,0.2874,1,0,0,0,0,0
TXN0008714,M0259,195.23,card,web,IN-GJ,1547,482,4,11,182.3,0.4067,3,0,0,0,0,0
TXN0008715,M0114,1248.06,card,api,IN-GJ,1608,1121,4,7,27.4,0.4261,0,0,0,0,0,0
TXN0008716,M0212,498.93,card,android,IN-KA,471,445,4,10,27.2,0.2037,1,0,0,0,0,0
TXN0008717,M0298,54.31,card,web,IN-DL,1137,308,0,3,118.9,0.235,0,0,0,0,0,0
TXN0008718,M0051,110.84,card,web,IN-GJ,1364,335,4,6,36.5,0.1419,1,0,0,0,0,0
TXN0008719,M0324,352.94,wallet,api,IN-WB,1676,139,1,5,68.9,0.4094,0,0,0,0,0,0
TXN0008720,M0322,39.1,card,web,IN-KA,639,1074,1,9,79.8,0.2799,0,0,0,0,0,0
TXN0008721,M0120,160.21,upi,android,IN-GJ,91,950,5,11,84.4,0.2262,2,1,0,0,0,0
TXN0008722,M0037,70.83,upi,api,IN-WB,632,1320,2,7,24.1,0.3774,2,0,0,0,0,0
TXN0008723,M0343,187.48,netbanking,ios,IN-WB,385,1258,2,6,49.5,0.3426,2,0,0,0,1,0
TXN0008724,M0009,71.4,card,android,IN-DL,86,784,2,4,121.6,0.1895,0,0,0,0,0,0
TXN0008725,M0047,516.14,upi,web,IN-MH,399,868,5,13,163.7,0.5219,3,0,0,0,0,0
TXN0008726,M0080,108.18,card,android,IN-TN,349,378,1,13,27.6,0.1976,3,1,0,0,0,0
TXN0008727,M0132,349.88,upi,ios,IN-TN,142,775,4,13,146.4,0.4723,4,0,0,0,0,0
TXN0008728,M0058,40.42,card,android,IN-UP,1384,1103,7,9,53.8,0.2772,0,0,0,0,0,0
TXN0008729,M0272,132.72,card,android,IN-UP,1121,1395,0,1,9.0,0.3789,0,0,0,0,1,0
TXN0008730,M0133,50.07,card,android,IN-TN,277,714,5,12,123.7,0.2398,3,0,0,0,0,0
TXN0008731,M0132,593.68,upi,web,IN-GJ,723,1321,3,10,36.6,0.4289,1,0,0,0,0,0
TXN0008732,M0193,82.98,card,web,IN-MH,1508,963,0,7,22.8,0.3251,4,0,0,0,0,0
TXN0008733,M0249,164.96,card,web,IN-KA,437,1312,2,8,106.3,0.4023,3,1,0,0,0,0
TXN0008734,M0315,255.92,card,ios,IN-DL,426,1035,3,6,18.3,0.2177,0,0,0,0,1,0
TXN0008735,M0058,85.33,wallet,web,IN-DL,1310,650,3,8,173.4,0.1836,2,0,0,0,0,0
TXN0008736,M0054,54.2,upi,android,IN-UP,717,23,1,19,118.6,0.7349,1,1,0,0,1,0
TXN0008737,M0105,216.71,upi,web,IN-GJ,1217,105,4,10,68.4,0.1046,3,0,0,0,0,0
TXN0008738,M0136,26.07,netbanking,web,IN-GJ,348,1127,3,5,66.9,0.2542,1,0,0,0,0,0
TXN0008739,M0145,688.66,netbanking,android,IN-UP,71,1150,1,11,190.2,0.4012,1,1,0,0,0,1
TXN0008740,M0236,157.0,card,web,IN-TN,967,1197,3,6,162.4,0.2496,1,1,0,0,1,0
TXN0008741,M0208,41.21,upi,android,IN-GJ,791,735,3,10,192.7,0.2326,0,0,0,0,1,0
TXN0008742,M0021,138.15,upi,ios,IN-GJ,1522,826,2,8,27.7,0.4528,2,1,0,0,0,0
TXN0008743,M0243,320.78,upi,web,IN-GJ,1296,801,2,5,10.8,0.2431,3,0,0,0,0,0
TXN0008744,M0100,79.51,card,web,IN-DL,608,723,0,5,90.3,0.401,2,0,0,0,0,0
TXN0008745,M0222,25.82,card,web,IN-KA,186,542,5,7,42.9,0.306,1,0,0,0,0,0
TXN0008746,M0056,159.11,card,android,IN-TN,976,130,1,5,145.2,0.1863,1,0,0,0,0,0
TXN0008747,M0169,385.34,netbanking,ios,IN-DL,1431,234,3,6,24.4,0.1943,3,0,0,0,0,0
TXN0008748,M0341,227.24,card,web,IN-MH,543,464,3,7,30.9,0.3775,1,0,0,0,0,0
TXN0008749,M0082,269.28,netbanking,android,IN-UP,1109,49,2,7,60.0,0.2479,2,0,0,0,0,0
TXN0008750,M0290,468.57,upi,web,IN-DL,60,413,7,13,131.5,0.4185,1,1,0,0,1,1
TXN0008751,M0250,876.47,card,ios,IN-UP,1292,170,2,4,127.7,0.2067,1,0,0,0,1,0
TXN0008752,M0324,12.18,upi,android,IN-GJ,1506,379,1,8,14.5,0.2105,3,0,0,0,0,0
TXN0008753,M0399,47.86,netbanking,android,IN-UP,451,942,1,5,33.7,0.5065,0,0,0,0,0,0
TXN0008754,M0168,212.9,upi,web,IN-WB,1205,912,1,8,78.5,0.3035,0,0,0,0,0,0
TXN0008755,M0400,237.46,upi,ios,IN-WB,1346,433,5,6,79.9,0.175,1,0,0,0,1,0
TXN0008756,M0112,38.25,wallet,api,IN-DL,430,1078,3,12,25.6,0.2612,0,0,0,0,1,0
TXN0008757,M0019,82.33,netbanking,api,IN-KA,313,1185,0,7,47.1,0.5228,2,0,0,0,0,0
TXN0008758,M0318,1007.29,card,web,IN-WB,691,121,3,10,25.8,0.209,0,0,0,0,0,0
TXN0008759,M0076,126.33,card,web,IN-KA,1548,593,3,11,22.7,0.2799,7,0,0,0,0,0
TXN0008760,M0212,222.13,upi,android,IN-DL,663,402,0,10,83.6,0.4972,4,1,0,0,0,1
TXN0008761,M0331,1079.0,upi,ios,IN-GJ,371,692,2,7,97.6,0.3404,1,0,0,0,0,0
TXN0008762,M0274,197.78,netbanking,web,IN-DL,515,506,4,15,4.0,0.4836,2,0,0,0,0,0
TXN0008763,M0314,395.57,wallet,web,IN-DL,483,609,2,8,81.8,0.3212,3,0,0,0,0,0
TXN0008764,M0382,318.62,upi,web,IN-DL,958,1019,3,7,19.7,0.4385,1,0,0,0,0,0
TXN0008765,M0289,128.64,card,android,IN-DL,1207,1376,1,3,81.0,0.242,0,0,0,0,0,0
TXN0008766,M0134,121.49,netbanking,web,IN-MH,495,1182,2,12,53.5,0.2344,3,0,0,0,0,0
TXN0008767,M0030,586.73,wallet,android,IN-MH,601,763,3,9,105.6,0.4277,1,0,0,0,0,0
TXN0008768,M0052,178.56,card,web,IN-TN,879,896,1,8,95.7,0.4631,3,0,0,0,0,0
TXN0008769,M0043,65.64,netbanking,android,IN-TN,556,54,2,5,4.5,0.2889,2,0,0,0,0,0
TXN0008770,M0285,531.27,wallet,android,IN-TN,816,629,3,7,58.2,0.3804,0,0,0,0,0,0
TXN0008771,M0197,10.36,wallet,android,IN-KA,113,226,4,11,64.3,0.1683,2,0,0,0,0,0
TXN0008772,M0205,872.4,card,ios,IN-TN,685,495,3,10,28.7,0.155,4,0,0,0,1,1
TXN0008773,M0359,149.37,upi,android,IN-DL,1476,325,1,3,45.0,0.0316,2,0,0,0,0,0
TXN0008774,M0396,181.44,card,api,IN-WB,789,1479,2,4,105.8,0.0932,0,0,0,0,0,0
TXN0008775,M0240,195.58,upi,android,IN-TN,827,1115,3,12,78.3,0.6174,2,0,0,0,1,0
TXN0008776,M0200,681.06,wallet,api,IN-TN,1084,958,2,4,7.6,0.3044,0,0,0,0,0,0
TXN0008777,M0348,214.25,wallet,android,IN-WB,708,316,4,10,33.3,0.2271,1,0,0,0,1,0
TXN0008778,M0127,175.96,card,ios,IN-WB,759,697,1,5,74.9,0.1128,1,0,0,0,0,0
TXN0008779,M0369,69.45,netbanking,api,IN-TN,442,889,3,7,79.8,0.1721,1,0,0,0,0,0
TXN0008780,M0065,88.18,netbanking,android,IN-TN,1364,998,4,6,71.3,0.4198,1,0,0,0,0,0
TXN0008781,M0070,342.07,wallet,ios,IN-UP,999,1441,1,10,105.3,0.0511,1,0,0,0,0,0
TXN0008782,M0283,224.9,upi,api,IN-MH,30,855,4,11,83.2,0.1847,1,0,0,0,0,0
TXN0008783,M0145,972.7,netbanking,web,IN-TN,1007,1164,5,13,42.0,0.2613,0,0,0,0,0,1
TXN0008784,M0064,79.69,netbanking,ios,IN-DL,649,1081,4,13,87.0,0.1861,1,0,0,0,0,0
TXN0008785,M0145,56.77,upi,android,IN-TN,5,918,2,4,41.7,0.3309,0,0,0,1,1,0
TXN0008786,M0105,242.92,netbanking,web,IN-WB,914,185,1,3,13.3,0.1612,2,0,0,0,0,0
TXN0008787,M0074,165.26,card,android,IN-DL,154,974,2,13,16.3,0.366,2,0,0,0,0,0
TXN0008788,M0178,54.3,card,android,IN-WB,347,1376,0,4,42.9,0.3222,3,1,0,0,0,0
TXN0008789,M0151,107.12,card,ios,IN-MH,1103,810,1,5,59.8,0.2449,1,0,0,0,0,0
TXN0008790,M0242,364.21,wallet,api,IN-UP,926,687,5,15,66.2,0.4273,1,0,0,0,0,0
TXN0008791,M0102,48.07,upi,web,IN-DL,511,121,5,12,17.0,0.2572,1,1,0,0,1,0
TXN0008792,M0354,57.71,card,web,IN-TN,1561,577,3,9,57.8,0.1156,1,1,0,0,0,1
TXN0008793,M0078,86.9,card,android,IN-MH,1770,1355,2,11,91.8,0.5369,0,0,0,0,1,0
TXN0008794,M0395,88.7,netbanking,android,IN-UP,169,194,2,6,78.5,0.0651,1,0,0,0,1,0
TXN0008795,M0347,397.82,wallet,ios,IN-TN,448,758,0,6,121.5,0.4416,4,0,0,0,0,0
TXN0008796,M0071,103.31,wallet,android,IN-UP,9,877,1,8,66.1,0.0989,0,0,0,1,0,0
TXN0008797,M0068,919.98,wallet,android,IN-TN,274,1077,2,6,124.9,0.2312,2,0,0,0,1,1
TXN0008798,M0263,63.43,upi,ios,IN-KA,656,1293,3,7,28.4,0.4515,3,0,0,0,0,0
TXN0008799,M0079,259.25,card,android,IN-KA,81,574,1,7,43.1,0.2914,0,0,0,0,0,0
TXN0008800,M0207,172.92,upi,api,IN-KA,1652,154,4,6,108.6,0.2567,3,0,0,0,0,0
TXN0008801,M0325,180.58,card,web,IN-GJ,1236,276,0,4,71.3,0.4408,0,0,0,0,0,0
TXN0008802,M0320,15.35,upi,ios,IN-GJ,150,1459,0,11,53.8,0.6794,2,0,0,0,1,0
TXN0008803,M0288,60.07,upi,api,IN-DL,523,1429,3,5,50.6,0.1736,2,0,0,0,0,0
TXN0008804,M0055,152.25,card,ios,IN-KA,1286,84,3,8,120.2,0.26,2,0,0,0,0,0
TXN0008805,M0313,25.11,upi,api,IN-TN,493,864,0,3,67.7,0.0961,1,0,0,0,0,0
TXN0008806,M0318,9.68,wallet,web,IN-DL,856,1000,1,6,32.8,0.2671,3,0,0,0,0,0
TXN0008807,M0242,52.37,upi,android,IN-UP,199,964,4,7,46.1,0.2477,2,0,0,0,0,0
TXN0008808,M0353,252.21,wallet,android,IN-DL,1554,176,2,15,26.6,0.8054,2,0,0,0,0,0
TXN0008809,M0376,290.09,upi,android,IN-TN,95,766,2,6,58.1,0.4828,3,0,0,0,0,0
TXN0008810,M0066,52.95,card,api,IN-TN,174,348,2,9,30.8,0.089,0,0,0,0,0,0
TXN0008811,M0340,147.17,upi,android,IN-WB,415,762,4,10,74.3,0.5551,2,0,0,0,1,0
TXN0008812,M0281,274.97,wallet,web,IN-GJ,658,1371,1,6,40.9,0.4168,1,0,0,0,1,0
TXN0008813,M0350,677.25,card,ios,IN-TN,714,964,1,7,165.8,0.293,3,0,0,0,1,0
TXN0008814,M0169,651.4,card,android,IN-DL,1245,449,3,5,55.4,0.2835,4,0,0,0,0,0
TXN0008815,M0064,447.75,card,android,IN-KA,1192,860,5,11,95.7,0.1203,2,0,0,0,1,1
TXN0008816,M0273,104.97,upi,ios,IN-UP,8,1416,4,9,53.3,0.2952,3,0,0,1,0,0
TXN0008817,M0396,171.34,netbanking,android,IN-WB,183,1392,0,6,107.0,0.3788,2,0,0,0,0,0
TXN0008818,M0036,193.3,card,android,IN-WB,572,794,1,3,56.9,0.1975,0,0,0,0,0,0
TXN0008819,M0056,144.95,card,api,IN-DL,659,318,3,6,30.6,0.1536,0,0,0,0,0,0
TXN0008820,M0320,45.44,upi,ios,IN-GJ,1390,1139,1,5,113.1,0.1902,1,0,0,0,0,0
TXN0008821,M0059,760.56,upi,android,IN-KA,1786,295,1,5,42.4,0.2266,0,0,0,0,0,0
TXN0008822,M0039,277.48,netbanking,web,IN-KA,452,525,1,7,105.5,0.282,3,0,0,0,1,1
TXN0008823,M0076,429.65,card,android,IN-MH,1226,1251,1,9,101.7,0.4136,2,0,0,0,0,0
TXN0008824,M0116,348.43,upi,android,IN-WB,495,495,4,10,25.0,0.3305,1,0,0,0,0,0
TXN0008825,M0397,116.69,upi,ios,IN-KA,1798,728,2,9,60.0,0.2138,0,0,0,0,0,0
TXN0008826,M0287,40.2,upi,web,IN-GJ,1121,931,6,11,40.9,0.2168,2,0,0,0,0,1
TXN0008827,M0388,381.35,upi,api,IN-WB,143,616,1,11,24.2,0.3002,2,0,0,0,0,0
TXN0008828,M0039,357.58,upi,ios,IN-TN,169,660,2,10,66.3,0.4174,3,0,0,0,0,0
TXN0008829,M0036,240.48,wallet,web,IN-KA,729,389,2,4,64.2,0.2276,1,0,0,0,0,0
TXN0008830,M0313,1549.05,card,ios,IN-GJ,799,1238,2,3,62.6,0.0998,1,0,0,0,0,0
TXN0008831,M0394,102.18,upi,web,IN-WB,415,114,2,5,27.0,0.2231,1,0,0,0,1,0
TXN0008832,M0096,131.41,upi,android,IN-GJ,145,481,3,8,79.1,0.3054,3,0,0,0,0,0
TXN0008833,M0280,221.32,upi,ios,IN-KA,1694,1403,2,10,49.3,0.1555,0,0,0,0,0,0
TXN0008834,M0082,109.48,upi,android,IN-DL,1236,828,3,7,37.5,0.4482,2,0,0,0,0,0
TXN0008835,M0342,142.34,upi,ios,IN-DL,1629,1373,2,6,35.5,0.2782,0,0,0,0,1,0
TXN0008836,M0138,505.48,card,ios,IN-UP,516,1045,2,7,92.5,0.2495,2,0,0,0,0,0
TXN0008837,M0190,94.2,upi,api,IN-WB,1024,1254,4,9,36.6,0.4043,2,0,0,0,0,1
TXN0008838,M0388,100.85,upi,android,IN-KA,1145,1434,2,4,25.2,0.2359,3,0,0,0,0,0
TXN0008839,M0271,320.71,card,web,IN-MH,553,102,6,9,83.6,0.1989,4,0,0,0,0,0
TXN0008840,M0394,48.1,upi,api,IN-KA,1160,1084,7,13,48.9,0.353,2,0,0,0,1,0
TXN0008841,M0311,165.84,card,api,IN-KA,981,296,4,8,21.9,0.2188,1,0,0,0,0,0
TXN0008842,M0182,157.37,upi,web,IN-GJ,1542,224,2,5,133.5,0.5875,2,0,0,0,0,0
TXN0008843,M0117,336.84,upi,web,IN-UP,1568,1084,0,8,82.0,0.2467,0,0,0,0,0,0
TXN0008844,M0005,401.92,upi,web,IN-TN,1671,373,1,3,4.9,0.2717,0,1,0,0,0,0
TXN0008845,M0130,153.41,card,web,IN-UP,1033,399,2,6,71.9,0.195,2,0,0,0,0,0
TXN0008846,M0113,165.18,card,ios,IN-TN,101,227,2,7,12.9,0.1474,2,0,0,0,0,0
TXN0008847,M0163,173.78,card,web,IN-UP,1377,586,0,4,114.2,0.1512,1,1,0,0,0,0
TXN0008848,M0021,132.29,upi,ios,IN-KA,743,1318,3,9,73.9,0.2422,0,0,0,0,0,0
TXN0008849,M0128,655.2,upi,web,IN-DL,1238,834,2,9,79.6,0.3822,1,0,0,0,0,1
TXN0008850,M0361,297.29,card,web,IN-WB,1201,595,1,13,134.2,0.1919,1,0,0,0,0,0
TXN0008851,M0182,638.54,card,web,IN-WB,176,1398,1,7,102.5,0.1841,0,0,0,0,1,0
TXN0008852,M0375,74.9,netbanking,android,IN-DL,345,861,1,7,49.4,0.1625,0,1,0,0,0,1
TXN0008853,M0052,629.02,card,api,IN-UP,1364,1002,3,10,55.5,0.1958,2,0,0,0,0,1
TXN0008854,M0275,202.85,card,ios,IN-TN,1000,868,3,9,65.6,0.0946,0,0,0,0,0,0
TXN0008855,M0335,356.79,netbanking,android,IN-MH,376,293,2,10,21.0,0.4795,3,0,0,0,1,0
TXN0008856,M0249,26.68,upi,api,IN-WB,1533,378,5,9,19.2,0.4136,2,0,0,0,0,0
TXN0008857,M0013,915.36,netbanking,android,IN-UP,1567,1493,5,12,131.3,0.2476,1,0,0,0,0,0
TXN0008858,M0315,279.62,upi,android,IN-KA,401,1477,3,8,34.1,0.5101,1,0,0,0,0,0
TXN0008859,M0215,1160.62,upi,api,IN-UP,558,1040,6,14,24.7,0.1873,0,0,0,0,0,0
TXN0008860,M0101,547.18,card,ios,IN-TN,349,942,1,5,246.3,0.2505,1,0,0,0,1,0
TXN0008861,M0231,23.24,card,ios,IN-GJ,1016,1163,4,10,34.7,0.2784,0,0,0,0,1,0
TXN0008862,M0363,824.31,card,android,IN-TN,1382,279,2,9,113.7,0.2644,2,0,0,0,0,0
TXN0008863,M0012,216.99,upi,android,IN-KA,515,746,3,8,15.4,0.3453,1,0,0,0,0,0
TXN0008864,M0154,342.02,wallet,ios,IN-TN,33,1125,1,7,179.0,0.49,2,0,0,0,0,0
TXN0008865,M0019,309.47,card,api,IN-DL,16,395,1,5,111.6,0.3421,2,0,0,0,1,0
TXN0008866,M0317,163.08,wallet,android,IN-MH,474,114,2,9,108.7,0.5693,2,0,0,0,1,0
TXN0008867,M0381,120.12,card,ios,IN-WB,1404,1078,1,5,18.3,0.1791,0,0,0,0,0,0
TXN0008868,M0348,364.53,upi,android,IN-UP,652,923,3,8,18.3,0.1606,0,0,0,0,0,1
TXN0008869,M0378,78.32,card,api,IN-MH,1287,1312,5,18,38.2,0.4425,1,0,0,0,1,0
TXN0008870,M0378,185.16,upi,android,IN-GJ,1632,643,4,8,42.1,0.1991,1,0,0,0,0,0
TXN0008871,M0149,731.29,upi,web,IN-GJ,1662,1226,3,7,70.1,0.2829,1,0,0,0,0,1
TXN0008872,M0116,53.17,card,web,IN-MH,559,1127,5,9,97.1,0.4379,1,0,0,0,1,0
TXN0008873,M0068,147.53,upi,ios,IN-MH,1030,351,2,8,116.5,0.4594,2,0,0,0,0,0
TXN0008874,M0210,578.86,wallet,api,IN-MH,1311,220,3,8,104.8,0.1995,2,0,0,0,0,1
TXN0008875,M0363,79.43,netbanking,web,IN-MH,339,593,3,7,93.4,0.2115,0,0,0,0,0,0
TXN0008876,M0093,26.7,upi,web,IN-MH,1252,180,3,10,7.5,0.517,3,0,0,0,0,0
TXN0008877,M0226,24.81,card,android,IN-DL,308,1483,0,9,74.7,0.1012,2,0,0,0,0,0
TXN0008878,M0245,112.48,wallet,android,IN-UP,1017,1294,4,11,95.3,0.6531,1,0,0,0,1,1
TXN0008879,M0265,969.86,upi,web,IN-MH,701,1313,2,7,98.4,0.2343,2,0,0,0,1,0
TXN0008880,M0033,83.95,wallet,android,IN-GJ,689,1227,3,10,138.3,0.2765,1,0,0,0,1,0
TXN0008881,M0244,134.96,card,web,IN-WB,595,527,2,6,47.4,0.3106,0,0,0,0,1,0
TXN0008882,M0291,189.81,upi,android,IN-MH,880,1465,1,8,155.0,0.2153,2,0,0,0,0,0
TXN0008883,M0046,544.07,netbanking,android,IN-UP,735,19,0,4,175.9,0.3532,3,0,0,0,1,0
TXN0008884,M0379,424.1,netbanking,web,IN-MH,470,1253,3,6,132.0,0.4293,0,0,0,0,1,0
TXN0008885,M0283,154.4,upi,web,IN-TN,405,1380,3,13,61.5,0.3879,1,0,0,0,0,0
TXN0008886,M0142,327.81,wallet,web,IN-TN,877,648,4,11,59.9,0.3046,1,0,0,0,0,1
TXN0008887,M0022,520.05,upi,android,IN-GJ,1779,1137,0,6,53.3,0.3273,0,0,0,0,0,0
TXN0008888,M0248,34.73,card,ios,IN-GJ,1171,277,4,12,23.9,0.5045,0,0,0,0,1,0
TXN0008889,M0261,123.49,card,web,IN-MH,155,689,6,7,145.0,0.3394,1,0,0,0,0,0
TXN0008890,M0225,54.18,upi,web,IN-GJ,130,1128,2,4,57.7,0.366,1,0,0,0,1,0
TXN0008891,M0166,87.04,card,api,IN-GJ,1330,708,1,11,26.9,0.5398,2,0,0,0,0,0
TXN0008892,M0018,344.83,card,api,IN-MH,983,966,4,13,129.3,0.3908,3,0,0,0,0,1
TXN0008893,M0229,54.2,card,android,IN-GJ,1022,1417,2,5,63.0,0.1276,1,0,0,0,0,0
TXN0008894,M0346,1812.37,upi,android,IN-DL,670,670,1,6,26.0,0.2413,0,0,0,0,0,0
TXN0008895,M0038,347.92,wallet,web,IN-KA,1000,911,5,13,22.7,0.398,2,0,0,0,0,1
TXN0008896,M0299,100.32,card,web,IN-KA,1054,846,3,13,58.0,0.3045,3,0,0,0,0,0
TXN0008897,M0332,157.82,upi,android,IN-WB,1104,1489,0,9,197.8,0.4004,1,0,0,0,0,0
TXN0008898,M0210,49.64,card,web,IN-WB,1698,1118,2,12,137.3,0.315,1,0,0,0,0,0
TXN0008899,M0392,41.2,card,web,IN-UP,1627,1107,3,8,49.1,0.3722,5,0,0,0,0,0
TXN0008900,M0201,122.43,card,android,IN-TN,1503,485,5,9,161.8,0.3033,3,0,0,0,1,1
TXN0008901,M0270,666.13,upi,api,IN-WB,1215,1186,2,5,21.8,0.2409,1,0,0,0,0,0
TXN0008902,M0074,44.08,netbanking,android,IN-MH,1234,1222,2,13,87.8,0.4084,0,0,0,0,0,0
TXN0008903,M0167,617.69,card,ios,IN-UP,488,118,3,9,35.8,0.3338,0,0,0,0,0,0
TXN0008904,M0321,149.5,card,web,IN-KA,1554,1290,2,12,38.2,0.5261,3,0,0,0,0,0
TXN0008905,M0364,228.52,card,web,IN-TN,485,221,3,13,44.1,0.348,2,0,0,0,1,0
TXN0008906,M0325,193.64,upi,web,IN-MH,223,354,1,9,5.0,0.6195,2,0,0,0,0,1
TXN0008907,M0010,390.49,card,ios,IN-TN,1490,423,0,4,17.6,0.1244,3,0,0,0,0,0
TXN0008908,M0195,539.49,card,android,IN-DL,744,572,4,11,29.6,0.2377,2,0,0,0,0,1
TXN0008909,M0343,145.24,card,api,IN-UP,861,15,1,10,24.8,0.3231,1,0,0,0,0,0
TXN0008910,M0350,299.71,card,api,IN-UP,1134,482,1,3,66.7,0.2834,0,0,0,0,1,0
TXN0008911,M0213,660.97,netbanking,api,IN-TN,1269,79,1,8,34.7,0.288,3,0,0,0,0,0
TXN0008912,M0001,406.28,card,android,IN-UP,144,510,3,6,75.3,0.1995,1,0,0,0,0,0
TXN0008913,M0324,119.08,upi,web,IN-DL,677,119,2,11,103.8,0.509,0,0,0,0,0,0
TXN0008914,M0316,148.1,upi,android,IN-KA,1414,1282,3,9,163.0,0.3975,4,0,0,0,0,0
TXN0008915,M0116,67.12,upi,web,IN-UP,1328,1435,5,11,39.8,0.264,1,1,0,0,0,1
TXN0008916,M0082,1108.43,upi,android,IN-GJ,1133,0,2,10,9.8,0.2461,1,0,1,0,0,0
TXN0008917,M0208,244.55,card,android,IN-UP,763,1176,4,12,96.6,0.1584,0,1,0,0,0,0
TXN0008918,M0278,44.24,card,web,IN-KA,639,608,2,9,73.3,0.2406,3,0,0,0,1,0
TXN0008919,M0062,77.72,upi,web,IN-DL,888,847,0,4,44.9,0.0681,0,0,0,0,0,0
TXN0008920,M0271,154.38,card,api,IN-UP,327,465,1,3,47.1,0.2759,2,0,0,0,0,0
TXN0008921,M0272,688.85,upi,web,IN-DL,1671,108,1,7,51.1,0.4705,3,0,0,0,1,0
TXN0008922,M0138,148.7,card,ios,IN-DL,340,777,4,10,37.1,0.4309,3,1,0,0,0,1
TXN0008923,M0319,329.28,card,web,IN-KA,891,183,1,8,82.0,0.3897,0,0,0,0,0,1
TXN0008924,M0038,88.09,upi,android,IN-KA,1362,345,5,14,54.8,0.3061,1,0,0,0,0,0
TXN0008925,M0140,342.86,card,api,IN-MH,405,499,3,10,17.7,0.1605,0,0,0,0,0,0
TXN0008926,M0372,661.27,wallet,web,IN-UP,1778,618,0,8,147.8,0.3521,3,0,0,0,0,0
TXN0008927,M0084,396.49,netbanking,ios,IN-MH,957,1131,1,5,69.6,0.3169,4,0,0,0,0,0
TXN0008928,M0360,15.43,wallet,web,IN-UP,285,885,2,5,184.5,0.23,2,0,0,0,0,1
TXN0008929,M0363,154.53,card,api,IN-WB,16,69,1,5,49.3,0.2352,1,0,0,0,0,0
TXN0008930,M0238,62.5,card,web,IN-TN,561,350,2,4,62.1,0.0822,1,0,0,0,0,0
TXN0008931,M0075,352.2,card,web,IN-UP,502,985,2,9,49.2,0.3347,1,0,0,0,0,0
TXN0008932,M0118,193.1,upi,web,IN-WB,90,645,2,10,57.0,0.4446,1,0,0,0,0,0
TXN0008933,M0136,996.87,wallet,web,IN-MH,1087,1132,0,3,44.1,0.3063,2,0,0,0,0,0
TXN0008934,M0234,129.1,card,web,IN-MH,931,652,2,5,133.2,0.2212,1,0,0,0,0,0
TXN0008935,M0110,193.6,upi,api,IN-WB,128,372,1,5,50.2,0.2852,1,0,0,0,0,0
TXN0008936,M0255,159.14,netbanking,web,IN-GJ,1493,876,2,9,29.6,0.2826,0,0,0,0,1,0
TXN0008937,M0096,369.32,card,api,IN-KA,820,729,3,9,58.8,0.531,1,1,0,0,0,1
TXN0008938,M0291,68.13,netbanking,web,IN-MH,1060,1151,2,11,65.1,0.3174,0,0,0,0,0,0
TXN0008939,M0098,66.21,card,android,IN-WB,1078,212,3,9,102.1,0.8226,5,0,0,0,0,0
TXN0008940,M0004,102.48,card,ios,IN-WB,1508,373,5,10,36.5,0.8082,4,0,0,0,0,0
TXN0008941,M0364,323.02,card,web,IN-GJ,408,1024,2,6,95.6,0.256,0,0,0,0,0,0
TXN0008942,M0331,508.81,netbanking,android,IN-KA,76,480,0,3,160.3,0.3197,1,0,0,0,0,0
TXN0008943,M0229,164.01,card,android,IN-GJ,392,1074,4,8,13.9,0.2308,1,0,0,0,1,0
TXN0008944,M0003,325.22,upi,web,IN-KA,1225,1109,1,7,44.9,0.3857,1,0,0,0,0,0
TXN0008945,M0201,299.14,netbanking,web,IN-UP,1204,4,4,11,156.9,0.5302,5,0,1,0,0,1
TXN0008946,M0237,169.94,upi,web,IN-UP,559,263,6,13,94.8,0.6168,4,0,0,0,0,1
TXN0008947,M0095,165.95,card,web,IN-UP,1753,1367,4,11,16.0,0.3549,4,0,0,0,0,0
TXN0008948,M0168,385.87,card,android,IN-UP,1243,1262,3,14,45.2,0.215,1,0,0,0,0,0
TXN0008949,M0018,1222.4,upi,web,IN-GJ,553,16,3,9,97.1,0.163,2,0,0,0,0,0
TXN0008950,M0205,483.46,card,web,IN-WB,1772,307,2,9,77.0,0.3367,0,1,0,0,0,0
TXN0008951,M0109,599.34,card,api,IN-MH,374,98,5,11,142.0,0.3884,3,0,0,0,1,0
TXN0008952,M0257,1383.07,upi,android,IN-DL,55,819,1,8,63.8,0.3597,3,0,0,0,0,0
TXN0008953,M0361,89.56,upi,android,IN-WB,1771,1256,3,10,45.2,0.2992,0,0,0,0,0,0
TXN0008954,M0248,363.0,upi,android,IN-DL,787,1000,5,15,179.0,0.4259,3,0,0,0,0,0
TXN0008955,M0193,772.19,upi,web,IN-MH,1502,1452,1,5,68.1,0.4678,3,0,0,0,0,0
TXN0008956,M0191,460.43,netbanking,web,IN-MH,1545,319,1,10,50.5,0.3871,0,0,0,0,0,0
TXN0008957,M0162,98.88,card,android,IN-WB,1684,601,2,11,14.0,0.3524,1,0,0,0,0,0
TXN0008958,M0034,81.14,upi,web,IN-GJ,1367,1315,2,4,94.2,0.2516,0,0,0,0,0,0
TXN0008959,M0331,921.5,card,android,IN-DL,83,1368,4,8,85.7,0.2812,4,0,0,0,0,0
TXN0008960,M0134,272.78,card,android,IN-GJ,981,1166,3,6,82.2,0.1954,1,0,0,0,0,1
TXN0008961,M0175,244.33,upi,web,IN-MH,1680,1027,3,8,106.9,0.2373,0,0,0,0,0,0
TXN0008962,M0127,183.54,netbanking,web,IN-DL,1377,1244,1,13,46.3,0.391,1,1,0,0,0,0
TXN0008963,M0278,814.87,upi,ios,IN-GJ,1509,1014,2,5,93.4,0.1624,2,0,0,0,0,0
TXN0008964,M0013,476.79,upi,web,IN-UP,1416,503,4,9,101.0,0.1646,2,0,0,0,1,0
TXN0008965,M0019,149.44,upi,web,IN-KA,540,1458,3,5,54.1,0.2799,0,0,0,0,0,0
TXN0008966,M0084,447.81,upi,api,IN-GJ,1396,1345,1,7,110.8,0.229,2,0,0,0,0,0
TXN0008967,M0175,215.11,card,android,IN-TN,1123,1146,5,8,51.1,0.3339,0,0,0,0,0,0
TXN0008968,M0250,430.44,card,android,IN-MH,1044,246,4,13,43.2,0.6615,2,0,0,0,0,1
TXN0008969,M0067,698.66,upi,web,IN-GJ,310,452,2,6,78.5,0.2161,0,0,0,0,0,0
TXN0008970,M0095,619.76,upi,ios,IN-UP,195,534,4,8,53.0,0.5233,2,0,0,0,0,1
TXN0008971,M0227,32.05,card,android,IN-WB,752,446,1,6,46.5,0.2468,1,0,0,0,1,0
TXN0008972,M0318,300.85,netbanking,ios,IN-WB,445,1466,2,5,109.0,0.4018,1,0,0,0,0,0
TXN0008973,M0204,789.23,card,web,IN-WB,1084,301,0,5,46.1,0.1974,1,0,0,0,1,0
TXN0008974,M0110,87.72,upi,android,IN-DL,568,945,2,7,31.3,0.2759,0,0,0,0,0,0
TXN0008975,M0288,1315.81,wallet,android,IN-MH,199,100,3,10,4.9,0.3568,2,0,0,0,0,0
TXN0008976,M0013,334.84,netbanking,ios,IN-MH,62,887,4,11,37.7,0.4133,2,0,0,0,0,1
TXN0008977,M0225,469.39,card,android,IN-GJ,1739,1066,1,6,71.3,0.0812,3,0,0,0,0,0
TXN0008978,M0088,468.97,upi,android,IN-DL,195,1432,1,9,51.4,0.2007,3,0,0,0,0,0
TXN0008979,M0073,46.92,card,ios,IN-KA,1672,712,3,9,92.3,0.2199,2,0,0,0,0,1
TXN0008980,M0343,487.05,netbanking,web,IN-WB,1009,1455,5,9,43.6,0.6385,2,0,0,0,0,0
TXN0008981,M0314,294.75,card,android,IN-WB,1561,185,2,10,10.2,0.3088,2,0,0,0,0,0
TXN0008982,M0024,115.01,card,web,IN-MH,1639,1072,4,7,74.1,0.2199,0,0,0,0,0,0
TXN0008983,M0101,912.75,upi,android,IN-MH,232,720,2,4,77.2,0.2384,1,0,0,0,0,0
TXN0008984,M0290,27.06,wallet,web,IN-UP,975,603,1,5,96.6,0.2979,4,0,0,0,0,0
TXN0008985,M0376,97.56,upi,ios,IN-WB,1204,595,0,5,67.3,0.3284,1,0,0,0,0,0
TXN0008986,M0369,769.99,upi,android,IN-TN,1136,849,4,13,110.9,0.3594,2,0,0,0,0,1
TXN0008987,M0370,493.73,upi,api,IN-GJ,1602,4,1,6,71.3,0.4215,1,0,1,0,0,1
TXN0008988,M0313,105.14,card,ios,IN-GJ,304,1465,1,5,36.7,0.4832,2,0,0,0,0,0
TXN0008989,M0315,88.31,card,web,IN-DL,248,426,6,10,48.8,0.3203,2,0,0,0,0,0
TXN0008990,M0164,153.1,netbanking,android,IN-DL,1501,162,2,11,109.5,0.4983,2,0,0,0,0,0
TXN0008991,M0187,266.31,card,android,IN-WB,1165,997,4,10,44.0,0.2938,1,0,0,0,1,0
TXN0008992,M0227,127.67,card,web,IN-WB,1653,1371,3,14,18.1,0.4342,2,0,0,0,1,0
TXN0008993,M0362,182.53,card,web,IN-WB,368,47,3,8,84.7,0.2503,1,0,0,0,0,0
TXN0008994,M0240,218.25,upi,ios,IN-WB,102,154,1,6,70.8,0.3161,1,0,0,0,1,0
TXN0008995,M0108,144.13,card,android,IN-UP,1242,138,1,5,12.7,0.0982,1,0,0,0,0,0
TXN0008996,M0381,129.7,upi,web,IN-GJ,1364,1499,4,12,75.8,0.3981,4,0,0,0,0,0
TXN0008997,M0283,63.02,card,ios,IN-DL,1165,483,5,11,31.3,0.3026,1,0,0,0,0,0
TXN0008998,M0229,199.09,card,android,IN-WB,87,547,2,8,52.1,0.4016,1,1,0,0,1,0
TXN0008999,M0189,195.18,card,api,IN-GJ,1569,1320,4,9,35.4,0.2349,0,0,0,0,0,0
TXN0009000,M0052,80.1,upi,web,IN-KA,456,1377,3,8,79.8,0.1994,1,0,0,0,0,0
TXN0009001,M0042,271.04,upi,web,IN-UP,874,525,5,11,36.4,0.5236,6,0,0,0,0,1
TXN0009002,M0314,663.45,card,ios,IN-TN,42,1498,1,4,41.1,0.1664,0,0,0,0,0,0
TXN0009003,M0182,217.77,card,android,IN-DL,1366,1118,3,7,50.9,0.1603,0,0,0,0,0,0
TXN0009004,M0159,313.98,upi,api,IN-MH,1470,1322,3,12,21.4,0.4508,2,0,0,0,1,1
TXN0009005,M0027,548.43,netbanking,web,IN-TN,346,1298,2,11,3.9,0.1908,0,1,0,0,0,0
TXN0009006,M0050,197.33,upi,android,IN-UP,141,801,0,2,33.7,0.2158,1,0,0,0,0,0
TXN0009007,M0398,498.63,card,api,IN-UP,1157,96,4,11,67.3,0.3276,2,0,0,0,1,1
TXN0009008,M0080,20.41,card,android,IN-WB,998,751,2,6,56.1,0.1579,2,0,0,0,0,0
TXN0009009,M0175,100.6,upi,api,IN-TN,1578,52,1,4,66.8,0.1629,1,0,0,0,0,0
TXN0009010,M0218,67.84,upi,android,IN-MH,528,1447,5,14,68.3,0.3109,3,0,0,0,0,0
TXN0009011,M0160,836.38,upi,android,IN-MH,1301,1395,3,8,141.2,0.2585,2,1,0,0,1,0
TXN0009012,M0343,383.97,card,android,IN-UP,1526,107,4,10,9.9,0.3427,0,0,0,0,0,0
TXN0009013,M0374,60.92,wallet,ios,IN-TN,1581,1073,5,8,47.0,0.2743,3,0,0,0,0,0
TXN0009014,M0396,76.89,netbanking,web,IN-GJ,153,840,2,13,183.7,0.1756,0,0,0,0,1,0
TXN0009015,M0106,51.78,upi,android,IN-MH,1133,588,2,6,53.6,0.4241,1,0,0,0,0,0
TXN0009016,M0194,282.99,card,web,IN-UP,621,806,1,8,161.2,0.1837,1,0,0,0,0,0
TXN0009017,M0381,247.61,card,ios,IN-DL,992,603,2,6,33.1,0.488,3,0,0,0,0,0
TXN0009018,M0337,133.67,card,android,IN-GJ,1207,546,4,10,54.9,0.4085,2,1,0,0,0,0
TXN0009019,M0147,84.88,wallet,web,IN-DL,1647,200,2,3,17.5,0.3144,0,0,0,0,0,0
TXN0009020,M0156,197.67,upi,web,IN-GJ,845,1483,1,5,24.4,0.3242,2,1,0,0,0,0
TXN0009021,M0270,2682.78,card,ios,IN-TN,582,1384,4,13,65.7,0.2468,2,0,0,0,0,1
TXN0009022,M0343,138.92,upi,api,IN-KA,345,23,2,7,116.4,0.365,2,0,0,0,0,0
TXN0009023,M0338,639.89,wallet,ios,IN-GJ,1347,1465,1,5,56.9,0.1407,2,0,0,0,0,0
TXN0009024,M0090,151.1,upi,android,IN-DL,613,8,1,4,53.5,0.2337,1,0,0,0,0,0
TXN0009025,M0356,536.97,upi,web,IN-KA,1247,1026,1,4,45.8,0.3772,0,0,0,0,0,0
TXN0009026,M0097,372.21,card,web,IN-GJ,482,1431,4,8,81.1,0.3395,4,0,0,0,0,1
TXN0009027,M0196,196.99,upi,web,IN-WB,1465,396,3,9,90.8,0.5104,4,0,0,0,0,0
TXN0009028,M0172,385.63,netbanking,web,IN-UP,1202,278,0,5,84.0,0.3593,0,0,0,0,1,0
TXN0009029,M0280,674.61,netbanking,web,IN-TN,896,1492,4,11,215.8,0.3757,4,0,0,0,0,0
TXN0009030,M0331,217.69,netbanking,android,IN-MH,1780,1180,2,5,12.6,0.2936,0,0,0,0,0,0
TXN0009031,M0312,169.75,card,web,IN-MH,888,404,7,20,68.7,0.4311,2,0,0,0,0,0
TXN0009032,M0280,395.66,upi,web,IN-KA,973,603,2,5,106.1,0.2409,1,1,0,0,0,1
TXN0009033,M0276,1039.14,card,web,IN-KA,62,758,7,16,49.6,0.5018,2,0,0,0,1,0
TXN0009034,M0128,50.64,card,ios,IN-TN,1166,575,2,9,255.9,0.1825,2,0,0,0,0,0
TXN0009035,M0217,57.28,card,api,IN-WB,1676,1096,3,9,14.4,0.4306,4,0,0,0,0,0
TXN0009036,M0098,837.03,upi,android,IN-KA,1047,1492,4,12,184.4,0.2812,1,0,0,0,0,0
TXN0009037,M0370,118.37,upi,web,IN-WB,697,923,2,9,83.9,0.1825,1,0,0,0,0,0
TXN0009038,M0039,706.11,upi,api,IN-MH,1164,353,1,4,46.0,0.3348,0,0,0,0,0,0
TXN0009039,M0365,103.69,upi,web,IN-UP,994,429,3,8,29.3,0.352,0,0,0,0,1,0
TXN0009040,M0150,127.3,card,web,IN-TN,382,423,3,14,89.9,0.4213,6,1,0,0,0,0
TXN0009041,M0052,575.42,wallet,ios,IN-KA,357,1397,2,7,26.8,0.1496,0,1,0,0,1,0
TXN0009042,M0077,423.67,netbanking,web,IN-DL,1615,1121,3,4,172.0,0.4342,0,0,0,0,0,0
TXN0009043,M0362,65.43,card,ios,IN-DL,1109,439,3,8,137.7,0.2427,0,0,0,0,0,0
TXN0009044,M0254,369.39,card,android,IN-MH,1596,488,5,10,9.3,0.2593,4,0,0,0,0,0
TXN0009045,M0399,104.27,upi,web,IN-TN,623,541,2,8,59.6,0.0804,1,0,0,0,0,0
TXN0009046,M0323,314.48,upi,api,IN-KA,1720,236,3,5,51.7,0.409,2,0,0,0,0,0
TXN0009047,M0008,216.21,netbanking,web,IN-MH,1053,406,2,10,33.2,0.4451,5,1,0,0,0,0
TXN0009048,M0354,171.44,card,web,IN-KA,1559,841,1,3,107.6,0.4565,1,0,0,0,0,0
TXN0009049,M0307,109.79,card,android,IN-WB,1323,1042,6,13,76.7,0.3998,3,0,0,0,0,1
TXN0009050,M0374,38.28,card,api,IN-WB,1670,329,2,6,6.3,0.4613,1,0,0,0,0,0
TXN0009051,M0337,108.3,upi,api,IN-KA,1098,313,0,5,37.4,0.0298,1,0,0,0,0,0
TXN0009052,M0221,407.69,upi,web,IN-WB,1386,866,1,4,71.4,0.0926,2,0,0,0,1,0
TXN0009053,M0205,321.26,card,ios,IN-UP,56,1017,5,9,34.4,0.2892,1,0,0,0,0,0
TXN0009054,M0332,88.53,card,android,IN-WB,965,547,2,5,17.5,0.0518,1,0,0,0,0,0
TXN0009055,M0009,615.85,upi,api,IN-MH,1451,1267,4,11,31.9,0.2177,0,0,0,0,0,1
TXN0009056,M0164,294.43,card,web,IN-KA,1472,705,5,15,60.1,0.3356,5,0,0,0,0,1
TXN0009057,M0067,380.49,card,ios,IN-MH,1010,1487,3,5,33.2,0.4513,2,0,0,0,0,0
TXN0009058,M0082,72.87,card,api,IN-TN,1701,712,2,9,169.4,0.3215,2,0,0,0,0,0
TXN0009059,M0048,1253.2,upi,api,IN-GJ,429,1098,0,2,18.6,0.5416,0,0,0,0,0,0
TXN0009060,M0190,334.17,upi,web,IN-DL,1429,107,4,9,33.1,0.1472,2,0,0,0,0,0
TXN0009061,M0329,963.51,netbanking,api,IN-MH,583,173,1,5,94.5,0.1065,0,0,0,0,0,0
TXN0009062,M0021,110.52,card,android,IN-GJ,466,153,6,14,172.2,0.2137,1,1,0,0,1,1
TXN0009063,M0356,33.36,netbanking,web,IN-TN,1460,1314,0,4,59.1,0.197,2,1,0,0,0,0
TXN0009064,M0338,80.85,card,web,IN-MH,1452,765,2,13,87.8,0.3077,1,0,0,0,0,0
TXN0009065,M0145,589.6,card,web,IN-GJ,1685,1470,4,9,178.4,0.4992,5,0,0,0,0,0
TXN0009066,M0108,67.27,netbanking,web,IN-KA,771,833,3,6,60.4,0.4749,1,0,0,0,1,0
TXN0009067,M0358,926.16,upi,ios,IN-WB,1464,1371,1,9,23.8,0.2368,1,0,0,0,0,0
TXN0009068,M0057,101.0,card,android,IN-GJ,1383,766,2,10,32.9,0.3338,3,0,0,0,0,0
TXN0009069,M0178,307.23,card,ios,IN-KA,1595,249,3,10,20.3,0.4112,0,0,0,0,0,1
TXN0009070,M0199,263.59,upi,web,IN-MH,563,1402,1,7,83.5,0.3678,3,0,0,0,0,0
TXN0009071,M0040,152.87,upi,web,IN-KA,882,1450,3,9,82.0,0.281,2,0,0,0,0,0
TXN0009072,M0391,153.79,card,android,IN-TN,1274,1083,6,16,130.5,0.3588,1,0,0,0,0,0
TXN0009073,M0180,77.8,upi,ios,IN-TN,750,1185,4,13,67.1,0.5123,1,0,0,0,0,0
TXN0009074,M0185,1478.18,card,ios,IN-TN,1798,1472,2,9,33.5,0.1097,1,0,0,0,1,1
TXN0009075,M0370,349.51,upi,web,IN-TN,1474,659,3,7,235.7,0.1912,1,1,0,0,0,0
TXN0009076,M0012,41.02,card,api,IN-UP,39,794,1,7,35.1,0.2483,1,0,0,0,0,0
TXN0009077,M0367,53.6,card,api,IN-DL,710,877,3,7,26.5,0.3992,3,0,0,0,0,0
TXN0009078,M0128,353.94,upi,web,IN-WB,966,639,1,4,70.2,0.2094,1,0,0,0,0,0
TXN0009079,M0379,205.82,card,android,IN-WB,1270,1395,1,9,66.1,0.4764,1,0,0,0,0,0
TXN0009080,M0234,33.85,upi,android,IN-WB,971,1336,3,14,40.9,0.5106,2,0,0,0,0,1
TXN0009081,M0231,2634.46,upi,api,IN-TN,1103,458,4,9,57.4,0.3445,2,0,0,0,0,1
TXN0009082,M0168,12.79,upi,android,IN-MH,1052,1147,2,6,62.4,0.1834,0,0,0,0,0,0
TXN0009083,M0014,130.86,card,web,IN-WB,276,223,1,6,66.4,0.3782,1,0,0,0,1,0
TXN0009084,M0004,211.73,card,ios,IN-WB,640,1207,4,13,48.4,0.3097,3,0,0,0,0,0
TXN0009085,M0289,105.04,wallet,api,IN-KA,556,1245,2,12,132.2,0.2783,3,0,0,0,0,0
TXN0009086,M0268,487.64,wallet,web,IN-MH,667,1392,3,6,23.8,0.3082,0,0,0,0,1,0
TXN0009087,M0393,346.92,upi,ios,IN-UP,383,1035,3,10,123.7,0.4689,2,0,0,0,1,0
TXN0009088,M0183,239.39,netbanking,web,IN-DL,1720,1473,4,9,21.2,0.536,2,0,0,0,0,0
TXN0009089,M0070,193.34,netbanking,web,IN-TN,226,1304,1,4,23.8,0.5454,0,0,0,0,0,0
TXN0009090,M0231,355.49,upi,ios,IN-DL,599,560,2,11,98.7,0.5855,1,0,0,0,1,0
TXN0009091,M0148,168.46,wallet,android,IN-GJ,756,643,2,6,40.2,0.1646,1,0,0,0,1,0
TXN0009092,M0350,45.83,card,ios,IN-KA,1120,264,4,11,71.9,0.2129,2,0,0,0,0,0
TXN0009093,M0261,546.66,card,web,IN-TN,357,1132,2,5,21.9,0.3106,0,0,0,0,0,0
TXN0009094,M0195,1195.63,card,web,IN-GJ,1275,1197,1,13,108.8,0.4227,0,0,0,0,0,0
TXN0009095,M0288,226.07,upi,android,IN-TN,129,1210,2,8,47.0,0.2248,3,0,0,0,0,0
TXN0009096,M0160,230.8,upi,ios,IN-MH,106,1002,3,12,72.6,0.3867,1,0,0,0,0,0
TXN0009097,M0125,200.53,upi,android,IN-WB,373,468,8,17,25.0,0.6294,2,0,0,0,0,1
TXN0009098,M0062,55.63,upi,web,IN-MH,397,122,3,11,41.6,0.5406,3,1,0,0,0,0
TXN0009099,M0335,120.72,card,ios,IN-WB,1114,576,1,12,10.3,0.4109,1,0,0,0,1,0
TXN0009100,M0388,461.06,upi,web,IN-WB,1451,1212,1,6,93.8,0.2673,2,0,0,0,0,0
TXN0009101,M0077,268.26,card,api,IN-GJ,1455,215,1,4,156.8,0.2264,3,0,0,0,0,0
TXN0009102,M0318,1158.41,card,ios,IN-DL,325,333,1,6,107.7,0.2837,2,0,0,0,1,0
TXN0009103,M0270,439.65,upi,android,IN-WB,833,802,2,7,22.5,0.3028,2,0,0,0,0,0
TXN0009104,M0068,138.7,netbanking,api,IN-MH,312,876,1,8,24.4,0.5469,1,0,0,0,0,0
TXN0009105,M0083,409.28,upi,web,IN-MH,1097,52,4,14,80.7,0.3064,2,0,0,0,0,0
TXN0009106,M0064,171.41,upi,android,IN-DL,453,1498,2,9,133.0,0.2503,0,0,0,0,0,0
TXN0009107,M0174,40.27,card,web,IN-UP,1171,460,3,6,71.1,0.1819,0,0,0,0,0,0
TXN0009108,M0115,594.9,upi,web,IN-MH,1393,508,1,8,157.8,0.2904,0,0,0,0,1,0
TXN0009109,M0363,347.47,upi,api,IN-KA,1172,704,5,10,24.5,0.3036,2,0,0,0,0,0
TXN0009110,M0258,3962.97,wallet,android,IN-MH,15,433,3,8,62.9,0.2832,1,0,0,0,0,1
TXN0009111,M0235,122.41,card,web,IN-MH,1776,1231,3,5,22.0,0.1207,2,0,0,0,0,0
TXN0009112,M0385,436.16,upi,ios,IN-GJ,816,1327,3,7,18.5,0.3545,0,0,0,0,1,0
TXN0009113,M0244,99.87,card,android,IN-WB,1096,542,0,5,19.8,0.3465,1,0,0,0,0,0
TXN0009114,M0357,87.99,upi,web,IN-DL,1235,1408,1,3,118.7,0.1512,0,0,0,0,1,0
TXN0009115,M0144,2155.99,card,web,IN-MH,983,695,1,2,37.4,0.2193,4,0,0,0,0,1
TXN0009116,M0092,26.63,wallet,api,IN-WB,1722,489,1,10,49.9,0.2838,1,1,0,0,0,0
TXN0009117,M0158,201.28,card,api,IN-DL,1560,1106,5,10,22.1,0.2044,2,0,0,0,0,0
TXN0009118,M0083,1189.21,upi,android,IN-TN,1182,1489,5,12,102.6,0.3953,1,0,0,0,0,1
TXN0009119,M0012,44.45,upi,android,IN-WB,1118,332,3,11,117.1,0.3747,1,0,0,0,0,0
TXN0009120,M0129,124.97,card,web,IN-TN,629,1088,0,1,146.0,0.2654,0,1,0,0,1,0
TXN0009121,M0298,515.1,card,ios,IN-MH,825,868,2,10,7.8,0.128,4,0,0,0,0,0
TXN0009122,M0033,62.39,upi,web,IN-GJ,11,294,1,5,105.0,0.2611,1,0,0,1,0,0
TXN0009123,M0014,288.64,upi,android,IN-WB,1336,77,2,6,99.6,0.3227,1,0,0,0,0,0
TXN0009124,M0313,94.17,card,web,IN-TN,237,948,2,10,133.0,0.2351,0,0,0,0,0,0
TXN0009125,M0297,791.61,upi,ios,IN-GJ,404,1265,6,15,62.3,0.5796,5,0,0,0,0,1
TXN0009126,M0263,763.86,card,web,IN-TN,1037,160,1,11,68.0,0.449,0,0,0,0,0,0
TXN0009127,M0308,128.47,upi,ios,IN-GJ,1210,1027,0,6,48.8,0.1493,2,0,0,0,1,0
TXN0009128,M0050,11.75,card,web,IN-GJ,61,759,3,10,22.0,0.2116,1,0,0,0,0,0
TXN0009129,M0200,347.66,upi,web,IN-MH,1381,867,2,7,82.1,0.236,1,0,0,0,1,0
TXN0009130,M0044,577.26,card,android,IN-KA,250,465,1,5,106.5,0.2709,1,0,0,0,0,0
TXN0009131,M0173,350.64,wallet,android,IN-KA,1149,653,3,11,23.9,0.5508,2,0,0,0,0,0
TXN0009132,M0085,308.8,netbanking,web,IN-UP,1402,1151,2,6,80.1,0.2009,0,0,0,0,0,0
TXN0009133,M0368,270.35,upi,android,IN-WB,338,101,1,7,101.7,0.4024,0,0,0,0,0,0
TXN0009134,M0005,147.38,card,android,IN-MH,719,1112,2,6,148.7,0.127,0,0,0,0,0,0
TXN0009135,M0346,96.43,card,web,IN-UP,927,1182,4,11,21.7,0.4629,1,0,0,0,0,0
TXN0009136,M0017,214.57,upi,web,IN-DL,991,707,2,8,4.0,0.4813,0,0,0,0,0,0
TXN0009137,M0349,162.17,upi,ios,IN-UP,1458,167,5,10,51.6,0.3188,3,0,0,0,0,0
TXN0009138,M0212,406.23,card,api,IN-DL,1718,617,5,12,52.6,0.3171,1,0,0,0,1,0
TXN0009139,M0271,86.78,upi,web,IN-UP,725,528,0,5,181.3,0.1881,1,0,0,0,1,0
TXN0009140,M0361,131.93,card,web,IN-KA,1071,887,1,8,89.4,0.1796,0,0,0,0,0,1
TXN0009141,M0280,219.42,upi,web,IN-UP,1670,404,2,7,33.8,0.6041,2,0,0,0,0,0
TXN0009142,M0168,94.1,netbanking,web,IN-KA,1090,172,1,6,63.0,0.3013,2,0,0,0,1,0
TXN0009143,M0178,49.86,card,api,IN-GJ,87,367,2,10,66.3,0.2126,0,0,0,0,0,0
TXN0009144,M0153,381.01,card,android,IN-TN,557,1416,0,10,70.8,0.4021,2,0,0,0,1,0
TXN0009145,M0225,54.14,card,web,IN-MH,1197,858,3,12,17.7,0.272,1,0,0,0,0,0
TXN0009146,M0052,240.73,card,android,IN-WB,1773,893,2,11,27.7,0.4052,0,0,0,0,0,0
TXN0009147,M0214,340.04,netbanking,android,IN-WB,419,1136,1,12,252.2,0.267,2,0,0,0,0,0
TXN0009148,M0111,826.38,upi,ios,IN-TN,388,348,3,8,200.1,0.1512,1,0,0,0,0,0
TXN0009149,M0273,2001.06,card,android,IN-GJ,1168,357,2,5,36.9,0.212,1,0,0,0,0,0
TXN0009150,M0133,744.48,upi,web,IN-WB,209,575,2,9,45.3,0.3213,2,0,0,0,0,0
TXN0009151,M0346,98.27,netbanking,android,IN-GJ,1708,543,2,7,33.7,0.1248,1,0,0,0,0,0
TXN0009152,M0324,147.89,card,web,IN-GJ,1639,769,6,9,55.2,0.1192,0,0,0,0,1,0
TXN0009153,M0028,269.27,card,android,IN-TN,1035,1068,2,16,210.1,0.3093,1,0,0,0,0,0
TXN0009154,M0368,187.09,card,web,IN-MH,611,1021,4,6,22.9,0.2882,1,1,0,0,1,0
TXN0009155,M0030,232.02,card,api,IN-KA,787,246,0,5,37.0,0.4202,0,0,0,0,0,0
TXN0009156,M0032,691.64,wallet,android,IN-DL,995,1474,1,10,81.5,0.5728,3,0,0,0,1,1
TXN0009157,M0191,226.14,upi,web,IN-KA,1545,523,2,11,28.3,0.4704,1,0,0,0,1,0
TXN0009158,M0204,495.49,upi,api,IN-GJ,1300,783,1,7,21.9,0.4884,1,0,0,0,1,0
TXN0009159,M0100,64.03,upi,web,IN-MH,835,1191,5,9,153.6,0.3251,2,0,0,0,0,0
TXN0009160,M0336,320.76,upi,ios,IN-KA,1147,1429,0,6,139.6,0.1444,1,0,0,0,0,0
TXN0009161,M0272,37.13,card,ios,IN-DL,1016,692,3,5,78.6,0.2202,0,0,0,0,0,0
TXN0009162,M0393,605.35,card,web,IN-KA,213,172,1,6,24.9,0.186,2,0,0,0,0,1
TXN0009163,M0056,164.03,card,api,IN-WB,553,448,4,10,32.4,0.5056,1,0,0,0,0,0
TXN0009164,M0280,49.63,netbanking,web,IN-KA,367,1328,2,6,12.2,0.104,1,0,0,0,0,0
TXN0009165,M0113,149.22,upi,web,IN-TN,989,1195,2,11,36.4,0.4621,1,0,0,0,0,0
TXN0009166,M0397,316.89,upi,api,IN-TN,1746,1006,2,12,85.9,0.3922,2,0,0,0,0,0
TXN0009167,M0111,57.06,card,web,IN-MH,1288,103,1,5,77.0,0.4347,1,0,0,0,1,0
TXN0009168,M0077,81.77,netbanking,android,IN-MH,1191,472,1,4,54.0,0.2014,1,1,0,0,1,0
TXN0009169,M0207,132.56,netbanking,web,IN-DL,917,359,3,10,80.4,0.1986,1,0,0,0,0,0
TXN0009170,M0398,453.21,card,android,IN-GJ,637,570,2,10,88.1,0.3793,1,0,0,0,1,0
TXN0009171,M0044,26.32,upi,web,IN-UP,380,831,4,14,49.3,0.122,2,0,0,0,1,0
TXN0009172,M0033,311.46,upi,android,IN-WB,1634,901,0,6,99.2,0.4138,2,0,0,0,0,0
TXN0009173,M0122,152.69,card,android,IN-KA,36,233,2,8,55.5,0.3037,3,0,0,0,0,1
TXN0009174,M0383,575.09,card,ios,IN-KA,1638,340,2,11,44.9,0.329,3,0,0,0,0,0
TXN0009175,M0071,294.13,card,web,IN-UP,393,1027,2,9,20.0,0.2236,1,0,0,0,0,0
TXN0009176,M0144,766.62,wallet,android,IN-UP,1445,680,6,15,98.1,0.5562,0,0,0,0,0,0
TXN0009177,M0211,296.93,card,api,IN-WB,1530,1461,1,6,256.4,0.2145,3,0,0,0,0,0
TXN0009178,M0192,58.61,card,android,IN-TN,1650,1276,3,6,80.0,0.101,1,0,0,0,0,0
TXN0009179,M0182,302.35,card,android,IN-TN,1726,1384,0,5,36.3,0.1564,1,0,0,0,0,0
TXN0009180,M0238,322.02,upi,web,IN-TN,905,1259,1,8,46.4,0.3428,0,0,0,0,0,0
TXN0009181,M0076,97.88,card,web,IN-WB,1012,1009,2,6,70.8,0.1045,0,0,0,0,0,0
TXN0009182,M0192,113.74,card,ios,IN-MH,58,1290,2,10,25.8,0.2546,4,0,0,0,0,0
TXN0009183,M0172,17.6,upi,android,IN-WB,1492,67,2,9,125.0,0.6367,2,0,0,0,1,0
TXN0009184,M0028,406.23,card,android,IN-MH,1046,744,6,12,68.7,0.4859,4,0,0,0,0,1
TXN0009185,M0395,168.58,card,web,IN-KA,85,1070,3,8,11.4,0.2737,0,0,0,0,1,0
TXN0009186,M0171,109.32,netbanking,web,IN-KA,624,48,2,6,37.6,0.2305,1,0,0,0,0,0
TXN0009187,M0386,70.58,card,api,IN-GJ,1536,791,3,9,18.2,0.5264,3,0,0,0,0,1
TXN0009188,M0063,117.31,wallet,android,IN-KA,692,1447,1,5,92.6,0.1597,1,0,0,0,0,0
TXN0009189,M0065,298.29,upi,ios,IN-GJ,517,786,3,7,137.9,0.1377,0,0,0,0,0,1
TXN0009190,M0321,230.33,card,ios,IN-DL,489,521,4,14,97.2,0.1868,1,0,0,0,0,0
TXN0009191,M0322,137.54,card,web,IN-MH,316,728,2,5,32.8,0.3053,1,0,0,0,0,0
TXN0009192,M0001,56.36,card,android,IN-MH,973,1156,4,15,165.1,0.3897,1,0,0,0,0,0
TXN0009193,M0121,135.93,upi,api,IN-MH,499,1386,3,11,112.5,0.1581,2,0,0,0,0,0
TXN0009194,M0308,82.89,netbanking,ios,IN-MH,1050,1177,4,14,21.7,0.2427,2,0,0,0,0,0
TXN0009195,M0347,152.91,upi,web,IN-TN,896,345,3,6,221.0,0.1486,1,0,0,0,0,0
TXN0009196,M0167,353.42,card,web,IN-UP,1173,24,0,6,18.3,0.1722,2,0,0,0,0,0
TXN0009197,M0098,110.54,card,web,IN-UP,1058,585,0,7,99.4,0.2431,0,0,0,0,0,0
TXN0009198,M0216,1007.43,upi,android,IN-KA,107,916,2,2,44.0,0.2292,1,0,0,0,0,0
TXN0009199,M0315,106.76,card,web,IN-WB,13,1088,4,7,70.6,0.2839,1,0,0,1,1,0
TXN0009200,M0314,33.95,upi,android,IN-MH,547,818,2,8,73.8,0.2896,4,0,0,0,0,0
TXN0009201,M0278,150.74,card,ios,IN-GJ,618,1441,1,6,54.6,0.1363,2,0,0,0,0,0
TXN0009202,M0307,102.85,card,android,IN-WB,813,378,3,9,23.7,0.1961,0,0,0,0,0,0
TXN0009203,M0296,5708.33,card,ios,IN-GJ,1268,356,5,12,23.8,0.461,4,1,0,0,0,1
TXN0009204,M0210,118.3,upi,ios,IN-KA,1749,513,8,12,70.8,0.5392,1,0,0,0,0,0
TXN0009205,M0013,40.72,card,android,IN-DL,1350,1425,0,5,11.4,0.3388,0,0,0,0,1,0
TXN0009206,M0368,187.57,upi,ios,IN-MH,659,23,4,10,24.2,0.2984,0,0,0,0,0,0
TXN0009207,M0400,152.89,upi,web,IN-DL,422,893,3,12,65.7,0.5584,1,0,0,0,1,0
TXN0009208,M0395,56.11,card,web,IN-TN,641,1183,5,8,83.9,0.2202,1,0,0,0,1,0
TXN0009209,M0176,257.89,card,android,IN-MH,444,422,4,11,33.1,0.2872,3,0,0,0,1,0
TXN0009210,M0218,317.07,upi,ios,IN-MH,1008,1280,2,9,48.6,0.4747,2,0,0,0,0,0
TXN0009211,M0070,195.21,upi,api,IN-KA,1223,936,0,6,97.1,0.1858,1,0,0,0,0,0
TXN0009212,M0245,137.85,card,android,IN-TN,472,672,2,7,120.0,0.1964,2,0,0,0,0,0
TXN0009213,M0071,124.54,netbanking,api,IN-WB,1097,845,2,8,39.6,0.5086,2,0,0,0,0,1
TXN0009214,M0149,96.51,netbanking,android,IN-GJ,666,1278,1,6,67.5,0.2807,2,0,0,0,0,0
TXN0009215,M0083,49.98,card,web,IN-TN,895,788,0,9,64.3,0.2055,1,0,0,0,0,0
TXN0009216,M0196,794.68,card,web,IN-TN,429,634,1,6,21.1,0.3448,1,0,0,0,0,0
TXN0009217,M0291,2060.17,card,web,IN-KA,984,482,2,4,49.2,0.1802,0,0,0,0,0,0
TXN0009218,M0238,64.46,upi,api,IN-UP,164,636,1,6,70.0,0.2166,0,0,0,0,0,0
TXN0009219,M0375,98.53,card,android,IN-GJ,899,1011,5,6,28.0,0.4478,2,0,0,0,0,0
TXN0009220,M0325,61.03,upi,web,IN-UP,804,1136,7,15,34.9,0.296,1,0,0,0,0,0
TXN0009221,M0054,438.61,card,api,IN-UP,733,704,1,6,194.1,0.2101,0,0,0,0,1,0
TXN0009222,M0133,65.23,card,web,IN-GJ,1624,661,1,7,102.9,0.3431,1,0,0,0,1,0
TXN0009223,M0079,361.91,netbanking,api,IN-KA,1418,548,3,10,26.4,0.3389,4,1,0,0,0,1
TXN0009224,M0150,276.13,wallet,web,IN-MH,1032,105,1,5,109.9,0.0795,0,0,0,0,1,0
TXN0009225,M0259,154.43,netbanking,android,IN-TN,1599,1084,7,12,116.3,0.2479,2,0,0,0,0,1
TXN0009226,M0014,701.23,card,ios,IN-UP,1185,459,6,10,56.0,0.2262,1,0,0,0,1,0
TXN0009227,M0333,126.87,upi,android,IN-DL,1152,335,2,9,71.4,0.1745,0,0,0,0,0,0
TXN0009228,M0015,180.41,card,ios,IN-TN,866,1423,2,8,67.4,0.2307,2,0,0,0,0,0
TXN0009229,M0303,53.31,upi,ios,IN-UP,486,585,4,9,118.2,0.5027,0,0,0,0,0,0
TXN0009230,M0077,15.67,upi,android,IN-WB,539,1471,2,7,42.0,0.2245,0,0,0,0,0,0
TXN0009231,M0158,519.58,upi,android,IN-UP,1753,139,4,10,30.3,0.1198,0,0,0,0,0,0
TXN0009232,M0372,96.99,card,android,IN-UP,1221,921,8,16,32.7,0.6544,3,0,0,0,1,0
TXN0009233,M0257,572.16,card,ios,IN-TN,159,619,4,6,87.9,0.318,2,0,0,0,0,0
TXN0009234,M0375,126.55,upi,api,IN-DL,424,1324,4,8,50.3,0.2994,1,0,0,0,0,0
TXN0009235,M0400,161.44,card,web,IN-UP,1713,1468,3,7,47.2,0.2775,0,0,0,0,1,0
TXN0009236,M0228,221.19,upi,android,IN-TN,375,370,1,6,29.3,0.354,0,0,0,0,0,0
TXN0009237,M0152,104.96,wallet,android,IN-GJ,1001,40,0,10,62.7,0.3428,1,0,0,0,0,0
TXN0009238,M0258,35.79,card,android,IN-DL,636,884,1,4,42.4,0.0423,2,0,0,0,0,0
TXN0009239,M0071,75.31,upi,android,IN-MH,1278,729,2,8,100.3,0.3236,5,1,0,0,0,0
TXN0009240,M0186,69.61,wallet,ios,IN-WB,1550,22,2,6,67.4,0.5671,1,0,0,0,0,0
TXN0009241,M0367,174.06,upi,web,IN-WB,762,1059,3,5,42.7,0.3747,1,0,0,0,0,0
TXN0009242,M0351,550.02,card,android,IN-TN,19,898,2,11,19.1,0.1762,0,0,0,0,0,0
TXN0009243,M0389,87.12,card,web,IN-KA,643,225,2,8,37.5,0.3242,2,0,0,0,0,0
TXN0009244,M0064,162.94,wallet,android,IN-KA,40,243,2,3,64.4,0.1659,0,0,0,0,0,0
TXN0009245,M0035,228.55,card,ios,IN-DL,402,1318,2,8,170.8,0.2639,1,0,0,0,0,0
TXN0009246,M0061,81.35,wallet,web,IN-KA,694,1055,5,11,16.1,0.4326,1,0,0,0,1,0
TXN0009247,M0085,264.62,upi,android,IN-WB,202,1378,6,12,47.6,0.2565,1,0,0,0,0,0
TXN0009248,M0157,541.01,upi,api,IN-WB,64,689,5,11,125.7,0.2986,2,0,0,0,0,1
TXN0009249,M0330,266.8,card,web,IN-DL,563,274,3,4,11.6,0.1421,0,0,0,0,0,0
TXN0009250,M0168,171.18,card,web,IN-WB,48,645,6,14,22.9,0.3426,3,0,0,0,0,0
TXN0009251,M0043,77.63,upi,web,IN-KA,458,219,5,8,56.2,0.2279,0,0,0,0,0,0
TXN0009252,M0119,159.86,upi,android,IN-MH,211,409,7,16,41.2,0.4467,3,0,0,0,1,1
TXN0009253,M0036,84.78,netbanking,web,IN-KA,961,1271,1,3,32.2,0.3374,0,0,0,0,0,0
TXN0009254,M0103,100.11,card,android,IN-KA,1438,13,0,8,13.7,0.24,2,0,0,0,1,0
TXN0009255,M0041,159.31,wallet,web,IN-KA,1543,498,3,9,103.6,0.2346,3,0,0,0,0,0
TXN0009256,M0020,146.17,card,api,IN-DL,1118,277,8,14,133.1,0.5563,4,0,0,0,0,1
TXN0009257,M0253,505.76,card,web,IN-TN,151,249,1,3,23.9,0.3,0,0,0,0,0,0
TXN0009258,M0252,99.98,wallet,ios,IN-TN,132,1133,3,7,109.6,0.3242,1,0,0,0,0,0
TXN0009259,M0397,265.5,upi,api,IN-GJ,1344,1488,5,9,57.9,0.1909,3,0,0,0,0,0
TXN0009260,M0024,113.11,netbanking,android,IN-WB,1346,1151,1,7,13.1,0.367,1,0,0,0,0,1
TXN0009261,M0029,72.38,card,web,IN-DL,482,481,1,9,41.5,0.2206,0,0,0,0,1,0
TXN0009262,M0121,330.16,card,api,IN-MH,1785,1265,2,5,14.1,0.4802,1,0,0,0,0,0
TXN0009263,M0213,273.65,card,ios,IN-MH,1154,1082,5,12,129.2,0.3347,3,0,0,0,0,0
TXN0009264,M0366,98.77,netbanking,api,IN-GJ,788,91,1,4,27.7,0.2046,1,0,0,0,1,0
TXN0009265,M0132,7.91,netbanking,web,IN-WB,1129,664,1,4,88.2,0.2614,2,0,0,0,1,0
TXN0009266,M0335,552.01,netbanking,api,IN-KA,34,1196,4,8,87.8,0.3619,1,0,0,0,0,0
TXN0009267,M0080,391.56,card,ios,IN-WB,1327,772,2,12,71.6,0.6124,1,0,0,0,1,0
TXN0009268,M0287,570.88,card,api,IN-WB,398,1486,1,7,16.7,0.2763,1,0,0,0,0,0
TXN0009269,M0196,602.31,card,android,IN-DL,28,359,0,3,44.6,0.2319,1,0,0,0,0,0
TXN0009270,M0065,182.67,card,android,IN-TN,1126,1277,1,3,113.8,0.3188,1,0,0,0,0,0
TXN0009271,M0316,118.69,card,android,IN-DL,3,301,6,10,92.1,0.5427,3,0,0,1,1,1
TXN0009272,M0356,30.01,card,android,IN-GJ,47,564,4,8,73.4,0.3606,2,0,0,0,0,0
TXN0009273,M0113,206.14,card,web,IN-TN,304,728,4,10,27.8,0.3008,1,0,0,0,0,0
TXN0009274,M0393,114.85,card,web,IN-MH,1718,78,5,13,11.6,0.3625,0,0,0,0,0,0
TXN0009275,M0026,82.28,upi,web,IN-GJ,1764,509,1,5,71.3,0.2139,1,0,0,0,0,0
TXN0009276,M0036,46.26,card,android,IN-MH,757,48,0,6,22.8,0.3736,1,0,0,0,0,0
TXN0009277,M0110,64.24,upi,android,IN-UP,615,935,3,9,190.1,0.2235,2,0,0,0,0,0
TXN0009278,M0048,46.85,card,android,IN-MH,768,1465,3,9,30.2,0.4059,1,0,0,0,1,0
TXN0009279,M0218,485.85,upi,web,IN-KA,1125,11,4,10,178.1,0.5077,1,0,0,0,0,0
TXN0009280,M0058,549.28,upi,web,IN-UP,1036,695,5,18,8.6,0.6519,3,0,0,0,1,0
TXN0009281,M0038,85.69,upi,web,IN-KA,555,671,3,9,17.5,0.148,1,1,0,0,0,0
TXN0009282,M0277,612.52,card,ios,IN-TN,455,894,6,15,51.5,0.3314,0,0,0,0,0,1
TXN0009283,M0279,199.47,card,web,IN-KA,878,1474,0,3,63.9,0.2805,1,0,0,0,1,0
TXN0009284,M0366,781.5,card,web,IN-MH,518,1475,3,15,42.6,0.505,0,1,0,0,0,0
TXN0009285,M0159,326.83,upi,api,IN-TN,788,1441,3,7,24.6,0.1686,2,0,0,0,1,0
TXN0009286,M0317,338.7,card,web,IN-UP,52,661,6,12,72.4,0.3947,2,0,0,0,1,0
TXN0009287,M0105,229.97,upi,web,IN-DL,339,981,4,10,21.5,0.4093,1,0,0,0,0,0
TXN0009288,M0188,87.46,card,ios,IN-GJ,1745,1161,2,7,26.3,0.3148,2,0,0,0,1,0
TXN0009289,M0020,48.07,card,api,IN-UP,645,636,1,11,66.0,0.1517,0,0,0,0,0,0
TXN0009290,M0031,220.92,card,android,IN-TN,780,1489,3,8,26.4,0.3075,0,1,0,0,1,0
TXN0009291,M0296,163.63,netbanking,web,IN-MH,343,1458,3,7,43.1,0.2701,0,0,0,0,0,0
TXN0009292,M0392,2422.16,card,ios,IN-KA,1572,465,2,13,112.4,0.5044,2,1,0,0,1,1
TXN0009293,M0042,380.18,upi,android,IN-DL,504,1443,2,7,180.0,0.2347,2,0,0,0,0,0
TXN0009294,M0235,77.36,card,web,IN-MH,529,903,2,5,38.1,0.3018,3,0,0,0,0,0
TXN0009295,M0035,165.43,upi,ios,IN-TN,751,395,1,16,173.7,0.3711,1,0,0,0,0,0
TXN0009296,M0274,124.54,card,api,IN-MH,1454,71,4,11,37.0,0.5075,2,0,0,0,0,0
TXN0009297,M0362,173.06,card,ios,IN-KA,1432,411,0,9,7.2,0.3154,0,0,0,0,0,0
TXN0009298,M0223,48.5,upi,android,IN-DL,330,460,1,6,109.5,0.1299,1,0,0,0,0,0
TXN0009299,M0206,446.07,upi,web,IN-UP,354,1496,3,8,29.8,0.2475,1,0,0,0,0,0
TXN0009300,M0147,121.24,upi,web,IN-MH,459,1060,0,7,103.9,0.3676,0,0,0,0,1,0
TXN0009301,M0291,346.29,upi,api,IN-GJ,353,1172,0,5,63.3,0.2945,0,0,0,0,0,0
TXN0009302,M0175,98.43,netbanking,android,IN-WB,901,1169,1,13,42.2,0.4096,1,0,0,0,0,0
TXN0009303,M0127,120.96,card,ios,IN-UP,446,1073,0,4,82.2,0.2878,0,0,0,0,1,0
TXN0009304,M0225,325.79,upi,ios,IN-KA,131,809,1,5,15.9,0.4311,4,0,0,0,0,0
TXN0009305,M0089,22.69,netbanking,android,IN-GJ,1421,1157,3,9,103.3,0.2582,0,0,0,0,1,0
TXN0009306,M0322,483.11,upi,api,IN-KA,617,944,3,9,18.1,0.1238,0,0,0,0,0,0
TXN0009307,M0255,782.74,upi,ios,IN-UP,445,1022,3,8,11.5,0.2461,3,1,0,0,0,1
TXN0009308,M0193,767.64,netbanking,android,IN-DL,258,1396,1,7,56.8,0.3452,0,0,0,0,0,0
TXN0009309,M0251,89.3,upi,web,IN-DL,1475,1190,3,7,196.6,0.0833,0,0,0,0,0,0
TXN0009310,M0394,243.4,card,web,IN-TN,1084,895,1,7,52.9,0.2565,3,0,0,0,0,1
TXN0009311,M0094,115.2,card,android,IN-KA,581,1096,3,5,116.4,0.3242,2,0,0,0,1,0
TXN0009312,M0128,40.72,card,web,IN-TN,1490,798,1,13,99.2,0.437,1,0,0,0,1,1
TXN0009313,M0297,196.7,upi,api,IN-TN,545,876,2,7,78.2,0.3487,2,0,0,0,1,0
TXN0009314,M0124,41.94,upi,web,IN-KA,450,338,3,14,132.2,0.2504,0,0,0,0,0,0
TXN0009315,M0238,327.8,upi,ios,IN-TN,681,748,3,3,29.3,0.2513,1,0,0,0,1,0
TXN0009316,M0271,408.19,card,android,IN-GJ,71,1466,3,6,93.6,0.6327,4,0,0,0,1,0
TXN0009317,M0087,654.71,card,api,IN-KA,807,42,0,7,87.0,0.4204,0,0,0,0,0,0
TXN0009318,M0329,300.48,wallet,android,IN-DL,1351,1261,3,10,98.1,0.1406,2,0,0,0,0,0
TXN0009319,M0224,119.02,upi,web,IN-GJ,756,533,5,11,94.0,0.1892,1,0,0,0,0,0
TXN0009320,M0185,149.01,upi,api,IN-WB,1045,1005,2,6,59.3,0.5327,1,0,0,0,0,0
TXN0009321,M0386,203.52,card,web,IN-KA,710,1268,1,4,30.4,0.1264,1,0,0,0,0,0
TXN0009322,M0224,777.29,card,api,IN-UP,1481,732,2,5,9.7,0.3859,1,0,0,0,0,0
TXN0009323,M0283,785.53,upi,ios,IN-TN,1795,1179,3,6,100.9,0.2793,2,0,0,0,0,0
TXN0009324,M0022,165.48,card,android,IN-MH,976,864,2,4,30.8,0.2633,1,0,0,0,0,0
TXN0009325,M0301,480.99,card,api,IN-DL,1247,524,1,9,221.5,0.2035,3,0,0,0,0,0
TXN0009326,M0044,107.44,wallet,android,IN-DL,1096,1381,3,7,187.1,0.5708,1,0,0,0,0,0
TXN0009327,M0392,278.44,card,api,IN-MH,1587,1278,4,10,128.0,0.4627,1,0,0,0,0,0
TXN0009328,M0203,126.91,wallet,web,IN-TN,1630,294,2,10,160.5,0.408,2,0,0,0,0,0
TXN0009329,M0203,229.73,upi,web,IN-TN,1608,1205,0,7,124.7,0.4081,2,1,0,0,0,0
TXN0009330,M0220,79.13,card,ios,IN-DL,126,264,3,10,109.9,0.2949,2,0,0,0,0,0
TXN0009331,M0233,43.49,upi,web,IN-WB,769,567,2,6,168.9,0.064,1,0,0,0,0,0
TXN0009332,M0281,51.76,card,android,IN-GJ,902,588,1,10,21.3,0.581,5,0,0,0,0,1
TXN0009333,M0237,322.48,upi,ios,IN-WB,1395,594,3,17,71.4,0.4571,3,1,0,0,1,0
TXN0009334,M0208,59.07,card,android,IN-DL,1016,580,3,13,183.0,0.2884,0,0,0,0,1,0
TXN0009335,M0338,127.97,wallet,api,IN-DL,847,1340,0,6,72.7,0.3166,2,1,0,0,0,0
TXN0009336,M0207,438.5,card,android,IN-MH,960,157,1,9,130.7,0.1798,1,0,0,0,0,0
TXN0009337,M0135,551.87,netbanking,web,IN-WB,1070,524,5,10,34.5,0.2746,2,0,0,0,0,0
TXN0009338,M0294,67.6,card,android,IN-GJ,1086,203,4,13,42.1,0.1849,2,0,0,0,1,0
TXN0009339,M0266,16.32,wallet,ios,IN-GJ,1322,357,2,10,103.0,0.2787,2,0,0,0,0,0
TXN0009340,M0003,80.59,upi,ios,IN-GJ,720,1216,4,6,115.1,0.1551,0,0,0,0,0,0
TXN0009341,M0340,219.97,card,ios,IN-DL,1047,224,6,10,116.7,0.3053,0,0,0,0,0,1
TXN0009342,M0098,352.17,card,android,IN-GJ,217,544,2,11,74.9,0.4436,2,1,0,0,0,0
TXN0009343,M0250,55.32,card,api,IN-TN,913,768,2,5,60.7,0.2154,0,0,0,0,0,0
TXN0009344,M0301,30.76,wallet,android,IN-UP,674,554,3,9,63.4,0.2531,1,0,0,0,1,0
TXN0009345,M0321,72.61,upi,web,IN-GJ,22,608,3,9,47.8,0.1753,0,0,0,0,0,0
TXN0009346,M0289,107.1,card,web,IN-KA,372,995,0,3,58.2,0.2159,0,0,0,0,1,0
TXN0009347,M0369,1451.82,card,android,IN-MH,1745,1331,4,11,79.0,0.4361,2,0,0,0,0,1
TXN0009348,M0246,200.9,upi,android,IN-TN,988,208,2,10,39.7,0.2887,3,0,0,0,0,0
TXN0009349,M0356,344.33,netbanking,web,IN-DL,69,1404,2,5,13.3,0.2806,0,0,0,0,0,0
TXN0009350,M0265,540.83,upi,web,IN-GJ,1594,1161,4,9,62.6,0.2497,1,0,0,0,0,0
TXN0009351,M0200,114.83,upi,android,IN-MH,217,1354,1,8,33.0,0.4228,1,0,0,0,0,0
TXN0009352,M0063,199.02,netbanking,web,IN-DL,1124,264,2,11,25.0,0.5212,2,0,0,0,0,0
TXN0009353,M0081,231.82,upi,api,IN-MH,77,644,4,8,35.1,0.3083,6,0,0,0,0,1
TXN0009354,M0019,330.06,card,ios,IN-GJ,1505,498,6,12,23.8,0.4285,2,0,0,0,0,1
TXN0009355,M0312,158.28,card,api,IN-KA,1127,22,4,8,6.0,0.2149,1,0,0,0,1,0
TXN0009356,M0386,511.28,netbanking,web,IN-KA,1540,655,5,6,37.5,0.3219,0,0,0,0,0,0
TXN0009357,M0154,542.64,upi,api,IN-WB,545,304,4,13,218.9,0.2553,2,0,0,0,1,0
TXN0009358,M0179,135.58,card,web,IN-UP,1607,222,3,7,53.0,0.1979,1,0,0,0,0,0
TXN0009359,M0260,384.54,upi,android,IN-KA,1608,583,1,10,43.7,0.402,1,0,0,0,1,0
TXN0009360,M0302,265.65,upi,ios,IN-MH,860,1485,3,6,14.9,0.2012,1,0,0,0,0,0
TXN0009361,M0107,2577.96,upi,web,IN-WB,1067,130,2,5,24.2,0.1907,0,0,0,0,0,0
TXN0009362,M0318,441.05,card,android,IN-MH,678,1163,3,5,198.9,0.294,2,0,0,0,0,0
TXN0009363,M0394,264.86,card,android,IN-GJ,1406,434,7,15,12.2,0.3282,2,0,0,0,1,1
TXN0009364,M0158,101.87,card,android,IN-TN,1154,857,7,15,95.9,0.412,0,0,0,0,0,0
TXN0009365,M0068,63.97,card,web,IN-KA,262,1164,3,10,46.6,0.4525,4,0,0,0,0,0
TXN0009366,M0264,305.12,upi,android,IN-GJ,738,302,0,3,216.3,0.4638,0,0,0,0,0,0
TXN0009367,M0033,32.61,wallet,web,IN-GJ,739,895,3,11,43.8,0.2762,4,0,0,0,0,0
TXN0009368,M0205,913.14,upi,android,IN-GJ,784,320,2,4,181.4,0.2631,0,0,0,0,0,0
TXN0009369,M0334,22.96,wallet,ios,IN-MH,1124,178,2,8,70.2,0.2731,2,0,0,0,0,0
TXN0009370,M0352,64.31,upi,android,IN-TN,504,506,1,2,80.6,0.2542,1,0,0,0,0,0
TXN0009371,M0169,489.3,upi,ios,IN-MH,338,425,4,7,73.3,0.266,3,0,0,0,0,0
TXN0009372,M0171,173.74,card,web,IN-UP,823,316,2,8,132.1,0.4223,1,0,0,0,0,0
TXN0009373,M0295,216.15,card,api,IN-DL,688,1074,1,5,92.5,0.1452,0,0,0,0,0,0
TXN0009374,M0180,90.51,card,android,IN-MH,1633,701,6,15,50.2,0.327,2,0,0,0,0,0
TXN0009375,M0006,158.44,wallet,api,IN-KA,1358,1057,2,8,93.9,0.3026,4,0,0,0,0,0
TXN0009376,M0316,356.8,upi,android,IN-TN,442,976,5,10,27.7,0.3766,0,0,0,0,0,1
TXN0009377,M0151,78.31,netbanking,web,IN-DL,1228,110,3,6,118.9,0.1676,2,0,0,0,0,0
TXN0009378,M0009,138.5,upi,web,IN-UP,1089,660,5,10,55.1,0.2277,0,0,0,0,0,0
TXN0009379,M0281,180.96,netbanking,web,IN-DL,1623,1296,3,8,193.3,0.2719,1,0,0,0,1,0
TXN0009380,M0227,137.3,upi,web,IN-MH,1342,277,0,8,32.8,0.2204,1,0,0,0,0,0
TXN0009381,M0254,381.38,card,android,IN-MH,1005,821,2,7,36.2,0.6344,4,0,0,0,1,0
TXN0009382,M0314,284.97,upi,api,IN-GJ,451,949,4,15,36.1,0.2471,2,0,0,0,0,0
TXN0009383,M0154,162.12,card,android,IN-WB,373,700,2,11,98.3,0.308,1,0,0,0,0,0
TXN0009384,M0081,32.69,upi,api,IN-TN,674,1407,2,6,47.5,0.3146,2,0,0,0,1,0
TXN0009385,M0370,586.86,wallet,api,IN-GJ,1581,671,3,8,155.3,0.2563,3,0,0,0,0,1
TXN0009386,M0110,71.47,card,api,IN-MH,1618,284,2,7,76.2,0.5414,3,1,0,0,0,0
TXN0009387,M0336,1063.17,wallet,android,IN-WB,1731,225,2,10,76.6,0.2598,0,0,0,0,1,0
TXN0009388,M0133,77.33,card,android,IN-KA,1765,240,7,14,45.4,0.2872,3,0,0,0,0,0
TXN0009389,M0084,232.08,card,ios,IN-KA,874,37,4,10,25.8,0.5913,4,0,0,0,0,0
TXN0009390,M0364,339.98,card,ios,IN-KA,1082,933,2,13,120.9,0.2676,5,0,0,0,1,0
TXN0009391,M0315,147.87,upi,web,IN-KA,152,842,0,18,60.2,0.3894,1,0,0,0,0,0
TXN0009392,M0323,245.9,upi,android,IN-GJ,287,159,8,17,78.9,0.3093,3,0,0,0,0,1
TXN0009393,M0037,135.7,upi,web,IN-UP,455,839,4,10,111.8,0.2082,2,0,0,0,0,0
TXN0009394,M0150,1190.52,card,web,IN-TN,305,781,3,8,157.7,0.5667,2,0,0,0,1,0
TXN0009395,M0321,220.34,card,android,IN-DL,1354,141,1,7,107.3,0.4731,2,0,0,0,0,0
TXN0009396,M0152,160.22,card,api,IN-MH,1518,45,4,12,58.9,0.1949,1,0,0,0,0,0
TXN0009397,M0057,229.79,card,ios,IN-MH,1,283,1,5,32.0,0.2567,3,0,0,1,0,1
TXN0009398,M0226,558.46,upi,ios,IN-WB,1230,1245,3,11,72.3,0.3136,5,0,0,0,1,0
TXN0009399,M0100,265.97,card,web,IN-DL,531,1483,2,13,84.7,0.3333,1,0,0,0,0,0
TXN0009400,M0392,216.24,upi,web,IN-DL,890,160,5,13,58.7,0.3462,3,1,0,0,0,1
TXN0009401,M0340,42.88,upi,web,IN-WB,664,568,0,5,151.9,0.1516,1,0,0,0,1,0
TXN0009402,M0312,571.52,card,api,IN-WB,273,1218,1,7,62.3,0.2352,2,0,0,0,0,0
TXN0009403,M0157,255.5,upi,web,IN-DL,1419,821,3,13,22.6,0.3762,0,0,0,0,0,0
TXN0009404,M0040,115.3,card,android,IN-MH,554,1449,5,12,85.7,0.1614,0,0,0,0,0,0
TXN0009405,M0226,249.55,card,api,IN-DL,787,1431,4,12,71.1,0.4771,1,0,0,0,0,0
TXN0009406,M0189,723.32,card,ios,IN-WB,1063,834,6,13,25.2,0.2488,2,0,0,0,0,0
TXN0009407,M0260,367.97,card,android,IN-KA,946,1233,0,8,53.2,0.066,0,0,0,0,0,0
TXN0009408,M0330,1288.85,upi,api,IN-DL,333,1172,2,5,57.1,0.1895,0,0,0,0,0,0
TXN0009409,M0313,431.52,card,web,IN-WB,1209,471,2,8,21.3,0.2577,1,0,0,0,1,0
TXN0009410,M0003,26.14,upi,ios,IN-TN,287,980,6,10,32.9,0.4203,2,1,0,0,0,1
TXN0009411,M0224,635.17,upi,android,IN-WB,1413,1090,1,10,58.3,0.226,2,0,0,0,1,0
TXN0009412,M0310,31.49,upi,android,IN-UP,1167,1209,1,6,11.4,0.2688,2,0,0,0,0,0
TXN0009413,M0393,694.99,card,ios,IN-UP,609,926,2,3,182.7,0.2455,0,0,0,0,0,0
TXN0009414,M0189,436.18,upi,android,IN-GJ,637,512,0,6,41.0,0.3106,0,0,0,0,0,0
TXN0009415,M0340,965.76,upi,web,IN-DL,310,962,1,9,104.7,0.3067,2,0,0,0,0,0
TXN0009416,M0096,280.3,card,api,IN-MH,798,232,2,8,19.9,0.1312,0,1,0,0,1,0
TXN0009417,M0373,239.65,upi,web,IN-DL,328,183,3,4,50.3,0.389,3,0,0,0,1,0
TXN0009418,M0114,621.17,upi,api,IN-WB,913,1498,1,5,28.4,0.2112,1,0,0,0,1,0
TXN0009419,M0345,55.49,upi,android,IN-GJ,289,423,6,13,11.2,0.5283,0,0,0,0,0,0
TXN0009420,M0222,187.4,upi,api,IN-WB,1598,534,5,13,15.2,0.5387,1,0,0,0,0,0
TXN0009421,M0265,143.01,netbanking,android,IN-TN,206,1269,4,7,46.5,0.2395,1,0,0,0,0,0
TXN0009422,M0124,117.15,netbanking,android,IN-TN,1295,1371,2,9,31.6,0.3943,0,0,0,0,0,0
TXN0009423,M0163,101.72,card,web,IN-WB,794,853,1,5,75.0,0.4414,1,0,0,0,0,0
TXN0009424,M0252,210.82,netbanking,android,IN-WB,611,446,5,9,31.1,0.165,2,1,0,0,0,0
TXN0009425,M0333,369.17,card,web,IN-TN,330,50,3,8,53.5,0.2957,1,0,0,0,0,0
TXN0009426,M0380,796.53,card,web,IN-TN,1147,1253,2,10,80.7,0.3035,3,0,0,0,0,0
TXN0009427,M0382,135.39,card,android,IN-DL,1408,985,5,11,42.4,0.162,2,0,0,0,0,0
TXN0009428,M0186,124.64,wallet,ios,IN-UP,1166,965,2,6,88.1,0.2278,0,0,0,0,1,0
TXN0009429,M0122,10.72,wallet,web,IN-DL,1,395,4,8,115.4,0.3871,2,0,0,1,0,0
TXN0009430,M0234,778.58,upi,api,IN-GJ,1498,388,3,5,98.4,0.2489,1,0,0,0,0,0
TXN0009431,M0146,46.29,card,web,IN-WB,1716,182,3,8,55.0,0.275,1,0,0,0,0,0
TXN0009432,M0398,291.02,upi,ios,IN-UP,1270,1009,2,8,63.8,0.3311,0,0,0,0,0,0
TXN0009433,M0356,241.18,netbanking,ios,IN-KA,24,561,3,9,151.9,0.576,1,0,0,0,0,0
TXN0009434,M0125,484.59,upi,web,IN-GJ,909,422,3,11,7.2,0.4681,2,0,0,0,0,0
TXN0009435,M0232,74.69,card,android,IN-UP,586,148,2,7,67.8,0.3285,2,0,0,0,0,0
TXN0009436,M0374,319.61,netbanking,android,IN-TN,1175,149,3,6,22.3,0.26,0,1,0,0,0,0
TXN0009437,M0175,917.31,upi,web,IN-DL,1357,1381,1,9,184.3,0.538,2,0,0,0,0,1
TXN0009438,M0308,227.12,upi,ios,IN-GJ,1597,1373,3,15,318.2,0.4878,2,0,0,0,0,0
TXN0009439,M0327,74.95,card,android,IN-GJ,1569,903,4,9,9.9,0.4445,0,0,0,0,1,0
TXN0009440,M0057,41.5,card,web,IN-TN,1737,748,4,7,43.6,0.4815,1,0,0,0,0,0
TXN0009441,M0220,797.83,upi,ios,IN-MH,157,325,1,7,20.1,0.3072,3,0,0,0,1,1
TXN0009442,M0105,116.02,upi,web,IN-UP,213,283,3,9,38.9,0.5444,2,0,0,0,0,0
TXN0009443,M0160,141.52,wallet,api,IN-TN,1442,784,7,10,184.3,0.4221,0,0,0,0,0,0
TXN0009444,M0195,2256.26,upi,android,IN-WB,1289,852,3,9,81.8,0.4333,0,0,0,0,1,1
TXN0009445,M0282,453.0,card,web,IN-MH,1352,1012,0,6,62.5,0.4704,1,0,0,0,0,0
TXN0009446,M0189,566.01,upi,web,IN-UP,423,275,5,12,24.2,0.1747,2,0,0,0,0,0
TXN0009447,M0084,929.42,card,android,IN-KA,828,921,4,8,40.2,0.2113,1,0,0,0,0,0
TXN0009448,M0139,37.83,netbanking,web,IN-DL,1157,510,2,10,26.2,0.2432,1,0,0,0,0,0
TXN0009449,M0121,835.21,upi,android,IN-DL,1128,626,3,8,53.9,0.5431,0,0,0,0,1,0
TXN0009450,M0174,957.04,card,ios,IN-UP,1545,1016,1,2,29.2,0.289,3,0,0,0,0,0
TXN0009451,M0256,115.22,upi,api,IN-WB,661,679,2,5,116.2,0.123,2,0,0,0,0,0
TXN0009452,M0206,381.82,upi,web,IN-DL,1506,609,3,5,39.4,0.1759,0,0,0,0,0,0
TXN0009453,M0172,473.66,card,web,IN-GJ,561,1192,6,8,103.5,0.3491,0,0,0,0,1,0
TXN0009454,M0242,88.69,upi,android,IN-TN,1368,1124,3,8,24.1,0.3022,3,0,0,0,0,0
TXN0009455,M0025,449.2,netbanking,android,IN-KA,60,961,1,8,67.0,0.2973,5,0,0,0,1,0
TXN0009456,M0357,95.37,upi,android,IN-MH,370,274,0,4,128.4,0.0804,0,0,0,0,0,0
TXN0009457,M0074,2404.28,wallet,ios,IN-DL,13,935,3,6,10.1,0.1893,1,0,0,1,0,1
TXN0009458,M0276,211.58,card,android,IN-UP,389,247,3,10,112.5,0.1453,2,0,0,0,0,1
TXN0009459,M0013,317.36,card,android,IN-MH,947,407,0,11,77.0,0.3124,2,0,0,0,0,0
TXN0009460,M0221,35.35,card,ios,IN-MH,1567,1399,2,7,66.4,0.27,2,0,0,0,0,0
TXN0009461,M0306,267.46,card,web,IN-MH,21,343,5,9,80.2,0.4748,0,0,0,0,0,0
TXN0009462,M0347,609.69,upi,ios,IN-MH,1053,280,6,12,107.8,0.5522,3,0,0,0,0,1
TXN0009463,M0269,73.58,upi,api,IN-WB,221,467,5,14,23.1,0.3736,1,0,0,0,0,0
TXN0009464,M0341,106.77,upi,android,IN-GJ,313,937,1,5,7.9,0.2398,4,0,0,0,0,0
TXN0009465,M0383,88.42,upi,web,IN-WB,174,1262,0,5,116.7,0.2116,2,0,0,0,1,0
TXN0009466,M0174,56.75,upi,ios,IN-MH,1059,265,1,8,50.8,0.1782,1,0,0,0,0,0
TXN0009467,M0145,49.28,upi,api,IN-DL,1139,1421,3,8,41.7,0.2541,1,0,0,0,1,0
TXN0009468,M0109,503.81,card,android,IN-TN,498,1460,4,7,76.6,0.2951,1,0,0,0,0,0
TXN0009469,M0173,50.77,card,ios,IN-WB,1204,59,2,6,43.9,0.1163,2,0,0,0,0,0
TXN0009470,M0353,30.24,upi,android,IN-DL,721,904,7,22,21.2,0.2728,2,0,0,0,1,1
TXN0009471,M0101,105.72,wallet,android,IN-WB,1358,723,3,13,70.7,0.573,3,0,0,0,0,0
TXN0009472,M0272,189.26,upi,web,IN-GJ,943,1469,4,10,112.7,0.139,2,1,0,0,0,0
TXN0009473,M0063,321.59,card,android,IN-KA,1751,789,1,5,86.7,0.2157,1,0,0,0,0,0
TXN0009474,M0396,74.11,card,android,IN-TN,1200,539,3,9,11.6,0.4215,1,0,0,0,0,0
TXN0009475,M0338,99.95,upi,android,IN-KA,1763,955,1,4,68.0,0.2643,3,0,0,0,0,0
TXN0009476,M0207,309.17,card,web,IN-UP,1638,619,5,18,135.0,0.3396,2,0,0,0,0,0
TXN0009477,M0224,444.73,wallet,ios,IN-GJ,374,539,1,8,270.4,0.1578,2,0,0,0,0,0
TXN0009478,M0190,624.19,card,android,IN-GJ,623,602,2,4,127.4,0.1508,1,0,0,0,1,0
TXN0009479,M0314,290.76,upi,api,IN-MH,633,387,2,6,222.0,0.1675,4,0,0,0,0,0
TXN0009480,M0350,34.3,upi,android,IN-WB,1099,202,1,7,9.7,0.2909,0,0,0,0,1,0
TXN0009481,M0209,75.02,card,android,IN-WB,1011,746,3,4,11.7,0.156,1,0,0,0,1,0
TXN0009482,M0131,630.76,card,android,IN-KA,849,1307,2,9,46.8,0.2041,0,0,0,0,0,0
TXN0009483,M0136,1057.59,card,web,IN-WB,80,947,1,4,52.2,0.5162,0,0,0,0,0,1
TXN0009484,M0185,164.89,upi,web,IN-TN,806,789,5,13,68.2,0.1279,2,0,0,0,0,0
TXN0009485,M0292,151.0,upi,ios,IN-TN,347,827,2,11,20.8,0.4697,4,0,0,0,0,0
TXN0009486,M0373,66.15,card,ios,IN-MH,1708,1225,3,5,42.8,0.361,1,0,0,0,0,0
TXN0009487,M0042,744.92,upi,ios,IN-WB,1536,522,3,9,55.0,0.5428,3,0,0,0,0,1
TXN0009488,M0092,62.47,upi,android,IN-WB,328,423,2,7,54.2,0.1494,0,1,0,0,0,0
TXN0009489,M0098,1280.08,upi,web,IN-DL,735,722,0,3,73.7,0.1506,1,0,0,0,1,0
TXN0009490,M0388,165.89,card,android,IN-TN,1143,1433,2,10,39.9,0.3624,2,0,0,0,1,0
TXN0009491,M0263,76.18,card,android,IN-MH,872,389,3,7,64.9,0.2644,0,0,0,0,1,0
TXN0009492,M0208,30.26,card,api,IN-KA,308,497,4,8,76.3,0.3292,2,0,0,0,0,0
TXN0009493,M0087,137.35,wallet,android,IN-WB,1326,925,5,7,8.1,0.2504,2,0,0,0,0,0
TXN0009494,M0106,158.65,card,android,IN-KA,1632,709,4,17,68.7,0.51,3,1,0,0,1,0
TXN0009495,M0365,130.87,upi,web,IN-WB,1455,1390,4,11,45.0,0.4268,1,0,0,0,0,0
TXN0009496,M0393,180.91,upi,android,IN-UP,638,1100,4,10,17.4,0.2795,3,0,0,0,1,0
TXN0009497,M0283,719.51,card,ios,IN-DL,1556,1319,3,8,17.1,0.4416,2,0,0,0,0,0
TXN0009498,M0251,334.22,upi,android,IN-UP,1588,1463,0,2,57.2,0.2196,2,0,0,0,0,0
TXN0009499,M0166,218.71,card,android,IN-MH,1610,531,3,13,19.9,0.2397,1,0,0,0,0,1
TXN0009500,M0007,563.77,card,android,IN-DL,1485,411,1,4,80.1,0.3556,1,0,0,0,1,1
TXN0009501,M0373,72.0,netbanking,web,IN-UP,530,381,2,8,40.3,0.2059,1,0,0,0,1,0
TXN0009502,M0180,367.35,card,android,IN-KA,902,54,2,7,62.1,0.3238,3,0,0,0,0,0
TXN0009503,M0210,360.43,netbanking,android,IN-KA,1168,1308,5,12,59.8,0.2032,4,0,0,0,0,0
TXN0009504,M0183,806.46,upi,web,IN-MH,1464,195,2,6,60.4,0.1686,3,0,0,0,1,0
TXN0009505,M0115,45.71,wallet,web,IN-TN,201,1400,3,11,81.3,0.4724,2,0,0,0,1,0
TXN0009506,M0145,75.7,upi,api,IN-UP,121,308,2,6,108.4,0.4355,2,0,0,0,0,0
TXN0009507,M0389,80.06,card,api,IN-UP,1744,1262,4,8,62.2,0.3829,0,0,0,0,0,0
TXN0009508,M0276,290.37,netbanking,android,IN-UP,1253,862,3,11,171.4,0.4434,2,0,0,0,1,0
TXN0009509,M0370,225.19,upi,ios,IN-DL,482,768,8,13,40.0,0.214,0,0,0,0,0,0
TXN0009510,M0005,317.57,card,web,IN-MH,1792,921,1,3,52.8,0.5456,2,0,0,0,0,0
TXN0009511,M0152,21.89,wallet,web,IN-KA,703,862,1,7,201.4,0.1795,1,0,0,0,0,0
TXN0009512,M0011,784.58,upi,android,IN-MH,1137,960,1,5,66.4,0.3499,3,0,0,0,0,0
TXN0009513,M0328,227.69,card,android,IN-UP,1675,1032,0,5,72.3,0.3885,3,0,0,0,0,0
TXN0009514,M0030,312.79,upi,android,IN-GJ,1538,1491,1,7,80.7,0.4649,1,0,0,0,0,0
TXN0009515,M0376,260.68,upi,ios,IN-DL,1134,171,4,11,93.7,0.1406,0,0,0,0,0,0
TXN0009516,M0121,96.08,card,web,IN-WB,993,511,3,6,67.9,0.0593,0,0,0,0,0,0
TXN0009517,M0174,302.17,upi,android,IN-WB,519,566,4,7,6.3,0.4282,0,0,0,0,1,0
TXN0009518,M0339,194.26,card,android,IN-TN,319,732,1,8,34.3,0.2137,1,0,0,0,1,1
TXN0009519,M0306,191.69,card,api,IN-DL,156,259,2,6,92.2,0.4312,0,0,0,0,0,0
TXN0009520,M0161,294.76,upi,android,IN-WB,30,443,0,1,86.4,0.2289,0,0,0,0,0,0
TXN0009521,M0348,162.46,upi,ios,IN-WB,880,709,1,5,62.0,0.1015,2,0,0,0,0,0
TXN0009522,M0380,46.17,card,web,IN-UP,629,1022,1,7,123.2,0.3425,1,0,0,0,0,0
TXN0009523,M0010,150.12,card,web,IN-TN,1063,336,1,6,16.9,0.4699,0,0,0,0,0,0
TXN0009524,M0395,914.14,card,android,IN-DL,920,687,2,3,67.8,0.1559,1,1,0,0,0,0
TXN0009525,M0309,103.5,upi,web,IN-WB,1203,587,5,9,111.1,0.2384,0,0,0,0,0,0
TXN0009526,M0035,197.76,card,android,IN-DL,349,850,2,5,80.2,0.2647,3,0,0,0,0,0
TXN0009527,M0284,414.6,upi,web,IN-DL,297,1483,3,7,61.9,0.312,0,1,0,0,1,0
TXN0009528,M0182,1498.58,card,android,IN-UP,228,255,3,8,89.9,0.5846,2,0,0,0,0,0
TXN0009529,M0241,139.38,card,ios,IN-TN,1270,330,1,9,36.9,0.1682,1,0,0,0,0,0
TXN0009530,M0293,52.76,card,web,IN-WB,1639,1039,2,9,107.9,0.2076,1,0,0,0,1,0
TXN0009531,M0365,352.65,card,web,IN-KA,653,369,1,10,37.6,0.1995,1,0,0,0,0,0
TXN0009532,M0064,79.89,wallet,android,IN-KA,260,1279,3,9,148.6,0.4427,0,0,0,0,0,0
TXN0009533,M0400,241.84,upi,api,IN-UP,1699,1272,4,13,70.3,0.5896,3,0,0,0,0,0
TXN0009534,M0172,329.96,upi,web,IN-KA,414,1496,2,11,136.1,0.2594,0,0,0,0,0,1
TXN0009535,M0196,111.45,card,ios,IN-UP,1176,571,2,9,41.7,0.233,1,1,0,0,0,0
TXN0009536,M0132,137.12,card,android,IN-TN,1587,1226,5,6,87.3,0.3823,1,0,0,0,0,0
TXN0009537,M0232,408.37,upi,ios,IN-UP,1652,1092,2,12,95.5,0.5865,2,0,0,0,1,0
TXN0009538,M0370,536.77,card,web,IN-UP,404,215,4,6,34.6,0.4212,1,0,0,0,0,0
TXN0009539,M0345,188.14,upi,web,IN-WB,55,352,4,14,124.5,0.5488,1,0,0,0,0,1
TXN0009540,M0294,213.06,card,ios,IN-MH,758,484,0,6,22.4,0.2818,1,0,0,0,0,0
TXN0009541,M0189,58.5,netbanking,web,IN-MH,1626,112,5,10,4.5,0.185,0,0,0,0,0,0
TXN0009542,M0147,202.56,card,android,IN-MH,851,1092,5,15,68.5,0.5373,2,0,0,0,0,0
TXN0009543,M0102,121.67,upi,ios,IN-MH,1580,1106,2,9,103.6,0.1669,1,0,0,0,1,0
TXN0009544,M0089,194.73,card,android,IN-TN,1500,954,2,10,506.9,0.2819,3,0,0,0,0,0
TXN0009545,M0016,743.35,upi,android,IN-WB,919,1226,2,9,36.1,0.2737,0,0,0,0,0,1
TXN0009546,M0250,58.37,upi,android,IN-TN,1565,965,1,7,117.0,0.3619,1,0,0,0,0,0
TXN0009547,M0117,583.07,card,api,IN-KA,1757,219,1,10,107.1,0.3234,2,0,0,0,1,1
TXN0009548,M0164,218.7,netbanking,android,IN-KA,1223,1244,4,8,44.3,0.2587,1,0,0,0,0,0
TXN0009549,M0252,175.22,upi,android,IN-GJ,1348,843,2,8,55.3,0.1752,1,0,0,0,0,0
TXN0009550,M0054,75.51,card,ios,IN-UP,804,802,2,6,163.5,0.3912,3,1,0,0,0,0
TXN0009551,M0342,238.05,upi,android,IN-WB,1791,485,3,11,117.6,0.5709,2,0,0,0,0,0
TXN0009552,M0331,1578.81,upi,web,IN-KA,638,1445,1,2,18.5,0.2937,3,0,0,0,0,0
TXN0009553,M0116,14.09,card,ios,IN-DL,1361,56,6,12,55.1,0.68,5,0,0,0,0,1
TXN0009554,M0371,25.47,card,android,IN-GJ,1695,159,1,7,137.8,0.1899,4,0,0,0,0,0
TXN0009555,M0288,150.83,card,ios,IN-WB,1647,1135,3,6,36.2,0.1462,1,0,0,0,0,0
TXN0009556,M0366,249.63,upi,android,IN-KA,1588,1095,2,11,22.2,0.3265,0,0,0,0,0,0
TXN0009557,M0116,460.58,netbanking,android,IN-UP,355,1247,2,7,91.2,0.1016,0,0,0,0,0,0
TXN0009558,M0077,282.89,card,web,IN-GJ,1764,184,5,12,116.2,0.3738,1,0,0,0,0,1
TXN0009559,M0358,35.06,wallet,web,IN-KA,355,1010,2,4,41.0,0.0762,1,0,0,0,0,0
TXN0009560,M0168,333.31,card,web,IN-UP,425,200,4,9,81.6,0.2034,1,0,0,0,0,0
TXN0009561,M0351,151.47,card,ios,IN-WB,914,143,3,11,179.4,0.2683,1,0,0,0,0,0
TXN0009562,M0166,436.27,upi,ios,IN-TN,260,78,2,10,78.5,0.3135,4,0,0,0,0,0
TXN0009563,M0245,87.87,upi,android,IN-WB,1312,1462,6,16,123.2,0.302,3,0,0,0,0,0
TXN0009564,M0011,38.9,wallet,android,IN-TN,1670,6,2,11,93.5,0.1452,0,0,1,0,1,0
TXN0009565,M0083,114.65,upi,web,IN-UP,477,888,2,6,16.3,0.2185,2,0,0,0,0,0
TXN0009566,M0324,294.12,card,android,IN-WB,589,1179,2,10,61.4,0.3261,1,0,0,0,0,0
TXN0009567,M0262,263.99,card,web,IN-TN,751,1392,0,6,44.9,0.1078,0,0,0,0,0,0
TXN0009568,M0167,183.07,upi,ios,IN-DL,157,384,1,7,49.7,0.3493,0,0,0,0,0,0
TXN0009569,M0256,97.65,upi,android,IN-TN,311,1494,2,5,72.2,0.1992,1,0,0,0,0,0
TXN0009570,M0355,157.75,card,android,IN-GJ,1709,165,2,8,40.5,0.2642,0,0,0,0,0,0
TXN0009571,M0145,792.12,card,web,IN-TN,1666,1443,3,9,77.9,0.2367,1,0,0,0,0,0
TXN0009572,M0003,2310.23,wallet,web,IN-TN,904,246,4,9,110.5,0.5819,2,0,0,0,0,0
TXN0009573,M0204,275.49,upi,android,IN-GJ,1340,908,5,8,102.4,0.3479,0,0,0,0,0,0
TXN0009574,M0365,501.76,upi,android,IN-TN,88,163,3,3,248.9,0.3334,3,0,0,0,0,0
TXN0009575,M0352,86.97,card,ios,IN-TN,70,333,2,8,19.6,0.2201,3,0,0,0,0,0
TXN0009576,M0193,696.61,upi,web,IN-MH,1593,1478,4,9,20.4,0.1405,3,1,0,0,0,1
TXN0009577,M0356,126.95,card,api,IN-KA,41,680,2,8,64.6,0.3402,1,0,0,0,0,0
TXN0009578,M0229,50.71,card,android,IN-UP,1272,623,6,13,13.0,0.3481,2,0,0,0,0,0
TXN0009579,M0242,569.77,upi,web,IN-TN,1788,834,4,13,60.1,0.3447,0,0,0,0,0,0
TXN0009580,M0139,196.88,netbanking,android,IN-TN,1427,122,3,6,167.3,0.1602,1,0,0,0,0,0
TXN0009581,M0117,725.41,upi,web,IN-DL,713,900,3,6,77.9,0.3529,3,0,0,0,0,0
TXN0009582,M0150,411.3,upi,web,IN-DL,965,230,3,11,75.7,0.5022,1,0,0,0,0,0
TXN0009583,M0071,49.37,card,ios,IN-TN,1084,1214,1,9,18.4,0.4646,1,0,0,0,0,0
TXN0009584,M0138,216.49,card,web,IN-GJ,800,1019,3,10,67.9,0.2877,3,0,0,0,1,0
TXN0009585,M0299,73.42,wallet,ios,IN-WB,1706,1135,1,8,54.8,0.3593,2,0,0,0,1,0
TXN0009586,M0329,636.98,card,android,IN-KA,80,598,2,7,39.6,0.2784,0,0,0,0,0,0
TXN0009587,M0147,196.21,card,api,IN-WB,1720,37,1,9,39.8,0.0775,1,0,0,0,0,0
TXN0009588,M0006,93.2,card,android,IN-KA,1546,708,2,19,18.2,0.4441,1,0,0,0,0,0
TXN0009589,M0353,23.64,upi,ios,IN-DL,173,163,3,5,111.6,0.3094,4,0,0,0,0,0
TXN0009590,M0120,577.76,upi,web,IN-MH,1021,424,4,7,18.0,0.3537,0,0,0,0,0,0
TXN0009591,M0319,127.78,card,api,IN-MH,1144,1442,0,5,63.4,0.1528,3,0,0,0,0,0
TXN0009592,M0285,138.54,card,android,IN-MH,1772,117,2,9,122.9,0.423,1,0,0,0,0,0
TXN0009593,M0196,292.0,card,web,IN-TN,1787,202,4,9,149.1,0.3907,3,1,0,0,0,1
TXN0009594,M0045,74.33,upi,api,IN-DL,847,1127,3,6,60.5,0.4144,0,0,0,0,0,0
TXN0009595,M0070,39.44,upi,api,IN-UP,324,1040,1,5,41.1,0.3567,2,0,0,0,0,0
TXN0009596,M0076,218.32,wallet,web,IN-KA,1450,641,0,5,50.2,0.5113,1,0,0,0,0,0
TXN0009597,M0109,70.95,netbanking,android,IN-GJ,1193,1333,2,12,58.3,0.1935,2,0,0,0,0,0
TXN0009598,M0065,166.69,card,android,IN-UP,924,1068,3,10,11.3,0.2543,0,0,0,0,0,0
TXN0009599,M0253,75.76,card,web,IN-KA,1393,1308,10,16,33.3,0.5226,3,0,0,0,1,1
TXN0009600,M0025,46.23,upi,api,IN-KA,150,1103,0,5,122.5,0.2232,0,1,0,0,1,0
TXN0009601,M0070,34.87,card,android,IN-KA,136,1193,2,4,73.3,0.2537,0,0,0,0,0,0
TXN0009602,M0182,199.13,netbanking,web,IN-GJ,866,483,1,4,159.1,0.24,2,0,0,0,1,0
TXN0009603,M0064,538.86,wallet,ios,IN-WB,697,91,5,16,179.5,0.319,1,0,0,0,0,0
TXN0009604,M0332,478.63,card,ios,IN-DL,283,360,4,12,161.3,0.0843,0,0,0,0,1,0
TXN0009605,M0175,184.53,card,android,IN-DL,370,460,5,6,56.0,0.8126,3,0,0,0,1,1
TXN0009606,M0317,748.23,card,web,IN-TN,876,66,2,7,71.2,0.2443,1,0,0,0,0,1
TXN0009607,M0074,105.35,card,web,IN-UP,103,1151,3,10,101.5,0.2565,1,0,0,0,0,0
TXN0009608,M0296,408.21,card,ios,IN-KA,1280,1448,3,7,70.7,0.1113,0,0,0,0,1,0
TXN0009609,M0052,110.04,netbanking,api,IN-KA,179,1400,4,8,32.2,0.4501,2,0,0,0,1,0
TXN0009610,M0030,87.1,upi,ios,IN-GJ,1200,853,6,15,71.2,0.4449,1,0,0,0,0,0
TXN0009611,M0126,404.47,upi,api,IN-DL,615,1371,3,7,48.6,0.285,1,0,0,0,0,0
TXN0009612,M0168,277.44,upi,android,IN-WB,284,1375,1,6,78.5,0.5115,3,0,0,0,0,0
TXN0009613,M0399,337.82,upi,ios,IN-MH,1042,1143,3,16,172.3,0.1845,3,0,0,0,0,0
TXN0009614,M0390,40.63,upi,api,IN-MH,1136,1490,1,8,53.0,0.3386,0,0,0,0,0,0
TXN0009615,M0249,503.69,upi,web,IN-TN,1716,26,4,13,69.6,0.1872,3,0,0,0,0,0
TXN0009616,M0318,354.29,card,web,IN-MH,786,307,2,8,9.8,0.3168,1,0,0,0,0,0
TXN0009617,M0103,120.32,upi,web,IN-TN,1684,801,1,4,165.8,0.2452,3,0,0,0,0,0
TXN0009618,M0337,322.44,upi,android,IN-TN,856,739,2,7,59.9,0.0724,0,0,0,0,0,0
TXN0009619,M0108,538.69,upi,api,IN-WB,1570,884,3,9,53.6,0.1671,3,1,0,0,0,1
TXN0009620,M0364,86.23,upi,android,IN-UP,507,290,1,10,36.1,0.3096,5,0,0,0,1,0
TXN0009621,M0279,86.8,card,api,IN-KA,1388,519,4,10,45.7,0.531,1,0,0,0,0,0
TXN0009622,M0189,134.89,card,android,IN-GJ,396,557,3,9,12.3,0.371,2,1,0,0,0,0
TXN0009623,M0311,19.52,card,ios,IN-WB,74,862,4,8,112.2,0.3276,2,0,0,0,1,1
TXN0009624,M0057,250.4,card,web,IN-UP,235,301,4,8,157.3,0.2416,6,0,0,0,0,0
TXN0009625,M0060,447.55,upi,web,IN-MH,730,353,4,14,104.7,0.21,0,0,0,0,0,0
TXN0009626,M0230,318.31,wallet,android,IN-WB,235,1059,2,7,39.9,0.3593,1,0,0,0,0,0
TXN0009627,M0022,290.68,card,web,IN-MH,1403,731,5,12,40.0,0.12,1,0,0,0,0,0
TXN0009628,M0183,500.92,card,ios,IN-GJ,161,1143,6,15,115.3,0.4215,1,0,0,0,0,0
TXN0009629,M0243,162.83,netbanking,android,IN-KA,1741,1311,3,6,24.1,0.5847,2,0,0,0,0,0
TXN0009630,M0146,37.39,card,ios,IN-MH,631,1272,0,5,59.9,0.2197,0,0,0,0,0,0
TXN0009631,M0008,204.87,card,android,IN-GJ,832,857,6,11,62.0,0.1223,1,0,0,0,0,0
TXN0009632,M0252,661.4,card,ios,IN-WB,1340,913,0,4,18.8,0.1601,0,0,0,0,1,0
TXN0009633,M0248,258.32,upi,android,IN-UP,1262,991,2,4,87.7,0.5059,2,0,0,0,0,0
TXN0009634,M0149,124.09,upi,android,IN-GJ,1507,729,1,6,38.9,0.1973,0,0,0,0,0,0
TXN0009635,M0207,394.3,upi,ios,IN-MH,1791,710,3,8,50.8,0.1584,1,0,0,0,0,1
TXN0009636,M0316,264.83,card,web,IN-WB,549,564,1,7,56.4,0.4266,2,0,0,0,0,0
TXN0009637,M0290,145.06,card,android,IN-WB,1121,928,1,7,28.5,0.3246,1,0,0,0,0,0
TXN0009638,M0224,202.76,card,web,IN-TN,1206,42,3,10,66.0,0.5043,1,0,0,0,0,0
TXN0009639,M0262,131.05,card,android,IN-MH,1402,612,2,5,115.3,0.2334,2,0,0,0,0,0
TXN0009640,M0340,332.88,wallet,api,IN-KA,519,188,2,8,151.2,0.2408,4,0,0,0,0,1
TXN0009641,M0133,73.19,card,api,IN-GJ,1739,570,2,5,113.1,0.3274,1,0,0,0,0,0
TXN0009642,M0137,250.36,upi,ios,IN-DL,431,1499,1,5,94.1,0.2465,0,0,0,0,1,0
TXN0009643,M0109,429.33,upi,web,IN-WB,1278,865,2,12,68.4,0.3755,2,0,0,0,0,0
TXN0009644,M0121,228.35,upi,android,IN-WB,1592,47,1,3,62.7,0.2296,2,0,0,0,0,0
TXN0009645,M0270,230.96,upi,android,IN-UP,238,180,3,7,101.9,0.1898,2,0,0,0,0,0
TXN0009646,M0100,193.05,card,web,IN-MH,968,624,4,7,20.9,0.3099,1,0,0,0,0,0
TXN0009647,M0018,307.22,card,web,IN-UP,1762,1424,2,10,113.1,0.3273,4,0,0,0,1,0
TXN0009648,M0369,125.67,upi,android,IN-TN,267,724,3,9,76.9,0.1425,1,0,0,0,0,0
TXN0009649,M0198,157.97,wallet,api,IN-KA,1447,580,3,8,113.0,0.3844,1,0,0,0,0,0
TXN0009650,M0049,73.11,card,web,IN-TN,1509,1046,1,13,37.8,0.3775,2,0,0,0,0,1
TXN0009651,M0215,137.42,upi,ios,IN-GJ,476,300,1,4,61.4,0.4229,1,0,0,0,0,0
TXN0009652,M0272,24.25,upi,android,IN-DL,1273,305,1,9,31.1,0.3216,2,0,0,0,0,0
TXN0009653,M0010,185.21,card,api,IN-MH,1777,422,5,14,22.9,0.4762,1,0,0,0,0,0
TXN0009654,M0225,333.27,upi,web,IN-MH,697,250,2,12,84.5,0.3354,4,0,0,0,0,1
TXN0009655,M0279,168.34,card,api,IN-GJ,144,649,4,12,6.5,0.2728,4,0,0,0,0,0
TXN0009656,M0203,452.22,upi,api,IN-TN,468,252,1,2,88.2,0.4056,1,0,0,0,0,0
TXN0009657,M0145,684.26,card,ios,IN-TN,1691,1081,5,16,127.5,0.2121,2,0,0,0,0,0
TXN0009658,M0070,177.13,upi,ios,IN-DL,1655,150,3,8,21.1,0.1191,0,0,0,0,1,0
TXN0009659,M0317,66.45,upi,android,IN-UP,1514,963,1,6,87.9,0.1812,0,0,0,0,0,0
TXN0009660,M0052,536.15,card,android,IN-MH,1046,1183,4,10,44.4,0.2341,3,0,0,0,0,0
TXN0009661,M0043,437.98,card,android,IN-UP,495,1036,5,9,37.3,0.2708,0,0,0,0,0,1
TXN0009662,M0129,282.0,card,web,IN-DL,1111,879,3,10,37.4,0.5,5,1,0,0,0,0
TXN0009663,M0378,106.54,card,web,IN-DL,1548,1421,4,13,19.9,0.2689,2,1,0,0,1,1
TXN0009664,M0070,262.67,upi,web,IN-WB,1478,870,1,7,80.5,0.3524,1,0,0,0,0,0
TXN0009665,M0339,131.83,card,web,IN-WB,109,559,1,3,63.4,0.1741,3,0,0,0,1,0
TXN0009666,M0316,86.42,card,web,IN-KA,1280,10,3,8,76.4,0.3342,0,0,0,0,0,0
TXN0009667,M0002,257.78,card,web,IN-UP,1714,703,1,7,109.9,0.378,2,1,0,0,0,0
TXN0009668,M0364,68.02,netbanking,ios,IN-TN,226,1112,2,5,153.4,0.0907,0,0,0,0,0,0
TXN0009669,M0290,383.31,upi,ios,IN-KA,1089,1325,0,6,79.0,0.329,1,0,0,0,0,0
TXN0009670,M0237,238.54,card,android,IN-GJ,1118,266,3,10,31.1,0.2467,0,0,0,0,0,0
TXN0009671,M0112,161.01,card,api,IN-WB,938,838,3,8,28.9,0.2296,0,0,0,0,0,0
TXN0009672,M0110,172.67,card,web,IN-UP,1353,298,1,2,182.6,0.3886,1,0,0,0,0,0
TXN0009673,M0259,61.55,upi,ios,IN-UP,1783,635,1,7,97.0,0.0752,0,0,0,0,0,0
TXN0009674,M0064,65.35,card,web,IN-UP,1171,1130,3,13,70.3,0.275,0,0,0,0,0,0
TXN0009675,M0376,1018.2,upi,android,IN-UP,48,720,3,8,101.8,0.2924,1,0,0,0,0,0
TXN0009676,M0125,154.79,card,web,IN-KA,932,739,3,12,34.4,0.4863,1,0,0,0,0,0
TXN0009677,M0143,43.34,upi,api,IN-MH,922,1144,6,12,57.9,0.3283,1,0,0,0,0,0
TXN0009678,M0045,451.01,upi,api,IN-WB,488,1116,7,11,220.7,0.2511,1,0,0,0,0,1
TXN0009679,M0379,64.63,card,web,IN-UP,1323,1485,2,5,94.6,0.3063,0,0,0,0,0,0
TXN0009680,M0277,320.4,wallet,web,IN-UP,1029,1479,0,5,103.9,0.117,1,0,0,0,1,0
TXN0009681,M0017,786.15,card,android,IN-WB,202,554,0,8,94.0,0.1653,2,0,0,0,0,0
TXN0009682,M0259,144.87,upi,web,IN-UP,1398,462,2,11,36.4,0.3271,1,0,0,0,0,0
TXN0009683,M0045,572.9,netbanking,android,IN-GJ,27,287,4,14,46.3,0.2122,0,0,0,0,0,1
TXN0009684,M0395,374.95,card,ios,IN-KA,1563,9,4,10,48.3,0.0502,0,0,0,0,0,0
TXN0009685,M0183,868.04,card,api,IN-DL,1107,887,1,8,40.8,0.6579,3,0,0,0,0,1
TXN0009686,M0320,322.08,card,web,IN-WB,1791,816,4,12,40.8,0.373,2,0,0,0,1,0
TXN0009687,M0190,106.09,card,web,IN-GJ,609,876,1,10,54.5,0.3418,3,0,0,0,0,0
TXN0009688,M0261,22.42,upi,web,IN-DL,402,360,3,9,32.0,0.3066,1,0,0,0,1,0
TXN0009689,M0130,81.52,card,ios,IN-TN,867,1148,1,5,34.6,0.2534,1,0,0,0,1,0
TXN0009690,M0357,108.93,netbanking,android,IN-GJ,1454,293,2,7,60.5,0.4379,1,0,0,0,0,0
TXN0009691,M0386,485.72,upi,web,IN-KA,1120,1482,5,15,17.4,0.3971,0,0,0,0,0,0
TXN0009692,M0223,606.15,upi,api,IN-UP,801,1074,4,8,87.7,0.5298,2,0,0,0,0,1
TXN0009693,M0032,60.16,card,android,IN-DL,695,1396,0,5,54.6,0.1521,0,0,0,0,1,0
TXN0009694,M0230,611.48,card,web,IN-DL,1419,88,0,6,72.1,0.3077,1,0,0,0,0,0
TXN0009695,M0320,83.06,wallet,web,IN-UP,386,487,3,7,133.4,0.1278,0,0,0,0,0,0
TXN0009696,M0265,78.23,card,ios,IN-GJ,61,681,1,5,196.8,0.1208,2,0,0,0,0,0
TXN0009697,M0252,45.12,card,web,IN-WB,430,141,0,4,38.2,0.2745,0,0,0,0,0,0
TXN0009698,M0034,252.32,card,api,IN-TN,377,444,2,6,101.9,0.2319,1,0,0,0,0,0
TXN0009699,M0365,100.21,card,web,IN-WB,338,606,5,14,112.7,0.5586,3,0,0,0,0,1
TXN0009700,M0058,669.13,card,api,IN-DL,557,804,1,7,64.9,0.2875,2,0,0,0,0,1
TXN0009701,M0366,72.59,upi,android,IN-TN,1289,670,3,11,124.8,0.3517,3,0,0,0,0,0
TXN0009702,M0080,374.34,upi,web,IN-UP,446,802,1,5,30.0,0.1957,2,0,0,0,0,0
TXN0009703,M0200,53.55,card,api,IN-DL,242,48,2,7,52.7,0.0717,2,0,0,0,0,0
TXN0009704,M0171,505.14,card,web,IN-DL,718,1330,3,13,27.8,0.514,5,0,0,0,0,0
TXN0009705,M0156,202.37,upi,ios,IN-WB,1749,1389,3,13,54.2,0.6172,1,0,0,0,0,0
TXN0009706,M0088,241.27,wallet,android,IN-GJ,1689,85,2,10,34.4,0.2894,1,1,0,0,0,0
TXN0009707,M0212,125.78,card,web,IN-KA,9,637,2,8,59.5,0.1706,0,0,0,1,0,0
TXN0009708,M0232,118.85,card,api,IN-TN,23,794,4,10,10.1,0.4479,2,0,0,0,0,0
TXN0009709,M0168,295.81,upi,api,IN-GJ,547,407,1,8,128.5,0.2773,0,0,0,0,0,0
TXN0009710,M0206,1098.24,card,ios,IN-GJ,261,1165,3,6,142.4,0.2855,0,0,0,0,0,0
TXN0009711,M0027,63.01,wallet,api,IN-MH,1445,996,1,7,99.6,0.3825,0,0,0,0,1,0
TXN0009712,M0132,128.04,upi,api,IN-WB,270,266,7,15,66.5,0.5619,5,0,0,0,1,1
TXN0009713,M0371,97.55,upi,web,IN-KA,163,1204,0,5,44.3,0.2833,1,0,0,0,0,0
TXN0009714,M0044,39.69,upi,web,IN-TN,407,15,4,9,195.1,0.3951,4,0,0,0,1,0
TXN0009715,M0061,39.2,wallet,ios,IN-WB,1058,1493,1,12,57.5,0.2704,2,0,0,0,1,0
TXN0009716,M0131,86.53,card,web,IN-UP,299,851,2,4,69.9,0.1518,1,0,0,0,0,0
TXN0009717,M0278,121.15,wallet,ios,IN-UP,523,853,1,6,39.7,0.356,2,1,0,0,0,0
TXN0009718,M0362,741.78,card,web,IN-GJ,905,544,3,7,50.7,0.3319,0,0,0,0,1,0
TXN0009719,M0216,484.09,card,android,IN-KA,1737,1102,0,3,97.4,0.2515,0,0,0,0,0,0
TXN0009720,M0131,79.24,card,ios,IN-GJ,1558,354,2,10,26.9,0.1636,1,0,0,0,0,0
TXN0009721,M0005,389.86,upi,android,IN-WB,394,1402,6,13,74.6,0.5855,1,0,0,0,0,0
TXN0009722,M0176,80.93,upi,android,IN-GJ,523,928,5,7,73.8,0.3068,2,0,0,0,0,0
TXN0009723,M0042,164.87,card,ios,IN-DL,128,873,1,5,170.2,0.4231,2,0,0,0,0,0
TXN0009724,M0201,248.82,card,android,IN-KA,532,256,3,7,68.2,0.3526,1,0,0,0,0,0
TXN0009725,M0076,1484.69,card,web,IN-DL,1105,173,2,10,43.8,0.2254,3,1,0,0,0,1
TXN0009726,M0060,235.51,upi,android,IN-TN,932,329,6,8,59.3,0.3216,0,0,0,0,1,0
TXN0009727,M0121,41.06,card,android,IN-WB,677,840,6,10,95.4,0.2145,1,0,0,0,0,0
TXN0009728,M0110,378.85,upi,web,IN-MH,35,1171,0,5,172.1,0.0807,2,0,0,0,0,0
TXN0009729,M0364,561.24,wallet,web,IN-KA,1627,775,2,9,42.9,0.3564,3,0,0,0,1,0
TXN0009730,M0281,437.71,upi,web,IN-DL,703,637,3,10,123.4,0.2301,1,0,0,0,0,1
TXN0009731,M0231,66.6,upi,android,IN-WB,1647,330,1,3,97.8,0.1644,0,0,0,0,1,0
TXN0009732,M0149,203.83,upi,api,IN-DL,1323,64,1,8,50.7,0.3912,1,0,0,0,0,0
TXN0009733,M0055,176.8,card,web,IN-GJ,1431,679,3,9,74.0,0.0808,0,0,0,0,0,0
TXN0009734,M0399,1056.24,upi,android,IN-TN,759,143,4,6,34.0,0.4391,0,0,0,0,1,1
TXN0009735,M0249,333.52,upi,android,IN-WB,232,944,4,10,27.2,0.2575,2,0,0,0,1,0
TXN0009736,M0337,1001.92,netbanking,android,IN-TN,404,539,2,6,26.8,0.1993,0,0,0,0,1,0
TXN0009737,M0004,88.55,card,web,IN-MH,1184,90,5,12,21.6,0.1773,0,0,0,0,0,0
TXN0009738,M0057,144.93,card,web,IN-GJ,1053,309,3,15,141.6,0.3442,2,0,0,0,0,0
TXN0009739,M0285,105.15,upi,android,IN-GJ,166,1146,2,11,87.2,0.2414,2,1,0,0,0,1
TXN0009740,M0009,478.98,upi,android,IN-UP,1550,250,1,4,65.4,0.3971,0,0,0,0,0,0
TXN0009741,M0255,562.59,card,android,IN-WB,46,525,3,12,119.0,0.3046,2,0,0,0,0,0
TXN0009742,M0195,266.07,wallet,web,IN-DL,848,1015,0,9,77.4,0.3905,2,0,0,0,1,0
TXN0009743,M0169,197.89,upi,web,IN-TN,355,354,1,7,19.9,0.2516,1,0,0,0,0,0
TXN0009744,M0170,273.36,upi,android,IN-GJ,312,171,1,7,57.8,0.4688,0,0,0,0,0,1
TXN0009745,M0018,45.17,card,web,IN-UP,890,1456,4,9,46.6,0.3056,1,0,0,0,0,0
TXN0009746,M0063,119.31,card,web,IN-MH,589,10,5,17,48.8,0.3663,2,0,0,0,0,0
TXN0009747,M0116,129.3,card,web,IN-UP,812,335,1,9,34.2,0.2517,3,0,0,0,1,0
TXN0009748,M0257,177.57,upi,android,IN-TN,1701,1059,2,7,105.2,0.4394,0,0,0,0,0,0
TXN0009749,M0158,93.78,card,web,IN-KA,1397,576,5,10,83.3,0.2979,1,0,0,0,0,0
TXN0009750,M0347,76.99,upi,api,IN-UP,586,671,1,7,83.5,0.0498,0,0,0,0,0,0
TXN0009751,M0092,36.41,netbanking,ios,IN-KA,942,736,1,5,18.0,0.3014,1,0,0,0,0,0
TXN0009752,M0285,277.28,upi,android,IN-MH,675,911,4,9,73.6,0.316,2,0,0,0,0,0
TXN0009753,M0071,45.66,upi,android,IN-TN,476,17,3,14,66.5,0.5554,1,0,0,0,1,0
TXN0009754,M0009,489.03,card,api,IN-DL,822,749,5,14,81.2,0.2683,3,0,0,0,1,0
TXN0009755,M0256,248.86,card,ios,IN-KA,252,547,3,14,126.6,0.1943,1,0,0,0,0,0
TXN0009756,M0161,436.76,netbanking,api,IN-DL,424,794,6,11,36.8,0.5098,5,0,0,0,1,0
TXN0009757,M0365,73.79,card,web,IN-KA,1025,1295,1,8,63.1,0.1627,1,0,0,0,0,0
TXN0009758,M0245,1160.66,card,web,IN-GJ,1325,429,3,8,62.0,0.4572,2,0,0,0,0,0
TXN0009759,M0019,1656.83,card,web,IN-UP,1215,1148,2,6,31.4,0.2081,3,0,0,0,0,0
TXN0009760,M0336,185.49,upi,web,IN-TN,1775,562,4,8,117.0,0.1236,2,0,0,0,0,0
TXN0009761,M0285,266.77,upi,android,IN-TN,384,532,3,9,115.3,0.2867,0,0,0,0,1,1
TXN0009762,M0399,177.71,upi,android,IN-WB,218,1495,2,7,37.1,0.5597,2,1,0,0,0,1
TXN0009763,M0054,492.89,upi,android,IN-WB,1137,1352,3,5,23.8,0.2266,1,0,0,0,0,1
TXN0009764,M0328,397.67,upi,android,IN-DL,1021,275,1,7,75.8,0.4397,1,0,0,0,0,0
TXN0009765,M0196,30.5,card,ios,IN-WB,1548,1347,0,4,94.5,0.2316,1,0,0,0,0,0
TXN0009766,M0390,78.75,card,ios,IN-WB,229,195,2,7,59.6,0.3594,2,0,0,0,1,0
TXN0009767,M0083,266.59,card,api,IN-WB,436,1300,2,6,32.8,0.4087,0,0,0,0,1,0
TXN0009768,M0231,390.21,card,web,IN-UP,742,691,2,6,31.3,0.3812,2,0,0,0,0,0
TXN0009769,M0336,209.0,upi,android,IN-UP,1475,834,1,4,27.3,0.2512,3,0,0,0,0,0
TXN0009770,M0014,32.99,upi,web,IN-DL,355,751,3,7,14.1,0.366,0,0,0,0,0,0
TXN0009771,M0036,314.05,upi,api,IN-KA,1710,1278,4,9,42.7,0.4699,1,0,0,0,0,0
TXN0009772,M0106,1116.33,upi,ios,IN-GJ,200,762,1,4,12.4,0.3826,1,0,0,0,0,0
TXN0009773,M0223,18.12,card,web,IN-WB,1685,410,2,7,38.0,0.2388,0,0,0,0,0,0
TXN0009774,M0346,460.47,card,api,IN-UP,1212,1473,3,7,17.4,0.2404,1,0,0,0,0,1
TXN0009775,M0187,1124.45,upi,web,IN-MH,255,581,2,9,139.6,0.2407,2,0,0,0,0,0
TXN0009776,M0050,462.44,upi,android,IN-DL,1780,102,1,7,48.1,0.2279,1,0,0,0,1,0
TXN0009777,M0313,166.04,card,web,IN-KA,89,262,2,6,76.1,0.3957,3,0,0,0,0,0
TXN0009778,M0005,441.35,card,api,IN-DL,702,204,5,11,59.9,0.2706,1,0,0,0,0,0
TXN0009779,M0332,165.07,upi,android,IN-GJ,1308,987,4,9,22.0,0.3139,2,0,0,0,0,0
TXN0009780,M0229,309.51,card,web,IN-UP,619,127,3,6,114.7,0.1702,1,0,0,0,0,0
TXN0009781,M0266,195.64,card,api,IN-MH,688,1230,5,9,89.5,0.0823,0,0,0,0,0,0
TXN0009782,M0284,201.19,card,android,IN-WB,515,415,1,3,89.6,0.124,0,0,0,0,0,0
TXN0009783,M0057,84.02,upi,api,IN-DL,320,97,0,6,120.3,0.3664,0,0,0,0,0,0
TXN0009784,M0184,113.25,upi,web,IN-GJ,1049,1386,1,9,23.4,0.277,1,0,0,0,0,0
TXN0009785,M0132,913.85,card,android,IN-TN,805,459,3,8,67.0,0.2005,1,0,0,0,0,0
TXN0009786,M0309,96.85,card,web,IN-MH,1460,1023,2,11,79.6,0.3995,1,0,0,0,0,0
TXN0009787,M0024,25.46,upi,web,IN-KA,977,1062,2,8,92.6,0.2962,3,0,0,0,0,0
TXN0009788,M0327,6053.25,upi,android,IN-KA,924,1179,1,8,33.7,0.542,3,0,0,0,0,0
TXN0009789,M0260,116.33,netbanking,ios,IN-KA,292,448,2,8,201.3,0.2298,1,0,0,0,0,0
TXN0009790,M0302,137.61,card,android,IN-WB,454,1035,2,8,27.6,0.3601,0,0,0,0,1,0
TXN0009791,M0268,120.41,card,ios,IN-WB,69,220,1,12,40.1,0.1911,0,0,0,0,0,0
TXN0009792,M0035,182.89,card,web,IN-MH,1753,1377,2,10,31.8,0.4302,0,0,0,0,0,0
TXN0009793,M0140,84.25,netbanking,web,IN-DL,1407,1044,1,5,4.2,0.5084,2,0,0,0,1,0
TXN0009794,M0029,798.23,wallet,web,IN-GJ,487,1169,1,3,182.5,0.3528,1,0,0,0,1,0
TXN0009795,M0276,147.43,card,api,IN-GJ,821,582,2,3,26.8,0.1846,2,0,0,0,0,0
TXN0009796,M0221,63.27,upi,ios,IN-MH,1012,128,1,5,139.9,0.1401,0,0,0,0,0,0
TXN0009797,M0133,10.22,wallet,android,IN-WB,440,731,3,18,228.4,0.366,1,0,0,0,0,0
TXN0009798,M0011,537.99,netbanking,android,IN-TN,231,1376,2,6,31.4,0.3698,2,0,0,0,0,0
TXN0009799,M0041,115.85,card,web,IN-KA,1719,202,4,7,110.9,0.3496,0,0,0,0,0,0
TXN0009800,M0307,262.08,upi,web,IN-DL,643,287,3,11,61.5,0.3693,2,0,0,0,1,0
TXN0009801,M0346,71.09,upi,android,IN-UP,1366,784,1,6,63.1,0.2623,1,0,0,0,0,0
TXN0009802,M0394,197.7,card,web,IN-GJ,1140,428,0,5,58.9,0.3359,3,0,0,0,1,0
TXN0009803,M0240,175.16,upi,api,IN-KA,725,613,2,6,36.9,0.3124,2,1,0,0,0,0
TXN0009804,M0347,452.07,card,web,IN-WB,1108,1180,0,13,122.9,0.3987,1,0,0,0,0,0
TXN0009805,M0188,212.41,upi,ios,IN-KA,491,1246,4,7,61.8,0.2211,2,0,0,0,1,0
TXN0009806,M0277,58.56,card,api,IN-UP,454,967,2,3,105.1,0.18,1,0,0,0,0,0
TXN0009807,M0314,1988.99,upi,web,IN-GJ,1312,1270,1,11,115.3,0.2385,0,0,0,0,1,1
TXN0009808,M0268,277.97,wallet,ios,IN-KA,1398,705,2,9,49.9,0.2843,0,0,0,0,0,0
TXN0009809,M0174,69.97,upi,api,IN-MH,1304,43,0,3,197.9,0.3316,1,0,0,0,0,0
TXN0009810,M0223,217.47,card,web,IN-KA,1259,228,3,6,46.9,0.4217,1,0,0,0,0,0
TXN0009811,M0133,266.14,card,android,IN-DL,1591,447,2,7,66.3,0.3362,1,0,0,0,1,0
TXN0009812,M0115,292.09,card,ios,IN-DL,547,1294,2,7,77.4,0.5435,0,0,0,0,0,0
TXN0009813,M0180,258.85,card,android,IN-GJ,24,425,0,0,9.6,0.2492,2,0,0,0,1,0
TXN0009814,M0030,230.05,netbanking,web,IN-DL,499,396,2,4,61.8,0.1156,2,0,0,0,0,0
TXN0009815,M0033,450.63,wallet,android,IN-MH,1133,407,0,2,22.3,0.1668,1,0,0,0,0,0
TXN0009816,M0157,372.72,upi,web,IN-UP,1075,1275,3,15,108.1,0.3476,2,0,0,0,0,0
TXN0009817,M0223,379.71,card,ios,IN-DL,507,1327,4,7,46.5,0.0945,2,0,0,0,0,0
TXN0009818,M0165,30.46,wallet,web,IN-MH,1401,1195,5,11,66.6,0.3624,2,0,0,0,1,0
TXN0009819,M0002,31.77,upi,ios,IN-MH,1754,1310,1,4,20.7,0.4133,5,0,0,0,0,0
TXN0009820,M0392,81.43,netbanking,web,IN-UP,222,1343,3,4,121.9,0.108,0,0,0,0,1,0
TXN0009821,M0112,140.4,upi,android,IN-TN,45,416,3,8,42.8,0.3495,1,0,0,0,0,0
TXN0009822,M0128,84.18,upi,web,IN-DL,1250,523,3,7,176.2,0.3567,4,0,0,0,0,0
TXN0009823,M0249,65.18,card,api,IN-UP,877,754,0,8,18.0,0.3714,1,0,0,0,0,0
TXN0009824,M0127,228.57,wallet,android,IN-DL,1205,263,7,12,87.1,0.6319,2,0,0,0,0,0
TXN0009825,M0309,75.2,netbanking,android,IN-UP,1279,1283,4,5,47.8,0.2508,2,0,0,0,0,0
TXN0009826,M0165,16.27,card,ios,IN-KA,73,516,2,8,93.6,0.2918,4,0,0,0,0,0
TXN0009827,M0064,46.28,card,ios,IN-GJ,1352,177,1,9,100.6,0.3031,1,0,0,0,0,0
TXN0009828,M0342,97.83,upi,android,IN-WB,315,1271,0,5,27.3,0.1723,1,0,0,0,0,0
TXN0009829,M0016,139.03,card,api,IN-KA,1139,536,3,11,40.9,0.2978,4,0,0,0,0,1
TXN0009830,M0353,442.15,card,api,IN-MH,1773,1465,4,9,73.4,0.2627,0,0,0,0,0,0
TXN0009831,M0097,277.97,card,api,IN-UP,850,1233,2,7,45.3,0.3782,1,1,0,0,0,0
TXN0009832,M0144,24.23,upi,ios,IN-GJ,629,194,7,10,103.1,0.2822,2,0,0,0,0,0
TXN0009833,M0090,769.34,card,android,IN-MH,1637,243,3,5,72.8,0.12,0,0,0,0,1,0
TXN0009834,M0262,147.47,upi,ios,IN-WB,751,678,6,8,53.6,0.4939,0,0,0,0,0,1
TXN0009835,M0231,192.89,upi,api,IN-WB,1038,461,3,7,37.9,0.5096,3,0,0,0,0,1
TXN0009836,M0124,203.2,card,ios,IN-TN,361,1498,3,6,133.4,0.2405,1,0,0,0,0,0
TXN0009837,M0291,76.73,card,android,IN-KA,938,220,1,5,94.6,0.2371,2,0,0,0,0,0
TXN0009838,M0256,316.2,upi,api,IN-DL,133,280,7,11,27.9,0.1828,0,0,0,0,1,1
TXN0009839,M0328,25.65,card,ios,IN-TN,1542,600,3,8,17.2,0.2261,0,0,0,0,0,0
TXN0009840,M0270,687.5,card,android,IN-WB,1097,536,3,10,20.9,0.216,0,0,0,0,0,0
TXN0009841,M0012,217.13,upi,api,IN-GJ,798,45,3,10,107.6,0.3311,0,0,0,0,0,0
TXN0009842,M0345,258.84,card,web,IN-KA,1347,1073,1,8,105.2,0.2869,1,0,0,0,0,0
TXN0009843,M0382,304.78,upi,api,IN-MH,1094,829,3,11,18.5,0.2187,0,0,0,0,0,0
TXN0009844,M0374,115.76,card,web,IN-MH,755,517,1,3,16.3,0.136,2,0,0,0,1,0
TXN0009845,M0178,641.69,upi,web,IN-DL,592,1319,2,10,103.5,0.4738,1,0,0,0,1,0
TXN0009846,M0269,87.16,card,api,IN-GJ,123,705,2,4,31.5,0.41,0,0,0,0,1,1
TXN0009847,M0075,66.18,card,web,IN-MH,382,457,2,7,31.7,0.2472,2,0,0,0,0,0
TXN0009848,M0017,208.92,upi,ios,IN-MH,724,729,1,8,36.1,0.2503,1,0,0,0,0,0
TXN0009849,M0396,45.38,upi,web,IN-DL,829,440,6,13,27.6,0.3451,1,0,0,0,0,0
TXN0009850,M0033,102.17,card,ios,IN-UP,1789,1357,2,9,34.4,0.0952,1,0,0,0,0,0
TXN0009851,M0234,233.63,upi,api,IN-GJ,605,696,1,13,117.8,0.3415,2,1,0,0,0,1
TXN0009852,M0128,375.41,upi,ios,IN-MH,866,1276,0,5,7.0,0.2473,1,0,0,0,0,0
TXN0009853,M0156,173.39,card,api,IN-KA,68,893,3,9,97.3,0.2783,2,0,0,0,0,0
TXN0009854,M0115,72.87,upi,api,IN-TN,164,344,4,7,29.9,0.4121,0,0,0,0,0,0
TXN0009855,M0128,128.48,upi,ios,IN-MH,876,1285,2,10,85.2,0.3575,1,1,0,0,1,0
TXN0009856,M0109,92.29,card,android,IN-GJ,627,204,0,10,40.7,0.3135,1,0,0,0,0,0
TXN0009857,M0190,163.25,card,ios,IN-GJ,1181,1162,2,4,123.4,0.4276,2,0,0,0,0,0
TXN0009858,M0329,96.81,card,android,IN-KA,1518,812,0,10,79.7,0.2529,4,0,0,0,0,0
TXN0009859,M0042,67.74,card,ios,IN-DL,94,921,1,6,8.8,0.4959,2,0,0,0,0,0
TXN0009860,M0349,59.81,card,web,IN-TN,298,154,2,7,43.2,0.3755,0,0,0,0,1,0
TXN0009861,M0304,28.63,card,web,IN-MH,1021,719,3,10,64.9,0.337,3,0,0,0,0,0
TXN0009862,M0097,530.72,card,web,IN-WB,179,694,4,8,93.9,0.3635,0,0,0,0,1,1
TXN0009863,M0198,368.24,upi,api,IN-DL,558,1116,3,6,41.6,0.2117,2,0,0,0,0,0
TXN0009864,M0277,52.69,upi,android,IN-UP,1273,247,1,5,19.1,0.1291,2,0,0,0,0,0
TXN0009865,M0118,345.06,upi,android,IN-GJ,74,541,6,18,87.6,0.3009,2,0,0,0,0,1
TXN0009866,M0041,187.79,upi,api,IN-WB,1112,420,3,13,112.8,0.5392,6,0,0,0,0,0
TXN0009867,M0388,49.45,card,web,IN-TN,175,1347,2,8,128.8,0.1271,2,0,0,0,0,0
TXN0009868,M0256,62.96,upi,ios,IN-UP,1366,1133,4,10,50.1,0.2058,0,0,0,0,0,0
TXN0009869,M0027,155.07,upi,android,IN-GJ,1289,419,4,10,68.6,0.2788,5,1,0,0,1,1
TXN0009870,M0370,377.71,card,android,IN-MH,96,1080,0,4,61.7,0.3666,0,0,0,0,0,0
TXN0009871,M0146,326.06,upi,ios,IN-TN,970,472,1,8,131.0,0.1718,2,0,0,0,0,0
TXN0009872,M0005,105.03,upi,web,IN-DL,849,33,4,13,36.7,0.5468,1,0,0,0,0,0
TXN0009873,M0308,284.93,upi,android,IN-GJ,1720,442,1,3,66.2,0.1435,0,0,0,0,0,0
TXN0009874,M0236,152.98,card,android,IN-TN,72,894,2,6,11.2,0.1923,0,0,0,0,0,0
TXN0009875,M0248,86.32,card,web,IN-GJ,1227,1174,6,8,63.2,0.1511,2,0,0,0,0,0
TXN0009876,M0335,470.36,card,android,IN-TN,979,897,7,16,30.6,0.2823,2,1,0,0,0,0
TXN0009877,M0050,210.34,upi,ios,IN-WB,1732,1477,0,12,84.3,0.5091,3,0,0,0,0,0
TXN0009878,M0257,300.0,netbanking,web,IN-DL,1322,1409,4,7,57.6,0.243,1,0,0,0,0,0
TXN0009879,M0257,60.05,upi,web,IN-TN,513,388,1,9,118.0,0.2304,2,0,0,0,0,0
TXN0009880,M0166,107.05,card,api,IN-TN,196,947,0,1,24.6,0.1209,3,0,0,0,0,0
TXN0009881,M0161,408.75,card,ios,IN-GJ,1048,438,2,5,184.8,0.221,0,0,0,0,0,0
TXN0009882,M0257,135.95,upi,android,IN-KA,1528,293,3,13,56.9,0.6533,2,1,0,0,0,0
TXN0009883,M0310,144.04,upi,ios,IN-KA,1005,36,3,10,146.6,0.581,1,0,0,0,0,0
TXN0009884,M0265,62.29,netbanking,web,IN-DL,1045,1381,6,14,82.0,0.1609,0,0,0,0,0,0
TXN0009885,M0120,219.16,card,android,IN-WB,942,1157,3,12,68.2,0.3473,3,0,0,0,0,0
TXN0009886,M0048,61.18,netbanking,web,IN-GJ,669,200,2,10,43.7,0.0651,0,1,0,0,0,0
TXN0009887,M0137,259.49,card,android,IN-DL,1615,1085,5,11,67.0,0.3756,6,0,0,0,0,0
TXN0009888,M0091,66.69,upi,web,IN-GJ,300,857,2,10,60.9,0.2865,0,0,0,0,0,0
TXN0009889,M0270,145.99,card,android,IN-GJ,950,485,5,16,23.8,0.6611,3,0,0,0,0,1
TXN0009890,M0286,869.55,upi,api,IN-MH,1565,555,4,10,40.2,0.1961,1,0,0,0,0,0
TXN0009891,M0181,259.49,card,web,IN-UP,475,926,3,7,88.3,0.3205,2,0,0,0,0,0
TXN0009892,M0040,127.29,card,web,IN-MH,760,774,2,7,48.4,0.3648,1,0,0,0,0,0
TXN0009893,M0286,424.02,netbanking,web,IN-TN,1263,1477,2,6,9.4,0.3293,2,0,0,0,0,0
TXN0009894,M0257,87.31,netbanking,api,IN-DL,230,624,5,11,44.2,0.5976,3,1,0,0,1,0
TXN0009895,M0285,67.14,netbanking,web,IN-MH,477,462,2,6,21.0,0.2858,1,0,0,0,0,0
TXN0009896,M0351,124.99,upi,api,IN-KA,1303,215,2,8,93.5,0.2751,1,0,0,0,1,0
TXN0009897,M0145,540.03,upi,android,IN-WB,150,727,5,11,64.2,0.3881,1,0,0,0,0,0
TXN0009898,M0262,510.53,card,android,IN-WB,676,477,6,17,30.7,0.4677,1,0,0,0,0,1
TXN0009899,M0312,109.54,card,api,IN-KA,1059,87,0,3,23.5,0.2213,1,0,0,0,0,0
TXN0009900,M0024,135.51,card,web,IN-TN,1530,1310,6,16,20.1,0.3291,4,0,0,0,0,1
TXN0009901,M0370,274.04,card,android,IN-UP,248,850,1,10,89.1,0.1719,3,0,0,0,0,0
TXN0009902,M0098,2040.87,upi,ios,IN-DL,962,469,2,8,33.8,0.1469,1,0,0,0,0,1
TXN0009903,M0217,141.93,card,ios,IN-KA,1285,808,1,18,91.3,0.4937,1,0,0,0,0,0
TXN0009904,M0236,717.3,upi,api,IN-DL,715,94,0,8,82.0,0.228,2,1,0,0,1,0
TXN0009905,M0061,231.0,card,api,IN-MH,789,729,1,12,33.4,0.2875,2,0,0,0,0,0
TXN0009906,M0141,422.51,upi,web,IN-GJ,828,715,3,7,106.5,0.1555,1,0,0,0,0,0
TXN0009907,M0202,495.98,wallet,web,IN-KA,1559,961,2,11,4.2,0.2843,2,0,0,0,0,0
TXN0009908,M0258,214.63,card,android,IN-GJ,1107,1197,5,11,176.9,0.3601,1,0,0,0,0,0
TXN0009909,M0355,174.97,upi,web,IN-DL,729,1312,1,4,132.9,0.1839,1,0,0,0,0,0
TXN0009910,M0355,146.32,wallet,web,IN-DL,18,493,6,9,20.4,0.2534,0,0,0,0,0,0
TXN0009911,M0117,255.59,card,web,IN-TN,713,19,4,12,31.1,0.4222,0,0,0,0,0,0
TXN0009912,M0290,590.39,netbanking,android,IN-DL,1469,949,1,9,56.9,0.244,1,0,0,0,0,0
TXN0009913,M0042,675.66,upi,api,IN-TN,772,580,2,5,29.2,0.2695,0,0,0,0,1,0
TXN0009914,M0247,603.97,card,ios,IN-MH,708,93,0,2,35.5,0.2153,1,0,0,0,1,0
TXN0009915,M0395,112.96,card,ios,IN-WB,1284,104,2,6,44.9,0.2144,0,0,0,0,0,0
TXN0009916,M0017,101.98,upi,api,IN-DL,1748,246,0,3,22.8,0.1568,3,0,0,0,1,0
TXN0009917,M0068,78.64,card,api,IN-WB,280,530,2,5,47.4,0.3417,1,0,0,0,0,0
TXN0009918,M0051,209.97,card,android,IN-UP,1699,415,4,7,12.8,0.3304,3,0,0,0,0,0
TXN0009919,M0363,457.54,upi,api,IN-GJ,615,1404,1,7,28.4,0.2679,1,0,0,0,0,0
TXN0009920,M0061,102.3,netbanking,android,IN-WB,1056,163,5,11,52.7,0.4103,0,0,0,0,0,1
TXN0009921,M0198,149.9,upi,ios,IN-TN,482,530,5,9,28.1,0.2309,0,0,0,0,1,0
TXN0009922,M0004,343.65,upi,api,IN-DL,39,72,4,12,41.3,0.4755,2,0,0,0,1,0
TXN0009923,M0331,130.56,upi,web,IN-TN,698,870,3,13,51.1,0.1574,1,0,0,0,0,1
TXN0009924,M0362,148.8,wallet,android,IN-KA,1589,493,1,4,3.5,0.2893,2,0,0,0,0,0
TXN0009925,M0284,548.56,upi,web,IN-WB,1641,589,1,6,45.7,0.2888,0,0,0,0,0,0
TXN0009926,M0168,184.32,card,ios,IN-MH,678,1477,2,8,22.0,0.3448,5,0,0,0,0,0
TXN0009927,M0134,87.59,netbanking,web,IN-WB,1136,296,4,10,78.6,0.1876,0,0,0,0,0,0
TXN0009928,M0244,198.21,card,ios,IN-DL,1388,740,3,13,35.8,0.4788,0,0,0,0,0,0
TXN0009929,M0032,277.63,card,web,IN-DL,906,1376,1,4,49.7,0.0666,1,0,0,0,0,0
TXN0009930,M0323,2202.81,upi,web,IN-GJ,1461,92,0,3,106.0,0.1925,1,0,0,0,1,0
TXN0009931,M0232,822.24,card,api,IN-KA,233,755,3,8,55.1,0.3047,2,0,0,0,0,0
TXN0009932,M0311,4382.25,card,android,IN-WB,1679,253,2,8,106.7,0.3985,0,0,0,0,0,0
TXN0009933,M0091,62.03,upi,ios,IN-MH,1037,314,4,9,60.2,0.4315,1,0,0,0,0,0
TXN0009934,M0012,723.56,netbanking,android,IN-KA,281,659,1,4,33.6,0.5085,2,0,0,0,0,0
TXN0009935,M0079,850.54,upi,web,IN-WB,1437,822,7,9,80.3,0.2743,2,0,0,0,1,0
TXN0009936,M0333,185.57,netbanking,web,IN-TN,1672,753,6,10,37.4,0.3251,2,0,0,0,1,1
TXN0009937,M0336,121.58,upi,web,IN-TN,650,229,4,11,63.3,0.1847,1,0,0,0,0,0
TXN0009938,M0187,376.24,upi,web,IN-GJ,839,685,1,4,57.8,0.17,3,1,0,0,0,0
TXN0009939,M0130,129.94,card,android,IN-MH,1625,1405,1,3,42.1,0.4453,1,1,0,0,0,0
TXN0009940,M0048,57.34,card,api,IN-MH,970,761,3,3,36.0,0.2282,0,0,0,0,1,0
TXN0009941,M0379,43.63,wallet,web,IN-KA,633,799,6,9,17.2,0.2576,0,1,0,0,0,0
TXN0009942,M0097,40.29,upi,android,IN-MH,1154,223,2,12,128.1,0.2124,2,0,0,0,0,0
TXN0009943,M0261,227.25,wallet,web,IN-WB,289,7,0,1,24.4,0.3293,3,0,0,0,0,0
TXN0009944,M0229,352.21,card,android,IN-MH,614,687,5,8,27.8,0.3772,0,0,0,0,0,0
TXN0009945,M0028,67.92,card,api,IN-WB,1490,269,5,13,161.4,0.1673,1,0,0,0,1,0
TXN0009946,M0021,291.96,card,android,IN-GJ,169,1048,3,11,170.2,0.3948,2,0,0,0,0,0
TXN0009947,M0222,289.91,card,ios,IN-DL,1018,302,8,14,153.4,0.2583,1,0,0,0,0,0
TXN0009948,M0283,254.6,netbanking,ios,IN-UP,1226,6,2,5,28.1,0.1062,1,0,1,0,1,0
TXN0009949,M0226,355.27,upi,android,IN-DL,930,1451,3,6,72.3,0.1685,0,0,0,0,1,0
TXN0009950,M0306,223.3,wallet,ios,IN-MH,702,438,3,9,34.3,0.3799,2,0,0,0,0,1
TXN0009951,M0356,682.55,upi,ios,IN-KA,1666,455,4,9,68.8,0.2593,0,0,0,0,0,0
TXN0009952,M0211,335.87,netbanking,android,IN-DL,1455,1366,2,7,31.8,0.1993,0,0,0,0,1,0
TXN0009953,M0171,51.34,card,api,IN-KA,1484,172,1,13,19.0,0.4023,3,1,0,0,0,0
TXN0009954,M0297,1133.42,card,web,IN-MH,175,311,2,6,119.9,0.2076,2,0,0,0,0,0
TXN0009955,M0183,68.87,upi,ios,IN-DL,1786,510,5,12,173.8,0.4774,2,0,0,0,0,0
TXN0009956,M0374,177.11,upi,android,IN-KA,910,945,1,5,46.2,0.4178,0,0,0,0,0,0
TXN0009957,M0138,2310.18,upi,api,IN-GJ,1245,748,2,7,131.1,0.3971,1,0,0,0,0,0
TXN0009958,M0056,293.73,upi,ios,IN-TN,680,1497,3,10,24.7,0.2278,1,0,0,0,0,0
TXN0009959,M0099,79.08,card,web,IN-TN,1043,723,1,6,52.4,0.2987,3,0,0,0,0,0
TXN0009960,M0396,252.07,netbanking,ios,IN-DL,1278,30,3,8,26.9,0.2363,0,0,0,0,0,0
TXN0009961,M0221,303.48,card,web,IN-UP,970,389,1,10,42.3,0.1564,0,0,0,0,0,0
TXN0009962,M0011,220.11,wallet,ios,IN-UP,1027,352,3,5,59.9,0.3876,1,0,0,0,0,0
TXN0009963,M0008,108.44,card,web,IN-TN,641,1178,2,8,37.7,0.2723,1,0,0,0,0,0
TXN0009964,M0316,50.06,netbanking,ios,IN-UP,1785,736,3,8,67.5,0.4832,4,0,0,0,0,0
TXN0009965,M0153,56.17,upi,ios,IN-WB,326,1401,2,6,62.3,0.2541,2,0,0,0,0,0
TXN0009966,M0046,82.57,card,ios,IN-WB,673,202,2,9,47.2,0.2305,1,0,0,0,1,0
TXN0009967,M0001,657.13,upi,ios,IN-GJ,1485,797,4,13,87.6,0.4145,1,0,0,0,0,0
TXN0009968,M0052,53.2,card,android,IN-TN,856,301,4,10,33.8,0.2692,0,0,0,0,0,0
TXN0009969,M0369,210.34,card,api,IN-WB,12,528,4,8,84.4,0.2113,2,1,0,1,1,1
TXN0009970,M0154,728.72,upi,web,IN-KA,183,580,2,3,57.1,0.3789,0,0,0,0,0,0
TXN0009971,M0206,345.06,wallet,api,IN-UP,1598,1178,5,9,23.7,0.277,1,0,0,0,0,0
TXN0009972,M0198,745.72,netbanking,web,IN-WB,1784,107,2,5,29.1,0.4342,1,0,0,0,0,0
TXN0009973,M0369,100.14,upi,web,IN-WB,473,244,2,4,152.5,0.2538,0,0,0,0,0,0
TXN0009974,M0375,337.34,card,ios,IN-DL,379,1372,5,11,24.0,0.4002,2,0,0,0,1,1
TXN0009975,M0095,568.99,upi,web,IN-DL,431,1072,2,6,14.3,0.1109,1,0,0,0,0,0
TXN0009976,M0039,461.34,upi,ios,IN-UP,1646,1441,4,7,15.0,0.3798,2,0,0,0,1,1
TXN0009977,M0070,438.28,card,ios,IN-GJ,13,712,3,8,13.3,0.3446,1,0,0,1,0,0
TXN0009978,M0036,54.51,card,web,IN-UP,175,1393,2,10,22.6,0.3299,3,0,0,0,0,0
TXN0009979,M0181,350.73,netbanking,api,IN-UP,648,738,2,5,71.9,0.2093,2,0,0,0,0,0
TXN0009980,M0309,293.16,wallet,ios,IN-GJ,1761,521,3,13,53.4,0.2052,2,0,0,0,0,0
TXN0009981,M0007,154.88,card,api,IN-WB,160,490,2,8,15.8,0.2995,2,0,0,0,0,0
TXN0009982,M0044,98.3,card,android,IN-UP,599,236,5,12,52.6,0.1742,3,1,0,0,0,0
TXN0009983,M0214,282.42,netbanking,android,IN-DL,332,1089,5,10,249.2,0.3357,0,0,0,0,0,0
TXN0009984,M0317,67.06,wallet,android,IN-UP,592,223,3,9,113.8,0.2272,0,0,0,0,0,0
TXN0009985,M0093,116.94,upi,android,IN-KA,1239,47,3,8,94.1,0.3258,2,0,0,0,1,0
TXN0009986,M0380,461.78,wallet,api,IN-KA,360,1260,4,12,8.0,0.0793,1,0,0,0,1,0
TXN0009987,M0387,510.28,card,ios,IN-DL,748,1158,4,6,32.4,0.1339,0,0,0,0,1,0
TXN0009988,M0286,291.5,upi,android,IN-TN,291,134,1,5,47.4,0.1998,0,1,0,0,0,0
TXN0009989,M0258,113.65,card,android,IN-WB,20,96,1,6,10.7,0.0906,2,0,0,0,0,0
TXN0009990,M0338,59.23,card,web,IN-TN,899,340,5,15,59.8,0.4196,2,0,0,0,0,0
TXN0009991,M0189,82.56,card,android,IN-MH,571,1081,2,8,8.6,0.3106,3,0,0,0,0,0
TXN0009992,M0222,651.04,upi,android,IN-MH,1339,225,3,6,108.0,0.2467,2,0,0,0,0,0
TXN0009993,M0360,218.66,upi,android,IN-KA,12,7,5,14,71.9,0.6459,2,0,0,1,0,0
TXN0009994,M0105,162.56,upi,ios,IN-DL,90,1419,1,4,52.9,0.3592,2,0,0,0,0,0
TXN0009995,M0202,211.97,upi,ios,IN-TN,1647,1026,1,8,187.9,0.1913,0,0,0,0,0,0
TXN0009996,M0112,356.92,upi,web,IN-GJ,778,450,3,6,39.1,0.4705,1,0,0,0,1,0
TXN0009997,M0200,64.48,upi,android,IN-UP,1548,724,0,9,117.6,0.1087,0,0,0,0,0,0
TXN0009998,M0288,110.67,card,android,IN-GJ,192,873,4,5,55.3,0.2898,0,0,0,0,0,0
TXN0009999,M0083,343.44,upi,web,IN-WB,636,786,3,9,64.3,0.094,1,0,0,0,0,0
TXN0010000,M0131,228.77,upi,ios,IN-DL,1253,926,6,13,65.3,0.3812,0,0,0,0,0,0
TXN0010001,M0269,544.07,card,web,IN-KA,433,424,3,11,27.2,0.2754,1,0,0,0,0,1
TXN0010002,M0184,382.36,card,android,IN-GJ,399,1410,5,8,46.8,0.2192,1,0,0,0,0,0
TXN0010003,M0151,83.17,upi,api,IN-WB,193,1255,1,7,98.5,0.4236,2,0,0,0,0,0
TXN0010004,M0001,6.39,upi,ios,IN-KA,626,637,1,4,276.8,0.1923,0,0,0,0,0,0
TXN0010005,M0104,220.8,netbanking,web,IN-WB,1269,92,4,9,61.7,0.2931,1,0,0,0,0,0
TXN0010006,M0147,63.29,upi,android,IN-GJ,528,1439,1,3,83.9,0.1503,1,0,0,0,0,0
TXN0010007,M0335,299.03,netbanking,web,IN-WB,217,1348,2,4,35.8,0.1483,0,0,0,0,1,1
TXN0010008,M0133,883.11,netbanking,web,IN-KA,1125,61,0,3,129.0,0.293,0,0,0,0,1,0
TXN0010009,M0013,64.28,wallet,api,IN-MH,1205,487,4,15,37.9,0.3323,3,0,0,0,1,1
TXN0010010,M0218,343.58,wallet,android,IN-DL,735,738,1,6,14.9,0.1517,1,0,0,0,0,0
TXN0010011,M0049,429.75,card,ios,IN-DL,465,1167,4,9,97.4,0.2845,1,0,0,0,1,0
TXN0010012,M0164,254.34,card,web,IN-WB,1317,809,2,5,80.0,0.2041,0,0,0,0,0,0
TXN0010013,M0094,249.85,upi,api,IN-GJ,1313,521,3,11,22.5,0.3582,1,1,0,0,0,0
TXN0010014,M0019,22.57,card,web,IN-GJ,1080,1210,3,7,98.2,0.4456,1,0,0,0,1,0
TXN0010015,M0221,192.19,upi,api,IN-KA,708,1352,5,12,82.4,0.3232,1,0,0,0,0,0
TXN0010016,M0233,178.44,upi,android,IN-GJ,908,1209,2,6,84.9,0.5787,2,0,0,0,0,1
TXN0010017,M0315,514.24,card,api,IN-KA,247,126,1,10,46.9,0.5112,1,0,0,0,0,0
TXN0010018,M0008,470.08,upi,ios,IN-GJ,6,1439,2,7,80.2,0.1588,1,0,0,1,0,0
TXN0010019,M0059,108.05,upi,android,IN-UP,500,601,1,6,42.0,0.2482,0,0,0,0,0,0
TXN0010020,M0126,26.92,upi,android,IN-WB,935,412,2,4,104.1,0.3,1,0,0,0,1,0
TXN0010021,M0059,36.49,netbanking,web,IN-GJ,1242,290,5,10,128.4,0.2146,1,1,0,0,0,1
TXN0010022,M0025,736.33,netbanking,web,IN-DL,428,601,1,6,128.7,0.1996,1,0,0,0,0,0
TXN0010023,M0020,166.61,netbanking,android,IN-MH,1233,1270,5,7,33.5,0.2948,0,0,0,0,0,0
TXN0010024,M0187,42.36,wallet,web,IN-DL,554,1326,1,6,205.4,0.2722,1,0,0,0,1,0
TXN0010025,M0006,47.97,upi,ios,IN-WB,1075,371,2,4,32.5,0.2509,4,0,0,0,0,0
TXN0010026,M0258,226.73,netbanking,web,IN-UP,198,31,3,12,23.6,0.575,1,0,0,0,1,0
TXN0010027,M0195,203.14,upi,api,IN-GJ,582,275,5,13,30.4,0.3975,4,0,0,0,0,0
TXN0010028,M0063,942.8,upi,web,IN-WB,347,37,4,10,139.3,0.2747,3,0,0,0,0,1
TXN0010029,M0135,166.13,upi,web,IN-DL,1143,311,0,4,45.2,0.2778,0,0,0,0,1,0
TXN0010030,M0232,264.84,upi,ios,IN-UP,1277,582,9,19,69.6,0.553,2,0,0,0,0,1
TXN0010031,M0387,172.61,netbanking,android,IN-UP,76,622,2,6,103.6,0.0673,0,0,0,0,0,0
TXN0010032,M0165,408.25,upi,api,IN-DL,716,1218,4,11,154.1,0.4926,1,0,0,0,0,0
TXN0010033,M0063,1046.3,wallet,android,IN-WB,1088,1138,2,11,67.5,0.2919,1,0,0,0,0,0
TXN0010034,M0164,462.85,upi,web,IN-GJ,1331,996,4,12,25.7,0.5041,1,0,0,0,0,0
TXN0010035,M0101,1292.05,card,android,IN-GJ,1406,133,1,6,43.3,0.4637,3,0,0,0,1,0
TXN0010036,M0179,309.18,upi,android,IN-UP,1387,145,4,6,30.9,0.2556,0,0,0,0,1,0
TXN0010037,M0010,36.85,card,ios,IN-GJ,249,83,2,10,92.2,0.2553,0,0,0,0,0,0
TXN0010038,M0004,78.96,card,android,IN-UP,1140,9,0,10,51.3,0.0569,1,0,0,0,1,0
TXN0010039,M0247,409.04,card,android,IN-TN,1469,539,3,9,19.0,0.2987,2,0,0,0,0,0
TXN0010040,M0003,141.41,upi,ios,IN-WB,1002,1331,2,10,78.1,0.1707,1,0,0,0,0,0
TXN0010041,M0182,180.33,wallet,ios,IN-WB,1629,1277,1,6,41.2,0.2325,2,0,0,0,0,0
TXN0010042,M0170,80.06,card,web,IN-GJ,1475,1249,7,12,85.9,0.3425,1,0,0,0,1,0
TXN0010043,M0109,763.1,card,api,IN-TN,1726,1056,1,7,49.9,0.1804,1,0,0,0,0,0
TXN0010044,M0281,832.46,netbanking,web,IN-KA,1707,276,1,7,86.2,0.4068,0,0,0,0,1,0
TXN0010045,M0095,143.16,card,ios,IN-DL,55,1306,2,11,44.3,0.4892,3,0,0,0,0,1
TXN0010046,M0400,144.57,wallet,web,IN-TN,715,721,1,11,65.6,0.2929,0,0,0,0,0,1
TXN0010047,M0250,644.44,netbanking,android,IN-DL,1612,863,1,8,85.0,0.3926,1,0,0,0,0,0
TXN0010048,M0248,512.37,netbanking,api,IN-UP,146,737,2,8,57.7,0.0934,0,0,0,0,0,0
TXN0010049,M0101,35.23,upi,ios,IN-WB,115,195,4,6,118.7,0.1653,1,0,0,0,0,0
TXN0010050,M0156,355.12,card,android,IN-MH,507,1113,2,9,41.0,0.5011,2,0,0,0,1,0
TXN0010051,M0219,295.53,card,android,IN-DL,683,590,4,13,22.9,0.375,0,0,0,0,1,0
TXN0010052,M0176,216.94,card,web,IN-GJ,1117,492,3,9,154.4,0.1799,0,0,0,0,0,0
TXN0010053,M0044,74.84,upi,api,IN-DL,987,1170,0,2,55.8,0.1641,1,0,0,0,0,0
TXN0010054,M0043,76.49,upi,android,IN-MH,1321,961,7,14,144.9,0.2775,0,0,0,0,0,1
TXN0010055,M0129,8.12,upi,ios,IN-WB,399,15,4,7,51.3,0.3814,1,0,0,0,0,0
TXN0010056,M0303,93.37,card,android,IN-TN,867,1004,3,8,17.7,0.2808,1,0,0,0,0,0
TXN0010057,M0030,25.08,netbanking,android,IN-MH,620,1415,2,4,60.6,0.251,3,1,0,0,0,0
TXN0010058,M0392,104.8,upi,android,IN-UP,1622,217,4,12,97.3,0.3019,1,1,0,0,0,0
TXN0010059,M0336,269.11,upi,web,IN-KA,1634,147,2,13,22.5,0.3526,1,1,0,0,0,0
TXN0010060,M0342,56.0,card,android,IN-KA,1482,1138,2,8,52.4,0.2422,2,0,0,0,0,0
TXN0010061,M0182,681.9,netbanking,android,IN-UP,315,888,7,16,104.1,0.1901,1,0,0,0,1,1
TXN0010062,M0152,1272.7,upi,web,IN-KA,168,52,3,7,58.3,0.2027,0,0,0,0,0,0
TXN0010063,M0223,228.12,upi,ios,IN-TN,970,445,1,5,33.1,0.4034,0,0,0,0,1,0
TXN0010064,M0291,330.8,netbanking,ios,IN-GJ,1274,1359,3,9,57.8,0.5209,1,0,0,0,0,0
TXN0010065,M0140,35.68,card,api,IN-UP,1488,1132,2,4,36.6,0.1612,2,0,0,0,0,0
TXN0010066,M0208,216.23,card,android,IN-GJ,1434,95,1,8,42.3,0.2914,0,0,0,0,0,0
TXN0010067,M0138,44.16,card,web,IN-MH,434,233,3,10,97.6,0.5147,4,0,0,0,1,0
TXN0010068,M0235,32.1,card,web,IN-MH,619,3,2,7,125.0,0.4357,0,0,1,0,0,0
TXN0010069,M0069,50.75,card,ios,IN-WB,1683,259,6,11,50.7,0.277,1,0,0,0,0,1
TXN0010070,M0158,154.25,upi,api,IN-MH,1274,1215,1,7,43.1,0.2322,2,0,0,0,0,0
TXN0010071,M0038,172.82,card,web,IN-MH,1764,919,0,4,30.9,0.0863,0,0,0,0,1,0
TXN0010072,M0375,167.36,card,android,IN-TN,394,331,1,4,93.7,0.28,2,0,0,0,0,0
TXN0010073,M0375,56.22,card,ios,IN-TN,479,369,3,10,41.9,0.2292,0,0,0,0,1,0
TXN0010074,M0165,200.16,upi,web,IN-GJ,1180,196,4,8,29.2,0.3061,2,0,0,0,0,0
TXN0010075,M0399,89.8,card,android,IN-WB,851,720,4,9,42.2,0.3882,1,0,0,0,0,0
TXN0010076,M0073,204.72,card,web,IN-UP,1760,77,3,12,35.4,0.2651,0,0,0,0,1,0
TXN0010077,M0284,142.16,card,api,IN-GJ,21,185,2,6,80.9,0.312,0,0,0,0,0,0
TXN0010078,M0253,29.67,card,web,IN-KA,1121,1174,2,9,140.3,0.0523,3,0,0,0,1,0
TXN0010079,M0091,91.25,upi,ios,IN-GJ,1729,965,1,3,43.8,0.5923,0,0,0,0,1,0
TXN0010080,M0341,310.2,netbanking,android,IN-MH,958,295,2,7,59.6,0.0663,0,0,0,0,0,0
TXN0010081,M0167,416.39,card,android,IN-DL,247,920,1,8,145.8,0.1741,0,0,0,0,0,0
TXN0010082,M0213,52.52,upi,web,IN-TN,110,1356,4,11,150.4,0.2545,1,0,0,0,0,0
TXN0010083,M0378,83.83,wallet,android,IN-GJ,770,430,6,7,118.8,0.352,4,0,0,0,0,0
TXN0010084,M0315,115.09,card,android,IN-GJ,1371,356,1,6,81.6,0.4438,0,0,0,0,0,0
TXN0010085,M0036,580.84,card,android,IN-TN,1211,864,6,13,44.5,0.2278,2,1,0,0,0,1
TXN0010086,M0192,287.75,upi,api,IN-DL,187,499,4,16,41.1,0.4999,3,0,0,0,1,0
TXN0010087,M0081,50.05,card,api,IN-KA,1171,742,3,10,45.0,0.458,2,0,0,0,0,0
TXN0010088,M0232,294.43,card,ios,IN-MH,1637,1188,2,8,81.2,0.0659,1,0,0,0,0,0
TXN0010089,M0263,640.15,upi,web,IN-WB,1174,1440,2,10,11.6,0.2311,1,0,0,0,0,0
TXN0010090,M0255,223.49,card,web,IN-DL,466,796,3,9,73.9,0.2392,2,0,0,0,0,0
TXN0010091,M0195,82.93,card,web,IN-UP,31,36,2,8,110.1,0.1728,1,0,0,0,1,0
TXN0010092,M0009,420.37,card,ios,IN-UP,1015,1203,3,7,38.8,0.2562,0,0,0,0,0,0
TXN0010093,M0244,216.58,card,ios,IN-KA,1321,245,1,8,73.3,0.4645,2,0,0,0,0,0
TXN0010094,M0322,140.23,card,android,IN-MH,1570,15,1,9,69.1,0.3541,2,0,0,0,0,0
TXN0010095,M0345,439.69,card,api,IN-GJ,1343,568,1,10,96.3,0.4697,3,0,0,0,0,0
TXN0010096,M0008,179.3,netbanking,ios,IN-MH,839,166,6,18,41.7,0.4295,1,0,0,0,1,1
TXN0010097,M0284,195.13,upi,ios,IN-UP,982,238,4,11,5.6,0.495,1,0,0,0,0,0
TXN0010098,M0102,425.45,upi,ios,IN-WB,353,864,0,4,11.2,0.0729,1,0,0,0,1,0
TXN0010099,M0097,109.07,card,web,IN-DL,1316,104,2,6,63.3,0.2514,3,0,0,0,1,0
TXN0010100,M0382,56.63,card,android,IN-TN,1187,1173,4,11,41.8,0.3692,2,0,0,0,0,0
TXN0010101,M0324,249.19,upi,api,IN-WB,2,426,4,9,61.3,0.2549,2,0,0,1,0,1
TXN0010102,M0265,853.87,wallet,web,IN-MH,551,458,3,6,115.1,0.4871,4,0,0,0,0,1
TXN0010103,M0065,18.51,upi,api,IN-DL,300,1226,3,6,58.2,0.2517,1,0,0,0,0,0
TXN0010104,M0198,374.78,netbanking,ios,IN-UP,1752,776,2,7,65.7,0.6311,1,0,0,0,0,0
TXN0010105,M0130,186.37,card,android,IN-DL,134,290,3,10,49.3,0.326,2,0,0,0,0,0
TXN0010106,M0202,105.51,card,ios,IN-GJ,934,719,2,6,75.3,0.1004,0,0,0,0,0,0
TXN0010107,M0195,94.31,netbanking,web,IN-UP,563,333,1,5,8.4,0.1103,2,0,0,0,0,0
TXN0010108,M0184,444.04,wallet,web,IN-GJ,1667,513,8,14,97.9,0.1038,4,0,0,0,0,1
TXN0010109,M0160,355.26,card,web,IN-KA,367,424,5,11,63.6,0.5039,1,1,0,0,0,1
TXN0010110,M0243,63.81,upi,web,IN-MH,1704,1330,1,6,84.4,0.1987,1,0,0,0,0,0
TXN0010111,M0086,244.1,upi,android,IN-GJ,335,252,3,15,108.3,0.5552,5,0,0,0,0,1
TXN0010112,M0002,710.0,wallet,android,IN-TN,74,118,2,8,66.2,0.3292,0,0,0,0,0,1
TXN0010113,M0376,361.54,upi,android,IN-KA,755,1142,0,5,44.2,0.2157,0,0,0,0,1,0
TXN0010114,M0246,33.96,upi,ios,IN-TN,895,476,3,7,75.0,0.3889,0,0,0,0,0,0
TXN0010115,M0225,343.42,card,android,IN-GJ,1122,829,5,9,192.9,0.2087,0,0,0,0,0,0
TXN0010116,M0361,51.7,upi,android,IN-GJ,944,509,1,6,76.2,0.6128,0,0,0,0,1,0
TXN0010117,M0058,223.86,upi,web,IN-DL,978,1245,2,6,25.9,0.3943,2,0,0,0,0,0
TXN0010118,M0172,85.22,upi,web,IN-DL,554,676,2,8,75.6,0.0836,1,0,0,0,1,0
TXN0010119,M0251,269.2,card,android,IN-TN,1506,784,1,7,114.5,0.2526,0,0,0,0,0,0
TXN0010120,M0130,92.13,upi,ios,IN-UP,984,529,1,3,21.4,0.2563,3,0,0,0,0,0
TXN0010121,M0160,63.22,card,web,IN-GJ,709,861,1,8,82.8,0.3285,2,0,0,0,1,0
TXN0010122,M0265,246.62,card,web,IN-UP,141,1385,1,12,82.0,0.3657,1,0,0,0,0,0
TXN0010123,M0257,202.02,upi,ios,IN-TN,734,452,2,8,52.0,0.283,1,0,0,0,0,0
TXN0010124,M0361,409.35,card,web,IN-DL,794,837,5,10,58.6,0.2451,1,0,0,0,1,0
TXN0010125,M0031,105.92,card,ios,IN-UP,20,1140,7,17,39.8,0.4086,2,0,0,0,1,0
TXN0010126,M0154,39.61,wallet,android,IN-TN,1453,207,6,11,125.9,0.3863,3,0,0,0,0,0
TXN0010127,M0145,353.9,netbanking,api,IN-WB,1368,313,2,11,137.1,0.5082,3,0,0,0,0,0
TXN0010128,M0216,764.98,upi,ios,IN-KA,424,751,4,7,34.5,0.3779,6,0,0,0,0,1
TXN0010129,M0320,101.0,upi,ios,IN-DL,1084,1283,6,10,139.2,0.3405,2,0,0,0,1,1
TXN0010130,M0338,292.68,wallet,web,IN-DL,246,648,3,6,8.1,0.206,3,0,0,0,0,0
TXN0010131,M0056,131.8,netbanking,android,IN-UP,227,1221,3,10,82.1,0.3568,0,0,0,0,0,0
TXN0010132,M0265,1243.27,netbanking,ios,IN-GJ,1208,1472,5,12,13.0,0.2598,2,0,0,0,0,1
TXN0010133,M0240,106.38,upi,web,IN-WB,345,286,4,7,26.4,0.0695,2,0,0,0,0,0
TXN0010134,M0106,171.89,card,api,IN-UP,1659,697,3,10,12.8,0.4006,2,0,0,0,0,0
TXN0010135,M0057,23.83,upi,api,IN-DL,308,997,3,11,2.0,0.2018,2,1,0,0,0,0
TXN0010136,M0078,867.87,upi,web,IN-GJ,1170,701,3,5,103.8,0.2876,2,0,0,0,0,1
TXN0010137,M0034,105.49,card,web,IN-DL,734,652,1,3,109.3,0.2255,1,0,0,0,0,0
TXN0010138,M0345,659.46,netbanking,android,IN-KA,136,319,1,15,69.7,0.2037,0,0,0,0,0,0
TXN0010139,M0228,92.1,card,android,IN-KA,69,1342,1,6,69.9,0.2999,1,0,0,0,0,0
TXN0010140,M0154,166.37,card,android,IN-WB,251,818,0,5,279.6,0.1074,0,0,0,0,0,0
TXN0010141,M0152,82.4,upi,web,IN-WB,1401,329,3,8,13.1,0.2797,3,0,0,0,0,0
TXN0010142,M0364,70.69,card,web,IN-WB,1784,320,6,13,195.5,0.2953,2,0,0,0,0,0
TXN0010143,M0179,134.27,netbanking,web,IN-GJ,573,1494,3,7,63.6,0.2247,1,0,0,0,1,0
TXN0010144,M0200,156.72,card,ios,IN-DL,484,713,3,14,41.2,0.2741,0,0,0,0,1,0
TXN0010145,M0070,124.98,card,ios,IN-MH,1653,1438,5,9,125.8,0.3286,1,0,0,0,0,0
TXN0010146,M0376,39.29,upi,android,IN-DL,734,933,2,6,154.5,0.307,0,0,0,0,0,0
TXN0010147,M0183,239.04,card,android,IN-GJ,489,1339,3,6,44.2,0.3074,1,0,0,0,0,0
TXN0010148,M0242,25.44,upi,android,IN-GJ,996,1029,1,8,32.9,0.2549,0,0,0,0,0,0
TXN0010149,M0152,128.39,card,ios,IN-KA,660,492,4,10,93.6,0.1995,0,0,0,0,0,0
TXN0010150,M0223,37.06,card,ios,IN-MH,541,1069,3,5,100.0,0.1238,1,0,0,0,0,0
TXN0010151,M0131,442.86,card,ios,IN-MH,1657,1482,4,11,86.7,0.2761,0,0,0,0,0,1
TXN0010152,M0035,617.13,netbanking,web,IN-GJ,1315,1276,2,11,14.4,0.502,3,0,0,0,1,0
TXN0010153,M0361,325.33,card,web,IN-TN,304,857,5,8,64.2,0.6583,1,0,0,0,0,0
TXN0010154,M0320,111.8,netbanking,web,IN-MH,1066,972,7,19,41.0,0.3963,3,0,0,0,0,0
TXN0010155,M0112,85.75,upi,web,IN-WB,1522,1075,3,9,31.5,0.1808,3,0,0,0,1,0
TXN0010156,M0270,139.67,upi,api,IN-WB,878,753,5,10,119.3,0.3215,1,0,0,0,0,0
TXN0010157,M0350,170.4,netbanking,api,IN-DL,273,583,4,8,29.3,0.3469,1,0,0,0,0,0
TXN0010158,M0359,291.66,card,web,IN-DL,875,456,2,7,105.6,0.1325,2,0,0,0,0,0
TXN0010159,M0015,267.95,upi,web,IN-DL,892,1209,3,7,46.2,0.3874,1,0,0,0,1,0
TXN0010160,M0270,23.44,upi,api,IN-UP,363,780,4,12,127.2,0.3955,1,0,0,0,0,1
TXN0010161,M0112,349.01,upi,ios,IN-WB,1573,291,4,12,39.0,0.4372,3,1,0,0,0,1
TXN0010162,M0276,264.69,wallet,web,IN-KA,69,949,3,11,34.6,0.2218,2,0,0,0,0,0
TXN0010163,M0256,82.36,upi,android,IN-WB,288,442,0,4,11.0,0.1059,0,0,0,0,0,0
TXN0010164,M0116,68.41,upi,web,IN-UP,193,337,7,16,69.7,0.3441,5,0,0,0,0,1
TXN0010165,M0342,191.44,card,ios,IN-TN,68,21,3,12,63.1,0.2184,2,0,0,0,1,0
TXN0010166,M0236,215.52,card,api,IN-DL,520,536,0,1,118.1,0.2653,1,0,0,0,0,0
TXN0010167,M0075,59.8,card,api,IN-DL,431,1421,1,6,15.8,0.4089,4,0,0,0,0,0
TXN0010168,M0393,190.8,card,api,IN-DL,1462,1086,2,3,111.6,0.5953,2,0,0,0,1,0
TXN0010169,M0230,216.47,upi,web,IN-KA,472,557,2,7,9.2,0.2167,2,0,0,0,0,0
TXN0010170,M0277,424.54,upi,web,IN-UP,441,313,2,11,61.2,0.3162,1,0,0,0,1,0
TXN0010171,M0236,161.09,upi,api,IN-MH,733,46,4,13,73.9,0.6155,2,0,0,0,0,1
TXN0010172,M0030,23.69,netbanking,android,IN-UP,161,1316,2,8,50.9,0.3863,2,0,0,0,1,0
TXN0010173,M0187,231.6,upi,api,IN-WB,1339,514,1,7,37.7,0.2367,1,0,0,0,0,0
TXN0010174,M0141,33.19,upi,android,IN-WB,1466,492,4,10,108.0,0.1497,0,0,0,0,0,0
TXN0010175,M0362,76.94,upi,web,IN-TN,87,684,0,3,42.6,0.2516,0,0,0,0,1,0
TXN0010176,M0028,46.63,card,api,IN-WB,1145,289,2,5,36.5,0.2559,1,0,0,0,0,0
TXN0010177,M0038,294.96,upi,android,IN-KA,1029,1293,5,8,173.0,0.4783,4,1,0,0,1,1
TXN0010178,M0371,60.75,card,ios,IN-KA,1756,0,1,6,73.5,0.2808,0,0,1,0,0,0
TXN0010179,M0116,488.96,wallet,web,IN-UP,1305,562,4,12,127.9,0.5024,2,0,0,0,1,0
TXN0010180,M0030,56.54,card,android,IN-UP,1630,680,1,2,54.8,0.2699,1,0,0,0,0,0
TXN0010181,M0363,24.03,upi,web,IN-UP,1453,227,2,8,80.0,0.4218,4,0,0,0,1,1
TXN0010182,M0367,127.11,upi,ios,IN-UP,1099,441,3,12,82.8,0.4226,1,0,0,0,0,0
TXN0010183,M0203,47.71,upi,ios,IN-MH,1739,761,4,9,46.3,0.355,2,0,0,0,0,0
TXN0010184,M0309,671.52,upi,android,IN-TN,1104,579,2,4,42.0,0.2939,0,0,0,0,1,0
TXN0010185,M0024,91.23,card,android,IN-MH,1485,803,4,11,77.5,0.2965,0,0,0,0,0,0
TXN0010186,M0385,570.87,card,web,IN-KA,802,1008,6,10,178.8,0.3413,3,0,0,0,0,0
TXN0010187,M0016,132.56,upi,ios,IN-KA,186,1255,2,11,15.1,0.634,3,0,0,0,0,0
TXN0010188,M0345,257.02,upi,api,IN-KA,1190,647,3,9,32.2,0.4046,0,0,0,0,0,0
TXN0010189,M0059,106.02,card,ios,IN-UP,317,537,3,8,26.5,0.2811,1,0,0,0,0,0
TXN0010190,M0043,1939.34,wallet,android,IN-WB,915,1148,0,3,15.4,0.3032,0,0,0,0,0,0
TXN0010191,M0020,57.06,card,api,IN-MH,1297,840,1,4,74.3,0.6186,1,0,0,0,0,0
TXN0010192,M0234,8.51,card,android,IN-TN,1573,69,2,5,27.6,0.152,1,0,0,0,0,0
TXN0010193,M0242,233.49,card,api,IN-WB,381,40,2,12,82.6,0.5526,3,0,0,0,0,0
TXN0010194,M0309,64.59,card,android,IN-KA,1613,120,0,6,93.8,0.432,1,0,0,0,0,0
TXN0010195,M0231,220.8,upi,api,IN-KA,445,1244,3,11,72.4,0.2065,0,0,0,0,0,0
TXN0010196,M0147,167.95,card,ios,IN-WB,1413,1239,3,12,20.1,0.4521,5,0,0,0,0,0
TXN0010197,M0376,106.01,card,web,IN-MH,1528,1121,2,8,75.6,0.2057,2,0,0,0,0,0
TXN0010198,M0313,119.82,netbanking,web,IN-DL,1181,1424,0,7,56.2,0.3086,3,0,0,0,1,0
TXN0010199,M0249,271.02,card,web,IN-WB,831,817,2,9,29.7,0.138,0,0,0,0,0,0
TXN0010200,M0334,125.42,card,api,IN-WB,1056,561,1,6,146.8,0.3989,1,0,0,0,0,0
TXN0010201,M0256,154.5,netbanking,ios,IN-MH,714,1371,2,8,9.5,0.165,0,0,0,0,0,0
TXN0010202,M0315,109.41,card,android,IN-UP,193,1416,0,9,36.2,0.2105,0,0,0,0,0,0
TXN0010203,M0286,917.21,card,web,IN-GJ,845,150,2,8,70.6,0.2955,0,0,0,0,0,0
TXN0010204,M0277,666.85,card,android,IN-UP,38,1077,3,4,10.8,0.2975,1,0,0,0,0,0
TXN0010205,M0136,41.29,card,web,IN-UP,462,336,4,7,115.8,0.4688,0,0,0,0,0,0
TXN0010206,M0312,180.46,card,web,IN-KA,1783,880,4,10,48.4,0.2591,1,0,0,0,0,0
TXN0010207,M0352,79.71,upi,web,IN-TN,158,1021,2,6,86.0,0.3374,1,0,0,0,0,0
TXN0010208,M0320,51.82,upi,android,IN-UP,102,69,2,8,28.6,0.3887,1,0,0,0,0,0
TXN0010209,M0277,7.35,card,api,IN-WB,1758,284,2,12,37.7,0.411,3,0,0,0,0,0
TXN0010210,M0126,130.0,upi,ios,IN-GJ,1305,428,4,15,66.5,0.2803,2,0,0,0,0,0
TXN0010211,M0086,140.37,upi,android,IN-WB,526,980,2,11,19.5,0.3227,1,0,0,0,0,0
TXN0010212,M0288,698.45,card,ios,IN-KA,202,334,0,6,36.3,0.2583,1,0,0,0,0,0
TXN0010213,M0397,513.06,card,web,IN-WB,922,366,3,8,67.8,0.4438,5,0,0,0,0,0
TXN0010214,M0336,294.36,card,api,IN-UP,1698,55,5,7,48.5,0.3786,1,0,0,0,0,0
TXN0010215,M0192,376.48,card,web,IN-GJ,106,385,2,10,15.2,0.1781,0,1,0,0,0,0
TXN0010216,M0294,421.86,wallet,android,IN-DL,1796,780,3,9,49.9,0.3082,1,0,0,0,1,0
TXN0010217,M0230,293.11,upi,android,IN-MH,269,1080,4,10,95.6,0.2126,1,0,0,0,0,0
TXN0010218,M0247,718.89,card,ios,IN-MH,1753,290,1,7,136.0,0.2541,0,0,0,0,0,0
TXN0010219,M0173,50.57,wallet,api,IN-UP,184,519,1,6,37.6,0.224,1,0,0,0,0,0
TXN0010220,M0088,110.56,upi,web,IN-TN,475,194,0,2,72.7,0.2564,2,0,0,0,0,0
TXN0010221,M0296,96.0,netbanking,web,IN-MH,92,731,1,4,30.2,0.2674,1,0,0,0,0,0
TXN0010222,M0085,103.7,upi,web,IN-KA,800,11,2,6,73.1,0.5464,1,0,0,0,1,0
TXN0010223,M0200,154.68,card,android,IN-TN,1172,1487,5,10,34.6,0.1852,3,0,0,0,0,0
TXN0010224,M0023,921.07,card,android,IN-MH,249,895,2,9,97.6,0.3922,0,0,0,0,1,0
TXN0010225,M0319,440.67,netbanking,api,IN-TN,31,32,2,5,23.7,0.2841,1,0,0,0,1,1
TXN0010226,M0372,611.6,upi,ios,IN-DL,239,151,6,7,46.3,0.6149,1,0,0,0,0,1
TXN0010227,M0341,166.51,netbanking,android,IN-WB,822,602,2,8,41.8,0.1933,3,0,0,0,0,0
TXN0010228,M0303,159.14,netbanking,android,IN-KA,924,361,2,6,69.0,0.2271,0,0,0,0,0,0
TXN0010229,M0017,320.96,card,android,IN-TN,1197,312,4,7,97.1,0.3299,4,0,0,0,1,0
TXN0010230,M0326,277.27,upi,android,IN-MH,1701,1332,1,7,176.9,0.1659,1,0,0,0,1,0
TXN0010231,M0115,277.11,wallet,api,IN-WB,654,1283,2,10,16.2,0.2218,2,0,0,0,0,0
TXN0010232,M0160,1828.7,card,android,IN-DL,1056,394,4,15,148.6,0.4208,4,0,0,0,0,1
TXN0010233,M0260,323.37,wallet,ios,IN-WB,271,1104,6,14,56.7,0.1621,2,0,0,0,0,0
TXN0010234,M0384,81.93,card,android,IN-MH,615,99,3,10,5.8,0.234,1,0,0,0,1,0
TXN0010235,M0324,89.04,netbanking,web,IN-MH,402,1084,1,4,2.6,0.2267,0,0,0,0,0,0
TXN0010236,M0193,417.72,card,android,IN-UP,340,109,1,9,37.3,0.3248,1,0,0,0,0,0
TXN0010237,M0238,386.35,upi,android,IN-DL,277,1055,2,6,37.0,0.3094,2,0,0,0,0,0
TXN0010238,M0307,478.99,wallet,web,IN-TN,80,1236,4,9,113.9,0.4868,0,0,0,0,0,0
TXN0010239,M0359,303.03,wallet,web,IN-TN,532,1445,4,13,103.1,0.0862,0,0,0,0,0,0
TXN0010240,M0367,63.62,card,android,IN-WB,97,1261,0,3,14.7,0.1677,1,0,0,0,0,0
TXN0010241,M0069,836.85,netbanking,ios,IN-KA,641,958,2,5,40.1,0.2354,1,0,0,0,0,0
TXN0010242,M0061,689.41,card,web,IN-MH,111,80,3,11,29.8,0.0932,1,0,0,0,0,0
TXN0010243,M0127,122.41,upi,web,IN-UP,714,504,3,11,159.1,0.322,4,0,0,0,0,0
TXN0010244,M0389,259.68,upi,web,IN-KA,1458,648,4,18,242.7,0.4472,4,1,0,0,0,0
TXN0010245,M0296,216.75,upi,android,IN-GJ,402,841,5,7,120.9,0.4002,1,0,0,0,0,0
TXN0010246,M0212,124.14,card,ios,IN-WB,150,464,2,6,18.6,0.1423,0,0,0,0,1,0
TXN0010247,M0048,56.47,wallet,android,IN-UP,422,988,1,3,51.9,0.3247,0,0,0,0,0,0
TXN0010248,M0331,319.72,upi,api,IN-MH,767,946,1,5,89.6,0.4624,1,0,0,0,0,0
TXN0010249,M0135,40.49,upi,api,IN-MH,1151,775,1,6,48.7,0.1583,2,0,0,0,0,0
TXN0010250,M0144,99.24,wallet,web,IN-TN,1126,9,2,11,22.8,0.2739,0,0,0,0,0,0
TXN0010251,M0092,997.03,card,web,IN-UP,42,772,2,7,80.0,0.3937,5,0,0,0,0,0
TXN0010252,M0052,272.95,card,android,IN-WB,1669,383,2,11,38.0,0.2711,2,0,0,0,1,0
TXN0010253,M0162,264.04,upi,web,IN-DL,795,1104,2,6,27.6,0.1197,0,0,0,0,0,0
TXN0010254,M0349,134.08,card,api,IN-UP,568,88,2,4,97.1,0.1724,0,0,0,0,1,0
TXN0010255,M0357,37.77,wallet,ios,IN-DL,1672,264,2,6,116.9,0.1676,0,0,0,0,0,0
TXN0010256,M0129,272.39,card,ios,IN-KA,334,188,3,8,51.9,0.4107,1,0,0,0,0,0
TXN0010257,M0116,296.45,card,android,IN-UP,1370,1264,2,9,42.8,0.5567,1,1,0,0,0,0
TXN0010258,M0399,398.27,card,web,IN-TN,1772,6,2,7,161.3,0.2982,1,0,1,0,0,0
TXN0010259,M0033,121.55,upi,web,IN-KA,599,1485,1,7,60.7,0.3271,1,0,0,0,0,0
TXN0010260,M0292,119.62,upi,ios,IN-KA,779,689,2,9,38.6,0.4541,3,0,0,0,0,0
TXN0010261,M0169,317.68,wallet,web,IN-MH,987,158,2,16,76.3,0.4516,2,0,0,0,0,1
TXN0010262,M0187,51.17,upi,android,IN-GJ,1493,1376,3,13,79.8,0.3058,2,0,0,0,0,0
TXN0010263,M0131,405.87,netbanking,web,IN-TN,1767,973,2,5,38.0,0.2495,3,0,0,0,0,0
TXN0010264,M0128,153.35,upi,web,IN-MH,1014,1376,0,2,191.3,0.2284,0,0,0,0,0,0
TXN0010265,M0268,241.29,card,web,IN-WB,1289,811,2,8,65.8,0.2694,1,0,0,0,1,0
TXN0010266,M0261,1809.23,upi,ios,IN-UP,1543,985,3,7,38.7,0.3156,0,0,0,0,1,1
TXN0010267,M0130,137.15,netbanking,android,IN-KA,1061,321,1,6,4.8,0.3326,3,0,0,0,0,0
TXN0010268,M0216,206.91,netbanking,android,IN-WB,1413,1144,5,7,43.7,0.2236,1,0,0,0,0,0
TXN0010269,M0219,185.47,card,android,IN-GJ,1007,1326,1,8,9.8,0.2749,1,0,0,0,0,0
TXN0010270,M0197,24.88,upi,api,IN-DL,988,1199,4,13,13.6,0.337,0,0,0,0,0,0
TXN0010271,M0031,331.76,card,web,IN-GJ,1609,556,1,4,32.1,0.2084,0,0,0,0,0,0
TXN0010272,M0254,17.38,upi,ios,IN-TN,664,253,1,8,135.6,0.4079,1,0,0,0,0,0
TXN0010273,M0143,383.92,card,web,IN-UP,351,1361,2,7,86.1,0.153,0,0,0,0,1,0
TXN0010274,M0369,90.14,card,android,IN-WB,1303,505,3,11,48.5,0.2655,1,0,0,0,1,0
TXN0010275,M0045,86.03,upi,api,IN-DL,1042,1494,5,11,49.5,0.235,0,0,0,0,0,0
TXN0010276,M0125,173.21,card,api,IN-UP,1010,342,4,11,194.3,0.2459,0,0,0,0,0,0
TXN0010277,M0154,47.81,netbanking,android,IN-GJ,630,520,4,8,45.0,0.1984,2,0,0,0,0,0
TXN0010278,M0075,160.92,card,api,IN-TN,1287,914,1,10,55.8,0.6487,8,0,0,0,0,1
TXN0010279,M0059,60.16,upi,android,IN-GJ,843,840,4,8,15.6,0.2767,1,0,0,0,0,0
TXN0010280,M0354,49.58,card,ios,IN-GJ,1180,732,5,13,50.0,0.7229,2,1,0,0,0,1
TXN0010281,M0140,144.68,upi,web,IN-GJ,72,243,1,6,35.4,0.4442,2,0,0,0,0,0
TXN0010282,M0111,611.84,wallet,android,IN-TN,1677,1063,1,6,44.5,0.267,0,0,0,0,0,0
TXN0010283,M0073,370.63,netbanking,ios,IN-MH,1427,368,3,6,203.8,0.4935,1,0,0,0,0,0
TXN0010284,M0337,104.5,card,api,IN-GJ,895,637,4,10,71.8,0.4121,1,0,0,0,0,0
TXN0010285,M0011,152.82,upi,web,IN-UP,332,173,1,7,30.6,0.2894,4,0,0,0,0,0
TXN0010286,M0394,104.58,netbanking,android,IN-UP,1770,693,4,13,15.3,0.7215,1,0,0,0,0,0
TXN0010287,M0090,54.53,upi,web,IN-KA,1013,30,5,9,60.6,0.144,3,0,0,0,0,0
TXN0010288,M0276,63.17,upi,web,IN-KA,833,168,1,7,59.2,0.2773,1,0,0,0,0,0
TXN0010289,M0114,234.54,card,api,IN-MH,1662,515,3,11,39.6,0.2665,1,0,0,0,0,0
TXN0010290,M0077,86.72,card,web,IN-KA,1632,1053,4,10,175.3,0.373,0,0,0,0,0,0
TXN0010291,M0130,169.41,card,web,IN-MH,464,546,1,6,39.1,0.2632,2,0,0,0,0,0
TXN0010292,M0027,64.86,upi,ios,IN-DL,1211,524,0,6,95.4,0.2151,1,0,0,0,0,0
TXN0010293,M0185,397.31,upi,ios,IN-KA,590,178,1,5,57.2,0.0679,3,0,0,0,0,0
TXN0010294,M0263,341.02,netbanking,android,IN-DL,69,396,3,11,37.1,0.4549,1,0,0,0,0,0
TXN0010295,M0351,853.71,netbanking,api,IN-WB,731,1146,6,12,77.4,0.3345,0,0,0,0,0,1
TXN0010296,M0259,702.44,card,ios,IN-GJ,433,1331,1,7,27.9,0.1373,0,0,0,0,0,0
TXN0010297,M0197,71.62,upi,web,IN-UP,979,1103,2,5,76.0,0.2033,0,0,0,0,0,0
TXN0010298,M0010,76.17,card,web,IN-GJ,798,280,2,7,112.6,0.2496,4,0,0,0,0,0
TXN0010299,M0038,255.78,card,android,IN-KA,414,418,2,7,22.7,0.287,1,0,0,0,0,1
TXN0010300,M0043,74.19,card,api,IN-KA,820,459,0,7,80.3,0.256,0,0,0,0,0,0
TXN0010301,M0274,227.74,card,web,IN-KA,1329,499,4,7,53.2,0.5218,1,0,0,0,0,0
TXN0010302,M0052,127.32,card,android,IN-TN,1115,1468,2,5,38.7,0.3954,0,0,0,0,0,0
TXN0010303,M0177,450.16,netbanking,api,IN-GJ,1133,196,5,13,47.6,0.3963,1,0,0,0,1,0
TXN0010304,M0100,463.23,card,web,IN-TN,229,1058,3,5,50.6,0.1485,1,0,0,0,1,1
TXN0010305,M0184,132.5,netbanking,android,IN-WB,168,509,4,8,27.3,0.2046,2,0,0,0,0,0
TXN0010306,M0349,28.89,netbanking,android,IN-UP,1143,230,3,12,201.0,0.2023,2,0,0,0,0,0
TXN0010307,M0364,494.39,upi,api,IN-TN,917,374,2,6,50.6,0.6688,1,0,0,0,1,0
TXN0010308,M0086,97.7,upi,android,IN-MH,1132,1112,4,7,63.7,0.1228,1,0,0,0,0,1
TXN0010309,M0400,175.82,card,ios,IN-UP,648,975,2,7,169.1,0.2629,3,0,0,0,0,0
TXN0010310,M0080,157.0,card,android,IN-WB,194,638,2,12,111.7,0.2153,2,0,0,0,0,1
TXN0010311,M0098,264.3,upi,android,IN-GJ,631,307,1,5,121.3,0.1177,0,0,0,0,0,0
TXN0010312,M0272,96.6,netbanking,android,IN-MH,1161,263,1,4,50.6,0.4024,1,0,0,0,0,0
TXN0010313,M0380,58.81,upi,web,IN-DL,1769,946,3,8,20.7,0.1171,1,0,0,0,0,0
TXN0010314,M0270,209.45,wallet,api,IN-TN,1027,767,4,10,35.8,0.5101,3,0,0,0,1,0
TXN0010315,M0069,411.35,card,web,IN-GJ,730,1301,4,10,56.5,0.3129,0,0,0,0,0,0
TXN0010316,M0035,159.13,card,android,IN-KA,656,1132,1,6,15.4,0.1019,2,0,0,0,0,0
TXN0010317,M0015,158.65,upi,web,IN-KA,44,966,1,5,78.4,0.2695,1,0,0,0,0,0
TXN0010318,M0218,54.95,upi,ios,IN-TN,353,988,3,4,8.6,0.2698,0,0,0,0,0,0
TXN0010319,M0160,300.97,upi,web,IN-MH,639,977,1,8,96.0,0.2357,0,0,0,0,0,0
TXN0010320,M0306,323.54,card,android,IN-WB,1105,110,2,9,123.4,0.2514,2,0,0,0,0,0
TXN0010321,M0010,161.69,card,ios,IN-UP,1079,559,4,11,88.7,0.3331,0,0,0,0,0,0
TXN0010322,M0136,67.94,upi,ios,IN-DL,597,1379,2,6,78.0,0.2142,2,0,0,0,1,0
TXN0010323,M0370,195.35,upi,ios,IN-MH,950,318,4,11,74.0,0.3438,3,0,0,0,1,1
TXN0010324,M0194,212.48,upi,ios,IN-GJ,413,1189,3,8,15.2,0.1543,3,0,0,0,0,0
TXN0010325,M0394,172.77,card,ios,IN-TN,139,501,2,6,57.2,0.2748,2,0,0,0,0,0
TXN0010326,M0062,60.94,upi,api,IN-WB,525,538,3,4,76.6,0.1152,0,0,0,0,0,0
TXN0010327,M0370,231.97,wallet,web,IN-TN,303,1106,2,3,123.8,0.3973,0,0,0,0,0,0
TXN0010328,M0057,211.8,card,android,IN-UP,963,421,5,9,27.3,0.2332,3,0,0,0,0,0
TXN0010329,M0226,273.61,upi,android,IN-TN,1385,1432,5,13,66.1,0.519,3,0,0,0,0,0
TXN0010330,M0089,157.07,card,api,IN-KA,304,289,1,6,97.3,0.1745,0,0,0,0,0,0
TXN0010331,M0334,649.7,card,web,IN-MH,14,12,1,14,105.2,0.3101,0,0,0,0,0,0
TXN0010332,M0214,179.66,upi,web,IN-KA,100,80,2,8,8.4,0.5483,1,0,0,0,1,0
TXN0010333,M0366,726.3,upi,web,IN-GJ,415,660,3,11,79.2,0.5316,0,0,0,0,0,0
TXN0010334,M0308,224.94,netbanking,web,IN-WB,298,1340,2,4,84.2,0.18,1,0,0,0,0,0
TXN0010335,M0029,56.52,card,web,IN-UP,1765,530,3,12,51.2,0.2331,1,1,0,0,1,0
TXN0010336,M0280,415.2,card,web,IN-WB,427,1211,1,5,12.4,0.359,1,0,0,0,0,0
TXN0010337,M0009,125.06,card,web,IN-DL,1180,501,2,10,28.0,0.2781,0,0,0,0,0,0
TXN0010338,M0203,115.45,wallet,ios,IN-UP,1252,22,6,12,125.7,0.2866,2,0,0,0,1,0
TXN0010339,M0144,508.29,card,android,IN-TN,442,141,3,12,78.2,0.3276,2,0,0,0,0,0
TXN0010340,M0022,51.6,card,android,IN-MH,263,1223,4,8,52.1,0.5359,3,0,0,0,0,0
TXN0010341,M0276,31.22,card,web,IN-UP,350,175,1,8,65.6,0.221,0,1,0,0,0,0
TXN0010342,M0067,144.58,netbanking,android,IN-KA,1583,254,3,8,15.0,0.2993,0,0,0,0,0,0
TXN0010343,M0165,243.33,card,android,IN-KA,750,785,2,6,61.4,0.2419,1,0,0,0,1,0
TXN0010344,M0397,428.6,upi,web,IN-GJ,14,71,4,9,80.8,0.165,0,0,0,0,0,0
TXN0010345,M0234,208.05,netbanking,web,IN-UP,1162,996,5,7,32.9,0.1729,1,0,0,0,0,0
TXN0010346,M0326,18.96,card,android,IN-KA,773,438,4,7,153.7,0.2317,1,0,0,0,0,0
TXN0010347,M0141,68.17,netbanking,api,IN-KA,308,539,1,5,22.6,0.3269,4,0,0,0,0,0
TXN0010348,M0332,51.07,upi,android,IN-WB,293,25,1,3,73.1,0.4111,3,0,0,0,1,0
TXN0010349,M0213,27.32,card,ios,IN-DL,1346,1206,1,6,33.1,0.3281,1,0,0,0,0,0
TXN0010350,M0222,151.84,card,web,IN-TN,565,1054,3,11,40.4,0.3727,1,0,0,0,0,0
TXN0010351,M0160,300.03,card,android,IN-WB,76,406,4,10,13.1,0.0657,0,0,0,0,0,0
TXN0010352,M0054,475.41,card,api,IN-KA,1379,850,4,9,128.1,0.4249,2,0,0,0,0,0
TXN0010353,M0035,295.71,card,web,IN-MH,349,281,2,7,159.8,0.1289,0,0,0,0,0,0
TXN0010354,M0272,103.02,card,web,IN-KA,1794,1151,5,12,260.7,0.33,1,0,0,0,0,0
TXN0010355,M0317,531.29,upi,api,IN-MH,1062,1154,1,5,182.6,0.1839,0,0,0,0,0,0
TXN0010356,M0365,145.85,upi,ios,IN-KA,989,477,2,5,32.9,0.3166,0,0,0,0,0,0
TXN0010357,M0175,191.22,upi,api,IN-WB,1271,1419,0,7,23.9,0.255,4,0,0,0,0,0
TXN0010358,M0179,92.82,netbanking,android,IN-KA,399,708,2,10,65.1,0.2762,1,0,0,0,0,0
TXN0010359,M0095,140.88,upi,ios,IN-MH,1210,1042,0,5,193.3,0.2234,2,0,0,0,0,0
TXN0010360,M0134,118.13,card,android,IN-GJ,320,1365,2,9,102.9,0.345,0,0,0,0,0,0
TXN0010361,M0271,45.22,upi,android,IN-KA,472,1075,2,9,143.7,0.2554,2,0,0,0,1,0
TXN0010362,M0034,340.36,upi,web,IN-GJ,1031,370,2,6,40.8,0.3383,3,0,0,0,0,0
TXN0010363,M0208,212.86,upi,ios,IN-TN,694,499,3,7,40.3,0.4413,2,1,0,0,0,0
TXN0010364,M0251,398.56,card,web,IN-DL,1623,24,0,7,21.2,0.4455,1,0,0,0,0,0
TXN0010365,M0052,89.03,upi,api,IN-MH,68,920,5,9,56.2,0.2406,3,0,0,0,1,0
TXN0010366,M0119,364.46,netbanking,android,IN-UP,180,523,3,8,38.9,0.3214,0,0,0,0,1,0
TXN0010367,M0212,37.49,card,web,IN-TN,1,636,3,6,27.2,0.3156,1,0,0,1,0,0
TXN0010368,M0089,309.33,card,api,IN-KA,1631,248,4,8,33.1,0.2537,2,0,0,0,1,0
TXN0010369,M0035,353.81,card,web,IN-WB,750,1227,6,9,43.5,0.1385,0,0,0,0,0,0
TXN0010370,M0074,63.72,upi,api,IN-WB,1583,34,2,7,89.4,0.3573,1,0,0,0,0,0
TXN0010371,M0393,549.88,upi,android,IN-UP,978,141,0,4,77.3,0.2157,5,0,0,0,0,0
TXN0010372,M0125,855.29,card,web,IN-GJ,1549,662,7,11,22.2,0.4328,1,0,0,0,0,1
TXN0010373,M0276,101.3,upi,api,IN-WB,1478,182,2,4,81.9,0.4759,0,0,0,0,0,0
TXN0010374,M0277,766.9,wallet,ios,IN-WB,176,1247,1,5,47.5,0.3912,2,0,0,0,0,0
TXN0010375,M0348,32.83,card,android,IN-MH,1732,407,1,5,114.1,0.3375,2,0,0,0,0,0
TXN0010376,M0241,157.07,upi,web,IN-DL,920,1013,1,2,123.0,0.3665,1,0,0,0,0,0
TXN0010377,M0308,13.18,upi,android,IN-MH,1078,1085,3,8,8.4,0.5259,2,0,0,0,0,0
TXN0010378,M0238,456.05,card,android,IN-GJ,437,1360,1,8,15.7,0.3216,0,1,0,0,1,0
TXN0010379,M0079,38.96,netbanking,android,IN-DL,1469,1391,1,7,60.7,0.1434,2,0,0,0,0,0
TXN0010380,M0361,25.58,upi,android,IN-DL,149,550,2,6,118.8,0.1423,1,0,0,0,0,0
TXN0010381,M0309,233.99,card,android,IN-UP,235,735,0,9,130.2,0.4329,0,1,0,0,0,0
TXN0010382,M0074,507.37,card,web,IN-KA,411,121,0,6,59.5,0.155,1,0,0,0,1,0
TXN0010383,M0318,120.12,card,web,IN-KA,1470,1087,4,11,29.8,0.2825,1,1,0,0,0,0
TXN0010384,M0212,206.29,card,ios,IN-WB,1468,1271,3,12,118.6,0.6088,2,0,0,0,0,0
TXN0010385,M0061,1048.23,upi,web,IN-UP,456,98,1,8,25.8,0.4048,0,0,0,0,0,0
TXN0010386,M0287,69.57,upi,android,IN-TN,988,1326,2,5,150.0,0.1352,1,0,0,0,0,0
TXN0010387,M0128,67.46,upi,api,IN-GJ,738,1412,1,5,118.1,0.1047,1,0,0,0,1,0
TXN0010388,M0174,533.03,netbanking,android,IN-KA,988,1453,0,5,108.7,0.1207,0,0,0,0,0,0
TXN0010389,M0335,225.27,card,ios,IN-KA,39,1162,1,10,38.1,0.3563,4,1,0,0,1,0
TXN0010390,M0335,748.29,wallet,ios,IN-MH,783,913,1,8,103.7,0.1983,1,0,0,0,0,0
TXN0010391,M0340,49.27,upi,web,IN-WB,843,1439,0,5,24.2,0.2872,4,0,0,0,0,0
TXN0010392,M0115,30.09,card,api,IN-GJ,26,1437,1,13,14.3,0.3073,2,0,0,0,0,0
TXN0010393,M0243,42.9,upi,web,IN-TN,1172,1302,4,12,75.5,0.4694,2,0,0,0,0,1
TXN0010394,M0318,364.92,upi,api,IN-TN,690,542,4,10,92.7,0.4739,0,0,0,0,0,0
TXN0010395,M0253,597.96,card,android,IN-WB,454,326,7,10,49.8,0.2082,1,0,0,0,1,0
TXN0010396,M0184,525.13,card,ios,IN-UP,1415,79,3,9,14.0,0.1927,1,0,0,0,1,0
TXN0010397,M0278,313.68,upi,web,IN-MH,1455,108,0,4,47.7,0.1023,4,0,0,0,0,0
TXN0010398,M0247,630.03,upi,android,IN-WB,457,807,2,3,40.4,0.3047,1,0,0,0,1,0
TXN0010399,M0216,98.06,upi,android,IN-DL,1667,254,1,5,46.5,0.293,2,1,0,0,0,0
TXN0010400,M0220,24.71,card,ios,IN-KA,29,883,3,9,30.2,0.2312,0,0,0,0,0,0
TXN0010401,M0371,35.73,netbanking,web,IN-TN,1027,1002,1,6,18.2,0.3199,1,0,0,0,0,0
TXN0010402,M0281,42.09,upi,web,IN-UP,1278,776,0,4,38.5,0.3564,2,0,0,0,0,0
TXN0010403,M0373,25.99,card,api,IN-MH,440,270,4,12,45.8,0.4124,1,0,0,0,0,0
TXN0010404,M0154,46.18,card,web,IN-KA,660,1351,2,9,56.8,0.2894,1,0,0,0,0,0
TXN0010405,M0226,71.34,card,web,IN-DL,1269,1100,3,5,53.8,0.3035,0,0,0,0,0,0
TXN0010406,M0053,330.21,upi,ios,IN-WB,653,1308,4,8,95.4,0.4114,1,0,0,0,0,1
TXN0010407,M0328,241.59,upi,android,IN-WB,530,1485,3,6,49.8,0.2139,0,0,0,0,1,0
TXN0010408,M0193,813.57,card,web,IN-KA,1166,7,0,4,204.4,0.1751,1,0,0,0,0,0
TXN0010409,M0306,52.11,card,web,IN-GJ,293,1198,3,4,21.4,0.3895,4,0,0,0,0,0
TXN0010410,M0156,261.41,card,android,IN-TN,1007,863,4,5,43.2,0.2749,1,0,0,0,0,0
TXN0010411,M0392,671.17,wallet,android,IN-GJ,514,1068,3,8,34.6,0.2441,4,0,0,0,0,0
TXN0010412,M0089,107.99,upi,android,IN-TN,574,565,1,6,54.5,0.0892,0,0,0,0,0,0
TXN0010413,M0201,115.32,upi,web,IN-KA,790,0,1,8,68.9,0.1172,1,0,1,0,0,0
TXN0010414,M0096,716.73,card,ios,IN-GJ,1319,1288,1,6,44.1,0.2708,1,0,0,0,0,0
TXN0010415,M0042,126.1,upi,web,IN-KA,407,1112,2,5,27.5,0.1238,0,0,0,0,1,0
TXN0010416,M0273,754.6,card,ios,IN-WB,1209,1348,1,5,68.1,0.3771,1,0,0,0,0,0
TXN0010417,M0078,40.91,wallet,ios,IN-GJ,607,868,4,11,9.0,0.3724,3,0,0,0,0,0
TXN0010418,M0362,908.78,upi,web,IN-GJ,1602,1271,0,4,7.5,0.0889,2,0,0,0,0,0
TXN0010419,M0067,632.94,upi,android,IN-DL,712,1217,2,4,39.0,0.2539,3,0,0,0,0,0
TXN0010420,M0310,69.17,upi,android,IN-MH,754,815,2,12,145.5,0.3797,3,0,0,0,0,0
TXN0010421,M0337,132.26,upi,web,IN-TN,1357,1115,2,9,99.8,0.1161,0,0,0,0,1,0
TXN0010422,M0334,52.03,card,web,IN-KA,80,895,1,6,49.9,0.0946,1,0,0,0,1,0
TXN0010423,M0180,109.88,card,web,IN-MH,1543,1370,1,4,27.8,0.4323,1,0,0,0,0,0
TXN0010424,M0211,37.68,card,android,IN-MH,600,464,2,6,5.3,0.3798,1,0,0,0,0,0
TXN0010425,M0154,30.35,netbanking,web,IN-TN,1484,1356,5,8,85.7,0.2281,0,0,0,0,1,0
TXN0010426,M0014,51.37,netbanking,web,IN-UP,665,360,1,8,89.4,0.3058,0,0,0,0,0,0
TXN0010427,M0184,507.65,card,android,IN-DL,348,969,4,13,84.7,0.3367,3,0,0,0,0,0
TXN0010428,M0198,28.02,card,ios,IN-DL,193,438,3,14,49.1,0.1985,0,0,0,0,0,0
TXN0010429,M0231,710.33,card,web,IN-WB,1457,1423,4,6,112.8,0.1667,1,0,0,0,0,0
TXN0010430,M0102,449.21,upi,api,IN-DL,45,1341,3,10,163.7,0.2482,2,0,0,0,0,0
TXN0010431,M0352,672.07,upi,api,IN-MH,1153,829,3,6,63.9,0.1711,1,0,0,0,1,0
TXN0010432,M0278,254.09,upi,ios,IN-DL,1088,445,2,5,193.7,0.1417,1,0,0,0,0,0
TXN0010433,M0372,936.46,card,ios,IN-GJ,428,791,6,11,46.5,0.3282,0,0,0,0,0,0
TXN0010434,M0163,42.89,card,web,IN-KA,1360,702,2,5,227.6,0.2508,1,0,0,0,0,0
TXN0010435,M0102,707.19,card,android,IN-TN,677,1014,2,11,239.8,0.6564,3,0,0,0,0,0
TXN0010436,M0221,3768.38,netbanking,android,IN-UP,1433,253,1,4,15.4,0.2282,0,0,0,0,0,0
TXN0010437,M0063,138.3,card,web,IN-GJ,622,295,6,15,35.2,0.5162,2,0,0,0,0,0
TXN0010438,M0134,170.31,upi,web,IN-KA,1404,950,5,9,21.1,0.4619,4,0,0,0,0,0
TXN0010439,M0158,71.63,upi,android,IN-KA,783,58,4,13,10.8,0.2393,0,0,0,0,0,0
TXN0010440,M0100,192.35,card,web,IN-KA,826,508,6,10,60.8,0.3937,4,0,0,0,0,1
TXN0010441,M0179,216.83,upi,ios,IN-WB,1520,978,2,4,108.4,0.29,1,0,0,0,1,0
TXN0010442,M0312,16.94,card,android,IN-TN,178,1091,1,9,16.8,0.196,0,0,0,0,0,0
TXN0010443,M0058,331.95,wallet,ios,IN-MH,741,1493,3,9,12.0,0.194,0,0,0,0,0,0
TXN0010444,M0363,545.97,netbanking,android,IN-UP,79,1113,3,13,69.3,0.2457,1,0,0,0,1,0
TXN0010445,M0172,74.57,upi,api,IN-DL,99,1158,5,14,168.9,0.4216,1,0,0,0,1,0
TXN0010446,M0021,117.75,upi,web,IN-GJ,246,993,0,6,161.3,0.2902,2,0,0,0,0,0
TXN0010447,M0166,420.38,card,android,IN-WB,1327,116,2,8,96.5,0.2598,1,0,0,0,1,0
TXN0010448,M0097,71.08,upi,web,IN-KA,1412,132,2,11,122.3,0.3016,3,0,0,0,0,0
TXN0010449,M0105,378.5,upi,api,IN-MH,1416,1279,3,13,104.5,0.2818,2,0,0,0,0,0
TXN0010450,M0294,239.61,upi,api,IN-WB,1786,1182,6,15,103.4,0.5266,6,0,0,0,0,1
TXN0010451,M0331,1859.1,card,web,IN-UP,1030,437,0,1,60.8,0.2878,0,0,0,0,0,0
TXN0010452,M0048,158.34,wallet,web,IN-MH,357,763,5,9,54.3,0.1108,0,0,0,0,0,0
TXN0010453,M0014,105.55,card,api,IN-TN,855,297,3,9,29.9,0.364,2,0,0,0,0,0
TXN0010454,M0141,230.46,netbanking,ios,IN-GJ,997,1268,3,9,69.2,0.3327,4,0,0,0,0,0
TXN0010455,M0178,202.07,upi,android,IN-TN,1390,1432,1,10,136.1,0.2089,0,1,0,0,0,1
TXN0010456,M0055,920.49,netbanking,web,IN-KA,858,1428,0,6,18.9,0.451,1,0,0,0,0,0
TXN0010457,M0144,873.42,card,android,IN-TN,40,388,6,8,96.0,0.3043,1,1,0,0,1,0
TXN0010458,M0297,86.78,upi,ios,IN-WB,1507,414,1,3,147.9,0.3044,1,0,0,0,0,0
TXN0010459,M0160,148.52,card,android,IN-UP,1051,375,3,7,7.3,0.3715,0,0,0,0,0,0
TXN0010460,M0194,89.87,card,android,IN-MH,195,596,4,8,40.4,0.2371,0,0,0,0,0,0
TXN0010461,M0034,75.28,upi,android,IN-GJ,1713,577,6,19,64.9,0.5002,2,0,0,0,1,1
TXN0010462,M0090,6.9,upi,android,IN-KA,810,427,1,8,42.9,0.2855,1,0,0,0,0,0
TXN0010463,M0123,974.37,upi,api,IN-MH,1429,442,0,8,65.1,0.1739,4,0,0,0,0,0
TXN0010464,M0107,92.08,wallet,ios,IN-TN,1310,1055,4,14,125.2,0.3176,0,0,0,0,0,0
TXN0010465,M0324,115.22,upi,api,IN-GJ,496,184,1,2,36.1,0.2714,0,0,0,0,0,0
TXN0010466,M0002,2873.0,upi,web,IN-UP,1612,786,1,4,112.8,0.3387,3,0,0,0,0,1
TXN0010467,M0291,94.89,upi,ios,IN-KA,1651,1028,0,4,88.4,0.478,0,0,0,0,0,0
TXN0010468,M0085,149.89,netbanking,android,IN-MH,1693,282,1,4,183.9,0.2126,1,0,0,0,0,0
TXN0010469,M0043,235.12,netbanking,ios,IN-MH,365,1056,3,8,21.9,0.2161,2,0,0,0,0,0
TXN0010470,M0011,252.41,card,web,IN-TN,250,1388,4,8,119.0,0.2139,2,0,0,0,0,0
TXN0010471,M0050,96.96,upi,web,IN-WB,984,625,4,10,3.6,0.2056,1,0,0,0,1,0
TXN0010472,M0276,553.49,upi,api,IN-KA,444,416,1,7,75.5,0.2399,0,0,0,0,0,0
TXN0010473,M0180,211.36,upi,web,IN-TN,1125,1336,2,5,93.8,0.3636,1,0,0,0,0,0
TXN0010474,M0397,201.4,upi,ios,IN-MH,1212,1286,2,6,54.6,0.522,1,0,0,0,0,0
TXN0010475,M0129,91.76,card,api,IN-TN,62,207,2,10,24.4,0.4722,1,0,0,0,0,0
TXN0010476,M0231,157.96,upi,ios,IN-TN,1372,227,2,8,125.0,0.2871,0,0,0,0,0,0
TXN0010477,M0216,477.07,card,ios,IN-MH,229,834,5,12,21.2,0.3904,4,0,0,0,0,0
TXN0010478,M0192,478.65,wallet,web,IN-WB,1030,1121,2,6,46.0,0.306,1,0,0,0,0,0
TXN0010479,M0025,117.2,upi,api,IN-DL,980,1347,2,8,150.6,0.2001,3,0,0,0,0,1
TXN0010480,M0036,83.01,netbanking,api,IN-DL,35,1154,0,3,25.8,0.3542,0,0,0,0,0,0
TXN0010481,M0275,433.32,card,android,IN-GJ,326,249,0,5,104.3,0.3733,0,1,0,0,0,0
TXN0010482,M0196,243.29,upi,android,IN-UP,972,1246,2,6,24.1,0.1816,2,0,0,0,1,0
TXN0010483,M0235,432.59,upi,web,IN-DL,755,35,0,4,27.2,0.107,2,0,0,0,0,0
TXN0010484,M0060,68.31,card,api,IN-GJ,854,935,2,9,21.6,0.2233,5,0,0,0,0,0
TXN0010485,M0282,176.18,card,web,IN-WB,1270,257,2,4,70.9,0.0414,1,0,0,0,0,0
TXN0010486,M0232,433.67,netbanking,web,IN-WB,1240,1045,3,5,19.8,0.0906,1,0,0,0,1,0
TXN0010487,M0291,88.31,wallet,android,IN-GJ,1126,614,2,8,34.5,0.4012,0,0,0,0,1,0
TXN0010488,M0038,1188.23,upi,api,IN-UP,1325,96,0,5,26.2,0.2914,1,0,0,0,1,0
TXN0010489,M0050,918.91,upi,web,IN-WB,1573,706,3,6,120.8,0.2877,1,0,0,0,0,1
TXN0010490,M0058,146.81,card,web,IN-UP,380,258,4,7,34.3,0.2682,1,0,0,0,0,0
TXN0010491,M0386,147.86,upi,web,IN-UP,1658,1131,1,7,111.2,0.2497,3,0,0,0,0,0
TXN0010492,M0312,248.17,upi,ios,IN-MH,846,1226,4,14,32.5,0.2643,2,0,0,0,0,0
TXN0010493,M0305,213.35,upi,web,IN-WB,1667,1292,3,8,91.4,0.1553,2,0,0,0,1,0
TXN0010494,M0098,606.41,wallet,web,IN-DL,1149,162,3,3,104.9,0.1211,2,0,0,0,0,0
TXN0010495,M0040,74.6,card,api,IN-MH,706,1243,3,7,29.7,0.3697,2,0,0,0,1,0
TXN0010496,M0291,75.39,card,web,IN-KA,79,859,1,4,23.1,0.1842,1,0,0,0,0,0
TXN0010497,M0167,236.03,netbanking,ios,IN-DL,220,907,1,7,148.3,0.226,1,0,0,0,1,0
TXN0010498,M0025,295.27,netbanking,web,IN-MH,1119,1209,3,8,42.0,0.3709,0,0,0,0,1,1
TXN0010499,M0013,173.65,card,android,IN-MH,1201,395,1,5,93.1,0.2511,0,0,0,0,0,0
TXN0010500,M0259,440.74,card,ios,IN-KA,246,816,3,10,81.2,0.5759,2,0,0,0,1,0
TXN0010501,M0213,706.49,upi,web,IN-DL,1654,1205,2,5,13.8,0.4506,0,0,0,0,1,0
TXN0010502,M0345,379.97,card,android,IN-WB,591,1177,2,6,39.4,0.2583,0,0,0,0,1,0
TXN0010503,M0374,260.91,upi,ios,IN-UP,1384,961,6,12,109.5,0.3942,0,0,0,0,0,0
TXN0010504,M0374,144.95,upi,android,IN-WB,1392,772,2,6,19.6,0.3793,2,0,0,0,1,0
TXN0010505,M0380,194.02,upi,android,IN-TN,1254,416,2,7,58.8,0.3777,4,0,0,0,0,0
TXN0010506,M0076,45.91,card,android,IN-WB,1646,428,3,8,34.7,0.2787,1,0,0,0,0,0
TXN0010507,M0079,54.78,card,ios,IN-TN,1444,40,1,6,54.5,0.44,2,0,0,0,0,0
TXN0010508,M0147,633.76,netbanking,android,IN-DL,296,1022,4,12,101.5,0.3871,1,0,0,0,0,1
TXN0010509,M0061,1039.58,card,web,IN-UP,738,583,2,7,103.0,0.4041,3,0,0,0,0,0
TXN0010510,M0033,45.91,card,ios,IN-WB,1027,1341,3,8,79.4,0.0871,1,0,0,0,0,0
TXN0010511,M0227,310.9,card,web,IN-GJ,903,68,3,11,31.3,0.3041,1,0,0,0,1,0
TXN0010512,M0275,39.19,upi,android,IN-MH,942,330,2,7,16.9,0.3265,1,0,0,0,0,0
TXN0010513,M0085,935.36,card,android,IN-GJ,360,378,3,8,17.9,0.2362,4,0,0,0,0,0
TXN0010514,M0136,177.02,card,web,IN-KA,1748,847,2,10,55.2,0.4152,1,0,0,0,1,0
TXN0010515,M0268,2235.53,upi,ios,IN-WB,1209,425,6,14,99.1,0.3283,0,0,0,0,0,0
TXN0010516,M0397,95.23,upi,web,IN-WB,1449,579,1,6,138.5,0.2604,1,0,0,0,1,0
TXN0010517,M0165,108.12,netbanking,ios,IN-TN,627,453,3,8,47.5,0.4393,2,0,0,0,0,0
TXN0010518,M0357,268.42,upi,web,IN-TN,1196,636,1,6,34.5,0.3072,2,1,0,0,0,0
TXN0010519,M0210,444.37,card,android,IN-KA,482,673,0,3,60.1,0.3163,0,0,0,0,1,0
TXN0010520,M0365,405.12,upi,web,IN-KA,1064,1208,2,4,327.1,0.3841,0,0,0,0,0,0
TXN0010521,M0149,476.73,netbanking,android,IN-MH,451,936,8,21,205.4,0.5065,2,1,0,0,0,1
TXN0010522,M0214,143.59,netbanking,web,IN-WB,1679,1284,3,10,26.7,0.4111,1,0,0,0,0,0
TXN0010523,M0339,482.26,upi,web,IN-DL,919,391,2,3,46.8,0.3475,2,0,0,0,1,0
TXN0010524,M0002,1663.21,upi,android,IN-WB,885,85,5,10,58.4,0.5266,1,0,0,0,0,1
TXN0010525,M0384,401.08,upi,android,IN-GJ,972,1090,1,7,42.8,0.3978,1,0,0,0,0,0
TXN0010526,M0257,79.44,netbanking,api,IN-KA,408,792,2,6,35.1,0.1174,2,0,0,0,0,0
TXN0010527,M0013,275.87,card,web,IN-MH,1487,201,5,12,48.1,0.2379,1,0,0,0,0,0
TXN0010528,M0104,25.41,wallet,android,IN-DL,513,1077,2,9,158.5,0.3863,4,0,0,0,1,1
TXN0010529,M0309,363.33,upi,ios,IN-MH,1649,741,5,10,136.7,0.3268,2,0,0,0,0,0
TXN0010530,M0245,33.97,card,api,IN-TN,1503,743,4,8,36.1,0.3166,2,0,0,0,0,0
TXN0010531,M0074,369.16,upi,android,IN-UP,557,1132,5,12,85.7,0.3615,2,0,0,0,0,0
TXN0010532,M0150,172.88,card,web,IN-WB,999,1181,1,10,147.7,0.2847,0,0,0,0,0,0
TXN0010533,M0015,491.64,upi,web,IN-TN,597,1001,0,5,67.2,0.3303,0,0,0,0,0,0
TXN0010534,M0383,188.95,wallet,web,IN-MH,248,340,4,10,93.0,0.3861,1,0,0,0,0,0
TXN0010535,M0347,739.71,card,android,IN-WB,506,245,1,2,26.5,0.2529,1,0,0,0,0,0
TXN0010536,M0372,319.08,card,web,IN-UP,1565,1262,2,6,33.5,0.4019,1,0,0,0,1,0
TXN0010537,M0043,541.63,netbanking,ios,IN-DL,544,41,1,9,20.9,0.1086,2,0,0,0,0,0
TXN0010538,M0244,122.59,upi,web,IN-DL,1670,756,0,3,24.7,0.3558,2,0,0,0,1,0
TXN0010539,M0129,116.31,upi,web,IN-GJ,1311,1187,1,11,42.6,0.3155,3,0,0,0,0,0
TXN0010540,M0026,44.66,netbanking,web,IN-MH,804,373,4,6,17.2,0.1074,1,0,0,0,1,0
TXN0010541,M0012,57.71,card,ios,IN-MH,1132,627,2,12,23.7,0.2917,3,0,0,0,0,1
TXN0010542,M0128,198.32,card,web,IN-DL,1589,675,3,8,45.3,0.2403,2,0,0,0,1,0
TXN0010543,M0099,192.19,wallet,web,IN-UP,141,1259,2,10,72.7,0.3695,0,0,0,0,0,1
TXN0010544,M0110,269.08,upi,api,IN-UP,1443,1179,1,4,95.5,0.3848,3,0,0,0,0,0
TXN0010545,M0349,90.37,card,android,IN-KA,1030,233,2,6,10.0,0.3336,1,0,0,0,1,0
TXN0010546,M0031,213.4,card,android,IN-WB,1762,1491,3,10,14.1,0.3398,1,0,0,0,1,0
TXN0010547,M0317,691.98,upi,api,IN-WB,1526,759,2,11,112.4,0.403,0,0,0,0,0,0
TXN0010548,M0175,277.76,card,android,IN-UP,1611,1278,1,13,51.7,0.2201,1,1,0,0,0,1
TXN0010549,M0014,187.36,card,web,IN-WB,109,731,2,9,26.6,0.3875,1,0,0,0,0,0
TXN0010550,M0373,239.62,netbanking,web,IN-DL,817,50,1,5,72.1,0.1056,1,0,0,0,0,0
TXN0010551,M0178,624.49,card,web,IN-GJ,1629,817,7,14,18.7,0.3918,5,0,0,0,0,0
TXN0010552,M0220,214.23,upi,android,IN-TN,488,903,2,4,179.5,0.3384,2,0,0,0,0,0
TXN0010553,M0122,107.09,upi,android,IN-UP,462,240,9,16,44.3,0.3071,1,0,0,0,1,0
TXN0010554,M0132,108.16,upi,ios,IN-GJ,1201,956,3,4,63.4,0.436,1,0,0,0,0,0
TXN0010555,M0281,104.46,card,web,IN-UP,590,933,3,10,23.1,0.3116,2,0,0,0,0,0
TXN0010556,M0140,101.88,upi,android,IN-MH,1059,401,3,4,24.1,0.3189,2,0,0,0,0,0
TXN0010557,M0004,396.49,card,api,IN-GJ,719,1056,2,8,62.6,0.4444,2,0,0,0,0,0
TXN0010558,M0015,985.87,upi,web,IN-TN,812,618,4,10,60.4,0.2584,1,0,0,0,0,0
TXN0010559,M0256,119.63,card,web,IN-WB,256,343,4,14,43.0,0.547,0,0,0,0,1,0
TXN0010560,M0138,73.02,upi,android,IN-MH,1500,1008,2,8,118.6,0.1756,1,0,0,0,0,0
TXN0010561,M0002,50.53,netbanking,android,IN-UP,178,673,0,4,95.4,0.2971,0,0,0,0,0,0
TXN0010562,M0019,1011.7,netbanking,ios,IN-GJ,306,192,3,7,57.2,0.3553,2,0,0,0,0,0
TXN0010563,M0316,473.16,card,api,IN-TN,433,926,4,9,139.4,0.146,2,0,0,0,0,0
TXN0010564,M0163,91.1,wallet,ios,IN-GJ,495,645,3,11,38.0,0.6522,2,0,0,0,0,1
TXN0010565,M0184,207.11,card,ios,IN-KA,10,1282,2,8,66.7,0.1839,1,0,0,1,0,1
TXN0010566,M0092,732.12,upi,ios,IN-WB,1725,998,2,6,58.9,0.2852,0,0,0,0,0,0
TXN0010567,M0105,168.89,upi,ios,IN-DL,1039,540,2,11,31.8,0.301,3,0,0,0,1,0
TXN0010568,M0147,426.49,card,android,IN-KA,881,754,2,7,79.2,0.3322,2,0,0,0,0,0
TXN0010569,M0359,153.98,upi,api,IN-GJ,242,1197,1,3,64.1,0.1987,0,0,0,0,0,0
TXN0010570,M0205,133.96,upi,web,IN-UP,1140,365,1,6,43.2,0.3462,1,0,0,0,0,0
TXN0010571,M0068,12.73,card,ios,IN-UP,168,1121,3,9,49.0,0.3302,0,0,0,0,0,0
TXN0010572,M0171,120.11,upi,android,IN-TN,491,1242,2,6,51.1,0.1428,1,0,0,0,1,0
TXN0010573,M0120,105.3,card,web,IN-UP,1014,37,5,8,83.7,0.2066,1,0,0,0,1,0
TXN0010574,M0039,302.89,card,api,IN-KA,1768,874,1,6,24.0,0.3023,1,0,0,0,0,1
TXN0010575,M0016,231.07,netbanking,web,IN-WB,1067,1018,2,4,76.3,0.2367,0,0,0,0,0,0
TXN0010576,M0077,219.36,card,api,IN-DL,861,599,6,13,31.9,0.1564,1,0,0,0,0,0
TXN0010577,M0020,466.6,netbanking,android,IN-MH,1188,1413,0,5,30.9,0.1795,1,0,0,0,0,0
TXN0010578,M0393,17.38,card,ios,IN-GJ,1319,440,1,5,51.5,0.3563,2,0,0,0,0,0
TXN0010579,M0103,171.31,wallet,android,IN-WB,907,828,2,8,87.2,0.1487,0,0,0,0,0,0
TXN0010580,M0269,55.88,card,api,IN-UP,611,13,3,7,52.2,0.2826,0,0,0,0,0,0
TXN0010581,M0393,51.49,card,ios,IN-DL,1591,543,2,4,133.9,0.3773,1,1,0,0,0,0
TXN0010582,M0197,134.61,upi,ios,IN-GJ,549,997,3,8,12.3,0.3805,2,1,0,0,0,1
TXN0010583,M0358,183.94,card,android,IN-KA,225,168,3,11,67.9,0.1711,2,0,0,0,0,0
TXN0010584,M0279,297.47,upi,web,IN-TN,526,70,5,12,81.1,0.339,3,0,0,0,0,0
TXN0010585,M0094,278.37,upi,web,IN-MH,1415,403,3,5,132.5,0.1011,0,0,0,0,0,1
TXN0010586,M0117,78.76,upi,web,IN-UP,138,842,3,11,22.3,0.4281,2,0,0,0,0,0
TXN0010587,M0232,147.81,upi,android,IN-WB,740,1022,3,6,15.9,0.2332,1,0,0,0,0,0
TXN0010588,M0134,757.5,card,android,IN-GJ,74,923,5,8,88.9,0.6312,2,0,0,0,1,1
TXN0010589,M0300,904.03,card,web,IN-KA,1626,69,0,7,56.5,0.1451,1,0,0,0,0,0
TXN0010590,M0044,132.43,card,ios,IN-MH,596,344,3,15,96.1,0.3254,1,1,0,0,0,1
TXN0010591,M0049,197.51,netbanking,android,IN-WB,422,1225,2,9,191.7,0.3392,2,0,0,0,0,0
TXN0010592,M0176,73.45,upi,web,IN-WB,1248,435,4,12,53.1,0.4727,1,0,0,0,1,0
TXN0010593,M0279,502.83,wallet,web,IN-MH,1706,396,4,12,27.4,0.2357,1,0,0,0,0,0
TXN0010594,M0102,1824.34,netbanking,android,IN-WB,96,1351,1,8,47.9,0.2715,1,0,0,0,1,1
TXN0010595,M0047,105.4,upi,web,IN-TN,1561,1475,0,10,106.5,0.2338,1,0,0,0,0,0
TXN0010596,M0391,583.58,netbanking,android,IN-MH,707,1062,5,13,29.1,0.3625,0,0,0,0,0,1
TXN0010597,M0343,375.99,upi,android,IN-WB,312,575,4,5,21.1,0.1425,1,1,0,0,0,0
TXN0010598,M0175,152.19,upi,web,IN-TN,132,1340,5,12,32.8,0.2936,1,0,0,0,0,0
TXN0010599,M0360,89.74,upi,api,IN-UP,783,238,4,7,59.6,0.3497,2,0,0,0,0,1
TXN0010600,M0287,2145.97,upi,web,IN-DL,435,116,1,9,187.3,0.2903,3,0,0,0,0,0
TXN0010601,M0264,387.26,card,ios,IN-GJ,438,148,2,4,92.6,0.067,2,0,0,0,1,0
TXN0010602,M0387,469.45,wallet,android,IN-KA,337,369,1,5,65.6,0.1447,0,0,0,0,0,0
TXN0010603,M0195,145.68,netbanking,web,IN-WB,256,899,3,7,23.7,0.2252,0,0,0,0,0,0
TXN0010604,M0061,191.32,upi,web,IN-MH,1415,730,3,13,12.2,0.2537,1,0,0,0,0,1
TXN0010605,M0137,53.31,upi,web,IN-WB,699,935,2,11,15.8,0.2849,2,0,0,0,0,1
TXN0010606,M0228,385.23,upi,ios,IN-DL,1442,1189,2,5,34.0,0.2057,1,0,0,0,0,0
TXN0010607,M0237,123.77,card,ios,IN-TN,963,362,0,1,76.1,0.321,1,0,0,0,0,0
TXN0010608,M0126,64.49,card,android,IN-UP,142,441,5,10,20.3,0.2381,3,0,0,0,0,0
TXN0010609,M0148,76.56,wallet,web,IN-TN,723,1252,2,7,60.5,0.3151,0,0,0,0,0,0
TXN0010610,M0315,2005.33,wallet,android,IN-MH,157,590,2,7,52.1,0.4234,0,0,0,0,0,1
TXN0010611,M0007,133.68,card,ios,IN-DL,597,1146,1,10,126.4,0.4598,1,0,0,0,0,0
TXN0010612,M0251,260.12,upi,api,IN-KA,1482,49,1,5,128.6,0.3154,0,0,0,0,0,0
TXN0010613,M0045,54.49,netbanking,web,IN-MH,590,1230,5,13,77.0,0.5758,1,0,0,0,1,1
TXN0010614,M0100,148.99,upi,web,IN-KA,429,1456,3,10,125.6,0.3282,2,0,0,0,0,0
TXN0010615,M0350,45.72,card,ios,IN-TN,290,1472,0,5,209.5,0.1775,5,0,0,0,0,1
TXN0010616,M0388,261.07,card,ios,IN-MH,239,1072,2,9,44.3,0.2499,0,0,0,0,0,0
TXN0010617,M0324,72.42,netbanking,api,IN-UP,401,505,3,8,21.6,0.1939,5,0,0,0,0,0
TXN0010618,M0391,399.85,card,web,IN-KA,1637,427,4,11,66.0,0.3569,1,0,0,0,1,0
TXN0010619,M0119,30.06,wallet,android,IN-TN,953,488,6,20,30.8,0.7645,4,1,0,0,1,1
TXN0010620,M0286,95.67,card,ios,IN-TN,1409,833,1,3,115.5,0.2922,4,0,0,0,0,0
TXN0010621,M0147,583.88,netbanking,api,IN-KA,287,443,1,6,81.4,0.3655,3,0,0,0,1,0
TXN0010622,M0238,833.84,upi,web,IN-MH,1096,671,2,8,34.0,0.1584,0,0,0,0,1,0
TXN0010623,M0317,181.08,upi,api,IN-WB,1493,1169,2,5,144.4,0.6033,1,0,0,0,0,0
TXN0010624,M0079,122.07,card,api,IN-GJ,1396,1311,4,11,52.8,0.2088,0,0,0,0,0,0
TXN0010625,M0155,202.24,upi,ios,IN-KA,1325,1451,4,11,97.4,0.1456,3,0,0,0,0,0
TXN0010626,M0318,1401.02,card,web,IN-KA,1353,870,6,9,73.9,0.5532,1,0,0,0,0,1
TXN0010627,M0261,137.62,upi,web,IN-KA,1779,1370,2,3,96.3,0.1071,1,0,0,0,0,0
TXN0010628,M0371,180.62,upi,ios,IN-KA,697,698,4,10,109.0,0.1399,2,0,0,0,0,0
TXN0010629,M0333,62.81,wallet,android,IN-MH,570,1473,0,5,215.3,0.2524,0,0,0,0,0,0
TXN0010630,M0135,91.4,upi,android,IN-GJ,170,502,2,11,38.5,0.3035,1,0,0,0,0,0
TXN0010631,M0208,279.66,netbanking,api,IN-UP,329,943,2,3,87.2,0.1619,0,0,0,0,0,0
TXN0010632,M0178,439.69,card,android,IN-GJ,727,967,3,8,4.6,0.3973,2,0,0,0,0,0
TXN0010633,M0190,243.56,upi,ios,IN-WB,136,979,7,14,83.6,0.3214,8,0,0,0,0,1
TXN0010634,M0231,413.08,upi,web,IN-WB,1363,792,2,8,4.6,0.3217,4,0,0,0,1,0
TXN0010635,M0206,66.18,card,web,IN-GJ,630,855,0,8,64.2,0.1363,0,0,0,0,1,0
TXN0010636,M0156,59.94,netbanking,ios,IN-MH,582,1175,7,13,30.7,0.2314,1,0,0,0,1,0
TXN0010637,M0064,398.36,card,web,IN-MH,1657,238,2,13,112.9,0.2804,0,0,0,0,1,0
TXN0010638,M0252,111.81,netbanking,web,IN-TN,108,496,4,8,47.4,0.1537,1,0,0,0,1,0
TXN0010639,M0224,55.61,upi,android,IN-TN,1064,1210,3,7,52.5,0.2197,2,0,0,0,0,0
TXN0010640,M0178,220.48,upi,web,IN-MH,1078,731,1,5,15.9,0.1539,1,0,0,0,1,0
TXN0010641,M0010,196.14,upi,ios,IN-GJ,1725,1164,3,9,45.0,0.5334,3,0,0,0,1,0
TXN0010642,M0174,148.88,upi,ios,IN-UP,737,1209,4,11,46.7,0.3825,3,0,0,0,0,0
TXN0010643,M0333,880.04,wallet,ios,IN-UP,1645,356,3,8,58.4,0.4195,2,0,0,0,0,0
TXN0010644,M0283,1173.34,card,web,IN-GJ,1217,191,1,10,53.7,0.1705,2,0,0,0,0,0
TXN0010645,M0067,470.0,wallet,api,IN-TN,684,962,1,6,77.4,0.3279,1,0,0,0,0,1
TXN0010646,M0387,276.57,card,web,IN-KA,952,964,3,11,116.9,0.6484,2,0,0,0,0,1
TXN0010647,M0204,715.55,card,ios,IN-UP,788,552,0,13,59.3,0.5003,4,0,0,0,0,0
TXN0010648,M0356,210.76,card,api,IN-WB,1084,85,1,11,42.4,0.2675,4,0,0,0,0,0
TXN0010649,M0059,148.29,upi,web,IN-GJ,539,1268,1,6,29.5,0.2147,0,0,0,0,0,0
TXN0010650,M0304,100.42,wallet,android,IN-GJ,594,760,2,9,12.3,0.2349,2,0,0,0,0,0
TXN0010651,M0031,82.33,netbanking,ios,IN-WB,1335,1424,2,10,120.2,0.2209,0,0,0,0,0,0
TXN0010652,M0310,455.31,card,android,IN-TN,1766,328,1,5,132.5,0.1963,0,1,0,0,1,1
TXN0010653,M0339,40.09,upi,ios,IN-KA,1025,322,9,17,124.3,0.4176,2,1,0,0,0,0
TXN0010654,M0079,99.35,upi,web,IN-DL,593,1277,5,12,48.3,0.2496,3,0,0,0,0,0
TXN0010655,M0273,126.37,netbanking,web,IN-TN,115,1278,3,9,81.2,0.2215,1,0,0,0,0,0
TXN0010656,M0294,44.06,upi,android,IN-KA,1689,731,4,10,90.0,0.2976,0,0,0,0,0,0
TXN0010657,M0314,121.7,upi,web,IN-GJ,1653,915,3,10,10.4,0.4913,2,0,0,0,0,0
TXN0010658,M0074,197.69,upi,android,IN-GJ,373,617,0,6,60.3,0.2509,1,0,0,0,0,0
TXN0010659,M0369,502.81,netbanking,api,IN-KA,1414,85,2,5,112.2,0.4883,0,0,0,0,0,0
TXN0010660,M0358,108.52,upi,ios,IN-DL,1219,265,2,4,68.8,0.1502,0,0,0,0,0,0
TXN0010661,M0186,199.07,upi,android,IN-TN,1679,1425,2,7,145.1,0.2393,1,0,0,0,1,0
TXN0010662,M0306,40.4,upi,android,IN-DL,906,1301,5,8,25.9,0.1988,2,0,0,0,1,0
TXN0010663,M0245,53.33,upi,android,IN-GJ,449,704,4,13,83.1,0.2667,1,0,0,0,0,0
TXN0010664,M0029,26.83,upi,android,IN-GJ,616,169,3,14,71.0,0.4146,2,0,0,0,0,0
TXN0010665,M0056,479.07,card,ios,IN-WB,1355,117,4,7,96.9,0.2693,1,0,0,0,0,0
TXN0010666,M0195,129.68,netbanking,api,IN-UP,364,794,0,3,3.7,0.0394,2,0,0,0,0,0
TXN0010667,M0345,224.51,upi,ios,IN-UP,1141,451,3,17,73.4,0.5421,3,1,0,0,0,1
TXN0010668,M0355,303.83,card,ios,IN-DL,1488,882,7,14,154.5,0.3649,4,0,0,0,0,0
TXN0010669,M0036,404.01,netbanking,api,IN-MH,222,24,5,12,40.5,0.4015,1,0,0,0,0,1
TXN0010670,M0368,1337.17,card,ios,IN-TN,951,1299,2,11,16.8,0.5835,1,0,0,0,0,1
TXN0010671,M0349,172.71,upi,api,IN-KA,467,1124,1,9,78.3,0.4509,8,0,0,0,0,0
TXN0010672,M0389,88.36,card,web,IN-GJ,896,323,0,2,77.7,0.4457,1,0,0,0,1,0
TXN0010673,M0046,361.88,upi,api,IN-GJ,345,293,2,7,139.4,0.6691,1,0,0,0,0,0
TXN0010674,M0397,1911.9,card,android,IN-WB,575,54,7,16,29.6,0.4045,1,0,0,0,0,1
TXN0010675,M0389,104.98,netbanking,web,IN-UP,276,1193,0,3,111.1,0.1361,1,0,0,0,0,0
TXN0010676,M0302,81.29,netbanking,android,IN-TN,712,683,5,10,70.3,0.2675,2,0,0,0,0,1
TXN0010677,M0251,13.99,netbanking,web,IN-TN,1169,105,3,12,89.9,0.4663,4,0,0,0,0,0
TXN0010678,M0382,22.78,card,ios,IN-KA,549,1038,1,5,75.5,0.4377,0,0,0,0,0,0
TXN0010679,M0040,744.22,upi,android,IN-UP,1559,141,4,14,30.8,0.4857,1,0,0,0,0,0
TXN0010680,M0055,151.33,upi,android,IN-UP,1090,989,2,12,76.2,0.4799,2,0,0,0,0,0
TXN0010681,M0066,57.7,upi,web,IN-MH,1778,956,3,12,29.8,0.5272,3,0,0,0,1,1
TXN0010682,M0329,180.55,card,ios,IN-TN,1216,4,2,4,32.4,0.1903,1,0,1,0,1,0
TXN0010683,M0304,2426.62,card,web,IN-DL,387,576,2,7,47.0,0.2942,0,0,0,0,0,0
TXN0010684,M0251,180.76,netbanking,web,IN-KA,1020,533,4,13,43.2,0.3205,1,0,0,0,0,0
TXN0010685,M0152,1221.28,wallet,web,IN-TN,1213,1,0,3,69.9,0.4079,1,0,1,0,0,0
TXN0010686,M0041,70.53,card,ios,IN-KA,855,378,4,6,8.4,0.3321,0,0,0,0,0,0
TXN0010687,M0046,775.3,upi,ios,IN-WB,141,932,1,7,63.9,0.1862,1,0,0,0,0,0
TXN0010688,M0128,102.71,upi,api,IN-UP,325,236,1,6,8.2,0.4654,1,0,0,0,1,0
TXN0010689,M0144,83.37,card,ios,IN-UP,431,678,5,6,107.3,0.2381,1,0,0,0,0,0
TXN0010690,M0055,70.34,upi,ios,IN-TN,743,775,3,8,6.0,0.2995,1,0,0,0,1,0
TXN0010691,M0070,130.19,wallet,ios,IN-GJ,1525,1474,0,4,58.3,0.4248,3,0,0,0,0,1
TXN0010692,M0218,477.64,wallet,android,IN-GJ,46,26,3,13,41.3,0.1637,1,0,0,0,0,0
TXN0010693,M0354,111.19,upi,api,IN-WB,1694,675,2,3,139.0,0.1279,2,0,0,0,0,0
TXN0010694,M0212,524.59,wallet,web,IN-UP,952,949,4,9,126.2,0.0985,0,0,0,0,0,0
TXN0010695,M0259,87.85,card,web,IN-TN,1747,1273,3,16,132.5,0.2515,1,0,0,0,0,0
TXN0010696,M0139,165.82,netbanking,android,IN-UP,1226,487,2,9,26.0,0.1723,1,0,0,0,0,0
TXN0010697,M0004,105.87,card,web,IN-DL,836,809,2,7,36.2,0.0919,0,0,0,0,0,0
TXN0010698,M0027,1102.0,upi,android,IN-DL,210,1100,7,11,54.4,0.13,1,0,0,0,0,0
TXN0010699,M0009,302.02,card,api,IN-KA,1324,865,1,4,59.7,0.3727,5,0,0,0,1,0
TXN0010700,M0339,239.17,upi,web,IN-UP,1096,200,5,10,50.0,0.4303,2,0,0,0,1,0
TXN0010701,M0149,136.19,card,ios,IN-GJ,665,1289,2,13,39.1,0.3185,3,0,0,0,0,0
TXN0010702,M0334,100.49,upi,web,IN-DL,1469,975,4,15,76.9,0.4312,0,0,0,0,1,1
TXN0010703,M0215,65.78,card,web,IN-WB,1262,828,2,8,77.0,0.1621,3,0,0,0,0,0
TXN0010704,M0358,675.16,upi,web,IN-MH,519,134,3,13,57.1,0.2564,1,0,0,0,1,0
TXN0010705,M0338,35.82,card,web,IN-KA,274,610,3,14,14.6,0.3544,4,0,0,0,1,1
TXN0010706,M0260,125.29,card,web,IN-KA,1186,869,4,9,93.8,0.3421,0,0,0,0,1,0
TXN0010707,M0344,435.07,card,ios,IN-KA,220,1283,2,12,76.7,0.4333,1,0,0,0,1,0
TXN0010708,M0216,33.7,card,ios,IN-TN,946,132,4,8,29.9,0.38,1,1,0,0,0,0
TXN0010709,M0263,215.13,netbanking,android,IN-KA,1770,1348,1,5,100.6,0.0947,1,0,0,0,1,0
TXN0010710,M0060,75.37,card,web,IN-TN,1336,111,4,12,30.5,0.8516,4,0,0,0,0,0
TXN0010711,M0211,184.86,card,web,IN-DL,561,205,4,9,92.0,0.3094,1,0,0,0,1,0
TXN0010712,M0164,152.08,card,ios,IN-TN,1729,178,2,10,147.2,0.6967,1,0,0,0,1,0
TXN0010713,M0019,18.88,wallet,ios,IN-WB,1615,125,4,7,57.3,0.1171,0,0,0,0,0,0
TXN0010714,M0245,340.68,upi,api,IN-GJ,885,362,2,8,38.5,0.1693,1,0,0,0,0,1
TXN0010715,M0037,67.03,netbanking,web,IN-MH,41,555,3,9,22.3,0.1276,1,0,0,0,0,0
TXN0010716,M0129,103.99,card,api,IN-WB,1603,1081,3,11,70.3,0.3061,1,0,0,0,0,0
TXN0010717,M0025,189.36,card,api,IN-TN,1496,625,1,7,34.4,0.1815,0,0,0,0,0,0
TXN0010718,M0300,262.08,upi,android,IN-WB,1756,1322,1,3,55.8,0.1616,0,0,0,0,0,0
TXN0010719,M0220,281.56,card,api,IN-WB,1686,288,1,3,28.5,0.3991,2,0,0,0,0,0
TXN0010720,M0198,396.95,upi,web,IN-UP,886,1262,6,7,22.1,0.1659,1,0,0,0,1,0
TXN0010721,M0197,15.26,upi,ios,IN-DL,28,505,2,9,36.1,0.1263,0,0,0,0,0,0
TXN0010722,M0023,291.7,netbanking,web,IN-DL,711,630,5,10,44.6,0.4475,1,0,0,0,0,1
TXN0010723,M0385,181.99,upi,api,IN-WB,701,140,1,7,72.5,0.5276,0,0,0,0,0,0
TXN0010724,M0009,103.5,card,ios,IN-WB,541,223,4,8,27.1,0.3611,4,0,0,0,1,1
TXN0010725,M0303,234.05,netbanking,web,IN-UP,1455,604,1,4,93.3,0.2896,2,0,0,0,0,0
TXN0010726,M0258,451.92,upi,ios,IN-MH,1457,9,2,6,64.5,0.2989,1,0,0,0,0,1
TXN0010727,M0283,74.92,card,android,IN-WB,9,1297,3,9,156.3,0.4103,4,0,0,1,0,0
TXN0010728,M0115,731.39,card,api,IN-KA,1644,1257,3,9,43.3,0.2605,3,0,0,0,0,0
TXN0010729,M0286,566.39,card,android,IN-MH,549,1329,3,8,67.3,0.2503,0,0,0,0,0,0
TXN0010730,M0053,260.63,card,web,IN-UP,317,1387,7,9,39.3,0.1321,1,0,0,0,0,1
TXN0010731,M0236,52.98,card,ios,IN-KA,465,528,1,13,27.7,0.7081,1,0,0,0,0,0
TXN0010732,M0029,1552.99,upi,api,IN-GJ,114,949,4,7,102.3,0.2106,1,0,0,0,0,0
TXN0010733,M0386,239.22,card,web,IN-KA,241,1353,3,5,22.9,0.1433,2,0,0,0,0,0
TXN0010734,M0212,208.78,netbanking,api,IN-WB,530,366,1,8,47.1,0.3703,2,0,0,0,0,0
TXN0010735,M0170,201.66,netbanking,api,IN-GJ,159,287,3,5,237.1,0.2109,0,0,0,0,0,0
TXN0010736,M0252,312.79,card,ios,IN-UP,311,1395,5,11,23.2,0.1853,2,0,0,0,0,0
TXN0010737,M0245,454.82,card,android,IN-UP,448,213,3,5,100.4,0.3948,2,0,0,0,0,1
TXN0010738,M0037,175.53,card,web,IN-DL,1380,134,0,5,30.4,0.0678,0,0,0,0,0,0
TXN0010739,M0269,51.94,card,ios,IN-UP,360,1029,4,9,73.7,0.2253,0,0,0,0,0,0
TXN0010740,M0348,506.68,netbanking,api,IN-GJ,1653,593,2,10,47.3,0.1215,1,0,0,0,1,0
TXN0010741,M0366,79.65,upi,ios,IN-DL,1753,719,1,3,56.2,0.2747,1,0,0,0,1,0
TXN0010742,M0209,65.9,wallet,android,IN-KA,607,697,0,4,65.2,0.2861,4,0,0,0,0,0
TXN0010743,M0150,168.89,card,android,IN-DL,40,1452,1,3,77.9,0.4073,0,0,0,0,0,0
TXN0010744,M0104,114.11,card,api,IN-DL,521,543,2,12,130.9,0.4766,1,0,0,0,1,0
TXN0010745,M0145,263.22,upi,android,IN-GJ,233,187,2,11,33.6,0.4621,1,0,0,0,1,0
TXN0010746,M0050,318.32,card,android,IN-WB,58,1060,6,16,110.4,0.5141,0,0,0,0,0,0
TXN0010747,M0156,112.49,card,ios,IN-MH,1453,319,2,7,97.0,0.1535,1,0,0,0,0,0
TXN0010748,M0285,203.21,netbanking,android,IN-WB,197,625,2,10,26.5,0.4073,1,0,0,0,1,1
TXN0010749,M0149,110.79,netbanking,api,IN-WB,1372,1471,4,10,98.3,0.2358,0,0,0,0,0,0
TXN0010750,M0122,387.52,upi,api,IN-TN,1201,1411,2,10,48.6,0.2809,0,0,0,0,0,0
TXN0010751,M0226,293.89,netbanking,api,IN-TN,843,386,1,3,67.2,0.2376,1,0,0,0,0,1
TXN0010752,M0261,368.87,card,android,IN-MH,575,805,1,2,22.3,0.1579,2,0,0,0,0,0
TXN0010753,M0009,135.47,upi,ios,IN-DL,694,679,2,6,15.8,0.2893,1,0,0,0,0,0
TXN0010754,M0206,233.06,card,ios,IN-DL,558,1300,1,7,38.9,0.3201,1,0,0,0,0,0
TXN0010755,M0360,299.77,wallet,ios,IN-WB,624,26,4,10,63.0,0.3039,4,0,0,0,0,0
TXN0010756,M0296,380.63,wallet,android,IN-MH,484,1359,3,12,41.3,0.2253,0,0,0,0,0,1
TXN0010757,M0157,349.26,upi,ios,IN-WB,1752,1055,3,14,51.0,0.2597,3,0,0,0,1,0
TXN0010758,M0164,159.2,card,web,IN-GJ,1653,1418,0,10,69.5,0.2062,0,0,0,0,0,0
TXN0010759,M0208,57.01,card,android,IN-UP,1560,773,2,10,36.7,0.389,3,0,0,0,0,0
TXN0010760,M0149,297.26,card,ios,IN-UP,1511,632,5,9,33.5,0.4812,2,0,0,0,0,1
TXN0010761,M0370,282.87,card,api,IN-GJ,471,949,2,12,36.9,0.161,2,0,0,0,1,0
TXN0010762,M0248,59.93,upi,ios,IN-UP,1561,1147,2,7,24.8,0.1907,2,0,0,0,0,0
TXN0010763,M0259,419.75,card,ios,IN-WB,830,1270,2,9,55.5,0.3556,0,0,0,0,1,0
TXN0010764,M0367,210.43,upi,api,IN-WB,295,199,4,12,83.1,0.185,0,0,0,0,0,0
TXN0010765,M0160,158.23,card,ios,IN-WB,1342,636,1,5,70.2,0.2346,3,0,0,0,0,0
TXN0010766,M0165,222.83,netbanking,web,IN-DL,1735,1407,4,11,11.9,0.565,2,0,0,0,0,0
TXN0010767,M0039,456.7,card,web,IN-DL,1484,747,0,7,69.1,0.4943,0,0,0,0,1,0
TXN0010768,M0108,855.32,netbanking,web,IN-UP,34,191,3,11,8.0,0.3589,2,0,0,0,0,0
TXN0010769,M0212,170.6,upi,ios,IN-WB,220,239,4,11,72.2,0.2184,0,0,0,0,0,1
TXN0010770,M0393,142.96,upi,android,IN-MH,238,340,2,10,28.5,0.3303,1,0,0,0,0,0
TXN0010771,M0150,330.54,upi,web,IN-KA,1720,378,3,6,76.9,0.2716,1,0,0,0,0,0
TXN0010772,M0277,47.13,upi,web,IN-GJ,955,282,2,4,27.7,0.1962,0,0,0,0,0,0
TXN0010773,M0236,426.36,card,ios,IN-WB,1475,667,5,7,40.7,0.4694,1,0,0,0,1,0
TXN0010774,M0208,46.44,wallet,android,IN-DL,246,1145,0,4,7.2,0.0777,2,0,0,0,0,0
TXN0010775,M0337,45.54,card,web,IN-MH,906,72,1,3,7.3,0.1522,0,0,0,0,0,0
TXN0010776,M0161,850.86,card,android,IN-UP,670,469,1,4,56.9,0.156,2,0,0,0,0,0
TXN0010777,M0117,22.43,card,web,IN-GJ,901,321,3,12,48.4,0.2385,1,0,0,0,0,0
TXN0010778,M0372,665.27,wallet,web,IN-DL,1206,1202,2,14,135.1,0.3247,0,1,0,0,0,0
TXN0010779,M0166,856.35,upi,ios,IN-UP,913,245,1,1,33.0,0.4556,1,1,0,0,1,1
TXN0010780,M0308,252.78,upi,android,IN-TN,132,708,6,10,124.0,0.3137,2,0,0,0,0,0
TXN0010781,M0027,329.87,netbanking,android,IN-UP,1468,173,3,9,15.8,0.2833,2,0,0,0,0,1
TXN0010782,M0033,37.29,netbanking,android,IN-KA,1634,907,2,5,30.5,0.487,2,0,0,0,1,0
TXN0010783,M0037,110.01,netbanking,ios,IN-KA,984,1469,2,7,89.1,0.4467,0,1,0,0,0,0
TXN0010784,M0219,257.6,card,api,IN-WB,329,1496,1,6,130.5,0.3392,1,0,0,0,0,0
TXN0010785,M0089,250.2,card,web,IN-UP,1462,1446,1,4,7.5,0.2037,0,0,0,0,1,0
TXN0010786,M0068,280.71,upi,android,IN-DL,1079,409,2,8,281.3,0.1691,0,0,0,0,0,1
TXN0010787,M0396,250.07,card,ios,IN-GJ,1554,991,1,13,221.1,0.3362,0,0,0,0,0,0
TXN0010788,M0234,183.82,netbanking,web,IN-UP,1108,98,3,9,90.3,0.4535,1,0,0,0,0,0
TXN0010789,M0171,53.05,upi,web,IN-WB,1264,388,4,11,31.9,0.3463,5,0,0,0,0,0
TXN0010790,M0298,255.95,card,web,IN-MH,1412,362,1,11,128.1,0.4437,3,0,0,0,0,0
TXN0010791,M0169,57.75,card,api,IN-MH,85,1034,1,4,22.2,0.2339,1,1,0,0,0,0
TXN0010792,M0259,124.98,card,web,IN-TN,440,1239,3,5,65.8,0.1074,1,0,0,0,0,0
TXN0010793,M0280,724.23,netbanking,web,IN-GJ,806,629,2,5,87.7,0.2399,2,0,0,0,0,0
TXN0010794,M0198,37.66,upi,web,IN-KA,1273,1453,2,13,169.1,0.3826,1,0,0,0,0,1
TXN0010795,M0246,158.96,netbanking,android,IN-KA,460,72,1,8,91.4,0.2298,0,0,0,0,0,0
TXN0010796,M0367,428.89,netbanking,ios,IN-MH,809,400,0,4,26.6,0.2206,0,0,0,0,0,0
TXN0010797,M0091,340.93,card,android,IN-DL,79,526,2,8,85.5,0.1691,1,0,0,0,0,0
TXN0010798,M0017,244.35,card,web,IN-MH,1138,31,1,5,87.2,0.1464,1,0,0,0,0,0
TXN0010799,M0326,91.44,upi,android,IN-KA,1167,1292,4,13,36.1,0.3056,0,0,0,0,0,0
TXN0010800,M0173,667.67,card,android,IN-WB,986,26,0,9,61.9,0.2465,1,0,0,0,0,0
TXN0010801,M0225,52.93,netbanking,api,IN-MH,923,982,2,7,74.7,0.2817,3,0,0,0,0,0
TXN0010802,M0212,359.92,card,web,IN-KA,1797,917,2,4,32.2,0.4155,1,0,0,0,0,0
TXN0010803,M0257,209.77,upi,android,IN-DL,110,138,4,10,108.2,0.2152,0,0,0,0,0,0
TXN0010804,M0035,81.96,upi,ios,IN-WB,1277,298,3,6,72.8,0.6005,4,1,0,0,0,0
TXN0010805,M0384,121.98,upi,ios,IN-KA,1119,553,2,7,82.2,0.2761,3,0,0,0,0,0
TXN0010806,M0144,1101.12,card,android,IN-KA,811,606,5,12,26.3,0.5276,5,0,0,0,0,1
TXN0010807,M0201,56.31,netbanking,android,IN-TN,342,965,2,11,142.5,0.2576,0,0,0,0,0,0
TXN0010808,M0076,30.97,card,android,IN-TN,1682,1399,1,5,83.7,0.3595,0,0,0,0,0,0
TXN0010809,M0019,95.11,card,api,IN-KA,1687,1075,1,6,70.1,0.2195,0,0,0,0,1,0
TXN0010810,M0346,272.03,netbanking,web,IN-MH,612,239,3,6,187.1,0.3578,2,0,0,0,0,0
TXN0010811,M0391,747.53,netbanking,android,IN-KA,1255,407,2,9,77.1,0.3365,2,0,0,0,0,0
TXN0010812,M0365,184.61,card,android,IN-TN,195,1272,1,7,24.4,0.3568,0,0,0,0,0,0
TXN0010813,M0022,35.32,upi,ios,IN-WB,7,762,2,9,46.3,0.2212,1,0,0,1,0,0
TXN0010814,M0026,198.05,card,web,IN-DL,1739,145,2,8,146.3,0.0735,0,0,0,0,0,0
TXN0010815,M0046,423.65,card,web,IN-GJ,1568,1337,2,5,77.9,0.1886,1,0,0,0,0,0
TXN0010816,M0194,248.01,card,android,IN-TN,16,1042,0,6,25.6,0.2884,0,0,0,0,1,0
TXN0010817,M0366,294.93,card,android,IN-UP,118,1404,2,5,4.3,0.2686,0,0,0,0,1,0
TXN0010818,M0327,27.69,upi,web,IN-KA,273,1360,2,5,87.3,0.3073,1,0,0,0,0,0
TXN0010819,M0350,47.03,card,web,IN-WB,21,972,1,5,53.3,0.3453,2,0,0,0,0,0
TXN0010820,M0093,157.44,card,web,IN-KA,671,841,3,5,81.8,0.1543,3,0,0,0,0,0
TXN0010821,M0327,559.17,upi,android,IN-KA,712,1265,2,5,44.4,0.176,0,0,0,0,1,0
TXN0010822,M0197,81.74,upi,android,IN-GJ,1193,314,1,4,141.0,0.093,2,0,0,0,0,0
TXN0010823,M0029,220.89,upi,web,IN-MH,281,1372,2,6,75.9,0.1361,0,0,0,0,0,0
TXN0010824,M0005,212.55,card,web,IN-WB,1580,388,5,14,48.8,0.1897,3,0,0,0,0,0
TXN0010825,M0062,63.45,upi,web,IN-GJ,1472,439,3,14,133.4,0.3648,3,1,0,0,1,0
TXN0010826,M0173,86.2,upi,ios,IN-DL,1260,1496,1,5,14.2,0.2218,2,0,0,0,0,0
TXN0010827,M0050,175.52,card,api,IN-KA,1700,310,3,5,43.6,0.1344,0,0,0,0,0,0
TXN0010828,M0300,124.88,netbanking,ios,IN-DL,346,1293,1,4,65.5,0.1482,0,0,0,0,0,0
TXN0010829,M0380,408.93,upi,web,IN-MH,1410,224,2,12,9.3,0.3633,2,0,0,0,1,0
TXN0010830,M0133,118.18,upi,web,IN-GJ,785,1327,6,17,41.8,0.2626,2,0,0,0,0,0
TXN0010831,M0345,437.05,wallet,ios,IN-DL,663,1457,3,5,40.6,0.4666,0,0,0,0,0,0
TXN0010832,M0180,125.36,netbanking,ios,IN-MH,1224,862,1,5,65.9,0.3567,2,0,0,0,1,0
TXN0010833,M0038,184.36,upi,api,IN-WB,526,1220,3,5,82.2,0.2389,0,0,0,0,0,0
TXN0010834,M0189,400.56,card,api,IN-WB,34,1002,2,4,25.8,0.2858,0,0,0,0,0,0
TXN0010835,M0033,161.7,card,android,IN-UP,617,711,2,6,31.5,0.171,1,1,0,0,0,0
TXN0010836,M0239,117.55,card,android,IN-MH,1403,321,3,6,37.5,0.3307,3,0,0,0,0,0
TXN0010837,M0094,167.97,card,android,IN-WB,156,269,3,8,19.7,0.2616,1,0,0,0,0,0
TXN0010838,M0027,439.76,card,web,IN-UP,1537,1053,4,10,20.1,0.3463,0,0,0,0,0,0
TXN0010839,M0150,250.79,card,api,IN-GJ,1626,244,1,6,78.8,0.3006,2,0,0,0,0,0
TXN0010840,M0354,21.08,card,web,IN-MH,852,1254,2,14,94.5,0.2727,1,0,0,0,0,0
TXN0010841,M0154,87.43,card,web,IN-UP,440,1036,3,11,32.2,0.236,0,0,0,0,0,0
TXN0010842,M0154,88.19,card,web,IN-GJ,1462,1363,2,4,128.5,0.2467,0,0,0,0,0,0
TXN0010843,M0297,322.62,card,android,IN-GJ,451,1131,4,11,42.2,0.251,2,0,0,0,0,1
TXN0010844,M0123,26.49,upi,web,IN-TN,375,754,2,5,22.0,0.2534,2,0,0,0,0,0
TXN0010845,M0164,238.1,card,ios,IN-MH,1288,424,0,4,87.1,0.2347,2,0,0,0,0,0
TXN0010846,M0345,340.01,card,ios,IN-WB,573,1038,1,8,180.4,0.3247,1,0,0,0,0,0
TXN0010847,M0102,340.06,upi,android,IN-KA,1112,503,2,7,38.8,0.1703,2,0,0,0,1,0
TXN0010848,M0377,165.38,upi,web,IN-KA,412,215,6,12,22.0,0.3059,0,0,0,0,0,0
TXN0010849,M0195,35.77,card,ios,IN-DL,1725,1490,3,8,107.4,0.2988,3,0,0,0,0,0
TXN0010850,M0348,139.18,card,web,IN-MH,399,1283,0,7,62.5,0.1609,1,0,0,0,0,0
TXN0010851,M0135,785.86,upi,web,IN-GJ,1766,635,3,8,108.3,0.4019,2,1,0,0,0,1
TXN0010852,M0029,99.19,upi,android,IN-GJ,1364,205,1,8,10.0,0.3323,0,0,0,0,1,0
TXN0010853,M0294,1593.66,card,android,IN-WB,751,1163,2,7,39.3,0.2912,3,0,0,0,0,1
TXN0010854,M0176,405.09,netbanking,web,IN-MH,1232,396,3,9,59.2,0.1312,1,0,0,0,0,0
TXN0010855,M0177,156.01,card,api,IN-UP,1657,1368,3,12,71.2,0.1996,2,0,0,0,0,0
TXN0010856,M0072,225.58,card,android,IN-UP,1128,1288,2,7,151.5,0.2128,2,0,0,0,1,0
TXN0010857,M0223,261.74,netbanking,ios,IN-UP,1719,1204,4,6,16.2,0.2921,0,0,0,0,0,0
TXN0010858,M0373,101.07,card,api,IN-TN,1652,1314,4,4,66.5,0.081,0,0,0,0,1,0
TXN0010859,M0225,119.0,upi,ios,IN-WB,1541,979,5,11,84.0,0.5765,3,0,0,0,0,0
TXN0010860,M0294,1322.91,wallet,android,IN-TN,1653,1403,2,7,95.7,0.3599,4,0,0,0,0,1
TXN0010861,M0271,800.05,card,web,IN-TN,1678,688,1,5,40.2,0.4073,0,0,0,0,0,0
TXN0010862,M0382,123.37,upi,web,IN-TN,43,639,2,9,79.6,0.3607,0,0,0,0,0,0
TXN0010863,M0374,82.61,netbanking,android,IN-MH,1080,167,3,9,38.9,0.2793,2,0,0,0,1,0
TXN0010864,M0270,36.59,upi,android,IN-GJ,1201,73,1,4,26.2,0.4633,1,0,0,0,0,0
TXN0010865,M0212,1555.47,card,web,IN-WB,206,333,4,8,29.7,0.169,1,0,0,0,0,1
TXN0010866,M0266,501.32,card,api,IN-MH,1195,498,1,8,55.1,0.2679,1,0,0,0,0,0
TXN0010867,M0146,626.02,card,ios,IN-MH,1547,464,4,14,74.6,0.3715,2,0,0,0,1,0
TXN0010868,M0317,104.54,upi,web,IN-UP,1333,969,0,6,119.8,0.2663,0,1,0,0,0,0
TXN0010869,M0164,97.88,card,ios,IN-MH,554,1370,7,11,95.8,0.1826,0,0,0,0,0,0
TXN0010870,M0336,71.63,card,api,IN-WB,882,1156,3,8,69.5,0.3168,1,1,0,0,0,0
TXN0010871,M0064,7.64,netbanking,web,IN-UP,1665,232,5,11,105.7,0.4215,1,0,0,0,1,0
TXN0010872,M0059,75.07,upi,api,IN-TN,487,225,1,5,37.5,0.1764,0,1,0,0,0,0
TXN0010873,M0067,247.78,card,web,IN-MH,935,1475,2,6,48.2,0.1827,1,0,0,0,0,0
TXN0010874,M0229,230.75,card,web,IN-MH,1508,205,0,7,172.5,0.5288,2,0,0,0,0,0
TXN0010875,M0361,97.2,card,android,IN-KA,881,912,2,14,77.9,0.5239,2,0,0,0,0,0
TXN0010876,M0301,346.41,card,web,IN-DL,196,1055,1,12,22.7,0.3325,4,0,0,0,0,0
TXN0010877,M0338,91.73,upi,ios,IN-GJ,1496,979,2,8,12.9,0.0547,2,0,0,0,1,0
TXN0010878,M0127,387.87,card,android,IN-MH,614,310,1,6,78.2,0.14,2,0,0,0,1,0
TXN0010879,M0135,382.91,upi,android,IN-KA,699,403,4,9,2.8,0.1498,2,0,0,0,0,0
TXN0010880,M0376,408.35,card,web,IN-TN,1516,30,7,11,17.2,0.3738,2,0,0,0,1,1
TXN0010881,M0241,193.8,card,web,IN-UP,192,88,6,16,156.2,0.3703,2,0,0,0,0,1
TXN0010882,M0354,79.58,upi,android,IN-TN,1343,910,5,13,31.2,0.3872,1,0,0,0,1,0
TXN0010883,M0367,54.63,netbanking,web,IN-KA,1410,13,2,6,99.2,0.1768,2,0,0,0,0,0
TXN0010884,M0369,20.58,upi,api,IN-GJ,1609,169,3,8,8.3,0.2321,1,0,0,0,1,0
TXN0010885,M0239,383.8,card,web,IN-MH,523,556,3,7,50.3,0.1614,0,0,0,0,0,0
TXN0010886,M0010,33.35,card,api,IN-WB,43,1429,2,3,45.4,0.5048,2,0,0,0,0,0
TXN0010887,M0136,157.26,upi,ios,IN-DL,1522,1099,2,7,29.2,0.2265,0,0,0,0,0,0
TXN0010888,M0311,223.85,upi,android,IN-UP,279,25,2,3,7.0,0.1495,1,0,0,0,1,0
TXN0010889,M0254,61.8,card,web,IN-GJ,1648,222,3,8,61.6,0.294,3,0,0,0,0,0
TXN0010890,M0057,159.13,netbanking,web,IN-WB,1281,191,0,4,127.2,0.2378,1,1,0,0,0,0
TXN0010891,M0320,247.63,wallet,android,IN-TN,706,1443,4,8,122.7,0.3182,1,0,0,0,1,0
TXN0010892,M0189,136.95,upi,api,IN-MH,669,435,4,8,76.2,0.4513,3,0,0,0,0,0
TXN0010893,M0039,285.25,wallet,ios,IN-KA,1207,518,2,8,74.1,0.3143,1,0,0,0,0,0
TXN0010894,M0109,115.39,card,android,IN-WB,1534,6,4,8,117.0,0.236,1,0,1,0,0,0
TXN0010895,M0056,136.34,upi,android,IN-WB,32,1066,3,7,70.2,0.352,1,0,0,0,0,0
TXN0010896,M0121,74.01,upi,ios,IN-WB,38,892,1,4,86.4,0.4361,2,0,0,0,0,0
TXN0010897,M0230,157.17,netbanking,web,IN-TN,1429,1434,3,9,72.3,0.2735,1,0,0,0,1,0
TXN0010898,M0379,181.1,card,ios,IN-DL,737,828,5,9,32.9,0.4283,0,0,0,0,0,0
TXN0010899,M0252,71.46,wallet,android,IN-WB,827,1162,4,7,100.2,0.1285,0,0,0,0,0,0
TXN0010900,M0260,276.42,netbanking,api,IN-MH,18,1400,3,11,57.7,0.202,1,0,0,0,0,0
TXN0010901,M0137,15.29,upi,web,IN-DL,476,1223,4,8,59.7,0.2593,0,0,0,0,0,0
TXN0010902,M0035,531.1,card,android,IN-KA,1082,444,0,9,41.2,0.3204,0,0,0,0,0,0
TXN0010903,M0011,43.62,card,android,IN-KA,1575,158,4,6,12.6,0.2714,1,0,0,0,0,0
TXN0010904,M0053,509.48,wallet,web,IN-TN,229,1006,1,5,92.9,0.421,4,0,0,0,0,0
TXN0010905,M0101,334.77,upi,ios,IN-TN,737,655,0,7,94.4,0.3242,4,0,0,0,0,0
TXN0010906,M0109,495.49,upi,ios,IN-MH,1327,1067,2,8,65.0,0.2748,0,1,0,0,1,0
TXN0010907,M0148,58.37,card,ios,IN-GJ,1482,633,1,5,75.3,0.2999,0,0,0,0,1,0
TXN0010908,M0073,146.84,upi,api,IN-UP,881,429,2,4,58.7,0.2821,1,0,0,0,1,0
TXN0010909,M0116,241.48,netbanking,android,IN-GJ,757,238,5,12,32.4,0.3369,1,0,0,0,0,0
TXN0010910,M0127,276.14,wallet,web,IN-UP,1500,1305,3,16,57.7,0.3662,1,0,0,0,0,0
TXN0010911,M0319,417.01,card,api,IN-MH,1709,1063,1,6,38.3,0.1706,1,0,0,0,1,0
TXN0010912,M0238,345.26,wallet,ios,IN-GJ,1382,979,0,9,111.6,0.2816,1,1,0,0,1,1
TXN0010913,M0194,289.66,upi,web,IN-UP,1207,763,4,11,263.0,0.3861,1,0,0,0,0,0
TXN0010914,M0043,294.22,card,ios,IN-GJ,1245,480,4,12,138.3,0.2712,1,0,0,0,0,0
TXN0010915,M0093,356.63,card,api,IN-UP,1201,1025,3,10,140.4,0.3048,2,0,0,0,1,0
TXN0010916,M0125,183.61,wallet,android,IN-WB,930,488,1,12,135.8,0.3278,1,0,0,0,0,0
TXN0010917,M0233,566.14,card,web,IN-DL,223,296,4,15,97.6,0.291,1,0,0,0,0,1
TXN0010918,M0081,166.67,netbanking,web,IN-TN,1611,826,2,11,60.0,0.4931,1,1,0,0,0,0
TXN0010919,M0332,33.17,card,android,IN-DL,1345,1330,4,13,101.2,0.598,3,0,0,0,1,0
TXN0010920,M0055,625.37,card,android,IN-TN,622,876,5,11,62.6,0.4812,0,0,0,0,1,0
TXN0010921,M0320,287.43,card,api,IN-UP,936,91,3,9,20.2,0.216,4,0,0,0,0,0
TXN0010922,M0007,155.09,upi,web,IN-UP,135,825,7,16,6.2,0.382,4,1,0,0,0,0
TXN0010923,M0128,201.75,card,web,IN-WB,1293,279,3,10,86.2,0.0704,1,0,0,0,0,0
TXN0010924,M0104,812.4,card,android,IN-KA,740,42,1,4,54.8,0.3536,2,0,0,0,0,0
TXN0010925,M0323,198.94,card,android,IN-GJ,1561,974,2,12,183.5,0.2603,0,0,0,0,0,0
TXN0010926,M0152,822.22,card,web,IN-UP,404,1122,2,9,66.7,0.1188,3,0,0,0,1,0
TXN0010927,M0225,288.48,card,web,IN-KA,1266,542,2,4,101.9,0.2704,0,0,0,0,0,0
TXN0010928,M0393,125.23,card,android,IN-GJ,609,1056,5,7,90.8,0.2429,2,0,0,0,1,0
TXN0010929,M0086,48.58,card,android,IN-UP,898,1394,2,9,68.7,0.1977,0,0,0,0,1,0
TXN0010930,M0296,197.22,netbanking,android,IN-DL,577,1347,2,6,108.7,0.2543,2,0,0,0,1,0
TXN0010931,M0290,669.88,card,api,IN-WB,1533,687,6,20,94.0,0.4234,5,0,0,0,0,1
TXN0010932,M0346,101.95,upi,api,IN-GJ,373,942,2,4,33.0,0.1964,0,0,0,0,1,0
TXN0010933,M0214,259.7,card,api,IN-GJ,1328,1325,2,8,104.2,0.3566,1,0,0,0,1,0
TXN0010934,M0087,835.49,wallet,android,IN-UP,47,334,0,7,33.4,0.5408,1,1,0,0,1,0
TXN0010935,M0010,30.57,card,ios,IN-GJ,1376,1059,1,5,60.8,0.3238,1,0,0,0,1,0
TXN0010936,M0021,267.87,wallet,ios,IN-UP,850,768,3,13,37.2,0.182,0,0,0,0,0,0
TXN0010937,M0271,313.25,upi,web,IN-TN,1640,350,2,14,54.9,0.4198,0,0,0,0,0,0
TXN0010938,M0106,256.99,upi,web,IN-WB,737,749,0,5,39.3,0.2753,1,0,0,0,0,0
TXN0010939,M0189,32.75,card,api,IN-UP,249,170,1,6,60.3,0.385,1,0,0,0,0,0
TXN0010940,M0262,84.24,card,ios,IN-GJ,1221,1069,4,15,4.7,0.2793,3,0,0,0,0,0
TXN0010941,M0128,22.36,card,api,IN-MH,898,1417,1,3,61.7,0.0937,0,0,0,0,0,0
TXN0010942,M0069,48.2,upi,android,IN-MH,78,475,1,5,44.8,0.3034,2,0,0,0,1,0
TXN0010943,M0068,418.49,upi,api,IN-GJ,223,98,2,5,56.4,0.253,2,0,0,0,0,0
TXN0010944,M0255,129.41,card,android,IN-TN,885,45,2,5,26.4,0.1344,0,0,0,0,0,0
TXN0010945,M0177,408.38,card,web,IN-WB,1349,1011,5,12,37.8,0.6712,1,0,0,0,0,0
TXN0010946,M0222,386.64,card,web,IN-UP,1770,477,3,9,62.6,0.3611,1,0,0,0,0,1
TXN0010947,M0237,58.52,upi,ios,IN-MH,778,507,2,5,16.5,0.1012,2,0,0,0,0,0
TXN0010948,M0022,213.2,upi,android,IN-DL,1711,1182,6,13,37.2,0.3222,2,1,0,0,0,1
TXN0010949,M0327,36.84,card,ios,IN-WB,1296,810,1,4,50.6,0.072,0,0,0,0,0,0
TXN0010950,M0248,236.91,netbanking,android,IN-MH,970,135,1,3,64.1,0.438,0,0,0,0,0,0
TXN0010951,M0075,274.98,upi,api,IN-DL,220,181,4,9,69.1,0.6503,1,0,0,0,0,0
TXN0010952,M0058,143.39,upi,android,IN-WB,1518,555,1,5,31.6,0.1845,3,0,0,0,0,0
TXN0010953,M0164,33.48,card,android,IN-KA,1116,1189,7,15,175.7,0.3786,3,0,0,0,1,1
TXN0010954,M0306,40.66,upi,android,IN-MH,1418,899,2,6,137.8,0.3935,1,0,0,0,0,0
TXN0010955,M0356,2288.34,card,android,IN-MH,203,1239,0,7,63.6,0.3805,0,0,0,0,0,0
TXN0010956,M0302,335.07,wallet,android,IN-UP,1694,823,4,8,61.1,0.1618,1,0,0,0,0,0
TXN0010957,M0104,136.2,netbanking,android,IN-TN,636,186,4,7,22.8,0.4241,0,0,0,0,1,1
TXN0010958,M0107,470.06,upi,android,IN-GJ,732,669,3,14,28.4,0.5345,3,0,0,0,1,1
TXN0010959,M0220,784.15,upi,android,IN-GJ,964,308,1,4,105.6,0.1739,0,0,0,0,0,0
TXN0010960,M0149,603.95,card,web,IN-KA,58,9,1,2,58.9,0.1341,1,0,0,0,0,0
TXN0010961,M0112,148.33,netbanking,web,IN-KA,1245,209,2,10,31.8,0.4964,1,1,0,0,1,0
TXN0010962,M0176,128.91,card,web,IN-KA,474,490,3,11,15.0,0.3421,0,1,0,0,0,0
TXN0010963,M0051,398.95,upi,android,IN-KA,902,298,2,6,40.8,0.1409,0,0,0,0,0,0
TXN0010964,M0212,142.24,card,web,IN-MH,939,904,1,4,27.3,0.2268,2,0,0,0,0,0
TXN0010965,M0046,596.82,card,api,IN-GJ,1315,950,7,15,43.7,0.3189,2,0,0,0,1,1
TXN0010966,M0113,201.35,card,web,IN-WB,1442,827,1,8,52.7,0.3002,0,0,0,0,0,0
TXN0010967,M0303,398.0,card,ios,IN-TN,313,178,0,10,75.4,0.4733,3,1,0,0,1,1
TXN0010968,M0107,509.04,netbanking,api,IN-GJ,1452,422,2,9,122.2,0.2961,1,0,0,0,0,1
TXN0010969,M0018,49.11,wallet,android,IN-WB,1155,1197,2,6,45.5,0.2652,1,0,0,0,1,0
TXN0010970,M0301,208.23,upi,android,IN-GJ,1645,266,0,9,42.4,0.182,2,0,0,0,0,0
TXN0010971,M0230,567.51,card,api,IN-TN,694,1249,2,6,141.5,0.2694,1,0,0,0,0,1
TXN0010972,M0062,80.34,upi,web,IN-KA,1003,681,3,9,20.8,0.2735,2,0,0,0,1,0
TXN0010973,M0066,104.07,upi,api,IN-WB,278,436,1,6,11.8,0.3684,2,0,0,0,0,0
TXN0010974,M0286,598.47,upi,ios,IN-TN,632,770,0,8,66.9,0.221,1,0,0,0,0,1
TXN0010975,M0166,829.53,upi,android,IN-GJ,1536,1443,1,5,13.4,0.1886,1,0,0,0,0,1
TXN0010976,M0092,5.32,card,api,IN-DL,1407,123,3,6,4.3,0.3058,1,0,0,0,0,0
TXN0010977,M0192,596.83,card,web,IN-KA,1756,616,4,8,59.9,0.2544,2,0,0,0,1,0
TXN0010978,M0384,17.6,card,android,IN-GJ,1544,904,2,9,267.3,0.148,1,0,0,0,1,0
TXN0010979,M0125,168.99,netbanking,api,IN-TN,432,153,2,9,56.0,0.0578,2,0,0,0,0,0
TXN0010980,M0178,45.02,netbanking,web,IN-KA,583,759,2,10,109.5,0.2097,1,0,0,0,1,0
TXN0010981,M0255,104.11,upi,web,IN-UP,284,1048,2,10,77.7,0.2668,2,0,0,0,0,0
TXN0010982,M0237,199.92,upi,ios,IN-DL,909,1440,4,9,27.1,0.2801,0,0,0,0,0,0
TXN0010983,M0229,306.04,wallet,api,IN-UP,1376,1153,2,7,36.0,0.2539,2,0,0,0,0,0
TXN0010984,M0098,751.72,card,web,IN-GJ,1485,1124,2,5,103.3,0.117,3,0,0,0,0,0
TXN0010985,M0116,46.88,upi,web,IN-UP,1783,697,4,5,27.1,0.1995,1,0,0,0,1,0
TXN0010986,M0290,572.03,card,android,IN-GJ,618,932,2,5,30.4,0.4153,2,0,0,0,1,0
TXN0010987,M0230,136.35,wallet,android,IN-WB,754,902,3,11,23.1,0.4393,2,0,0,0,0,0
TXN0010988,M0233,139.28,upi,web,IN-MH,1036,748,6,15,54.4,0.3369,0,0,0,0,0,0
TXN0010989,M0238,985.74,upi,web,IN-KA,1423,289,6,18,74.5,0.5117,3,0,0,0,0,0
TXN0010990,M0331,417.97,card,ios,IN-GJ,1729,465,2,8,106.3,0.1904,0,0,0,0,1,0
TXN0010991,M0316,33.47,netbanking,web,IN-GJ,265,132,2,6,84.4,0.3623,1,0,0,0,0,0
TXN0010992,M0083,166.44,card,web,IN-UP,616,429,3,7,60.0,0.2364,0,0,0,0,0,0
TXN0010993,M0282,85.22,card,ios,IN-UP,411,1481,0,5,32.6,0.1012,2,0,0,0,0,0
TXN0010994,M0307,116.55,card,ios,IN-GJ,450,160,0,7,55.4,0.1943,1,0,0,0,0,0
TXN0010995,M0265,157.83,upi,web,IN-UP,254,344,3,8,18.9,0.245,2,0,0,0,0,0
TXN0010996,M0084,286.06,upi,web,IN-TN,1070,1390,3,9,46.5,0.2027,0,0,0,0,0,0
TXN0010997,M0210,51.3,card,ios,IN-GJ,1199,1251,3,7,154.8,0.2553,0,0,0,0,0,0
TXN0010998,M0094,144.2,card,android,IN-MH,784,1079,2,8,21.5,0.3123,2,0,0,0,0,0
TXN0010999,M0076,121.3,upi,android,IN-DL,1057,534,5,9,95.8,0.3097,1,0,0,0,0,0
TXN0011000,M0130,264.31,card,android,IN-DL,1247,1453,3,8,31.1,0.489,1,0,0,0,0,0
TXN0011001,M0039,170.71,upi,web,IN-MH,1191,991,2,6,76.6,0.3592,0,0,0,0,0,0
TXN0011002,M0266,459.77,upi,ios,IN-UP,1699,514,3,11,28.7,0.3508,1,1,0,0,1,1
TXN0011003,M0342,233.12,netbanking,web,IN-MH,304,1294,4,14,124.8,0.5591,2,0,0,0,0,0
TXN0011004,M0206,329.06,upi,web,IN-KA,1719,572,4,11,29.9,0.3294,2,0,0,0,0,0
TXN0011005,M0155,227.21,card,android,IN-UP,147,1303,5,13,118.9,0.3173,1,0,0,0,0,0
TXN0011006,M0026,57.02,card,api,IN-GJ,53,898,0,6,61.9,0.1975,1,0,0,0,0,0
TXN0011007,M0149,123.75,card,android,IN-TN,961,545,4,7,103.1,0.254,0,0,0,0,0,0
TXN0011008,M0099,92.22,upi,ios,IN-MH,869,176,3,7,18.7,0.3394,1,0,0,0,0,0
TXN0011009,M0172,384.46,card,ios,IN-UP,954,67,2,7,19.9,0.1714,1,1,0,0,0,0
TXN0011010,M0123,421.76,card,ios,IN-KA,1788,945,1,10,26.1,0.3328,3,0,0,0,0,0
TXN0011011,M0326,165.85,upi,api,IN-WB,759,843,4,13,55.4,0.1296,1,0,0,0,1,0
TXN0011012,M0082,208.14,netbanking,android,IN-DL,1525,216,1,3,29.7,0.4267,2,0,0,0,0,0
TXN0011013,M0195,37.09,upi,android,IN-KA,1229,582,4,10,124.5,0.5291,3,0,0,0,0,0
TXN0011014,M0035,121.9,card,ios,IN-TN,114,176,5,10,81.9,0.326,2,0,0,0,0,0
TXN0011015,M0341,14.74,wallet,android,IN-DL,754,236,1,13,17.8,0.3091,2,0,0,0,0,0
TXN0011016,M0186,404.27,upi,android,IN-UP,238,1356,2,11,22.4,0.2235,2,0,0,0,0,0
TXN0011017,M0008,1672.2,card,api,IN-WB,1541,1034,1,12,43.1,0.3257,4,0,0,0,0,0
TXN0011018,M0373,105.61,card,web,IN-WB,659,516,3,7,53.9,0.223,1,1,0,0,0,0
TXN0011019,M0168,226.28,card,web,IN-GJ,1400,469,2,13,84.0,0.3198,2,0,0,0,1,0
TXN0011020,M0258,273.2,upi,web,IN-WB,133,20,4,10,97.0,0.4727,2,0,0,0,0,1
TXN0011021,M0170,57.77,upi,web,IN-DL,605,599,2,8,33.9,0.1337,0,0,0,0,0,0
TXN0011022,M0053,157.83,upi,android,IN-TN,1442,158,2,8,62.3,0.2214,1,0,0,0,0,0
TXN0011023,M0079,287.35,upi,web,IN-UP,1609,165,4,11,111.8,0.1922,1,0,0,0,0,0
TXN0011024,M0356,213.14,upi,android,IN-DL,48,574,2,6,63.2,0.1423,2,0,0,0,0,0
TXN0011025,M0371,191.05,upi,ios,IN-TN,886,182,4,12,72.8,0.3228,0,0,0,0,1,1
TXN0011026,M0347,133.83,card,android,IN-MH,1577,733,1,6,22.0,0.1334,0,0,0,0,0,0
TXN0011027,M0140,79.59,card,web,IN-TN,836,169,4,9,68.0,0.2725,1,0,0,0,0,0
TXN0011028,M0303,353.87,card,ios,IN-KA,539,154,1,7,129.4,0.3234,1,0,0,0,0,0
TXN0011029,M0291,1046.63,upi,api,IN-WB,1298,1116,5,9,34.9,0.4994,2,0,0,0,1,1
TXN0011030,M0217,24.23,upi,ios,IN-DL,1426,483,3,11,49.1,0.198,2,0,0,0,0,0
TXN0011031,M0301,20.9,upi,ios,IN-KA,1721,1083,2,5,107.0,0.2213,0,0,0,0,0,0
TXN0011032,M0123,53.43,upi,ios,IN-DL,1641,462,2,8,264.0,0.2386,0,0,0,0,0,0
TXN0011033,M0186,115.79,card,android,IN-UP,60,508,5,13,31.6,0.5087,4,0,0,0,0,0
TXN0011034,M0366,138.47,card,web,IN-TN,1461,88,3,7,125.8,0.2555,0,0,0,0,1,0
TXN0011035,M0165,204.41,upi,ios,IN-WB,316,776,4,10,67.9,0.1723,1,0,0,0,0,0
TXN0011036,M0138,193.53,upi,web,IN-MH,1506,661,3,6,60.1,0.4257,1,0,0,0,0,0
TXN0011037,M0113,156.69,upi,api,IN-GJ,1449,358,3,6,104.5,0.2298,1,0,0,0,1,1
TXN0011038,M0050,642.34,card,ios,IN-DL,416,21,4,7,67.1,0.2404,1,0,0,0,0,0
TXN0011039,M0051,71.32,card,web,IN-TN,795,769,2,3,13.7,0.142,1,0,0,0,0,0
TXN0011040,M0308,445.96,upi,ios,IN-DL,1387,1040,1,6,129.3,0.2509,1,0,0,0,1,0
TXN0011041,M0106,1310.37,card,android,IN-WB,1545,289,1,7,38.9,0.4818,2,0,0,0,0,0
TXN0011042,M0082,41.36,card,ios,IN-TN,1568,525,2,8,33.3,0.2544,0,0,0,0,0,0
TXN0011043,M0354,25.62,card,web,IN-TN,633,122,2,7,118.3,0.2664,1,0,0,0,0,0
TXN0011044,M0219,216.71,card,android,IN-MH,143,330,2,5,54.6,0.2503,2,0,0,0,1,0
TXN0011045,M0116,343.71,upi,ios,IN-UP,1755,943,4,10,69.2,0.3875,0,0,0,0,0,0
TXN0011046,M0260,186.64,netbanking,web,IN-KA,1556,398,2,6,235.1,0.2893,1,0,0,0,0,0
TXN0011047,M0177,21.48,upi,web,IN-MH,389,463,5,9,98.0,0.3808,1,0,0,0,0,0
TXN0011048,M0014,33.32,card,android,IN-WB,1050,940,2,7,92.0,0.1954,3,0,0,0,0,0
TXN0011049,M0128,108.3,upi,android,IN-MH,1708,1040,3,10,22.4,0.1809,1,0,0,0,0,0
TXN0011050,M0213,272.79,card,android,IN-MH,585,1019,0,7,92.7,0.3553,0,0,0,0,0,0
TXN0011051,M0106,126.27,netbanking,web,IN-GJ,1421,1212,3,5,71.2,0.171,1,0,0,0,0,0
TXN0011052,M0355,222.81,upi,android,IN-GJ,876,100,1,9,35.7,0.1321,0,1,0,0,1,0
TXN0011053,M0177,216.64,card,web,IN-TN,1753,268,2,5,112.0,0.3761,1,0,0,0,0,0
TXN0011054,M0207,456.73,upi,api,IN-GJ,734,854,1,4,35.0,0.0592,1,0,0,0,0,0
TXN0011055,M0212,56.38,card,web,IN-DL,292,1124,3,11,20.5,0.2063,0,0,0,0,1,0
TXN0011056,M0319,196.59,card,android,IN-WB,1712,1239,3,12,57.2,0.2655,1,0,0,0,0,0
TXN0011057,M0216,758.75,card,ios,IN-UP,636,1335,2,6,57.4,0.3234,3,0,0,0,0,0
TXN0011058,M0204,81.69,card,api,IN-TN,497,946,3,7,38.6,0.3074,0,0,0,0,0,0
TXN0011059,M0324,96.16,upi,android,IN-DL,356,363,1,6,36.2,0.1836,1,0,0,0,0,0
TXN0011060,M0366,196.22,wallet,web,IN-DL,739,769,3,7,74.6,0.3611,1,0,0,0,0,0
TXN0011061,M0163,62.54,card,web,IN-UP,1493,671,1,2,23.2,0.1831,3,0,0,0,1,0
TXN0011062,M0220,56.19,upi,api,IN-TN,619,1093,1,15,30.0,0.2909,4,0,0,0,0,0
TXN0011063,M0183,127.21,card,web,IN-UP,483,1081,2,14,25.0,0.4908,2,1,0,0,0,1
TXN0011064,M0004,141.02,upi,web,IN-KA,796,102,1,8,176.3,0.2581,3,0,0,0,0,0
TXN0011065,M0197,381.62,upi,web,IN-TN,946,523,2,5,19.1,0.3071,1,0,0,0,1,1
TXN0011066,M0199,73.42,card,android,IN-GJ,1489,1433,1,14,111.0,0.1963,0,0,0,0,0,0
TXN0011067,M0178,185.57,upi,web,IN-MH,348,831,2,7,157.2,0.3402,1,0,0,0,1,0
TXN0011068,M0200,618.48,netbanking,web,IN-MH,582,98,2,6,85.3,0.3765,1,1,0,0,0,0
TXN0011069,M0259,582.76,netbanking,web,IN-TN,1273,1094,2,7,156.3,0.1803,2,0,0,0,1,1
TXN0011070,M0013,161.22,netbanking,api,IN-KA,772,1022,1,5,23.3,0.1085,2,1,0,0,0,0
TXN0011071,M0129,217.43,upi,web,IN-WB,1337,1410,4,9,174.6,0.1387,3,0,0,0,0,0
TXN0011072,M0283,72.8,upi,ios,IN-TN,795,642,2,4,48.3,0.0945,1,0,0,0,0,0
TXN0011073,M0063,240.28,netbanking,web,IN-TN,208,919,1,8,42.5,0.4381,1,0,0,0,1,0
TXN0011074,M0250,831.56,card,ios,IN-GJ,1550,207,0,4,127.9,0.1504,1,0,0,0,0,0
TXN0011075,M0268,660.03,upi,android,IN-GJ,1234,505,3,5,14.9,0.4928,3,0,0,0,0,0
TXN0011076,M0192,176.04,card,android,IN-UP,244,50,3,6,65.7,0.3584,0,0,0,0,0,0
TXN0011077,M0330,254.39,wallet,android,IN-MH,298,652,5,8,124.9,0.4479,1,0,0,0,0,1
TXN0011078,M0170,86.27,upi,android,IN-MH,611,1044,3,11,84.3,0.3477,3,1,0,0,0,1
TXN0011079,M0079,71.04,card,android,IN-UP,1717,1497,2,5,123.7,0.2732,1,0,0,0,0,0
TXN0011080,M0146,125.05,upi,web,IN-TN,540,266,3,11,121.5,0.4204,2,0,0,0,0,0
TXN0011081,M0216,235.97,upi,android,IN-KA,1583,649,1,7,15.4,0.3229,2,0,0,0,1,0
TXN0011082,M0323,370.51,card,android,IN-GJ,879,763,1,10,46.0,0.2698,1,0,0,0,0,0
TXN0011083,M0105,166.28,netbanking,web,IN-MH,363,840,1,7,98.4,0.1154,1,0,0,0,1,0
TXN0011084,M0347,279.53,netbanking,web,IN-MH,208,1023,1,6,35.3,0.3057,3,0,0,0,0,1
TXN0011085,M0145,14.03,upi,android,IN-MH,612,243,1,5,43.5,0.3049,2,1,0,0,1,0
TXN0011086,M0170,213.45,card,api,IN-TN,402,255,3,7,182.5,0.236,2,0,0,0,1,0
TXN0011087,M0030,96.81,card,api,IN-KA,1072,706,2,8,65.1,0.1772,1,0,0,0,1,0
TXN0011088,M0233,51.53,upi,android,IN-DL,1762,108,4,12,58.6,0.1465,0,0,0,0,1,0
TXN0011089,M0276,283.42,upi,android,IN-GJ,1452,1012,1,6,37.7,0.1345,0,0,0,0,0,0
TXN0011090,M0335,765.18,upi,web,IN-GJ,559,220,3,6,48.9,0.2658,2,0,0,0,0,0
TXN0011091,M0100,177.55,netbanking,android,IN-KA,1697,451,2,6,71.1,0.1605,0,0,0,0,0,0
TXN0011092,M0232,433.87,card,web,IN-WB,1740,1333,5,7,206.3,0.1139,4,0,0,0,0,0
TXN0011093,M0395,118.54,card,web,IN-WB,754,1455,3,6,46.8,0.1557,2,0,0,0,0,0
TXN0011094,M0069,1402.23,upi,ios,IN-WB,878,1299,2,7,77.5,0.2745,1,0,0,0,0,0
TXN0011095,M0191,37.22,card,android,IN-DL,880,1421,2,8,44.9,0.3606,1,0,0,0,0,0
TXN0011096,M0195,162.73,netbanking,web,IN-DL,740,966,4,8,22.4,0.5812,4,1,0,0,0,1
TXN0011097,M0372,381.61,upi,ios,IN-MH,282,1209,5,9,101.0,0.3187,7,0,0,0,1,0
TXN0011098,M0069,174.53,card,api,IN-WB,1611,1143,3,5,32.0,0.3988,2,0,0,0,0,0
TXN0011099,M0185,712.92,card,web,IN-MH,629,439,3,10,112.4,0.5183,6,0,0,0,0,1
TXN0011100,M0053,22.64,card,android,IN-UP,152,181,2,8,77.0,0.2073,2,0,0,0,1,0
TXN0011101,M0253,161.06,netbanking,android,IN-GJ,1785,150,4,8,58.7,0.3222,2,0,0,0,1,0
TXN0011102,M0146,140.28,upi,ios,IN-TN,225,849,2,10,117.8,0.2348,1,1,0,0,0,0
TXN0011103,M0347,161.2,card,web,IN-TN,1687,554,1,5,53.6,0.2348,1,0,0,0,0,0
TXN0011104,M0375,36.97,card,api,IN-GJ,244,1082,3,10,55.8,0.1995,2,0,0,0,0,0
TXN0011105,M0143,134.51,wallet,api,IN-DL,745,803,6,13,26.0,0.418,0,0,0,0,0,1
TXN0011106,M0178,128.44,upi,web,IN-GJ,937,812,7,13,30.8,0.4369,1,0,0,0,0,0
TXN0011107,M0388,229.55,wallet,android,IN-DL,402,488,1,6,4.7,0.2028,0,0,0,0,1,0
TXN0011108,M0122,539.81,card,web,IN-TN,1037,713,2,4,31.6,0.2597,0,0,0,0,1,0
TXN0011109,M0396,201.23,card,android,IN-DL,1031,1070,3,8,29.1,0.227,2,0,0,0,0,0
TXN0011110,M0056,273.34,netbanking,android,IN-KA,1557,421,5,13,59.5,0.5202,2,0,0,0,0,0
TXN0011111,M0381,633.0,upi,ios,IN-DL,762,660,2,7,5.5,0.1682,1,0,0,0,0,0
TXN0011112,M0069,591.2,upi,android,IN-TN,1577,1228,2,8,30.4,0.2808,3,0,0,0,0,0
TXN0011113,M0301,16.59,upi,web,IN-MH,1354,1248,3,6,139.9,0.203,2,0,0,0,1,0
TXN0011114,M0044,399.56,card,api,IN-TN,1455,1046,1,7,96.4,0.3831,1,0,0,0,0,0
TXN0011115,M0242,397.06,card,web,IN-TN,1134,1226,1,5,110.5,0.2234,1,0,0,0,0,0
TXN0011116,M0317,138.48,netbanking,ios,IN-TN,326,1264,1,10,78.1,0.2285,3,0,0,0,0,0
TXN0011117,M0354,113.8,card,web,IN-UP,1189,838,2,7,95.2,0.3146,0,1,0,0,0,0
TXN0011118,M0118,58.2,card,web,IN-GJ,1289,1033,0,6,57.7,0.4505,3,0,0,0,0,0
TXN0011119,M0189,25.84,upi,android,IN-DL,674,155,3,8,38.4,0.512,5,0,0,0,0,0
TXN0011120,M0367,421.05,upi,android,IN-TN,1148,1164,4,11,26.9,0.2621,5,0,0,0,1,0
TXN0011121,M0370,386.86,card,api,IN-GJ,1111,1359,3,12,138.0,0.5146,2,0,0,0,0,1
TXN0011122,M0002,162.88,upi,android,IN-TN,1155,363,3,7,21.6,0.4483,2,0,0,0,1,0
TXN0011123,M0259,366.07,wallet,web,IN-DL,1241,1273,2,8,8.2,0.1698,1,0,0,0,1,0
TXN0011124,M0097,500.96,card,ios,IN-WB,1209,519,0,8,21.1,0.2981,2,0,0,0,0,0
TXN0011125,M0065,29.88,card,android,IN-GJ,1166,827,2,10,57.6,0.4976,0,0,0,0,0,0
TXN0011126,M0202,230.97,upi,android,IN-KA,576,1132,3,7,41.7,0.3065,0,0,0,0,0,0
TXN0011127,M0394,141.21,card,web,IN-WB,1252,664,3,11,88.9,0.1919,0,0,0,0,1,0
TXN0011128,M0003,277.33,card,web,IN-WB,270,818,5,13,123.9,0.4494,3,0,0,0,1,1
TXN0011129,M0377,216.87,netbanking,web,IN-GJ,1602,851,4,9,68.6,0.3902,0,0,0,0,0,0
TXN0011130,M0387,388.71,wallet,api,IN-WB,1429,422,1,7,61.7,0.2424,1,0,0,0,1,0
TXN0011131,M0385,36.97,upi,android,IN-MH,483,498,2,9,32.4,0.2652,2,0,0,0,0,0
TXN0011132,M0220,669.76,card,ios,IN-GJ,132,643,0,5,21.8,0.386,2,0,0,0,1,0
TXN0011133,M0396,106.62,upi,android,IN-UP,282,195,2,11,120.7,0.3522,4,0,0,0,0,0
TXN0011134,M0370,157.39,card,android,IN-WB,1231,104,4,8,158.2,0.3056,2,0,0,0,0,0
TXN0011135,M0347,30.98,upi,android,IN-TN,63,465,5,9,25.0,0.1333,1,0,0,0,0,0
TXN0011136,M0226,162.29,netbanking,web,IN-WB,179,573,3,12,32.7,0.4819,2,0,0,0,1,0
TXN0011137,M0286,176.76,upi,web,IN-WB,1260,1459,2,9,141.1,0.0951,0,0,0,0,0,0
TXN0011138,M0230,166.2,card,android,IN-UP,883,335,1,11,39.7,0.1996,1,0,0,0,0,0
TXN0011139,M0221,86.23,upi,web,IN-UP,604,1054,1,9,53.8,0.3276,2,0,0,0,0,0
TXN0011140,M0216,53.16,card,android,IN-TN,498,1183,3,13,69.6,0.5672,3,0,0,0,0,0
TXN0011141,M0157,341.81,card,web,IN-WB,911,436,1,8,93.1,0.2699,1,0,0,0,1,0
TXN0011142,M0361,31.68,upi,api,IN-UP,539,730,4,13,46.8,0.1621,2,0,0,0,0,0
TXN0011143,M0121,402.44,card,api,IN-DL,132,521,4,12,47.1,0.4922,2,0,0,0,0,0
TXN0011144,M0209,979.93,card,android,IN-TN,818,223,1,8,87.1,0.3463,2,0,0,0,0,0
TXN0011145,M0155,1651.99,card,android,IN-TN,1668,1076,6,10,21.0,0.2755,3,0,0,0,0,0
TXN0011146,M0391,60.91,upi,web,IN-TN,923,861,1,9,25.7,0.2973,1,0,0,0,0,0
TXN0011147,M0058,324.99,card,api,IN-DL,1059,1494,1,5,31.2,0.3309,0,0,0,0,0,0
TXN0011148,M0087,102.56,upi,ios,IN-WB,598,182,2,7,187.4,0.487,0,0,0,0,0,0
TXN0011149,M0234,612.46,wallet,web,IN-MH,225,1008,3,7,52.5,0.4005,0,0,0,0,0,0
TXN0011150,M0049,266.67,card,android,IN-UP,1341,85,0,3,126.0,0.4226,0,0,0,0,0,0
TXN0011151,M0199,134.38,netbanking,ios,IN-MH,731,210,3,7,45.8,0.2729,1,0,0,0,0,0
TXN0011152,M0312,72.43,card,android,IN-DL,141,626,1,8,13.4,0.1151,1,0,0,0,0,0
TXN0011153,M0224,124.39,card,ios,IN-UP,563,794,3,6,49.2,0.1013,2,0,0,0,0,0
TXN0011154,M0391,91.71,card,web,IN-WB,63,319,0,6,23.1,0.3527,2,0,0,0,0,0
TXN0011155,M0094,175.67,upi,web,IN-GJ,1560,300,4,10,33.2,0.2257,1,0,0,0,0,0
TXN0011156,M0054,184.96,upi,android,IN-KA,1781,853,2,4,99.0,0.1605,0,0,0,0,1,0
TXN0011157,M0011,103.38,card,android,IN-KA,1577,499,5,17,16.9,0.5925,3,0,0,0,1,1
TXN0011158,M0062,94.52,upi,web,IN-TN,1464,1247,0,2,60.8,0.3975,0,0,0,0,0,0
TXN0011159,M0286,337.1,upi,android,IN-GJ,1423,1134,2,8,71.3,0.1704,0,0,0,0,1,0
TXN0011160,M0365,362.66,upi,android,IN-DL,849,634,2,5,120.0,0.2384,4,0,0,0,0,0
TXN0011161,M0258,79.85,card,web,IN-TN,699,988,1,7,142.8,0.276,0,0,0,0,0,0
TXN0011162,M0030,170.45,card,android,IN-TN,143,374,5,13,34.5,0.4749,4,0,0,0,0,0
TXN0011163,M0346,75.85,wallet,web,IN-TN,1697,1425,3,13,103.7,0.3079,4,0,0,0,1,1
TXN0011164,M0360,2442.67,card,web,IN-MH,29,1380,3,9,108.3,0.3828,1,0,0,0,0,0
TXN0011165,M0113,70.27,card,api,IN-MH,496,57,2,3,206.8,0.111,1,0,0,0,0,0
TXN0011166,M0229,231.89,card,ios,IN-WB,774,972,4,10,82.3,0.3527,3,0,0,0,0,0
TXN0011167,M0391,280.91,card,android,IN-WB,1191,930,2,2,71.5,0.1957,1,0,0,0,1,0
TXN0011168,M0358,92.54,upi,android,IN-MH,1797,200,0,3,75.9,0.0772,0,0,0,0,0,0
TXN0011169,M0282,76.14,card,web,IN-TN,942,1196,1,10,10.0,0.5396,2,0,0,0,0,0
TXN0011170,M0057,136.11,upi,api,IN-KA,1469,1069,1,8,54.8,0.1564,1,0,0,0,0,0
TXN0011171,M0163,75.79,card,web,IN-UP,788,322,2,5,163.6,0.2629,0,0,0,0,1,0
TXN0011172,M0339,217.32,upi,ios,IN-DL,1780,891,1,6,61.1,0.4286,3,0,0,0,1,0
TXN0011173,M0269,76.96,netbanking,ios,IN-KA,340,853,2,10,196.5,0.0932,0,0,0,0,0,0
TXN0011174,M0266,208.43,wallet,ios,IN-MH,734,768,6,10,35.4,0.5019,0,0,0,0,0,0
TXN0011175,M0350,22.84,card,android,IN-UP,432,528,2,4,127.6,0.3107,2,0,0,0,1,0
TXN0011176,M0017,80.32,card,ios,IN-TN,481,1292,4,10,65.4,0.4497,0,1,0,0,0,0
TXN0011177,M0343,118.26,netbanking,ios,IN-UP,1479,1382,0,3,22.8,0.2077,2,0,0,0,0,0
TXN0011178,M0123,489.62,card,android,IN-TN,1280,382,3,8,45.7,0.2284,1,0,0,0,1,0
TXN0011179,M0110,28.37,upi,android,IN-DL,1204,1209,0,3,127.1,0.39,0,0,0,0,0,0
TXN0011180,M0333,496.86,card,web,IN-TN,157,676,3,9,20.0,0.3558,0,0,0,0,0,0
TXN0011181,M0330,348.16,card,android,IN-UP,1676,877,4,6,76.1,0.1529,2,0,0,0,0,0
TXN0011182,M0106,30.19,card,web,IN-UP,1700,8,2,5,22.6,0.3548,1,0,0,0,0,1
TXN0011183,M0136,308.28,card,android,IN-GJ,1226,269,3,6,36.3,0.2404,3,1,0,0,0,0
TXN0011184,M0383,71.02,card,ios,IN-UP,733,410,2,7,122.8,0.125,1,0,0,0,0,0
TXN0011185,M0338,318.67,wallet,android,IN-MH,110,429,4,11,118.3,0.3105,2,0,0,0,0,0
TXN0011186,M0312,338.16,card,android,IN-TN,806,1067,3,8,30.8,0.4396,1,0,0,0,0,0
TXN0011187,M0147,397.87,upi,ios,IN-UP,210,104,3,15,149.5,0.3926,4,0,0,0,1,1
TXN0011188,M0248,101.65,card,web,IN-WB,1174,351,3,7,66.1,0.1621,1,0,0,0,0,0
TXN0011189,M0399,356.05,card,web,IN-UP,1302,993,2,4,89.0,0.4129,1,0,0,0,0,0
TXN0011190,M0340,839.59,netbanking,web,IN-KA,131,1163,2,7,44.0,0.2923,2,0,0,0,1,0
TXN0011191,M0298,134.52,upi,android,IN-DL,452,1457,5,12,53.5,0.2671,3,0,0,0,0,0
TXN0011192,M0164,152.73,card,android,IN-UP,1167,73,1,4,116.1,0.3064,1,0,0,0,0,0
TXN0011193,M0203,366.27,upi,android,IN-UP,448,463,1,6,102.0,0.3704,2,0,0,0,0,0
TXN0011194,M0396,10.45,upi,api,IN-KA,1537,431,3,7,93.4,0.1912,2,0,0,0,0,0
TXN0011195,M0197,67.45,wallet,ios,IN-MH,731,569,2,5,64.3,0.3528,1,1,0,0,0,0
TXN0011196,M0026,492.81,card,ios,IN-UP,1212,359,1,4,75.4,0.3559,1,0,0,0,1,0
TXN0011197,M0186,209.92,wallet,api,IN-MH,1341,485,2,8,68.0,0.2253,1,0,0,0,0,0
TXN0011198,M0306,145.11,upi,ios,IN-DL,1087,472,2,6,18.6,0.1096,1,0,0,0,0,0
TXN0011199,M0280,70.2,upi,ios,IN-GJ,1150,339,4,11,12.9,0.404,1,0,0,0,0,0
TXN0011200,M0203,184.85,netbanking,android,IN-GJ,1034,119,3,8,61.7,0.2883,5,0,0,0,1,0
TXN0011201,M0343,105.85,card,web,IN-WB,350,539,1,7,59.1,0.2011,3,0,0,0,0,0
TXN0011202,M0287,31.38,netbanking,web,IN-DL,530,1299,3,8,22.3,0.305,1,0,0,0,0,0
TXN0011203,M0102,662.21,card,web,IN-MH,1613,508,2,8,47.0,0.137,1,0,0,0,0,0
TXN0011204,M0004,89.84,wallet,ios,IN-KA,634,451,1,6,141.4,0.3031,1,0,0,0,1,0
TXN0011205,M0218,137.16,card,ios,IN-DL,1750,1087,2,6,103.8,0.2889,1,0,0,0,0,0
TXN0011206,M0298,30.26,wallet,web,IN-UP,1036,446,2,10,36.6,0.177,0,0,0,0,0,0
TXN0011207,M0207,105.41,upi,android,IN-MH,1425,44,4,10,14.3,0.3278,2,0,0,0,0,1
TXN0011208,M0267,492.21,card,web,IN-GJ,415,1370,3,4,85.4,0.3068,2,0,0,0,0,0
TXN0011209,M0390,456.64,upi,android,IN-KA,348,734,0,10,72.8,0.3072,1,0,0,0,1,0
TXN0011210,M0260,184.61,card,android,IN-MH,687,526,3,9,87.7,0.2,1,0,0,0,0,0
TXN0011211,M0058,96.36,upi,ios,IN-WB,1428,190,2,8,46.0,0.2869,0,0,0,0,0,0
TXN0011212,M0274,184.71,upi,android,IN-KA,1235,843,3,12,4.3,0.224,0,0,0,0,1,0
TXN0011213,M0333,298.46,card,android,IN-KA,939,762,4,8,41.8,0.3756,2,0,0,0,0,0
TXN0011214,M0053,40.29,card,ios,IN-TN,326,506,0,4,54.9,0.212,3,0,0,0,0,0
TXN0011215,M0194,231.26,card,ios,IN-TN,52,790,3,9,24.4,0.377,2,0,0,0,0,0
TXN0011216,M0345,387.4,card,web,IN-TN,231,401,1,5,11.7,0.123,0,0,0,0,0,0
TXN0011217,M0178,169.47,upi,android,IN-WB,1201,1209,1,11,66.4,0.1588,1,0,0,0,0,0
TXN0011218,M0199,176.53,upi,api,IN-WB,1721,1443,5,14,18.9,0.3763,1,0,0,0,0,0
TXN0011219,M0209,87.06,netbanking,web,IN-UP,1758,1370,2,10,25.3,0.2278,0,0,0,0,0,0
TXN0011220,M0003,242.29,card,web,IN-KA,1378,537,2,5,52.2,0.4816,2,0,0,0,1,0
TXN0011221,M0129,898.93,card,web,IN-MH,777,1031,3,7,54.2,0.2456,1,0,0,0,0,0
TXN0011222,M0121,734.56,card,android,IN-TN,1293,840,3,8,94.5,0.1621,1,0,0,0,1,0
TXN0011223,M0059,101.23,upi,android,IN-UP,114,736,3,9,28.7,0.2812,1,0,0,0,1,0
TXN0011224,M0195,123.77,card,android,IN-KA,634,1262,6,11,84.1,0.3684,3,0,0,0,0,0
TXN0011225,M0017,705.21,upi,web,IN-UP,415,1427,2,4,77.8,0.1675,0,0,0,0,0,0
TXN0011226,M0360,326.34,card,web,IN-TN,1753,1382,2,11,77.0,0.23,1,0,0,0,0,1
TXN0011227,M0160,319.84,upi,web,IN-MH,1005,932,2,7,179.5,0.3644,0,1,0,0,0,0
TXN0011228,M0047,29.51,upi,android,IN-TN,1690,1251,2,5,28.5,0.2071,0,0,0,0,0,0
TXN0011229,M0014,449.34,card,web,IN-MH,1424,925,3,13,47.1,0.1008,1,0,0,0,0,0
TXN0011230,M0053,135.98,card,android,IN-DL,1320,64,3,9,89.7,0.2737,1,0,0,0,1,0
TXN0011231,M0172,227.34,wallet,web,IN-UP,334,925,7,10,106.8,0.1333,1,0,0,0,0,0
TXN0011232,M0259,88.9,upi,ios,IN-MH,140,1433,2,10,24.7,0.1489,1,0,0,0,0,0
TXN0011233,M0227,936.88,card,api,IN-MH,395,781,3,6,138.7,0.1585,0,0,0,0,0,0
TXN0011234,M0052,67.9,upi,web,IN-DL,1485,27,4,13,126.0,0.3136,0,0,0,0,0,0
TXN0011235,M0054,1268.36,upi,web,IN-DL,1660,1464,2,12,119.2,0.2352,2,0,0,0,1,1
TXN0011236,M0356,185.23,wallet,android,IN-WB,1258,1462,4,10,42.3,0.2022,1,0,0,0,0,0
TXN0011237,M0224,152.26,netbanking,android,IN-KA,1587,1,3,7,24.4,0.538,1,0,1,0,0,1
TXN0011238,M0108,74.43,upi,api,IN-UP,134,807,4,12,46.7,0.3092,3,0,0,0,0,1
TXN0011239,M0058,106.72,card,web,IN-GJ,1648,1121,2,11,7.5,0.1938,2,0,0,0,1,0
TXN0011240,M0312,146.88,card,web,IN-TN,194,740,0,3,32.2,0.2697,1,0,0,0,0,0
TXN0011241,M0212,205.97,netbanking,web,IN-MH,317,151,6,11,21.0,0.1421,1,0,0,0,0,0
TXN0011242,M0018,308.72,card,ios,IN-KA,1493,174,1,11,4.5,0.42,3,0,0,0,0,0
TXN0011243,M0152,146.11,card,android,IN-WB,1678,1193,2,8,6.2,0.2176,1,0,0,0,0,0
TXN0011244,M0379,308.47,wallet,api,IN-GJ,285,461,6,10,46.1,0.2158,0,0,0,0,0,0
TXN0011245,M0295,587.41,upi,android,IN-KA,612,13,3,6,33.8,0.2733,2,0,0,0,1,1
TXN0011246,M0265,518.88,upi,android,IN-UP,1487,1394,6,15,9.7,0.3313,2,0,0,0,0,0
TXN0011247,M0200,336.86,card,ios,IN-DL,930,199,2,5,55.0,0.2505,2,0,0,0,0,0
TXN0011248,M0093,296.86,card,api,IN-WB,728,940,3,7,25.0,0.3568,1,0,0,0,1,0
TXN0011249,M0100,62.35,card,web,IN-GJ,822,207,2,7,108.3,0.177,1,0,0,0,1,0
TXN0011250,M0014,221.83,netbanking,web,IN-KA,529,1182,3,11,15.0,0.1968,0,0,0,0,1,0
TXN0011251,M0043,60.84,upi,web,IN-DL,1760,1045,3,10,51.1,0.2127,2,0,0,0,0,0
TXN0011252,M0306,497.67,upi,android,IN-MH,947,876,5,14,23.4,0.2385,0,0,0,0,0,0
TXN0011253,M0068,240.22,card,ios,IN-WB,473,471,2,8,61.2,0.5029,3,0,0,0,0,0
TXN0011254,M0394,557.05,card,api,IN-KA,1611,798,5,10,68.8,0.3417,1,1,0,0,0,0
TXN0011255,M0310,583.04,card,android,IN-MH,1724,349,3,12,71.6,0.4038,1,0,0,0,0,0
TXN0011256,M0002,279.81,upi,web,IN-DL,116,578,5,11,83.1,0.2325,3,0,0,0,1,0
TXN0011257,M0179,91.53,upi,ios,IN-GJ,1726,868,2,8,61.9,0.1993,0,0,0,0,0,0
TXN0011258,M0124,19.11,card,web,IN-UP,1742,1,2,7,6.8,0.2624,6,0,1,0,0,1
TXN0011259,M0103,309.76,wallet,android,IN-KA,1651,32,4,13,73.7,0.6122,1,0,0,0,0,0
TXN0011260,M0391,152.15,upi,api,IN-DL,257,257,2,12,86.0,0.4438,2,0,0,0,0,0
TXN0011261,M0059,400.74,upi,web,IN-WB,643,1298,1,5,81.5,0.2722,1,0,0,0,0,0
TXN0011262,M0224,361.85,netbanking,api,IN-UP,1560,677,1,3,28.6,0.3404,2,0,0,0,1,0
TXN0011263,M0351,327.46,card,ios,IN-DL,675,608,2,5,139.7,0.225,0,0,0,0,0,0
TXN0011264,M0266,230.46,upi,android,IN-DL,786,791,1,9,117.3,0.5469,3,1,0,0,0,0
TXN0011265,M0154,34.27,upi,android,IN-UP,368,1447,1,2,146.1,0.3671,2,0,0,0,0,0
TXN0011266,M0393,636.99,netbanking,ios,IN-WB,755,541,1,8,31.8,0.2562,1,0,0,0,0,0
TXN0011267,M0289,51.21,upi,web,IN-WB,856,1015,4,12,6.0,0.2686,0,0,0,0,0,0
TXN0011268,M0309,94.23,card,web,IN-UP,734,861,2,8,26.8,0.1503,1,0,0,0,0,0
TXN0011269,M0068,129.34,card,android,IN-TN,448,1096,3,7,133.3,0.1577,0,0,0,0,0,0
TXN0011270,M0077,183.33,card,android,IN-WB,160,1402,2,6,33.1,0.1412,3,1,0,0,0,0
TXN0011271,M0182,130.82,wallet,ios,IN-GJ,1129,1083,2,12,86.4,0.8185,2,0,0,0,0,0
TXN0011272,M0347,103.25,upi,web,IN-WB,113,367,1,6,137.3,0.3955,2,0,0,0,1,0
TXN0011273,M0091,401.63,upi,android,IN-TN,1561,587,3,10,89.6,0.4587,5,0,0,0,1,0
TXN0011274,M0267,47.53,card,android,IN-MH,131,1043,4,8,39.1,0.1616,0,0,0,0,0,0
TXN0011275,M0197,118.93,upi,web,IN-MH,1709,1060,2,11,61.4,0.2382,1,0,0,0,0,0
TXN0011276,M0349,22.12,card,ios,IN-TN,998,1157,4,11,9.4,0.492,2,0,0,0,0,0
TXN0011277,M0252,64.2,card,ios,IN-MH,788,518,1,8,53.4,0.2484,1,0,0,0,1,0
TXN0011278,M0033,37.71,card,api,IN-UP,1524,860,3,6,99.1,0.1153,0,0,0,0,0,0
TXN0011279,M0025,375.02,card,ios,IN-GJ,777,646,6,17,97.8,0.4574,1,0,0,0,0,1
TXN0011280,M0306,216.97,upi,web,IN-GJ,249,478,8,13,48.8,0.2569,4,0,0,0,1,0
TXN0011281,M0223,80.17,card,ios,IN-WB,926,826,3,12,117.3,0.4431,2,0,0,0,1,0
TXN0011282,M0198,7.35,upi,web,IN-TN,879,937,1,3,64.7,0.1225,3,0,0,0,0,0
TXN0011283,M0009,39.14,netbanking,api,IN-UP,1641,20,1,8,74.1,0.5629,1,0,0,0,0,0
TXN0011284,M0267,59.98,upi,api,IN-GJ,930,119,1,9,15.7,0.1579,1,0,0,0,0,0
TXN0011285,M0056,125.51,card,web,IN-MH,142,1320,5,13,32.3,0.366,1,0,0,0,1,1
TXN0011286,M0070,384.06,card,ios,IN-MH,610,1096,2,6,25.8,0.4242,3,0,0,0,0,0
TXN0011287,M0310,42.7,card,ios,IN-MH,551,135,1,5,7.2,0.1618,3,0,0,0,0,0
TXN0011288,M0271,46.63,upi,android,IN-UP,403,417,4,7,81.8,0.1912,0,0,0,0,1,0
TXN0011289,M0314,33.68,upi,ios,IN-DL,355,1047,2,7,112.4,0.0936,2,0,0,0,0,0
TXN0011290,M0035,180.5,card,ios,IN-KA,142,1054,2,9,43.8,0.3913,1,0,0,0,0,0
TXN0011291,M0315,20.57,upi,android,IN-UP,1395,356,2,5,98.6,0.2847,0,0,0,0,0,0
TXN0011292,M0354,30.81,upi,ios,IN-DL,713,1456,3,11,55.7,0.3372,0,0,0,0,0,0
TXN0011293,M0333,288.4,upi,ios,IN-DL,681,683,1,6,5.3,0.3966,1,0,0,0,0,0
TXN0011294,M0096,826.31,upi,ios,IN-TN,780,670,1,5,91.4,0.2285,0,0,0,0,0,0
TXN0011295,M0167,191.84,card,android,IN-WB,1735,1007,0,4,115.3,0.1837,2,0,0,0,0,0
TXN0011296,M0342,131.49,card,ios,IN-TN,1260,979,1,5,32.2,0.3885,2,0,0,0,0,0
TXN0011297,M0380,1589.2,netbanking,android,IN-TN,1762,1479,2,9,44.7,0.207,2,0,0,0,0,0
TXN0011298,M0051,106.84,card,web,IN-WB,1080,870,0,3,249.4,0.1851,0,0,0,0,0,0
TXN0011299,M0286,107.2,card,api,IN-KA,1585,1460,2,5,22.8,0.4836,3,0,0,0,0,0
TXN0011300,M0239,105.27,upi,android,IN-TN,1666,622,2,17,131.2,0.3143,1,0,0,0,0,0
TXN0011301,M0137,807.23,netbanking,android,IN-MH,916,595,2,6,4.8,0.3222,1,0,0,0,1,1
TXN0011302,M0193,308.56,upi,ios,IN-GJ,886,1054,2,12,18.0,0.1945,1,1,0,0,0,0
TXN0011303,M0158,305.31,card,web,IN-KA,1675,9,2,11,59.5,0.2835,3,0,0,0,0,1
TXN0011304,M0384,249.51,card,android,IN-MH,1299,1351,6,14,73.7,0.35,2,0,0,0,0,0
TXN0011305,M0177,114.01,wallet,web,IN-TN,679,761,1,9,26.7,0.2756,4,0,0,0,0,0
TXN0011306,M0338,130.29,upi,ios,IN-MH,576,507,2,6,40.5,0.2092,0,0,0,0,0,0
TXN0011307,M0389,68.61,upi,android,IN-DL,707,1071,1,6,54.2,0.1743,1,0,0,0,0,0
TXN0011308,M0370,121.13,upi,web,IN-DL,461,1453,2,11,82.5,0.4083,3,0,0,0,0,0
TXN0011309,M0052,238.78,card,web,IN-MH,851,1491,0,4,56.5,0.1199,1,0,0,0,0,0
TXN0011310,M0234,148.04,upi,android,IN-MH,1213,846,1,6,16.7,0.3018,2,0,0,0,0,0
TXN0011311,M0091,404.32,netbanking,web,IN-GJ,1255,144,3,6,16.9,0.4057,3,0,0,0,0,0
TXN0011312,M0219,234.04,card,android,IN-UP,76,1007,2,3,73.6,0.1557,3,0,0,0,0,0
TXN0011313,M0253,217.63,card,web,IN-MH,115,883,1,5,46.3,0.2091,1,0,0,0,1,0
TXN0011314,M0374,75.57,netbanking,web,IN-UP,1132,1352,3,9,74.5,0.5447,0,0,0,0,1,0
TXN0011315,M0382,52.8,card,ios,IN-DL,965,1061,4,6,35.8,0.2369,2,0,0,0,0,0
TXN0011316,M0089,58.36,card,api,IN-DL,103,540,2,8,99.3,0.5095,2,0,0,0,0,0
TXN0011317,M0334,534.22,wallet,ios,IN-UP,1738,771,0,8,158.8,0.1314,0,0,0,0,0,0
TXN0011318,M0167,32.0,card,web,IN-KA,1760,702,4,7,167.0,0.2497,1,0,0,0,0,0
TXN0011319,M0055,217.64,card,ios,IN-KA,122,824,3,9,54.1,0.1846,0,0,0,0,0,0
TXN0011320,M0298,217.76,card,android,IN-KA,11,275,2,9,42.3,0.4383,1,0,0,1,1,1
TXN0011321,M0148,90.8,card,api,IN-TN,156,730,1,4,40.3,0.2697,0,0,0,0,0,0
TXN0011322,M0354,173.65,netbanking,api,IN-GJ,1172,1496,2,9,32.4,0.268,1,0,0,0,0,1
TXN0011323,M0214,213.62,wallet,ios,IN-UP,1698,1469,2,11,167.7,0.1979,0,0,0,0,0,0
TXN0011324,M0073,56.7,card,android,IN-WB,730,754,4,8,55.6,0.1954,0,0,0,0,1,0
TXN0011325,M0020,81.74,card,android,IN-KA,1496,508,4,6,18.2,0.3309,5,0,0,0,0,0
TXN0011326,M0045,157.41,card,api,IN-DL,379,291,2,11,53.4,0.3696,0,0,0,0,0,0
TXN0011327,M0225,162.34,card,android,IN-GJ,2,274,0,10,10.3,0.5897,3,0,0,1,0,0
TXN0011328,M0034,43.43,card,ios,IN-KA,868,1149,1,8,16.0,0.2911,0,0,0,0,0,0
TXN0011329,M0400,180.59,netbanking,api,IN-GJ,812,869,6,14,87.1,0.3626,1,0,0,0,0,0
TXN0011330,M0294,187.56,upi,android,IN-GJ,1793,537,2,7,51.7,0.2433,1,0,0,0,0,0
TXN0011331,M0278,449.78,upi,web,IN-MH,557,514,4,9,70.5,0.1685,2,0,0,0,0,0
TXN0011332,M0117,162.02,upi,ios,IN-KA,778,183,1,9,21.2,0.6698,1,0,0,0,0,0
TXN0011333,M0144,110.61,upi,api,IN-TN,302,874,4,9,55.3,0.2872,4,0,0,0,0,1
TXN0011334,M0376,356.62,wallet,api,IN-UP,721,1060,5,10,145.0,0.176,1,0,0,0,1,0
TXN0011335,M0365,504.22,upi,ios,IN-WB,95,1217,4,11,190.9,0.4216,1,0,0,0,0,0
TXN0011336,M0400,41.44,upi,api,IN-MH,618,1317,2,9,172.5,0.1907,0,0,0,0,0,0
TXN0011337,M0171,97.89,card,api,IN-DL,450,20,4,11,58.0,0.3243,1,0,0,0,1,0
TXN0011338,M0354,19.94,card,android,IN-WB,681,498,3,8,69.9,0.2735,2,0,0,0,0,0
TXN0011339,M0070,63.08,wallet,web,IN-WB,1175,7,1,6,135.7,0.2252,0,0,0,0,1,0
TXN0011340,M0082,727.68,card,web,IN-WB,1412,946,5,10,97.4,0.4285,3,0,0,0,1,0
TXN0011341,M0052,56.27,upi,android,IN-KA,547,499,2,8,149.1,0.2523,2,0,0,0,0,0
TXN0011342,M0162,262.11,card,web,IN-MH,1573,368,1,7,70.7,0.2539,2,0,0,0,0,0
TXN0011343,M0343,247.82,upi,web,IN-KA,554,586,2,9,209.6,0.1994,5,0,0,0,0,1
TXN0011344,M0307,91.69,wallet,android,IN-MH,142,1098,2,8,112.1,0.2586,0,0,0,0,0,0
TXN0011345,M0218,104.35,upi,web,IN-KA,473,681,2,5,180.6,0.2994,1,0,0,0,1,0
TXN0011346,M0126,661.36,upi,api,IN-DL,432,1490,2,8,22.9,0.1677,1,0,0,0,0,0
TXN0011347,M0238,422.14,netbanking,web,IN-GJ,175,269,0,5,23.0,0.3748,1,0,0,0,1,0
TXN0011348,M0346,1539.34,upi,android,IN-DL,1186,565,1,5,58.9,0.4233,1,0,0,0,0,1
TXN0011349,M0043,12.77,upi,web,IN-WB,1067,1065,1,7,57.1,0.2102,1,0,0,0,0,0
TXN0011350,M0274,280.29,wallet,ios,IN-TN,549,1489,5,12,74.0,0.4434,1,0,0,0,0,0
TXN0011351,M0098,15.14,upi,android,IN-UP,1316,249,0,8,9.7,0.3682,0,0,0,0,0,0
TXN0011352,M0339,157.59,card,web,IN-GJ,398,427,2,6,68.7,0.336,2,0,0,0,0,0
TXN0011353,M0018,131.13,card,android,IN-GJ,1764,1091,4,12,43.1,0.4102,0,0,0,0,0,0
TXN0011354,M0083,51.97,card,android,IN-MH,630,1017,4,6,26.5,0.2777,2,0,0,0,0,0
TXN0011355,M0227,89.24,upi,api,IN-MH,408,270,7,15,70.6,0.3993,2,0,0,0,0,0
TXN0011356,M0273,121.07,upi,web,IN-DL,1345,1083,2,6,47.3,0.2652,2,0,0,0,0,0
TXN0011357,M0029,252.84,card,api,IN-DL,294,1233,3,7,43.5,0.4025,2,0,0,0,1,0
TXN0011358,M0391,51.88,netbanking,api,IN-GJ,1726,1023,1,7,131.4,0.338,1,0,0,0,0,1
TXN0011359,M0328,78.07,upi,web,IN-TN,1273,850,3,10,39.6,0.2243,3,0,0,0,0,0
TXN0011360,M0156,274.41,card,ios,IN-DL,370,1086,4,10,12.7,0.2638,1,0,0,0,0,1
TXN0011361,M0154,334.98,upi,android,IN-KA,582,783,2,8,87.4,0.275,0,0,0,0,0,0
TXN0011362,M0355,2263.28,upi,android,IN-UP,1740,913,2,8,159.8,0.0962,3,0,0,0,0,0
TXN0011363,M0328,192.9,card,web,IN-DL,915,355,1,3,65.2,0.0986,0,0,0,0,0,0
TXN0011364,M0289,307.12,card,web,IN-DL,988,860,1,3,41.5,0.2449,0,0,0,0,0,0
TXN0011365,M0087,130.26,upi,api,IN-WB,1275,537,2,8,17.0,0.5553,1,0,0,0,0,0
TXN0011366,M0242,662.68,card,web,IN-GJ,462,1241,2,17,31.6,0.3707,0,0,0,0,0,0
TXN0011367,M0135,64.14,card,ios,IN-MH,755,1286,0,5,29.9,0.1951,1,0,0,0,1,0
TXN0011368,M0209,152.42,netbanking,api,IN-KA,756,832,7,9,15.6,0.2869,1,0,0,0,0,0
TXN0011369,M0357,209.49,card,ios,IN-KA,669,1096,2,9,24.5,0.3628,3,0,0,0,0,0
TXN0011370,M0345,265.61,wallet,web,IN-WB,566,577,2,5,24.9,0.5945,0,0,0,0,0,0
TXN0011371,M0321,415.57,card,android,IN-UP,791,372,4,8,25.0,0.2085,1,0,0,0,1,1
TXN0011372,M0009,132.95,upi,ios,IN-MH,1417,817,2,3,67.3,0.2116,3,0,0,0,0,0
TXN0011373,M0083,397.85,card,web,IN-TN,823,926,0,2,180.0,0.1511,2,0,0,0,1,0
TXN0011374,M0187,39.6,card,web,IN-TN,159,264,2,9,127.3,0.3121,2,0,0,0,0,0
TXN0011375,M0083,209.62,upi,web,IN-KA,2,757,1,4,17.7,0.4833,2,0,0,1,1,1
TXN0011376,M0119,24.67,card,api,IN-GJ,38,1001,1,10,30.9,0.2599,0,0,0,0,0,0
TXN0011377,M0175,129.95,card,ios,IN-TN,340,583,2,6,35.1,0.3412,2,0,0,0,0,0
TXN0011378,M0018,1985.79,netbanking,api,IN-WB,1370,1497,2,4,173.6,0.2302,3,0,0,0,1,1
TXN0011379,M0239,212.58,upi,web,IN-GJ,1097,728,4,8,97.6,0.1836,2,0,0,0,0,0
TXN0011380,M0265,101.1,card,api,IN-WB,628,432,2,10,65.9,0.2717,3,0,0,0,1,1
TXN0011381,M0325,272.55,upi,web,IN-TN,32,536,1,7,76.9,0.2866,2,0,0,0,0,0
TXN0011382,M0161,155.35,card,web,IN-UP,591,362,2,4,69.6,0.2627,2,0,0,0,0,0
TXN0011383,M0102,52.89,wallet,web,IN-KA,498,1449,4,11,105.9,0.2531,1,0,0,0,0,0
TXN0011384,M0309,25.75,card,web,IN-UP,895,24,2,8,60.6,0.0951,0,1,0,0,0,0
TXN0011385,M0059,160.86,upi,android,IN-WB,793,477,2,6,261.3,0.2497,3,0,0,0,0,0
TXN0011386,M0093,134.08,upi,web,IN-KA,310,147,2,5,19.4,0.279,2,0,0,0,0,0
TXN0011387,M0196,126.36,card,android,IN-KA,795,1266,4,13,105.6,0.2993,3,0,0,0,0,0
TXN0011388,M0043,378.74,upi,web,IN-UP,218,657,5,12,97.8,0.3592,4,0,0,0,1,1
TXN0011389,M0009,655.29,netbanking,web,IN-KA,86,1378,7,16,69.5,0.3249,3,0,0,0,1,0
TXN0011390,M0270,343.0,upi,android,IN-KA,1663,621,4,13,60.2,0.2192,2,0,0,0,0,0
TXN0011391,M0099,118.79,upi,web,IN-KA,1575,108,2,10,115.2,0.146,2,0,0,0,1,0
TXN0011392,M0097,190.03,card,ios,IN-UP,1791,1076,1,7,11.6,0.2704,0,0,0,0,0,0
TXN0011393,M0119,505.7,upi,android,IN-GJ,163,777,3,9,57.0,0.3911,0,0,0,0,1,1
TXN0011394,M0214,405.21,card,android,IN-WB,1220,1345,2,6,97.6,0.1634,3,0,0,0,0,0
TXN0011395,M0173,299.55,netbanking,api,IN-UP,1576,459,2,4,22.5,0.3821,0,0,0,0,0,0
TXN0011396,M0052,103.72,card,ios,IN-GJ,723,321,4,14,88.2,0.3054,3,0,0,0,1,0
TXN0011397,M0372,507.74,upi,android,IN-MH,1783,1209,1,5,35.9,0.4425,0,0,0,0,1,0
TXN0011398,M0068,691.09,netbanking,web,IN-UP,1739,801,0,2,58.0,0.2554,0,0,0,0,0,0
TXN0011399,M0243,408.69,card,web,IN-KA,322,879,3,10,28.7,0.4669,3,0,0,0,0,0
TXN0011400,M0039,3415.84,upi,api,IN-TN,1560,993,4,11,80.7,0.2429,0,0,0,0,0,0
TXN0011401,M0103,380.65,upi,web,IN-KA,127,1116,3,12,78.6,0.3771,2,1,0,0,0,0
TXN0011402,M0382,566.98,card,ios,IN-UP,280,242,1,4,119.7,0.2819,0,0,0,0,0,0
TXN0011403,M0108,341.61,upi,web,IN-TN,218,166,1,4,35.1,0.3914,1,0,0,0,0,0
TXN0011404,M0076,158.12,upi,android,IN-WB,1766,120,2,10,30.9,0.2147,2,0,0,0,0,0
TXN0011405,M0111,55.53,upi,web,IN-UP,1534,1107,6,15,47.9,0.2083,1,0,0,0,0,0
TXN0011406,M0131,83.4,upi,web,IN-WB,504,199,2,5,61.8,0.307,2,0,0,0,0,0
TXN0011407,M0202,84.27,upi,api,IN-UP,1750,457,2,5,60.2,0.4327,0,0,0,0,0,0
TXN0011408,M0282,53.73,upi,web,IN-TN,231,391,6,15,9.9,0.5113,3,0,0,0,0,1
TXN0011409,M0236,135.14,upi,web,IN-KA,1065,435,3,7,84.2,0.5253,0,0,0,0,0,0
TXN0011410,M0002,180.58,upi,android,IN-TN,1556,226,4,10,35.7,0.1829,2,0,0,0,0,0
TXN0011411,M0301,592.48,card,android,IN-TN,1705,1446,3,7,41.8,0.3441,1,0,0,0,0,0
TXN0011412,M0020,53.93,upi,ios,IN-UP,398,195,2,5,35.0,0.0699,1,0,0,0,0,0
TXN0011413,M0046,439.16,upi,api,IN-GJ,1385,360,0,9,11.4,0.3826,1,0,0,0,0,0
TXN0011414,M0365,235.36,upi,android,IN-DL,1234,758,4,8,60.6,0.1276,0,0,0,0,0,0
TXN0011415,M0081,262.3,upi,web,IN-MH,1024,155,5,13,82.3,0.4879,2,0,0,0,0,1
TXN0011416,M0334,163.49,card,api,IN-KA,1449,704,6,9,114.8,0.0615,0,0,0,0,0,0
TXN0011417,M0005,1458.06,wallet,android,IN-UP,1645,954,5,11,37.8,0.2715,1,0,0,0,0,1
TXN0011418,M0298,82.0,wallet,web,IN-UP,266,999,3,10,35.4,0.441,1,0,0,0,0,0
TXN0011419,M0073,102.99,card,api,IN-GJ,843,1340,4,8,43.9,0.2494,1,0,0,0,0,0
TXN0011420,M0042,202.49,upi,web,IN-KA,379,733,2,7,90.5,0.3305,1,0,0,0,0,0
TXN0011421,M0125,267.35,wallet,api,IN-KA,741,1425,4,7,72.1,0.1983,2,0,0,0,0,0
TXN0011422,M0130,225.4,upi,web,IN-MH,681,893,1,6,34.2,0.1887,1,0,0,0,0,0
TXN0011423,M0038,171.23,upi,web,IN-TN,1296,634,2,10,84.6,0.3281,1,0,0,0,0,0
TXN0011424,M0191,304.72,card,api,IN-MH,1109,258,0,4,208.0,0.253,2,0,0,0,0,0
TXN0011425,M0086,328.51,card,web,IN-WB,1347,770,5,10,6.1,0.391,1,0,0,0,0,0
TXN0011426,M0094,173.18,upi,android,IN-UP,1271,1172,2,2,94.3,0.2093,0,0,0,0,0,0
TXN0011427,M0004,1129.69,wallet,android,IN-DL,638,762,0,4,27.9,0.2897,1,0,0,0,0,0
TXN0011428,M0181,279.94,wallet,api,IN-KA,1158,835,0,3,89.9,0.2488,0,0,0,0,0,0
TXN0011429,M0116,136.65,netbanking,ios,IN-WB,856,257,3,9,89.1,0.2498,1,0,0,0,0,1
TXN0011430,M0082,624.16,card,api,IN-TN,966,768,5,10,29.9,0.2842,3,0,0,0,0,0
TXN0011431,M0092,23.66,upi,web,IN-TN,389,94,2,5,61.6,0.2139,0,0,0,0,0,0
TXN0011432,M0208,58.42,card,web,IN-UP,496,401,1,9,114.3,0.1558,2,0,0,0,0,0
TXN0011433,M0318,146.79,netbanking,android,IN-KA,216,955,3,13,98.3,0.3473,1,0,0,0,0,0
TXN0011434,M0192,55.42,card,api,IN-KA,287,623,4,10,73.8,0.4015,4,0,0,0,0,0
TXN0011435,M0059,401.93,card,api,IN-TN,633,533,1,5,25.8,0.2662,4,0,0,0,0,0
TXN0011436,M0232,388.47,card,api,IN-MH,334,1052,1,6,26.2,0.2634,1,0,0,0,0,0
TXN0011437,M0076,919.71,upi,ios,IN-WB,887,934,2,4,47.8,0.1638,0,0,0,0,0,0
TXN0011438,M0138,101.02,wallet,android,IN-TN,1291,489,4,14,115.8,0.2963,2,1,0,0,0,0
TXN0011439,M0192,317.49,card,web,IN-DL,283,396,2,13,39.4,0.4845,2,0,0,0,0,0
TXN0011440,M0101,647.23,upi,android,IN-TN,377,696,4,12,153.1,0.2518,2,0,0,0,0,1
TXN0011441,M0359,211.77,netbanking,android,IN-UP,294,707,1,5,260.3,0.0802,0,0,0,0,0,0
TXN0011442,M0359,482.43,netbanking,ios,IN-UP,1460,1205,2,7,125.1,0.3429,1,0,0,0,1,0
TXN0011443,M0326,162.86,upi,web,IN-WB,224,1220,1,6,83.6,0.2824,3,0,0,0,0,1
TXN0011444,M0341,670.26,upi,web,IN-KA,1661,1171,2,5,7.4,0.1562,0,0,0,0,1,0
TXN0011445,M0289,84.09,card,android,IN-KA,1576,1059,1,7,85.9,0.1736,2,0,0,0,0,0
TXN0011446,M0260,38.15,card,api,IN-KA,694,79,0,10,58.1,0.3682,3,0,0,0,0,0
TXN0011447,M0168,123.23,upi,ios,IN-TN,1249,99,2,8,65.1,0.3291,2,0,0,0,1,0
TXN0011448,M0368,164.86,wallet,ios,IN-KA,328,69,3,7,33.5,0.5556,3,0,0,0,0,0
TXN0011449,M0290,278.81,upi,web,IN-UP,262,1414,3,8,74.7,0.389,0,0,0,0,0,0
TXN0011450,M0110,282.58,netbanking,android,IN-DL,1191,820,1,3,54.1,0.1283,3,0,0,0,1,0
TXN0011451,M0234,88.55,upi,android,IN-TN,1190,1043,3,10,73.5,0.3897,5,0,0,0,0,1
TXN0011452,M0398,66.32,upi,android,IN-KA,544,592,2,11,29.1,0.4102,1,0,0,0,0,0
TXN0011453,M0330,915.43,netbanking,web,IN-GJ,875,745,3,7,40.0,0.1936,0,0,0,0,1,1
TXN0011454,M0327,156.84,upi,api,IN-MH,945,528,2,8,13.1,0.4655,2,0,0,0,0,0
TXN0011455,M0127,111.86,card,web,IN-WB,1018,1368,3,10,18.8,0.4398,3,0,0,0,0,0
TXN0011456,M0328,247.61,upi,web,IN-WB,512,862,2,7,149.6,0.2153,2,0,0,0,0,0
TXN0011457,M0118,68.25,card,web,IN-MH,1491,907,5,10,24.5,0.396,1,0,0,0,0,0
TXN0011458,M0127,88.06,card,android,IN-KA,1086,1403,1,8,46.5,0.2633,2,0,0,0,0,0
TXN0011459,M0048,397.36,netbanking,ios,IN-GJ,857,1409,1,3,39.4,0.4099,1,0,0,0,0,0
TXN0011460,M0051,65.27,upi,api,IN-MH,935,394,1,12,122.6,0.3546,3,0,0,0,0,0
TXN0011461,M0192,47.64,card,ios,IN-TN,519,1318,3,11,32.9,0.3611,1,0,0,0,0,0
TXN0011462,M0004,126.13,card,android,IN-MH,615,714,1,11,60.2,0.4402,1,0,0,0,0,1
TXN0011463,M0020,233.22,wallet,ios,IN-DL,1404,987,4,10,59.4,0.2352,1,0,0,0,0,0
TXN0011464,M0094,711.7,card,web,IN-WB,235,396,3,9,20.2,0.4424,0,0,0,0,0,0
TXN0011465,M0246,253.02,upi,android,IN-TN,287,1227,3,12,103.5,0.2166,0,0,0,0,0,0
TXN0011466,M0070,301.59,card,web,IN-GJ,304,79,3,7,52.2,0.5963,4,0,0,0,0,0
TXN0011467,M0339,64.73,card,android,IN-KA,1664,764,2,11,64.7,0.5064,2,0,0,0,0,0
TXN0011468,M0149,216.98,upi,web,IN-GJ,1457,1470,4,10,177.9,0.1691,0,0,0,0,0,0
TXN0011469,M0254,58.77,wallet,android,IN-TN,1694,849,2,9,14.1,0.3772,1,0,0,0,0,0
TXN0011470,M0192,449.61,upi,web,IN-TN,565,945,0,4,35.1,0.3268,2,0,0,0,1,0
TXN0011471,M0362,201.65,card,web,IN-MH,621,624,2,3,103.8,0.2218,2,0,0,0,0,0
TXN0011472,M0065,170.91,card,android,IN-DL,506,811,2,6,4.7,0.3438,3,0,0,0,1,1
TXN0011473,M0095,298.45,netbanking,android,IN-DL,1390,448,2,7,74.0,0.4087,0,0,0,0,0,0
TXN0011474,M0158,110.2,upi,web,IN-GJ,1364,148,2,10,52.3,0.254,2,0,0,0,0,0
TXN0011475,M0019,110.82,wallet,ios,IN-GJ,1659,1110,3,13,40.5,0.3207,1,0,0,0,0,0
TXN0011476,M0269,69.55,card,web,IN-GJ,512,516,3,10,27.1,0.2559,1,0,0,0,0,0
TXN0011477,M0263,1068.54,upi,web,IN-GJ,1654,946,5,12,98.2,0.3391,1,0,0,0,1,1
TXN0011478,M0232,143.32,card,ios,IN-WB,1710,291,2,11,47.7,0.1559,0,0,0,0,0,0
TXN0011479,M0140,131.23,card,android,IN-UP,206,707,3,9,94.0,0.3227,0,0,0,0,0,0
TXN0011480,M0306,360.21,card,ios,IN-MH,625,208,3,8,145.2,0.2715,2,0,0,0,0,0
TXN0011481,M0257,182.11,card,web,IN-MH,302,279,0,4,76.2,0.2793,0,0,0,0,0,0
TXN0011482,M0341,17.66,netbanking,ios,IN-KA,1763,1306,3,10,9.4,0.5627,2,0,0,0,0,0
TXN0011483,M0002,1360.65,card,ios,IN-TN,883,249,1,5,40.9,0.1463,3,0,0,0,0,1
TXN0011484,M0174,111.42,upi,web,IN-UP,23,358,4,13,3.4,0.5077,1,0,0,0,0,0
TXN0011485,M0310,77.73,card,web,IN-TN,994,1112,1,6,65.9,0.3604,1,0,0,0,0,0
TXN0011486,M0001,152.98,card,android,IN-WB,324,547,1,6,33.8,0.235,0,0,0,0,1,0
TXN0011487,M0277,107.43,netbanking,web,IN-TN,620,1167,2,4,28.9,0.362,1,0,0,0,1,0
TXN0011488,M0008,109.51,upi,ios,IN-TN,1035,617,0,5,8.4,0.3293,3,0,0,0,0,0
TXN0011489,M0264,202.19,netbanking,api,IN-MH,138,1300,2,6,16.0,0.2569,2,0,0,0,1,0
TXN0011490,M0322,28.02,card,api,IN-UP,1643,860,1,8,10.1,0.2934,1,0,0,0,1,0
TXN0011491,M0181,375.31,upi,ios,IN-KA,773,967,1,4,12.3,0.3449,1,0,0,0,0,0
TXN0011492,M0201,467.36,netbanking,web,IN-DL,1163,1160,2,7,39.2,0.3443,0,0,0,0,1,0
TXN0011493,M0003,33.23,netbanking,web,IN-UP,506,50,1,10,30.1,0.3214,1,0,0,0,1,0
TXN0011494,M0358,283.87,card,ios,IN-MH,1382,1101,1,6,80.8,0.2852,1,0,0,0,1,0
TXN0011495,M0016,76.47,netbanking,web,IN-TN,806,450,2,7,90.2,0.2499,0,0,0,0,1,0
TXN0011496,M0322,116.18,upi,ios,IN-TN,929,1360,3,8,45.0,0.3374,3,0,0,0,0,0
TXN0011497,M0077,255.87,wallet,web,IN-WB,492,444,0,2,48.1,0.1924,0,0,0,0,0,0
TXN0011498,M0158,428.11,netbanking,android,IN-MH,337,1066,2,5,47.0,0.1636,1,0,0,0,0,0
TXN0011499,M0163,250.64,card,web,IN-UP,785,603,4,9,68.5,0.209,1,1,0,0,0,1
TXN0011500,M0021,44.87,upi,ios,IN-UP,574,997,3,11,52.1,0.3816,2,0,0,0,0,0
TXN0011501,M0309,191.92,upi,android,IN-UP,1058,541,1,7,117.3,0.297,0,0,0,0,0,0
TXN0011502,M0346,293.66,netbanking,web,IN-MH,1061,1089,1,11,24.4,0.2887,0,0,0,0,0,0
TXN0011503,M0390,83.12,upi,android,IN-WB,649,480,5,15,86.7,0.1814,3,0,0,0,0,0
TXN0011504,M0042,77.26,upi,web,IN-TN,243,522,3,8,48.9,0.2624,4,0,0,0,0,0
TXN0011505,M0382,167.59,card,android,IN-KA,379,1264,7,7,64.0,0.2026,0,0,0,0,0,0
TXN0011506,M0341,319.45,upi,android,IN-KA,488,864,3,8,99.0,0.5069,2,0,0,0,1,0
TXN0011507,M0186,102.13,upi,android,IN-DL,714,713,1,6,35.9,0.2662,1,0,0,0,0,0
TXN0011508,M0336,228.92,upi,ios,IN-DL,1355,1370,4,11,45.0,0.1488,2,0,0,0,0,0
TXN0011509,M0267,51.03,card,android,IN-MH,469,998,3,11,119.8,0.2178,4,0,0,0,0,0
TXN0011510,M0171,235.91,upi,ios,IN-UP,1329,237,1,6,13.2,0.3327,1,0,0,0,1,0
TXN0011511,M0103,29.12,upi,android,IN-WB,116,656,3,7,107.6,0.1391,2,0,0,0,0,0
TXN0011512,M0274,245.37,wallet,ios,IN-WB,1175,177,2,7,14.0,0.1587,1,0,0,0,0,0
TXN0011513,M0048,434.57,card,android,IN-WB,1141,90,1,6,28.7,0.2324,3,0,0,0,1,1
TXN0011514,M0136,152.33,netbanking,android,IN-TN,1428,952,6,12,103.5,0.4429,0,0,0,0,1,0
TXN0011515,M0230,314.3,upi,android,IN-KA,1141,1401,0,6,48.8,0.2157,4,0,0,0,0,0
TXN0011516,M0175,230.04,wallet,web,IN-MH,569,1324,3,6,34.7,0.4283,0,0,0,0,0,0
TXN0011517,M0154,45.41,upi,web,IN-DL,573,1369,1,6,114.2,0.179,2,0,0,0,1,0
TXN0011518,M0003,55.25,upi,ios,IN-UP,1456,1010,1,4,31.6,0.0441,0,0,0,0,0,0
TXN0011519,M0012,125.33,upi,web,IN-TN,1726,258,3,6,11.5,0.2264,0,0,0,0,0,0
TXN0011520,M0030,155.15,card,web,IN-WB,916,515,0,7,53.0,0.2422,0,1,0,0,0,0
TXN0011521,M0029,82.3,upi,ios,IN-WB,1420,715,1,10,109.1,0.1837,0,0,0,0,1,0
TXN0011522,M0267,53.13,card,android,IN-TN,1772,478,4,11,97.2,0.353,0,0,0,0,0,0
TXN0011523,M0304,10.35,card,ios,IN-UP,1624,162,2,10,94.2,0.3517,3,0,0,0,0,0
TXN0011524,M0163,959.62,card,ios,IN-MH,62,1481,3,15,119.8,0.3736,0,0,0,0,0,0
TXN0011525,M0315,989.96,card,ios,IN-UP,845,719,0,4,41.0,0.2832,1,0,0,0,0,0
TXN0011526,M0008,77.32,upi,android,IN-TN,1083,950,2,6,17.0,0.177,2,0,0,0,0,0
TXN0011527,M0092,42.63,upi,web,IN-GJ,943,968,0,4,39.1,0.1305,0,0,0,0,0,0
TXN0011528,M0100,771.2,netbanking,web,IN-DL,1057,554,2,4,75.9,0.1028,0,0,0,0,0,0
TXN0011529,M0179,21.61,card,android,IN-MH,1244,150,5,8,46.2,0.3405,2,0,0,0,0,0
TXN0011530,M0241,503.12,upi,web,IN-WB,411,138,3,9,43.1,0.3216,1,0,0,0,0,0
TXN0011531,M0061,340.27,card,web,IN-WB,1058,1121,5,14,39.9,0.3234,1,0,0,0,0,1
TXN0011532,M0047,126.89,card,web,IN-GJ,1201,1078,0,11,147.8,0.2741,1,0,0,0,1,0
TXN0011533,M0334,724.86,upi,web,IN-TN,1203,1308,3,10,112.0,0.3745,2,0,0,0,0,1
TXN0011534,M0328,93.06,upi,web,IN-DL,1053,278,7,13,21.9,0.2978,1,1,0,0,0,0
TXN0011535,M0216,417.16,upi,ios,IN-GJ,778,243,3,7,35.3,0.1945,2,0,0,0,0,0
TXN0011536,M0116,140.23,card,ios,IN-WB,642,403,6,15,70.4,0.1565,0,0,0,0,1,0
TXN0011537,M0158,53.32,upi,ios,IN-KA,239,1463,4,10,35.0,0.2484,2,0,0,0,0,0
TXN0011538,M0119,1388.32,upi,ios,IN-DL,1366,1184,3,8,108.1,0.4433,1,0,0,0,0,1
TXN0011539,M0038,88.63,wallet,android,IN-KA,1461,947,1,11,32.5,0.1941,0,0,0,0,0,0
TXN0011540,M0160,117.18,netbanking,web,IN-GJ,1774,829,0,7,47.3,0.1823,5,0,0,0,0,0
TXN0011541,M0058,406.0,card,ios,IN-TN,697,1467,2,8,107.2,0.2248,1,0,0,0,0,0
TXN0011542,M0139,622.2,upi,ios,IN-MH,381,783,2,12,51.8,0.5401,2,0,0,0,0,1
TXN0011543,M0151,48.14,upi,web,IN-WB,1095,517,1,7,135.3,0.1945,0,0,0,0,0,0
TXN0011544,M0179,760.37,netbanking,android,IN-KA,1080,1100,2,11,88.7,0.3027,2,0,0,0,1,0
TXN0011545,M0386,178.87,upi,ios,IN-WB,664,1301,1,9,40.2,0.2412,3,0,0,0,0,0
TXN0011546,M0094,164.85,upi,web,IN-MH,617,1406,2,13,132.4,0.2932,3,0,0,0,0,0
TXN0011547,M0048,152.25,wallet,api,IN-KA,868,791,4,12,59.1,0.3059,2,0,0,0,1,0
TXN0011548,M0243,177.02,card,android,IN-UP,763,342,3,10,52.5,0.4795,0,0,0,0,0,0
TXN0011549,M0322,37.85,upi,api,IN-MH,1150,1271,5,12,19.6,0.2826,0,0,0,0,1,1
TXN0011550,M0057,270.3,card,ios,IN-WB,1303,173,2,12,158.9,0.4296,1,0,0,0,1,0
TXN0011551,M0167,220.78,card,android,IN-KA,1041,537,2,9,72.1,0.1924,0,0,0,0,1,0
TXN0011552,M0210,124.67,card,web,IN-KA,1233,1390,4,11,22.4,0.452,3,1,0,0,0,0
TXN0011553,M0120,221.1,card,android,IN-GJ,254,1466,1,7,124.0,0.4396,1,0,0,0,1,0
TXN0011554,M0307,146.62,netbanking,ios,IN-MH,563,1313,4,12,87.2,0.5447,2,1,0,0,0,0
TXN0011555,M0210,167.15,card,web,IN-TN,424,604,3,11,24.0,0.2045,1,0,0,0,0,0
TXN0011556,M0087,273.3,card,android,IN-DL,1437,863,2,10,107.2,0.181,1,1,0,0,0,0
TXN0011557,M0150,143.6,upi,api,IN-GJ,313,989,4,16,72.1,0.2227,1,0,0,0,1,0
TXN0011558,M0091,82.73,upi,web,IN-MH,1561,1311,4,6,6.3,0.2227,1,0,0,0,0,0
TXN0011559,M0060,384.45,upi,web,IN-TN,1037,803,1,14,76.7,0.3454,1,0,0,0,0,0
TXN0011560,M0181,61.43,card,web,IN-KA,315,491,2,12,71.2,0.4337,2,0,0,0,0,0
TXN0011561,M0386,515.15,upi,web,IN-TN,710,84,3,6,51.2,0.2421,4,0,0,0,0,0
TXN0011562,M0370,127.64,card,android,IN-GJ,100,26,3,12,34.1,0.2799,0,0,0,0,1,0
TXN0011563,M0157,432.12,upi,ios,IN-DL,444,610,3,11,114.6,0.548,3,0,0,0,0,0
TXN0011564,M0301,758.09,wallet,android,IN-KA,1083,585,2,13,23.1,0.4037,1,0,0,0,0,0
TXN0011565,M0088,169.63,card,ios,IN-DL,80,460,1,5,77.9,0.4507,1,0,0,0,0,1
TXN0011566,M0131,430.55,card,ios,IN-GJ,942,1207,2,9,47.7,0.2333,0,0,0,0,0,0
TXN0011567,M0289,338.08,upi,web,IN-WB,1381,878,2,8,14.0,0.2293,1,0,0,0,1,0
TXN0011568,M0216,216.1,upi,api,IN-KA,437,86,2,9,51.5,0.2599,2,0,0,0,0,0
TXN0011569,M0345,328.87,wallet,ios,IN-WB,98,527,1,9,74.7,0.3676,4,0,0,0,0,0
TXN0011570,M0292,136.06,upi,android,IN-GJ,1122,299,1,7,68.9,0.4543,4,0,0,0,0,0
TXN0011571,M0390,929.69,card,android,IN-GJ,685,100,1,10,160.8,0.3073,2,0,0,0,0,0
TXN0011572,M0375,195.83,upi,web,IN-MH,738,443,3,6,27.1,0.237,0,0,0,0,0,0
TXN0011573,M0032,86.71,card,api,IN-KA,820,603,7,14,114.0,0.4453,3,0,0,0,0,0
TXN0011574,M0172,116.62,upi,android,IN-GJ,1059,790,3,5,65.6,0.1896,0,0,0,0,0,1
TXN0011575,M0280,437.23,card,web,IN-GJ,816,193,3,9,50.3,0.1704,4,0,0,0,1,0
TXN0011576,M0345,71.7,upi,android,IN-KA,547,937,4,13,66.1,0.6446,1,0,0,0,0,0
TXN0011577,M0331,1193.87,netbanking,ios,IN-TN,250,1179,6,13,49.0,0.289,0,0,0,0,1,1
TXN0011578,M0296,664.19,upi,web,IN-MH,1771,861,2,9,101.5,0.356,3,0,0,0,0,1
TXN0011579,M0086,52.55,upi,ios,IN-TN,1277,903,1,6,84.4,0.0926,2,0,0,0,0,0
TXN0011580,M0217,390.05,upi,android,IN-KA,1192,644,4,8,54.0,0.2048,0,0,0,0,0,0
TXN0011581,M0243,68.39,upi,api,IN-MH,409,477,1,3,12.9,0.2543,1,0,0,0,0,0
TXN0011582,M0288,78.21,card,ios,IN-KA,36,1277,0,3,55.8,0.1414,2,0,0,0,0,0
TXN0011583,M0085,112.62,upi,web,IN-WB,1132,93,3,7,91.7,0.3777,0,0,0,0,0,0
TXN0011584,M0166,85.68,upi,api,IN-KA,1624,30,6,8,64.5,0.2279,1,0,0,0,0,0
TXN0011585,M0307,371.82,upi,android,IN-DL,681,1286,1,7,94.2,0.2136,1,0,0,0,0,0
TXN0011586,M0352,231.96,card,android,IN-GJ,214,723,1,7,107.8,0.3746,0,0,0,0,1,0
TXN0011587,M0128,274.68,netbanking,api,IN-DL,938,666,4,9,183.2,0.3267,0,0,0,0,0,0
TXN0011588,M0138,180.54,card,web,IN-UP,1775,1075,2,5,79.9,0.3441,2,0,0,0,0,0
TXN0011589,M0054,106.17,upi,web,IN-UP,814,892,2,5,10.8,0.4259,0,0,0,0,0,0
TXN0011590,M0331,106.95,upi,api,IN-MH,609,562,1,7,67.2,0.5236,2,0,0,0,0,0
TXN0011591,M0321,543.81,upi,web,IN-WB,1719,208,5,6,102.3,0.2567,0,0,0,0,0,0
TXN0011592,M0070,126.99,upi,android,IN-GJ,432,1022,1,6,20.9,0.1391,1,0,0,0,1,0
TXN0011593,M0131,726.78,netbanking,android,IN-WB,624,727,3,9,86.6,0.2849,3,0,0,0,1,1
TXN0011594,M0169,95.34,wallet,web,IN-DL,438,767,1,4,36.0,0.4298,0,0,0,0,0,0
TXN0011595,M0237,188.47,upi,web,IN-DL,276,135,4,11,68.4,0.3496,2,0,0,0,0,0
TXN0011596,M0171,245.27,upi,web,IN-WB,1595,57,2,9,22.9,0.3843,2,0,0,0,1,0
TXN0011597,M0065,586.92,wallet,ios,IN-UP,650,1278,1,4,19.0,0.1601,3,0,0,0,0,0
TXN0011598,M0350,474.53,netbanking,web,IN-TN,1438,1301,4,14,258.8,0.3337,4,0,0,0,0,1
TXN0011599,M0008,244.78,upi,android,IN-GJ,898,1397,5,11,74.6,0.1968,0,0,0,0,0,0
TXN0011600,M0277,193.96,upi,web,IN-DL,1310,464,1,3,32.0,0.5657,0,0,0,0,0,0
TXN0011601,M0367,72.55,card,web,IN-KA,120,996,2,8,21.7,0.0957,0,0,0,0,0,0
TXN0011602,M0260,148.49,netbanking,ios,IN-KA,1026,186,3,11,85.7,0.2769,0,0,0,0,0,0
TXN0011603,M0049,1729.66,card,ios,IN-WB,1653,1235,2,7,59.2,0.317,1,0,0,0,0,0
TXN0011604,M0321,69.02,upi,web,IN-GJ,1777,28,1,2,93.3,0.2227,1,0,0,0,0,0
TXN0011605,M0176,102.56,card,web,IN-MH,358,36,1,7,58.3,0.3191,0,0,0,0,1,0
TXN0011606,M0125,45.19,upi,android,IN-MH,1378,676,1,5,36.3,0.2752,0,0,0,0,1,1
TXN0011607,M0122,85.26,netbanking,ios,IN-GJ,1675,972,1,4,55.0,0.1176,0,0,0,0,0,0
TXN0011608,M0006,55.14,card,web,IN-UP,1320,47,2,12,77.2,0.4491,0,0,0,0,0,0
TXN0011609,M0154,52.83,card,api,IN-GJ,728,1153,3,13,83.2,0.3262,1,0,0,0,0,0
TXN0011610,M0154,248.59,upi,android,IN-DL,240,765,0,7,99.4,0.0274,0,0,0,0,0,0
TXN0011611,M0333,373.68,card,api,IN-GJ,1000,18,1,5,24.5,0.3527,1,1,0,0,0,1
TXN0011612,M0325,256.12,upi,api,IN-KA,47,96,3,5,10.5,0.2724,2,0,0,0,0,0
TXN0011613,M0397,64.8,netbanking,web,IN-MH,1229,1275,2,5,41.9,0.5194,1,0,0,0,0,0
TXN0011614,M0394,33.41,upi,ios,IN-MH,740,726,4,8,62.3,0.1966,2,0,0,0,0,1
TXN0011615,M0324,23.29,netbanking,web,IN-MH,117,983,3,10,106.9,0.2663,1,0,0,0,1,0
TXN0011616,M0262,53.2,card,ios,IN-WB,1267,696,1,4,85.5,0.1149,2,0,0,0,1,0
TXN0011617,M0273,64.52,upi,web,IN-TN,745,1209,3,16,149.7,0.2558,1,0,0,0,0,0
TXN0011618,M0286,113.76,wallet,android,IN-MH,908,724,1,8,121.1,0.1499,1,0,0,0,0,0
TXN0011619,M0315,233.98,card,android,IN-TN,507,504,4,14,71.6,0.5151,3,0,0,0,0,1
TXN0011620,M0157,122.26,upi,web,IN-MH,781,583,4,14,13.4,0.1945,1,0,0,0,0,0
TXN0011621,M0381,877.78,card,ios,IN-DL,304,1103,2,11,33.3,0.4821,3,0,0,0,0,1
TXN0011622,M0173,1807.48,upi,ios,IN-GJ,339,823,1,7,34.3,0.71,0,0,0,0,0,0
TXN0011623,M0227,161.83,upi,ios,IN-GJ,1204,174,0,2,188.7,0.4099,4,0,0,0,0,0
TXN0011624,M0288,26.55,card,web,IN-GJ,1497,595,5,11,93.0,0.3173,0,0,0,0,1,0
TXN0011625,M0139,105.22,netbanking,web,IN-MH,298,984,0,4,26.1,0.2033,1,0,0,0,1,0
TXN0011626,M0139,137.85,card,android,IN-TN,291,436,2,7,197.3,0.3451,2,0,0,0,0,0
TXN0011627,M0174,357.43,netbanking,api,IN-UP,1049,1303,1,6,94.5,0.3726,2,0,0,0,0,0
TXN0011628,M0168,47.32,card,api,IN-TN,1005,614,5,15,77.9,0.6467,4,0,0,0,1,1
TXN0011629,M0262,35.51,upi,api,IN-DL,703,424,4,8,103.0,0.3141,0,0,0,0,1,0
TXN0011630,M0230,233.92,netbanking,ios,IN-TN,1780,1270,2,6,98.0,0.5143,3,0,0,0,0,0
TXN0011631,M0374,104.18,upi,android,IN-MH,1757,158,5,8,110.2,0.2909,2,0,0,0,0,0
TXN0011632,M0380,102.55,card,ios,IN-UP,1152,604,1,9,53.0,0.2173,1,0,0,0,0,0
TXN0011633,M0173,74.68,card,android,IN-KA,1631,1219,2,9,33.2,0.1789,1,0,0,0,1,0
TXN0011634,M0318,120.2,netbanking,android,IN-TN,821,509,3,14,30.7,0.2951,2,0,0,0,1,0
TXN0011635,M0026,219.65,upi,android,IN-GJ,14,97,2,4,113.4,0.2397,1,0,0,0,1,0
TXN0011636,M0028,16.28,card,android,IN-GJ,192,330,2,9,140.4,0.2805,0,0,0,0,0,0
TXN0011637,M0225,182.97,card,api,IN-KA,1459,1417,2,7,26.3,0.4594,0,0,0,0,0,0
TXN0011638,M0302,358.01,card,android,IN-KA,226,1139,2,6,87.8,0.4117,1,0,0,0,0,0
TXN0011639,M0103,281.49,card,web,IN-TN,304,1077,2,6,47.6,0.2277,2,0,0,0,0,0
TXN0011640,M0118,1480.57,upi,android,IN-DL,1227,1486,3,11,69.2,0.2322,0,0,0,0,0,0
TXN0011641,M0311,116.22,netbanking,ios,IN-TN,847,367,5,11,132.2,0.2803,3,0,0,0,0,1
TXN0011642,M0280,164.03,card,ios,IN-DL,432,134,1,9,72.4,0.1722,0,0,0,0,0,0
TXN0011643,M0383,643.23,upi,ios,IN-DL,1461,830,4,7,60.3,0.1407,1,0,0,0,0,0
TXN0011644,M0305,189.99,upi,web,IN-DL,1294,940,2,9,69.3,0.4656,2,1,0,0,0,0
TXN0011645,M0124,811.14,upi,api,IN-WB,518,894,1,8,95.9,0.2701,0,0,0,0,0,0
TXN0011646,M0345,407.4,card,web,IN-WB,372,1053,1,9,41.4,0.4725,0,0,0,0,0,0
TXN0011647,M0235,207.85,upi,web,IN-DL,1321,1449,1,8,9.6,0.3461,0,0,0,0,0,0
TXN0011648,M0213,177.95,upi,ios,IN-KA,425,1189,2,12,120.9,0.188,0,0,0,0,1,0
TXN0011649,M0361,142.34,upi,android,IN-UP,434,531,4,12,59.9,0.176,2,0,0,0,0,0
TXN0011650,M0084,173.86,card,web,IN-MH,1586,1061,1,5,208.0,0.4647,2,0,0,0,0,1
TXN0011651,M0165,77.28,upi,web,IN-WB,1571,27,2,6,58.4,0.3803,3,0,0,0,1,0
TXN0011652,M0389,354.38,card,ios,IN-UP,1758,744,1,11,8.6,0.3003,0,0,0,0,0,0
TXN0011653,M0132,1220.8,upi,web,IN-DL,790,300,1,4,55.7,0.6693,3,0,0,0,0,1
TXN0011654,M0012,29.4,wallet,android,IN-UP,1312,1452,2,13,61.3,0.1527,1,0,0,0,1,0
TXN0011655,M0180,585.11,upi,web,IN-KA,359,376,1,10,160.4,0.3203,2,0,0,0,0,0
TXN0011656,M0319,229.28,card,android,IN-UP,1782,867,3,4,31.1,0.1586,3,0,0,0,0,0
TXN0011657,M0255,511.52,netbanking,android,IN-UP,97,596,4,9,171.7,0.1832,1,0,0,0,0,1
TXN0011658,M0101,100.08,upi,web,IN-GJ,1542,266,5,14,16.1,0.2233,1,0,0,0,0,0
TXN0011659,M0388,150.14,card,ios,IN-TN,1092,700,4,9,15.2,0.4908,7,0,0,0,0,0
TXN0011660,M0026,638.1,card,ios,IN-DL,1688,4,1,4,102.7,0.2334,0,0,1,0,0,0
TXN0011661,M0120,171.34,upi,android,IN-DL,1229,1014,1,3,9.8,0.247,0,1,0,0,0,0
TXN0011662,M0208,410.74,netbanking,ios,IN-UP,347,587,4,7,37.2,0.3468,1,0,0,0,0,0
TXN0011663,M0130,99.93,wallet,api,IN-TN,1225,323,1,6,41.6,0.2294,2,0,0,0,1,0
TXN0011664,M0317,147.62,wallet,web,IN-GJ,1337,930,3,18,78.6,0.4554,1,0,0,0,0,0
TXN0011665,M0278,299.55,wallet,api,IN-MH,896,639,2,6,145.0,0.4838,1,1,0,0,0,0
TXN0011666,M0392,269.78,wallet,web,IN-GJ,1058,73,5,12,54.2,0.1849,1,0,0,0,1,0
TXN0011667,M0123,411.51,wallet,android,IN-WB,725,325,3,7,111.7,0.2069,2,0,0,0,1,0
TXN0011668,M0116,128.0,upi,android,IN-MH,484,526,2,7,32.4,0.0899,1,0,0,0,1,0
TXN0011669,M0112,180.0,card,web,IN-MH,1114,582,1,5,135.9,0.1858,2,0,0,0,0,1
TXN0011670,M0111,474.43,card,api,IN-GJ,908,265,0,6,58.6,0.3228,2,0,0,0,1,0
TXN0011671,M0132,761.72,wallet,web,IN-DL,60,634,3,8,14.2,0.2493,1,0,0,0,0,0
TXN0011672,M0270,77.79,wallet,web,IN-TN,1364,423,2,4,61.3,0.4018,3,0,0,0,0,1
TXN0011673,M0274,590.51,upi,api,IN-MH,431,965,0,6,84.5,0.2556,2,0,0,0,0,1
TXN0011674,M0250,83.45,upi,android,IN-TN,84,1081,2,6,161.1,0.1833,3,0,0,0,0,0
TXN0011675,M0096,221.57,card,android,IN-KA,460,1224,4,11,5.3,0.3997,3,1,0,0,0,0
TXN0011676,M0251,238.68,card,ios,IN-TN,1608,569,0,6,29.7,0.297,2,0,0,0,0,0
TXN0011677,M0039,110.57,card,android,IN-DL,1401,46,2,11,101.8,0.2508,1,0,0,0,0,1
TXN0011678,M0289,150.72,netbanking,ios,IN-GJ,761,792,5,13,33.6,0.4465,2,0,0,0,0,0
TXN0011679,M0178,30.68,card,web,IN-MH,794,1433,2,6,51.5,0.192,0,0,0,0,0,0
TXN0011680,M0017,371.57,upi,android,IN-GJ,772,812,3,7,32.7,0.3556,2,0,0,0,0,0
TXN0011681,M0166,136.37,card,api,IN-WB,83,1496,3,10,85.7,0.3991,1,0,0,0,0,0
TXN0011682,M0204,172.62,card,android,IN-UP,648,1200,1,9,47.1,0.1147,1,0,0,0,0,0
TXN0011683,M0392,101.55,card,web,IN-KA,1611,1241,2,7,79.1,0.265,2,0,0,0,0,0
TXN0011684,M0025,372.79,upi,ios,IN-WB,1132,1128,2,12,102.0,0.2804,1,0,0,0,0,0
TXN0011685,M0244,216.64,card,android,IN-TN,694,1058,1,6,12.2,0.1195,0,0,0,0,0,0
TXN0011686,M0362,57.04,netbanking,ios,IN-GJ,1776,1166,5,9,101.8,0.2849,2,0,0,0,1,0
TXN0011687,M0055,160.86,card,api,IN-GJ,139,1078,6,12,104.1,0.2333,1,0,0,0,0,0
TXN0011688,M0275,63.94,wallet,ios,IN-DL,1554,82,4,9,37.0,0.318,1,0,0,0,1,0
TXN0011689,M0259,183.7,upi,web,IN-UP,753,770,5,11,86.2,0.4426,1,0,0,0,0,0
TXN0011690,M0121,356.28,card,android,IN-GJ,906,811,3,9,33.1,0.3763,0,0,0,0,0,0
TXN0011691,M0059,218.25,upi,web,IN-WB,1709,1225,1,6,118.0,0.4158,2,0,0,0,1,0
TXN0011692,M0336,277.91,upi,android,IN-WB,1677,1123,0,1,95.2,0.482,0,0,0,0,0,0
TXN0011693,M0168,518.05,upi,android,IN-DL,1442,478,1,4,91.6,0.2992,1,0,0,0,0,0
TXN0011694,M0344,79.38,upi,android,IN-MH,952,143,3,7,11.2,0.2026,2,0,0,0,1,0
TXN0011695,M0203,116.08,upi,web,IN-UP,1068,146,6,14,34.6,0.3821,2,0,0,0,0,0
TXN0011696,M0109,29.76,card,web,IN-MH,1627,444,4,7,58.8,0.4667,3,0,0,0,0,0
TXN0011697,M0197,123.16,card,web,IN-UP,1366,821,1,7,127.0,0.1559,1,0,0,0,1,0
TXN0011698,M0382,97.48,card,android,IN-TN,544,286,2,10,30.7,0.3626,3,0,0,0,1,0
TXN0011699,M0163,346.18,card,web,IN-KA,930,1213,1,5,134.4,0.2563,3,1,0,0,0,0
TXN0011700,M0229,285.52,upi,android,IN-UP,1473,675,2,12,85.7,0.2346,1,0,0,0,1,0
TXN0011701,M0377,807.41,upi,web,IN-TN,1447,440,2,7,62.6,0.2317,0,0,0,0,0,0
TXN0011702,M0066,109.02,card,android,IN-DL,539,479,1,5,31.3,0.4099,0,0,0,0,0,0
TXN0011703,M0373,267.62,upi,web,IN-MH,1512,1171,1,7,54.4,0.1527,0,0,0,0,0,0
TXN0011704,M0198,377.39,upi,android,IN-TN,1018,871,3,8,26.1,0.3939,1,0,0,0,0,0
TXN0011705,M0186,1779.82,card,web,IN-GJ,607,1303,1,11,64.4,0.4782,2,0,0,0,0,0
TXN0011706,M0184,278.25,card,android,IN-WB,887,1200,4,13,38.4,0.2094,1,0,0,0,0,0
TXN0011707,M0132,171.56,upi,web,IN-GJ,802,1013,1,8,96.3,0.3124,0,0,0,0,1,1
TXN0011708,M0358,204.1,netbanking,api,IN-MH,135,1196,1,5,200.6,0.4025,3,0,0,0,1,0
TXN0011709,M0006,286.65,card,android,IN-WB,408,295,4,13,70.1,0.5447,4,0,0,0,1,0
TXN0011710,M0040,710.76,upi,web,IN-GJ,247,1417,0,4,115.2,0.1347,0,0,0,0,0,0
TXN0011711,M0033,117.62,netbanking,ios,IN-GJ,1233,1229,3,7,88.1,0.3624,1,0,0,0,0,0
TXN0011712,M0186,88.41,card,api,IN-KA,750,1231,2,5,127.1,0.3062,0,0,0,0,1,0
TXN0011713,M0137,2477.15,card,web,IN-TN,247,704,3,5,113.0,0.1633,1,0,0,0,0,1
TXN0011714,M0157,58.33,upi,web,IN-TN,1073,1077,1,5,55.6,0.2905,1,0,0,0,0,0
TXN0011715,M0016,423.52,card,api,IN-TN,850,839,6,15,50.7,0.4959,2,1,0,0,0,1
TXN0011716,M0175,272.92,card,android,IN-KA,1217,555,6,19,85.7,0.417,0,0,0,0,0,0
TXN0011717,M0031,248.37,card,web,IN-UP,1739,911,1,7,25.9,0.2403,0,0,0,0,1,0
TXN0011718,M0164,52.74,card,android,IN-MH,1773,752,1,9,22.9,0.4263,0,0,0,0,0,0
TXN0011719,M0041,2702.76,card,web,IN-WB,839,1010,3,9,57.8,0.4331,0,0,0,0,0,1
TXN0011720,M0027,214.74,upi,web,IN-WB,58,720,1,7,44.6,0.2044,0,0,0,0,0,0
TXN0011721,M0135,107.54,upi,ios,IN-KA,123,723,1,14,92.1,0.4167,1,0,0,0,0,0
TXN0011722,M0083,47.62,upi,ios,IN-UP,250,777,1,7,38.3,0.2347,0,0,0,0,0,0
TXN0011723,M0009,24.1,card,web,IN-WB,33,903,0,2,115.9,0.2973,1,0,0,0,0,0
TXN0011724,M0172,363.98,upi,android,IN-UP,1159,638,1,6,86.0,0.3997,3,0,0,0,1,0
TXN0011725,M0008,77.89,wallet,android,IN-TN,1710,124,1,4,140.3,0.0483,0,0,0,0,0,0
TXN0011726,M0099,137.67,wallet,ios,IN-GJ,1357,462,2,7,55.7,0.1807,0,0,0,0,0,0
TXN0011727,M0330,98.55,card,web,IN-KA,1273,96,4,8,17.7,0.1343,1,0,0,0,0,0
TXN0011728,M0259,308.21,wallet,android,IN-WB,575,1308,2,10,150.1,0.3745,0,0,0,0,0,0
TXN0011729,M0172,265.73,upi,api,IN-KA,1277,1442,2,5,46.9,0.2374,0,0,0,0,0,0
TXN0011730,M0321,381.85,wallet,ios,IN-DL,929,37,1,6,36.8,0.1415,1,0,0,0,0,0
TXN0011731,M0067,396.7,upi,android,IN-KA,666,907,0,1,29.0,0.0904,3,0,0,0,0,0
TXN0011732,M0049,87.97,card,ios,IN-GJ,99,539,2,10,188.5,0.3657,2,0,0,0,0,0
TXN0011733,M0276,46.82,card,android,IN-GJ,902,766,3,8,8.3,0.5568,3,0,0,0,0,0
TXN0011734,M0093,155.16,wallet,ios,IN-KA,760,640,1,5,79.5,0.2325,3,0,0,0,0,0
TXN0011735,M0182,301.96,upi,android,IN-KA,1005,1173,4,15,24.0,0.3261,0,1,0,0,0,0
TXN0011736,M0302,200.58,upi,web,IN-GJ,840,596,4,14,94.4,0.3898,2,0,0,0,0,1
TXN0011737,M0132,27.76,card,android,IN-DL,1380,306,3,6,14.4,0.3439,1,1,0,0,0,0
TXN0011738,M0074,190.65,upi,ios,IN-KA,1624,1118,4,8,26.0,0.2052,1,0,0,0,0,0
TXN0011739,M0263,66.18,upi,web,IN-GJ,917,700,5,10,173.3,0.4359,1,0,0,0,0,0
TXN0011740,M0358,184.03,upi,ios,IN-TN,612,1055,5,7,135.1,0.3231,0,0,0,0,0,0
TXN0011741,M0252,472.24,upi,api,IN-TN,552,1050,3,9,32.1,0.4889,1,0,0,0,0,0
TXN0011742,M0087,14.87,netbanking,android,IN-DL,1586,805,1,4,86.0,0.2394,3,0,0,0,0,0
TXN0011743,M0206,812.46,card,web,IN-MH,959,523,5,12,50.2,0.4241,1,0,0,0,0,0
TXN0011744,M0261,63.24,upi,ios,IN-MH,1749,173,1,5,57.0,0.4017,2,0,0,0,0,0
TXN0011745,M0395,487.29,card,android,IN-UP,1226,313,2,7,66.0,0.1272,2,0,0,0,0,0
TXN0011746,M0088,417.38,upi,ios,IN-TN,1049,1447,2,7,145.6,0.1645,0,0,0,0,1,0
TXN0011747,M0222,133.19,card,android,IN-TN,105,1450,1,9,147.3,0.1995,0,0,0,0,0,0
TXN0011748,M0101,283.56,upi,ios,IN-TN,1321,31,1,6,108.0,0.2682,1,0,0,0,1,0
TXN0011749,M0098,89.25,card,android,IN-MH,853,1283,1,5,65.1,0.2503,1,0,0,0,0,0
TXN0011750,M0307,32.04,card,web,IN-KA,192,410,2,8,197.5,0.3683,2,0,0,0,0,0
TXN0011751,M0095,561.55,card,web,IN-TN,620,1257,8,18,67.4,0.2519,1,0,0,0,0,1
TXN0011752,M0092,90.9,upi,web,IN-UP,818,1022,1,6,76.8,0.1619,4,0,0,0,0,0
TXN0011753,M0257,1089.78,card,web,IN-KA,1613,742,6,12,67.9,0.4601,0,0,0,0,0,1
TXN0011754,M0201,435.28,upi,android,IN-MH,1146,652,2,8,71.2,0.5437,1,0,0,0,1,0
TXN0011755,M0349,77.35,card,web,IN-UP,699,1445,3,6,57.3,0.1724,1,0,0,0,0,0
TXN0011756,M0267,324.25,upi,android,IN-GJ,1764,191,2,10,74.1,0.3991,1,0,0,0,0,0
TXN0011757,M0191,305.16,card,android,IN-KA,1132,1313,5,11,58.8,0.3103,1,0,0,0,1,0
TXN0011758,M0233,1007.77,upi,android,IN-DL,1748,1059,0,5,115.4,0.3217,3,0,0,0,0,0
TXN0011759,M0211,110.39,card,android,IN-MH,820,969,2,6,93.1,0.1926,4,0,0,0,0,0
TXN0011760,M0399,142.69,card,ios,IN-UP,1531,280,2,5,35.1,0.2854,1,0,0,0,1,0
TXN0011761,M0274,277.62,card,api,IN-GJ,1464,475,1,7,86.4,0.1653,1,1,0,0,0,0
TXN0011762,M0102,183.3,upi,web,IN-TN,1288,1460,1,7,52.9,0.4196,2,0,0,0,0,0
TXN0011763,M0109,44.82,card,android,IN-DL,1673,631,4,8,35.7,0.4808,3,0,0,0,1,0
TXN0011764,M0126,496.61,upi,ios,IN-DL,994,266,1,9,86.2,0.5025,3,0,0,0,0,0
TXN0011765,M0166,889.93,card,api,IN-KA,151,311,3,8,72.7,0.2336,0,0,0,0,0,1
TXN0011766,M0372,209.83,card,android,IN-DL,679,689,3,9,74.1,0.3448,4,0,0,0,0,1
TXN0011767,M0038,50.42,netbanking,web,IN-GJ,36,1238,1,3,50.2,0.1325,0,0,0,0,0,0
TXN0011768,M0138,160.75,netbanking,web,IN-UP,474,902,2,9,111.2,0.3217,2,0,0,0,0,0
TXN0011769,M0123,72.5,netbanking,android,IN-DL,1268,947,3,10,35.6,0.2608,1,0,0,0,0,0
TXN0011770,M0188,138.91,card,ios,IN-GJ,230,245,3,15,63.5,0.5626,2,1,0,0,0,1
TXN0011771,M0153,216.67,card,web,IN-DL,1137,101,1,8,160.8,0.329,4,0,0,0,1,0
TXN0011772,M0310,346.89,card,web,IN-MH,1145,350,2,6,97.1,0.5104,1,0,0,0,0,0
TXN0011773,M0235,733.71,card,android,IN-KA,998,290,3,8,10.6,0.3508,3,0,0,0,0,1
TXN0011774,M0250,337.0,netbanking,api,IN-DL,1243,645,4,7,8.3,0.7599,4,0,0,0,0,1
TXN0011775,M0345,62.49,upi,ios,IN-DL,775,97,3,6,97.1,0.2317,0,0,0,0,0,0
TXN0011776,M0312,355.96,wallet,web,IN-MH,1187,723,1,4,79.3,0.1767,0,0,0,0,0,0
TXN0011777,M0048,135.26,upi,android,IN-KA,1349,561,3,9,86.9,0.2718,1,0,0,0,1,0
TXN0011778,M0250,151.41,card,web,IN-MH,1050,546,1,7,13.1,0.5212,3,0,0,0,1,0
TXN0011779,M0282,177.49,upi,web,IN-KA,1266,1352,4,13,13.6,0.3443,2,0,0,0,0,0
TXN0011780,M0343,206.03,upi,ios,IN-WB,1377,960,2,5,37.5,0.3355,1,0,0,0,1,0
TXN0011781,M0252,495.5,upi,web,IN-MH,750,856,3,11,71.2,0.2619,0,0,0,0,1,0
TXN0011782,M0188,295.83,netbanking,android,IN-MH,1648,322,5,18,130.6,0.1609,2,0,0,0,0,0
TXN0011783,M0180,55.01,card,android,IN-GJ,585,1075,2,8,30.0,0.2608,2,0,0,0,0,0
TXN0011784,M0089,40.08,card,api,IN-WB,104,1391,2,7,109.0,0.4165,2,0,0,0,0,0
TXN0011785,M0215,344.87,wallet,web,IN-DL,1731,1025,2,9,90.8,0.3403,2,0,0,0,0,0
TXN0011786,M0147,308.48,upi,ios,IN-KA,1518,1183,4,8,69.2,0.4298,0,0,0,0,0,0
TXN0011787,M0344,635.29,card,ios,IN-MH,730,524,3,7,46.4,0.3018,2,0,0,0,0,0
TXN0011788,M0326,163.12,card,web,IN-WB,385,1333,2,4,39.9,0.2454,0,0,0,0,0,0
TXN0011789,M0378,238.16,card,ios,IN-WB,377,473,3,9,111.4,0.1074,1,0,0,0,0,0
TXN0011790,M0275,290.15,netbanking,android,IN-GJ,1030,1211,2,7,16.2,0.4389,2,0,0,0,1,0
TXN0011791,M0350,38.04,upi,web,IN-UP,1728,800,4,9,9.5,0.4483,3,0,0,0,0,0
TXN0011792,M0046,35.9,wallet,web,IN-WB,568,1201,2,10,12.6,0.3676,0,0,0,0,0,0
TXN0011793,M0052,375.72,wallet,web,IN-GJ,1271,752,1,6,209.2,0.4299,2,0,0,0,0,0
TXN0011794,M0231,260.39,card,ios,IN-MH,653,742,0,2,153.0,0.577,1,0,0,0,0,0
TXN0011795,M0126,692.07,upi,android,IN-KA,1005,591,1,7,89.4,0.4011,1,0,0,0,0,0
TXN0011796,M0231,1137.62,netbanking,ios,IN-GJ,1148,1022,4,9,113.3,0.2067,0,0,0,0,1,0
TXN0011797,M0046,133.29,card,api,IN-UP,1382,580,4,10,13.9,0.27,1,0,0,0,0,0
TXN0011798,M0376,126.53,wallet,web,IN-TN,1318,488,2,4,99.5,0.4796,2,0,0,0,0,0
TXN0011799,M0138,46.36,upi,android,IN-GJ,400,568,3,13,91.6,0.1817,1,0,0,0,0,0
TXN0011800,M0261,302.18,upi,android,IN-GJ,201,1254,1,13,49.8,0.2086,1,0,0,0,0,0
TXN0011801,M0386,22.98,card,android,IN-WB,1004,1048,3,10,36.5,0.1312,1,1,0,0,1,1
TXN0011802,M0133,68.21,upi,api,IN-UP,730,167,1,7,58.1,0.4179,1,0,0,0,0,0
TXN0011803,M0315,245.09,card,web,IN-UP,493,446,4,9,23.4,0.2822,4,0,0,0,0,1
TXN0011804,M0082,93.14,upi,web,IN-TN,355,850,2,5,168.1,0.361,1,0,0,0,0,0
TXN0011805,M0072,171.69,upi,ios,IN-GJ,1553,1201,6,15,20.9,0.445,0,0,0,0,0,0
TXN0011806,M0311,146.34,wallet,web,IN-UP,152,940,1,11,104.0,0.2701,3,0,0,0,0,0
TXN0011807,M0246,59.2,card,api,IN-GJ,246,1351,6,9,11.8,0.3794,2,0,0,0,0,0
TXN0011808,M0294,22.81,card,ios,IN-UP,619,1278,3,11,85.1,0.5279,2,0,0,0,0,0
TXN0011809,M0259,362.51,card,ios,IN-UP,392,139,3,11,62.7,0.3081,2,0,0,0,0,0
TXN0011810,M0064,150.67,wallet,android,IN-TN,123,1165,4,14,52.5,0.3741,0,0,0,0,0,0
TXN0011811,M0008,252.78,card,web,IN-KA,439,936,3,14,17.0,0.3595,1,0,0,0,0,0
TXN0011812,M0126,169.77,upi,web,IN-UP,655,484,3,8,66.6,0.3232,0,0,0,0,0,0
TXN0011813,M0293,166.77,upi,api,IN-GJ,788,305,7,8,46.2,0.3601,0,0,0,0,1,0
TXN0011814,M0131,211.97,card,ios,IN-KA,950,1433,0,6,45.6,0.2553,0,0,0,0,1,0
TXN0011815,M0159,148.5,card,api,IN-TN,240,110,0,7,34.6,0.1524,1,0,0,0,1,0
TXN0011816,M0202,128.31,netbanking,android,IN-KA,1761,448,2,8,112.2,0.1316,1,0,0,0,0,0
TXN0011817,M0219,65.89,card,android,IN-TN,980,1277,1,4,207.5,0.1331,1,1,0,0,0,0
TXN0011818,M0347,2154.82,wallet,android,IN-KA,723,1005,4,10,68.7,0.293,1,0,0,0,0,1
TXN0011819,M0326,492.71,card,ios,IN-TN,1319,1310,3,11,13.7,0.2896,2,0,0,0,0,0
TXN0011820,M0198,799.49,upi,android,IN-MH,1683,669,1,7,26.0,0.4799,0,0,0,0,1,1
TXN0011821,M0214,640.34,upi,web,IN-MH,15,7,2,4,104.2,0.2134,1,0,0,0,0,1
TXN0011822,M0230,136.15,card,web,IN-UP,902,133,0,9,88.9,0.1626,2,0,0,0,0,0
TXN0011823,M0063,150.09,upi,ios,IN-UP,1597,958,1,7,9.5,0.2788,3,0,0,0,0,0
TXN0011824,M0232,180.52,upi,web,IN-GJ,425,594,3,9,117.4,0.2146,3,0,0,0,0,0
TXN0011825,M0237,125.06,card,android,IN-WB,1534,108,1,11,44.9,0.5371,0,0,0,0,0,0
TXN0011826,M0367,433.05,wallet,web,IN-KA,1064,428,5,11,36.8,0.5091,1,0,0,0,0,0
TXN0011827,M0250,79.8,upi,web,IN-WB,92,832,2,6,61.6,0.1822,1,0,0,0,0,0
TXN0011828,M0381,61.94,upi,android,IN-KA,1571,900,0,8,6.9,0.348,2,0,0,0,1,0
TXN0011829,M0010,49.23,upi,web,IN-TN,123,280,2,9,27.0,0.4187,1,0,0,0,0,0
TXN0011830,M0132,130.18,card,web,IN-KA,1280,1204,3,5,81.9,0.1657,1,0,0,0,1,0
TXN0011831,M0106,112.29,card,android,IN-UP,1033,339,2,9,115.8,0.1278,0,0,0,0,1,0
TXN0011832,M0062,96.95,upi,web,IN-KA,1426,651,3,11,78.5,0.4275,3,0,0,0,0,0
TXN0011833,M0075,195.72,upi,api,IN-WB,565,342,3,8,37.4,0.2432,2,0,0,0,0,0
TXN0011834,M0274,56.1,card,api,IN-UP,211,712,1,6,123.2,0.146,1,0,0,0,0,0
TXN0011835,M0352,378.13,upi,android,IN-KA,883,1484,4,14,31.3,0.4628,2,0,0,0,0,1
TXN0011836,M0242,60.09,upi,api,IN-UP,1342,605,4,7,24.9,0.2237,0,0,0,0,0,0
TXN0011837,M0076,55.72,card,ios,IN-MH,1021,1079,1,3,30.8,0.301,1,0,0,0,0,0
TXN0011838,M0356,94.56,card,ios,IN-UP,154,516,3,9,125.4,0.3338,1,0,0,0,0,0
TXN0011839,M0179,156.79,upi,api,IN-TN,1148,286,4,11,119.3,0.2785,3,0,0,0,0,0
TXN0011840,M0220,425.6,card,android,IN-WB,721,837,6,11,50.9,0.2273,0,0,0,0,0,0
TXN0011841,M0365,167.05,card,web,IN-GJ,1317,205,0,5,111.2,0.3023,1,0,0,0,0,0
TXN0011842,M0274,36.17,upi,web,IN-UP,1676,671,2,5,23.6,0.2621,3,0,0,0,0,0
TXN0011843,M0191,293.09,upi,web,IN-MH,1542,1308,2,3,66.2,0.1087,1,0,0,0,0,0
TXN0011844,M0194,287.51,upi,android,IN-UP,1799,559,2,8,155.7,0.6122,0,0,0,0,0,0
TXN0011845,M0361,100.75,card,web,IN-DL,1092,964,3,11,58.3,0.3792,2,0,0,0,0,0
TXN0011846,M0375,213.54,card,android,IN-DL,1301,1316,3,11,73.9,0.2639,1,0,0,0,0,0
TXN0011847,M0170,755.62,card,ios,IN-DL,189,535,4,10,83.6,0.2808,1,0,0,0,0,1
TXN0011848,M0379,75.85,upi,android,IN-DL,313,1286,4,12,60.6,0.4138,2,0,0,0,0,1
TXN0011849,M0305,470.34,card,web,IN-TN,246,193,3,10,66.9,0.3519,1,0,0,0,0,0
TXN0011850,M0364,638.11,upi,api,IN-UP,1315,693,0,5,39.7,0.2293,1,0,0,0,0,0
TXN0011851,M0375,214.6,card,ios,IN-DL,1105,1307,4,12,76.6,0.3203,0,0,0,0,0,0
TXN0011852,M0117,52.67,upi,android,IN-UP,1655,558,3,11,205.3,0.3187,3,0,0,0,0,0
TXN0011853,M0089,665.06,upi,ios,IN-UP,1276,849,1,6,44.9,0.3021,0,0,0,0,0,0
TXN0011854,M0194,449.87,upi,web,IN-DL,1572,1395,1,3,27.4,0.2334,2,0,0,0,1,0
TXN0011855,M0366,311.48,card,ios,IN-DL,1357,673,6,15,143.8,0.3273,2,0,0,0,0,1
TXN0011856,M0243,170.81,upi,android,IN-UP,1132,1138,5,10,97.0,0.1765,3,0,0,0,0,0
TXN0011857,M0101,572.69,upi,android,IN-UP,934,1049,2,7,114.0,0.2901,2,0,0,0,1,0
TXN0011858,M0195,76.93,wallet,ios,IN-KA,243,436,3,9,29.8,0.2463,1,0,0,0,0,0
TXN0011859,M0080,424.15,card,web,IN-WB,1081,547,1,8,55.5,0.1883,2,0,0,0,0,0
TXN0011860,M0285,130.49,card,ios,IN-UP,952,408,3,13,29.8,0.4964,1,0,0,0,0,0
TXN0011861,M0135,33.67,card,ios,IN-KA,1754,1265,2,11,6.7,0.3226,3,0,0,0,0,0
TXN0011862,M0002,65.91,upi,web,IN-MH,1636,1212,1,9,37.6,0.3123,1,0,0,0,1,0
TXN0011863,M0313,269.59,card,api,IN-GJ,627,1340,4,6,193.2,0.3981,2,0,0,0,0,0
TXN0011864,M0301,224.79,wallet,ios,IN-MH,340,641,4,7,49.5,0.4833,1,0,0,0,0,0
TXN0011865,M0276,280.4,upi,api,IN-UP,386,217,3,10,72.6,0.1954,4,0,0,0,0,0
TXN0011866,M0280,124.7,upi,web,IN-WB,877,1446,4,7,170.8,0.4581,3,0,0,0,0,0
TXN0011867,M0088,222.29,wallet,android,IN-TN,1744,1254,0,2,59.0,0.2182,2,0,0,0,0,0
TXN0011868,M0251,336.44,card,android,IN-TN,1553,894,1,6,106.3,0.1716,1,0,0,0,0,0
TXN0011869,M0280,1906.25,card,ios,IN-MH,1653,433,4,6,33.2,0.4113,2,0,0,0,0,0
TXN0011870,M0013,121.61,upi,ios,IN-KA,416,577,0,5,119.3,0.0856,0,1,0,0,0,0
TXN0011871,M0018,501.54,upi,api,IN-UP,13,431,3,12,100.1,0.5058,2,1,0,1,0,1
TXN0011872,M0133,343.62,netbanking,web,IN-TN,1212,104,5,11,12.3,0.2922,1,0,0,0,1,1
TXN0011873,M0306,203.49,card,web,IN-WB,723,69,2,6,28.6,0.4075,6,0,0,0,0,1
TXN0011874,M0257,48.99,upi,ios,IN-TN,834,896,0,4,95.9,0.4054,1,0,0,0,0,0
TXN0011875,M0161,722.58,upi,android,IN-WB,1322,278,5,12,15.4,0.1472,1,0,0,0,0,0
TXN0011876,M0146,230.86,card,web,IN-UP,1780,371,2,9,44.2,0.5049,1,0,0,0,0,0
TXN0011877,M0067,99.69,card,android,IN-DL,320,1388,2,8,37.7,0.6365,1,0,0,0,0,0
TXN0011878,M0045,74.33,card,android,IN-UP,1096,449,3,5,102.7,0.4187,1,0,0,0,0,0
TXN0011879,M0222,233.68,card,ios,IN-GJ,58,840,1,7,44.7,0.5322,1,0,0,0,0,0
TXN0011880,M0316,70.46,card,api,IN-MH,902,774,4,7,65.4,0.304,3,0,0,0,0,0
TXN0011881,M0350,101.93,netbanking,web,IN-UP,66,1061,3,7,131.2,0.2299,1,0,0,0,0,0
TXN0011882,M0090,99.64,upi,web,IN-TN,1469,1130,3,8,44.1,0.5278,3,0,0,0,0,1
TXN0011883,M0070,188.51,card,android,IN-DL,1017,476,1,5,117.6,0.1637,1,0,0,0,1,0
TXN0011884,M0326,328.14,netbanking,android,IN-KA,462,1096,3,8,51.1,0.2503,1,0,0,0,1,0
TXN0011885,M0397,131.01,upi,ios,IN-TN,415,808,2,6,16.6,0.2872,1,0,0,0,0,0
TXN0011886,M0306,145.53,card,ios,IN-DL,1177,932,1,6,47.1,0.367,0,0,0,0,0,0
TXN0011887,M0218,200.58,upi,web,IN-KA,464,775,1,7,78.4,0.201,2,0,0,0,0,0
TXN0011888,M0065,85.15,wallet,web,IN-MH,695,83,3,11,26.2,0.3602,2,0,0,0,0,1
TXN0011889,M0355,100.06,netbanking,ios,IN-TN,28,510,1,6,11.4,0.3733,1,0,0,0,0,0
TXN0011890,M0135,112.8,netbanking,api,IN-MH,628,855,2,5,54.4,0.246,2,0,0,0,0,0
TXN0011891,M0245,240.08,card,api,IN-DL,1306,738,4,9,137.5,0.3846,0,0,0,0,0,0
TXN0011892,M0079,899.42,upi,web,IN-KA,103,1376,3,8,189.1,0.1939,1,0,0,0,0,0
TXN0011893,M0191,51.79,wallet,android,IN-TN,1518,142,1,7,27.1,0.3821,2,0,0,0,0,0
TXN0011894,M0195,228.63,upi,ios,IN-KA,485,664,2,13,57.5,0.3078,1,0,0,0,0,0
TXN0011895,M0263,143.08,card,android,IN-GJ,1320,301,3,7,63.2,0.284,0,0,0,0,0,0
TXN0011896,M0017,151.89,card,ios,IN-MH,252,1099,3,5,14.4,0.1634,1,0,0,0,0,0
TXN0011897,M0228,110.49,card,android,IN-KA,246,1476,0,10,59.7,0.1792,1,0,0,0,0,0
TXN0011898,M0360,563.52,upi,api,IN-WB,1565,1218,2,6,73.5,0.3004,1,0,0,0,0,0
TXN0011899,M0182,15.91,upi,api,IN-DL,1723,1410,4,12,270.4,0.5794,1,1,0,0,0,0
TXN0011900,M0246,57.82,card,android,IN-WB,482,1224,0,4,40.4,0.1378,3,0,0,0,0,0
TXN0011901,M0048,535.38,card,api,IN-GJ,1731,738,6,12,114.8,0.3383,1,0,0,0,1,1
TXN0011902,M0050,576.97,card,web,IN-UP,1471,1411,4,8,179.6,0.2259,0,0,0,0,0,0
TXN0011903,M0311,1046.19,card,android,IN-DL,467,1354,3,9,43.2,0.3451,1,0,0,0,1,1
TXN0011904,M0286,244.59,upi,android,IN-KA,1448,436,4,5,39.0,0.461,0,1,0,0,0,0
TXN0011905,M0002,291.53,wallet,android,IN-MH,1769,1062,3,7,71.0,0.1964,1,0,0,0,1,0
TXN0011906,M0283,27.93,netbanking,web,IN-MH,544,786,3,5,185.3,0.4876,1,0,0,0,0,0
TXN0011907,M0004,180.53,netbanking,android,IN-TN,800,1135,3,7,67.8,0.5631,0,0,0,0,1,1
TXN0011908,M0376,314.98,card,ios,IN-GJ,519,1482,3,8,61.3,0.2641,1,0,0,0,0,0
TXN0011909,M0152,110.5,card,android,IN-TN,75,1401,3,6,38.5,0.5499,1,1,0,0,0,0
TXN0011910,M0135,164.15,card,web,IN-DL,1682,714,4,18,32.7,0.3151,0,0,0,0,0,0
TXN0011911,M0149,617.17,card,api,IN-WB,1036,1002,4,15,79.7,0.5004,3,0,0,0,0,0
TXN0011912,M0105,772.56,card,ios,IN-KA,329,1492,2,11,21.7,0.4389,1,0,0,0,0,0
TXN0011913,M0278,231.2,netbanking,web,IN-UP,948,418,5,14,28.1,0.3148,4,0,0,0,1,0
TXN0011914,M0325,171.08,upi,android,IN-GJ,1404,963,1,9,122.9,0.173,0,0,0,0,0,0
TXN0011915,M0118,373.11,card,android,IN-KA,1545,722,0,6,97.8,0.3256,4,0,0,0,1,0
TXN0011916,M0170,124.4,upi,web,IN-TN,1404,1457,1,9,142.8,0.4043,1,0,0,0,1,0
TXN0011917,M0322,511.33,card,api,IN-UP,640,274,2,8,52.1,0.3138,0,0,0,0,0,0
TXN0011918,M0003,106.49,card,web,IN-GJ,1663,440,4,10,64.4,0.3414,2,0,0,0,0,0
TXN0011919,M0187,381.06,wallet,api,IN-GJ,1380,91,6,9,118.9,0.2554,0,0,0,0,0,0
TXN0011920,M0283,176.49,wallet,web,IN-GJ,805,1126,6,16,51.1,0.2985,2,0,0,0,1,1
TXN0011921,M0351,96.91,upi,android,IN-TN,1416,375,4,14,106.5,0.4546,4,0,0,0,0,0
TXN0011922,M0054,257.79,wallet,web,IN-MH,1786,1466,1,8,47.0,0.4194,2,0,0,0,0,0
TXN0011923,M0111,121.59,upi,web,IN-GJ,63,1019,1,7,28.3,0.2803,2,0,0,0,1,0
TXN0011924,M0305,486.5,upi,web,IN-KA,1096,66,3,5,33.9,0.2253,2,0,0,0,0,0
TXN0011925,M0301,66.6,upi,web,IN-WB,1211,913,1,7,76.0,0.1973,1,0,0,0,0,0
TXN0011926,M0113,225.35,card,web,IN-KA,1570,239,1,6,34.3,0.2871,0,0,0,0,1,0
TXN0011927,M0354,86.56,netbanking,api,IN-KA,863,762,4,13,54.9,0.3091,3,0,0,0,0,0
TXN0011928,M0279,598.3,upi,android,IN-TN,618,701,5,13,81.5,0.2188,2,1,0,0,0,1
TXN0011929,M0151,367.83,card,web,IN-TN,365,425,3,12,98.0,0.5165,2,0,0,0,0,0
TXN0011930,M0167,172.12,upi,android,IN-DL,743,206,1,7,61.7,0.2288,2,0,0,0,0,0
TXN0011931,M0270,177.27,card,android,IN-GJ,750,907,4,8,136.5,0.1882,2,0,0,0,0,0
TXN0011932,M0183,970.06,upi,web,IN-KA,1494,1157,0,10,74.7,0.3147,0,0,0,0,0,0
TXN0011933,M0151,384.55,upi,web,IN-WB,1543,863,3,12,57.7,0.1445,1,0,0,0,0,0
TXN0011934,M0384,84.54,wallet,android,IN-WB,911,544,1,8,69.3,0.3978,2,0,0,0,1,0
TXN0011935,M0393,458.36,netbanking,web,IN-TN,1241,518,2,7,27.1,0.2022,3,0,0,0,0,1
TXN0011936,M0139,102.54,card,android,IN-DL,1322,1374,2,9,19.7,0.3785,4,0,0,0,0,0
TXN0011937,M0204,209.76,upi,android,IN-TN,1129,848,1,6,88.0,0.3952,0,0,0,0,0,0
TXN0011938,M0277,22.08,card,android,IN-DL,1350,400,4,10,66.1,0.3164,1,0,0,0,0,0
TXN0011939,M0045,406.63,netbanking,web,IN-KA,147,436,1,8,95.9,0.5901,2,0,0,0,1,0
TXN0011940,M0023,92.14,wallet,api,IN-GJ,833,481,4,7,41.6,0.1765,1,0,0,0,0,0
TXN0011941,M0146,146.25,upi,android,IN-DL,1200,1130,2,6,51.3,0.209,0,0,0,0,1,0
TXN0011942,M0094,44.69,netbanking,api,IN-WB,933,651,3,8,38.6,0.0983,2,0,0,0,0,0
TXN0011943,M0142,215.58,wallet,ios,IN-KA,1365,511,3,8,48.0,0.462,0,0,0,0,0,0
TXN0011944,M0387,193.14,upi,ios,IN-UP,569,1009,2,7,70.0,0.12,1,0,0,0,0,0
TXN0011945,M0066,50.33,upi,android,IN-DL,1710,1111,2,7,18.6,0.1624,0,0,0,0,0,0
TXN0011946,M0097,185.97,upi,web,IN-KA,224,663,1,10,116.7,0.2801,2,0,0,0,0,0
TXN0011947,M0183,138.07,card,api,IN-GJ,1436,622,2,8,46.3,0.3824,0,0,0,0,0,0
TXN0011948,M0024,612.1,upi,android,IN-MH,1307,1329,4,6,121.3,0.2667,1,0,0,0,1,0
TXN0011949,M0184,88.63,card,android,IN-DL,144,534,3,5,58.2,0.1572,1,0,0,0,0,0
TXN0011950,M0251,290.6,netbanking,ios,IN-WB,442,517,1,6,116.0,0.2453,2,0,0,0,0,0
TXN0011951,M0228,41.37,upi,web,IN-MH,1698,685,3,7,138.3,0.2088,0,0,0,0,0,0
TXN0011952,M0235,194.99,card,web,IN-MH,1227,822,1,5,45.4,0.5511,3,1,0,0,1,0
TXN0011953,M0358,257.38,card,android,IN-TN,1425,1490,1,8,57.4,0.4126,2,0,0,0,0,0
TXN0011954,M0039,270.53,card,ios,IN-GJ,1519,49,5,13,46.5,0.4585,7,0,0,0,1,0
TXN0011955,M0368,159.84,netbanking,android,IN-UP,7,954,1,6,66.8,0.208,4,0,0,1,1,0
TXN0011956,M0353,1017.12,netbanking,android,IN-KA,1530,654,4,16,22.4,0.5052,1,0,0,0,1,1
TXN0011957,M0065,125.51,upi,android,IN-MH,1283,755,0,9,24.7,0.4142,0,0,0,0,0,0
TXN0011958,M0285,291.4,card,android,IN-GJ,441,418,3,9,22.5,0.3032,1,0,0,0,1,0
TXN0011959,M0091,131.38,netbanking,ios,IN-TN,547,1022,1,5,150.8,0.4206,0,0,0,0,0,0
TXN0011960,M0115,77.87,upi,web,IN-GJ,710,210,1,5,14.8,0.3075,0,0,0,0,0,0
TXN0011961,M0222,54.89,card,android,IN-WB,1089,1381,6,11,29.2,0.558,1,0,0,0,0,0
TXN0011962,M0111,72.14,upi,android,IN-MH,484,1248,0,8,102.1,0.3715,0,0,0,0,1,0
TXN0011963,M0142,329.4,upi,web,IN-WB,509,408,2,9,130.0,0.564,4,0,0,0,0,0
TXN0011964,M0329,678.59,upi,ios,IN-UP,974,1250,3,4,73.2,0.3342,1,0,0,0,0,1
TXN0011965,M0024,328.4,card,android,IN-UP,1314,518,5,11,74.3,0.59,1,0,0,0,0,1
TXN0011966,M0191,128.76,upi,web,IN-KA,774,737,2,6,76.3,0.3479,2,0,0,0,0,0
TXN0011967,M0016,96.03,upi,api,IN-KA,336,516,0,4,102.8,0.3019,0,0,0,0,0,0
TXN0011968,M0268,212.13,card,web,IN-GJ,202,97,1,4,229.7,0.3852,1,0,0,0,0,0
TXN0011969,M0369,63.54,upi,api,IN-TN,1502,1097,1,6,2.8,0.204,0,0,0,0,0,0
TXN0011970,M0196,435.6,upi,web,IN-TN,880,417,3,6,111.9,0.475,0,0,0,0,0,0
TXN0011971,M0238,260.46,upi,web,IN-UP,132,996,4,14,40.8,0.4823,2,0,0,0,0,0
TXN0011972,M0400,68.39,upi,ios,IN-TN,672,283,5,10,126.7,0.2052,0,0,0,0,0,0
TXN0011973,M0181,799.77,upi,api,IN-TN,44,998,4,15,95.0,0.3996,1,0,0,0,0,0
TXN0011974,M0394,53.88,upi,android,IN-MH,363,140,1,7,50.1,0.3063,0,0,0,0,0,0
TXN0011975,M0262,189.56,card,web,IN-MH,238,39,2,11,22.3,0.4202,1,0,0,0,0,1
TXN0011976,M0352,414.36,upi,api,IN-MH,1670,1339,3,8,41.9,0.3648,1,0,0,0,1,0
TXN0011977,M0349,375.14,card,ios,IN-TN,692,4,2,6,58.3,0.2318,0,0,1,0,1,0
TXN0011978,M0325,96.35,wallet,web,IN-KA,313,94,1,3,62.6,0.204,1,0,0,0,0,0
TXN0011979,M0009,119.18,card,web,IN-DL,1182,793,1,3,87.2,0.1597,1,0,0,0,0,0
TXN0011980,M0074,69.22,wallet,web,IN-UP,1790,1306,5,10,96.7,0.2083,1,0,0,0,0,1
TXN0011981,M0354,224.02,card,api,IN-WB,865,1459,1,4,172.3,0.2236,2,0,0,0,1,0
TXN0011982,M0036,408.73,upi,ios,IN-DL,329,232,3,9,42.7,0.4749,2,0,0,0,1,1
TXN0011983,M0049,26.67,card,api,IN-UP,856,983,0,3,126.6,0.3268,0,0,0,0,1,0
TXN0011984,M0097,313.82,upi,web,IN-WB,1123,175,4,9,113.8,0.3021,3,0,0,0,0,0
TXN0011985,M0009,110.06,card,ios,IN-WB,1558,106,2,6,34.2,0.2939,0,0,0,0,0,0
TXN0011986,M0254,164.02,card,ios,IN-WB,252,139,1,4,116.8,0.2375,0,0,0,0,0,0
TXN0011987,M0041,62.06,wallet,ios,IN-TN,1007,204,1,4,54.1,0.1105,0,0,0,0,0,0
TXN0011988,M0143,96.95,card,web,IN-UP,76,1372,0,4,55.2,0.5888,2,0,0,0,0,0
TXN0011989,M0325,1319.86,card,web,IN-KA,914,494,4,10,102.7,0.1525,1,0,0,0,0,0
TXN0011990,M0098,128.33,card,android,IN-GJ,27,803,4,9,47.0,0.1597,1,0,0,0,0,0
TXN0011991,M0105,178.05,upi,ios,IN-GJ,755,559,1,10,30.6,0.3248,1,0,0,0,1,0
TXN0011992,M0173,72.1,upi,ios,IN-TN,891,374,3,8,110.1,0.3179,2,0,0,0,0,0
TXN0011993,M0393,2382.26,upi,api,IN-TN,1761,1420,2,7,87.0,0.2148,0,0,0,0,0,0
TXN0011994,M0365,286.82,netbanking,web,IN-MH,347,1160,0,7,44.0,0.1449,0,0,0,0,0,0
TXN0011995,M0088,176.17,card,web,IN-WB,437,110,4,8,20.2,0.4331,3,0,0,0,0,0
TXN0011996,M0301,451.84,upi,web,IN-UP,1043,428,3,9,58.8,0.4325,3,0,0,0,0,0
TXN0011997,M0359,256.71,netbanking,android,IN-GJ,280,546,3,12,50.2,0.341,1,1,0,0,1,0
TXN0011998,M0113,151.54,card,web,IN-TN,105,160,0,5,108.5,0.2303,2,0,0,0,0,0
TXN0011999,M0138,158.33,card,android,IN-TN,886,376,6,14,173.9,0.3127,0,0,0,0,1,0
